{"type":"FeatureCollection","features":[{"type":"Feature","properties":{},"geometry":{"type":"LineString","coordinates":[[-65.4258,10.1434],[-65.4257,10.1434]]}},{"type":"Feature","properties":{},"geometry":{"type":"LineString","coordinates":[]}},{"type":"Feature","properties":{},"geometry":{"type":"LineString","coordinates":[]}},{"type":"Feature","properties":{},"geometry":{"type":"LineString","coordinates":[]}},{"type":"Feature","properties":{},"geometry":{"type":"LineString","coordinates":[]}},{"type":"Feature","properties":{},"geometry":{"type":"LineString","coordinates":[]}},{"type":"Feature","properties":{},"geometry":{"type":"LineString","coordinates":[]}},{"type":"Feature","properties":{},"geometry":{"type":"LineString","coordinates":[]}},{"type":"Feature","properties":{},"geometry":{"type":"LineString","coordinates":[]}},{"type":"Feature","properties":{},"geometry":{"type":"LineString","coordinates":[]}},{"type":"Feature","properties":{},"geometry":{"type":"LineString","coordinates":[]}},{"type":"Feature","properties":{},"geometry":{"type":"MultiLineString","coordinates":[[[-61.5208,10.2402],[-61.5208,10.2401]]]}},{"type":"Feature","properties":{},"geometry":{"type":"LineString","coordinates":[[-75.3774,38.0152],[-75.263,38.0226]]}},{"type":"Feature","properties":{},"geometry":{"type":"LineString","coordinates":[]}},{"type":"Feature","properties":{},"geometry":{"type":"LineString","coordinates":[]}},{"type":"Feature","properties":{},"geometry":{"type":"LineString","coordinates":[]}},{"type":"Feature","properties":{},"geometry":{"type":"LineString","coordinates":[]}},{"type":"Feature","properties":{},"geometry":{"type":"LineString","coordinates":[]}},{"type":"Feature","properties":{},"geometry":{"type":"LineString","coordinates":[]}},{"type":"Feature","properties":{},"geometry":{"type":"LineString","coordinates":[]}},{"type":"Feature","properties":{},"geometry":{"type":"LineString","coordinates":[]}},{"type":"Feature","properties":{},"geometry":{"type":"LineString","coordinates":[]}},{"type":"Feature","properties":{},"geometry":{"type":"LineString","coordinates":[]}},{"type":"Feature","properties":{},"geometry":{"type":"LineString","coordinates":[]}},{"type":"Feature","properties":{},"geometry":{"type":"LineString","coordinates":[[-78.3461,18.298],[-78.346,18.298]]}},{"type":"Feature","properties":{},"geometry":{"type":"LineString","coordinates":[]}},{"type":"Feature","properties":{},"geometry":{"type":"LineString","coordinates":[]}},{"type":"Feature","properties":{},"geometry":{"type":"LineString","coordinates":[[-77.0703,18.4134],[-77.0704,18.4134]]}},{"type":"Feature","properties":{},"geometry":{"type":"LineString","coordinates":[]}},{"type":"Feature","properties":{},"geometry":{"type":"LineString","coordinates":[[-77.1346,17.8851],[-77.1343,17.8818],[-77.1316,17.8754]]}},{"type":"Feature","properties":{},"geometry":{"type":"LineString","coordinates":[]}},{"type":"Feature","properties":{},"geometry":{"type":"LineString","coordinates":[[-73.0559,18.4585],[-73.0559,18.4584]]}},{"type":"Feature","properties":{},"geometry":{"type":"LineString","coordinates":[]}},{"type":"Feature","properties":{},"geometry":{"type":"LineString","coordinates":[]}},{"type":"Feature","properties":{},"geometry":{"type":"LineString","coordinates":[]}},{"type":"Feature","properties":{},"geometry":{"type":"LineString","coordinates":[[-57.9139,6.7128],[-57.913,6.7164]]}},{"type":"Feature","properties":{},"geometry":{"type":"LineString","coordinates":[]}},{"type":"Feature","properties":{},"geometry":{"type":"LineString","coordinates":[[-58.7807,7.6651],[-58.7693,7.6792]]}},{"type":"Feature","properties":{},"geometry":{"type":"LineString","coordinates":[]}},{"type":"Feature","properties":{},"geometry":{"type":"LineString","coordinates":[]}},{"type":"Feature","properties":{},"geometry":{"type":"LineString","coordinates":[]}},{"type":"Feature","properties":{},"geometry":{"type":"LineString","coordinates":[[-114.0994,28.0003],[-114.1475,28.0002]]}},{"type":"Feature","properties":{},"geometry":{"type":"LineString","coordinates":[]}},{"type":"Feature","properties":{},"geometry":{"type":"LineString","coordinates":[]}},{"type":"Feature","properties":{},"geometry":{"type":"LineString","coordinates":[]}},{"type":"Feature","properties":{},"geometry":{"type":"LineString","coordinates":[]}},{"type":"Feature","properties":{},"geometry":{"type":"MultiLineString","coordinates":[]}},{"type":"Feature","properties":{},"geometry":{"type":"LineString","coordinates":[]}},{"type":"Feature","properties":{},"geometry":{"type":"MultiLineString","coordinates":[]}},{"type":"Feature","properties":{},"geometry":{"type":"LineString","coordinates":[]}},{"type":"Feature","properties":{},"geometry":{"type":"LineString","coordinates":[[-76.9448,21.4578],[-76.9448,21.4577]]}},{"type":"Feature","properties":{},"geometry":{"type":"MultiLineString","coordinates":[]}},{"type":"Feature","properties":{},"geometry":{"type":"LineString","coordinates":[]}},{"type":"Feature","properties":{},"geometry":{"type":"LineString","coordinates":[]}},{"type":"Feature","properties":{},"geometry":{"type":"LineString","coordinates":[]}},{"type":"Feature","properties":{},"geometry":{"type":"LineString","coordinates":[]}},{"type":"Feature","properties":{},"geometry":{"type":"LineString","coordinates":[[-74.8475,11.0877],[-74.8558,11.0999],[-74.8587,11.1289],[-74.8587,11.1289]]}},{"type":"Feature","properties":{},"geometry":{"type":"LineString","coordinates":[[-75.5816,10.092],[-75.5829,10.0913],[-75.5859,10.0902],[-75.5861,10.0902]]}},{"type":"Feature","properties":{},"geometry":{"type":"LineString","coordinates":[]}},{"type":"Feature","properties":{},"geometry":{"type":"MultiLineString","coordinates":[]}},{"type":"Feature","properties":{},"geometry":{"type":"LineString","coordinates":[[-88.2894,17.1358],[-88.2894,17.1357]]}},{"type":"Feature","properties":{},"geometry":{"type":"LineString","coordinates":[[-88.3901,16.4977],[-88.39,16.4976]]}},{"type":"Feature","properties":{},"geometry":{"type":"LineString","coordinates":[[-88.1669,17.9599],[-88.1668,17.9599]]}},{"type":"Feature","properties":{},"geometry":{"type":"LineString","coordinates":[[-59.5181,13.2175],[-59.518,13.2175]]}},{"type":"Feature","properties":{},"geometry":{"type":"LineString","coordinates":[]}},{"type":"Feature","properties":{},"geometry":{"type":"LineString","coordinates":[[-59.6003,13.0841],[-59.6002,13.0841]]}},{"type":"Feature","properties":{},"geometry":{"type":"LineString","coordinates":[]}},{"type":"Feature","properties":{},"geometry":{"type":"LineString","coordinates":[[-80.4784,8.0914],[-80.4785,8.0914]]}},{"type":"Feature","properties":{},"geometry":{"type":"LineString","coordinates":[]}},{"type":"Feature","properties":{},"geometry":{"type":"LineString","coordinates":[]}},{"type":"Feature","properties":{},"geometry":{"type":"LineString","coordinates":[]}},{"type":"Feature","properties":{},"geometry":{"type":"LineString","coordinates":[]}},{"type":"Feature","properties":{},"geometry":{"type":"LineString","coordinates":[]}},{"type":"Feature","properties":{},"geometry":{"type":"LineString","coordinates":[]}},{"type":"Feature","properties":{},"geometry":{"type":"LineString","coordinates":[[-103.742,18.6904],[-103.7456,18.688],[-103.7493,18.686]]}},{"type":"Feature","properties":{},"geometry":{"type":"LineString","coordinates":[[-94.1371,18.2074],[-94.1371,18.2075]]}},{"type":"Feature","properties":{},"geometry":{"type":"LineString","coordinates":[]}},{"type":"Feature","properties":{},"geometry":{"type":"MultiLineString","coordinates":[[[-114.0628,28.0005],[-114.0705,28.0005]],[[-112.7547,27.9994],[-112.7548,27.9994],[-112.7553,27.9994],[-112.7636,27.9994]]]}},{"type":"Feature","properties":{},"geometry":{"type":"LineString","coordinates":[[-90.3811,20.8241],[-90.3811,20.8241],[-90.3811,20.824]]}},{"type":"Feature","properties":{},"geometry":{"type":"LineString","coordinates":[[-109.1392,26.3318],[-109.1393,26.3318]]}},{"type":"Feature","properties":{},"geometry":{"type":"LineString","coordinates":[]}},{"type":"Feature","properties":{},"geometry":{"type":"MultiLineString","coordinates":[[[-72.1415,41.2501],[-72.0788,41.2636],[-72.016,41.2914],[-71.9295,41.3104],[-71.9073,41.3045]],[[-71.9073,41.3045],[-71.8608,41.2589]],[[-71.9073,41.3045],[-71.8924,41.3292],[-71.8599,41.3204],[-71.845,41.3215]]]}},{"type":"Feature","properties":{},"geometry":{"type":"LineString","coordinates":[[-71.8608,41.2589],[-71.791,41.1844],[-71.7647,41.1273],[-71.7293,41.0404]]}},{"type":"Feature","properties":{},"geometry":{"type":"LineString","coordinates":[[-74.0546,40.6534],[-74.0856,40.6544],[-74.1206,40.6413],[-74.1438,40.6417],[-74.1722,40.6487],[-74.1998,40.6312],[-74.2028,40.59],[-74.2147,40.5674],[-74.2295,40.5608],[-74.2484,40.5455],[-74.2501,40.5276],[-74.2593,40.5105],[-74.2567,40.4908],[-74.2268,40.4775],[-74.1876,40.4803]]}},{"type":"Feature","properties":{},"geometry":{"type":"LineString","coordinates":[[-71.122,41.5129],[-71.122,41.513]]}},{"type":"Feature","properties":{},"geometry":{"type":"LineString","coordinates":[[-124.2145,41.9995],[-124.2193,41.9995],[-124.2193,41.9995]]}},{"type":"Feature","properties":{},"geometry":{"type":"LineString","coordinates":[[-89.2574,30.183],[-89.1837,30.2122],[-89.0965,30.1658]]}},{"type":"Feature","properties":{},"geometry":{"type":"LineString","coordinates":[[-88.8549,30.1355],[-88.9578,30.1487]]}},{"type":"Feature","properties":{},"geometry":{"type":"LineString","coordinates":[]}},{"type":"Feature","properties":{},"geometry":{"type":"LineString","coordinates":[]}},{"type":"Feature","properties":{},"geometry":{"type":"MultiLineString","coordinates":[]}},{"type":"Feature","properties":{},"geometry":{"type":"LineString","coordinates":[]}},{"type":"Feature","properties":{},"geometry":{"type":"LineString","coordinates":[[-71.2364,41.7092],[-71.194,41.6769]]}},{"type":"Feature","properties":{},"geometry":{"type":"MultiLineString","coordinates":[[[-63.4634,10.3147],[-63.456,10.3127],[-63.4525,10.3092],[-63.4436,10.2974],[-63.44,10.294],[-63.4356,10.2914],[-63.4305,10.2893],[-63.4077,10.2837],[-63.4041,10.2806],[-63.4029,10.2761],[-63.4035,10.2711],[-63.4049,10.2665],[-63.4049,10.2617],[-63.4028,10.258],[-63.3988,10.2553],[-63.3937,10.2538],[-63.389,10.2518],[-63.3856,10.2483],[-63.3798,10.2447],[-63.3712,10.2417],[-63.3416,10.2406],[-63.3347,10.2382],[-63.3319,10.2343],[-63.3283,10.2243],[-63.3252,10.2203],[-63.3207,10.2175],[-63.2695,10.2126],[-63.2653,10.2102],[-63.2619,10.2067],[-63.2563,10.1983],[-63.2519,10.1951],[-63.244,10.194]],[[-63.623,10.2151],[-63.5984,10.219],[-63.5722,10.2266],[-63.555,10.2296],[-63.5479,10.2348],[-63.5462,10.2399],[-63.5442,10.2587],[-63.5429,10.2643],[-63.5409,10.2695],[-63.5355,10.278],[-63.5323,10.2817],[-63.5239,10.289],[-63.4993,10.3043],[-63.4759,10.3128],[-63.4634,10.3147]],[[-63.1128,10.2187],[-63.1163,10.2061],[-63.1152,10.2019],[-63.1129,10.196],[-63.109,10.1907],[-63.1024,10.184],[-63.0963,10.182]],[[-63.192,10.1676],[-63.1849,10.1691],[-63.1798,10.1716],[-63.1723,10.1784],[-63.1657,10.1856],[-63.1525,10.196],[-63.1128,10.2187]],[[-63.6563,10.2172],[-63.623,10.2151]],[[-63.9488,10.0826],[-63.9349,10.0848],[-63.8277,10.1158],[-63.8008,10.1278],[-63.767,10.1776],[-63.7543,10.1897],[-63.7396,10.2012],[-63.7302,10.2053],[-63.7222,10.2067],[-63.701,10.2079],[-63.6563,10.2172]],[[-63.2273,10.1945],[-63.2206,10.1938],[-63.2159,10.1917],[-63.2129,10.1893],[-63.2105,10.1834],[-63.203,10.1711],[-63.192,10.1676]],[[-63.244,10.194],[-63.2273,10.1945]],[[-63.0681,10.1914],[-63.0635,10.1873],[-63.0602,10.181],[-63.0542,10.1657],[-63.0526,10.1594],[-63.0509,10.1393],[-63.0438,10.1199],[-63.0397,10.1136],[-63.0344,10.1086],[-63.0305,10.1059],[-63.0168,10.0989],[-63.0131,10.0974]],[[-63.0963,10.182],[-63.0908,10.1824],[-63.0824,10.1888],[-63.077,10.1912],[-63.0681,10.1914]]]}},{"type":"Feature","properties":{},"geometry":{"type":"MultiLineString","coordinates":[[[-63.9488,10.0826],[-63.9563,10.0775],[-63.9831,10.0636],[-63.9882,10.0622],[-63.9942,10.0622]],[[-63.9942,10.0622],[-64.006,10.0642],[-64.0125,10.0646]],[[-64.0125,10.0646],[-64.0369,10.0623],[-64.0423,10.061],[-64.0472,10.0592],[-64.0517,10.0567],[-64.0557,10.0538],[-64.0589,10.0502],[-64.061,10.0454],[-64.0617,9.9686],[-64.0592,9.9607],[-64.0545,9.9522],[-64.0425,9.9397],[-64.0342,9.9356],[-64.027,9.9344]],[[-64.0055,9.9389],[-63.9973,9.9384],[-63.9923,9.9374],[-63.9884,9.9353],[-63.9868,9.9313],[-63.9892,9.9258],[-63.9908,9.9209],[-63.9901,9.9162],[-63.9832,9.9109],[-63.9767,9.9084],[-63.9584,9.904],[-63.9489,9.8994],[-63.9448,9.8965],[-63.9252,9.8747],[-63.9226,9.8698],[-63.9212,9.864],[-63.9229,9.8548],[-63.927,9.8506],[-63.9324,9.8482],[-63.938,9.847],[-63.9427,9.8448],[-63.9456,9.8408],[-63.9466,9.8342],[-63.9455,9.8131],[-63.9467,9.8057],[-63.9489,9.7997],[-63.9605,9.7837],[-63.9628,9.7791],[-63.9646,9.7741],[-63.9656,9.7683],[-63.9645,9.7622],[-63.9617,9.756],[-63.9556,9.7477],[-63.9523,9.7404],[-63.9513,9.7291],[-63.9522,9.7221],[-63.943,9.702],[-63.8466,9.5506],[-63.8511,9.5409],[-63.8537,9.5376],[-63.8567,9.533],[-63.9666,9.4167],[-63.9691,9.411],[-63.9673,9.3745],[-63.9732,9.3239],[-63.9688,9.314],[-63.96,9.3022],[-63.9204,9.2651],[-63.9152,9.2513],[-63.9083,9.2092],[-63.9063,9.2055],[-63.9026,9.2029],[-63.8955,9.2028]],[[-64.027,9.9344],[-64.0055,9.9389]],[[-63.7719,9.2363],[-63.7601,9.2318],[-63.6803,9.1816],[-63.665,9.1742],[-63.6569,9.1725],[-63.6503,9.1721],[-63.6442,9.1711],[-63.6386,9.1696],[-63.6336,9.1675],[-63.6277,9.1631],[-63.6215,9.1566],[-63.6119,9.1432],[-63.6021,9.1223],[-63.5976,9.118],[-63.5884,9.1141],[-63.5748,9.1101],[-63.5557,9.1011],[-63.5097,9.0683],[-63.5046,9.063],[-63.4964,9.0513],[-63.4885,9.043],[-63.4736,9.0325],[-63.4475,9.0212],[-63.4388,9.0159],[-63.4339,9.0137],[-63.423,9.0104],[-63.4181,9.0083],[-63.4042,8.99],[-63.3713,8.9187],[-63.3402,8.809],[-63.3385,8.8054],[-63.337,8.8031],[-63.3328,8.7993],[-63.3266,8.7957],[-63.3147,8.7905],[-63.3085,8.7862],[-63.3039,8.7818],[-63.3009,8.7779],[-63.2894,8.7755],[-63.2695,8.775]],[[-63.807,9.2238],[-63.8006,9.2245],[-63.7958,9.2265],[-63.7827,9.2342],[-63.7775,9.2355],[-63.7719,9.2363]],[[-63.8335,9.2305],[-63.8261,9.2288],[-63.8146,9.2246],[-63.807,9.2238]],[[-63.8955,9.2028],[-63.8898,9.2039],[-63.8848,9.2056],[-63.8521,9.2225],[-63.8483,9.2254],[-63.844,9.228],[-63.8397,9.2301],[-63.8335,9.2305]],[[-62.9758,8.7948],[-62.9493,8.7939],[-62.9444,8.7817],[-62.9492,8.7726],[-62.9555,8.7654],[-62.9591,8.7621],[-62.9633,8.7594],[-62.9679,8.7573],[-62.9733,8.7563]],[[-63.2695,8.775],[-62.9758,8.7948]],[[-62.9733,8.7563],[-62.979,8.7568],[-62.9847,8.758],[-63.0051,8.7655],[-63.0106,8.7661]],[[-63.0106,8.7661],[-63.0157,8.765],[-63.0204,8.7631],[-63.0243,8.7601],[-63.0267,8.7556],[-63.0287,8.7505],[-63.03,8.7449],[-63.0325,8.7404],[-63.0554,8.7091],[-63.057,8.7039],[-63.0532,8.6335],[-63.0488,8.6149],[-63.0407,8.5959],[-63.0209,8.5749],[-63.0034,8.5607],[-62.9883,8.5526],[-62.7428,8.4734],[-62.7407,8.4689],[-62.7417,8.4646],[-62.7446,8.4604],[-62.7489,8.4506],[-62.7499,8.4448],[-62.75,8.4386],[-62.7469,8.4324],[-62.7413,8.4265],[-62.7034,8.4085],[-62.6941,8.4002],[-62.6858,8.3857]]]}},{"type":"Feature","properties":{},"geometry":{"type":"MultiLineString","coordinates":[[[-64.3473,10.0946],[-64.357,10.0977],[-64.3854,10.1116],[-64.3939,10.1174],[-64.3996,10.1225],[-64.4023,10.1273],[-64.4067,10.1319],[-64.4138,10.137],[-64.4249,10.1396],[-64.4314,10.1427],[-64.4358,10.1462],[-64.4379,10.151],[-64.439,10.1565],[-64.439,10.1627],[-64.4384,10.1689],[-64.4385,10.1761],[-64.4398,10.1833],[-64.4458,10.1932],[-64.4558,10.1995],[-64.4969,10.2146],[-64.5147,10.2235],[-64.5226,10.236],[-64.5347,10.2501],[-64.5361,10.2523]],[[-63.9488,10.0826],[-63.9673,10.1074],[-63.9792,10.1151],[-64.026,10.1276],[-64.0374,10.1291]],[[-64.0374,10.1291],[-64.0453,10.1283],[-64.0491,10.1253],[-64.0596,10.1151],[-64.0958,10.0965],[-64.1063,10.0934],[-64.1538,10.0793],[-64.2147,10.0728],[-64.247,10.071]],[[-64.247,10.071],[-64.2598,10.0751],[-64.2675,10.0813],[-64.2964,10.0987],[-64.3057,10.1014],[-64.3134,10.1021]],[[-64.3134,10.1021],[-64.3334,10.0963],[-64.3473,10.0946]]]}},{"type":"Feature","properties":{},"geometry":{"type":"MultiLineString","coordinates":[[[-65.4888,9.5692],[-65.6941,9.6806],[-65.7004,9.6858],[-65.702,9.689],[-65.7015,9.6955],[-65.6984,9.7023],[-65.6759,9.7297],[-65.6704,9.7427],[-65.665,9.774],[-65.6755,9.7997],[-65.6968,9.8309],[-65.699,9.8356],[-65.7026,9.8463],[-65.704,9.8737],[-65.6966,9.9534]],[[-65.1492,9.1734],[-65.1551,9.1744],[-65.1602,9.1763],[-65.1649,9.1786],[-65.1694,9.1824],[-65.1737,9.1873],[-65.1921,9.2133],[-65.2054,9.2276],[-65.2207,9.2402],[-65.2297,9.2514],[-65.2363,9.2632],[-65.2429,9.268],[-65.2491,9.2714],[-65.2542,9.2735],[-65.2583,9.2772],[-65.2614,9.2821],[-65.2637,9.2898],[-65.2647,9.3171],[-65.2663,9.3224],[-65.2686,9.3269],[-65.2797,9.3417],[-65.2811,9.3444],[-65.2826,9.3481],[-65.2839,9.3528],[-65.2851,9.3645],[-65.2846,9.3766],[-65.2773,9.3852],[-65.2688,9.3936],[-65.2186,9.4182],[-65.2116,9.4254],[-65.2067,9.4343],[-65.2048,9.4393],[-65.2034,9.4449],[-65.203,9.4509],[-65.2034,9.4569],[-65.2044,9.4626],[-65.2048,9.4685],[-65.2044,9.4804],[-65.2052,9.4859],[-65.2068,9.491],[-65.2085,9.4953],[-65.2113,9.5002],[-65.2182,9.5068],[-65.229,9.5121],[-65.246,9.5173],[-65.2823,9.5238],[-65.3317,9.5373],[-65.3511,9.5451],[-65.3696,9.5548],[-65.3775,9.5608],[-65.3809,9.5642],[-65.387,9.5719],[-65.4306,9.6505]],[[-65.4306,9.6505],[-65.4379,9.6455],[-65.4426,9.6401],[-65.4888,9.5692]],[[-64.8641,8.741],[-64.8583,8.7439],[-64.8532,8.7518],[-64.846,8.7731],[-64.8441,8.7844],[-64.8446,8.7928],[-64.8522,8.813],[-64.8508,8.82],[-64.8463,8.8296],[-64.8335,8.8462],[-64.8173,8.8622],[-64.7899,8.8781],[-64.8046,8.908],[-64.8096,8.9149],[-64.8152,8.9199],[-64.8259,8.9261],[-64.8362,8.9336],[-64.8477,8.944],[-64.8679,8.9662],[-64.8858,8.9824],[-64.8941,8.9881],[-64.8988,8.9904],[-64.933,9.0],[-64.9348,9.0008],[-64.9373,9.0038],[-64.9402,9.009],[-64.9421,9.0198],[-64.942,9.0489],[-64.9431,9.0558],[-64.9452,9.0628],[-64.9493,9.0718],[-64.9537,9.0845],[-64.9576,9.0912],[-64.9637,9.099],[-64.9776,9.1115],[-64.986,9.1173],[-64.9928,9.1208],[-65.0209,9.1289],[-65.0294,9.1345],[-65.0564,9.1627],[-65.0641,9.169],[-65.0682,9.1717],[-65.0732,9.1738],[-65.0788,9.1753],[-65.0852,9.1758]],[[-65.0852,9.1758],[-65.1492,9.1734]],[[-65.0799,8.7569],[-65.0722,8.7564],[-65.0602,8.7522],[-65.0468,8.7456],[-65.0407,8.7435],[-65.0324,8.7415],[-65.0088,8.7388]],[[-65.4626,7.9256],[-65.469,7.9256],[-65.4752,7.9264],[-65.4803,7.9284],[-65.4845,7.931],[-65.4879,7.9346],[-65.4905,7.9388],[-65.4925,7.9436],[-65.4948,7.9545],[-65.4964,7.9666],[-65.4961,7.9796],[-65.4943,7.9917],[-65.4891,8.0077],[-65.4805,8.0239],[-65.4657,8.0385],[-65.4507,8.0499],[-65.4433,8.0571],[-65.3951,8.113],[-65.3816,8.1456],[-65.3778,8.1639],[-65.3716,8.1762],[-65.3659,8.1849],[-65.3025,8.2486],[-65.2929,8.2614],[-65.2677,8.3089],[-65.2604,8.3177],[-65.2163,8.3558],[-65.2116,8.3615],[-65.2066,8.3694],[-65.1839,8.4286],[-65.1776,8.4648],[-65.1744,8.4757],[-65.1626,8.4998],[-65.1501,8.5566],[-65.1496,8.5694],[-65.151,8.581],[-65.1506,8.5992],[-65.1512,8.6051],[-65.1529,8.6103],[-65.1606,8.6231],[-65.1636,8.627],[-65.1685,8.6357],[-65.1702,8.6407],[-65.1708,8.6466],[-65.1705,8.6528],[-65.1682,8.6645],[-65.1656,8.6901],[-65.1635,8.6957],[-65.1609,8.7013],[-65.157,8.7075],[-65.1494,8.7247],[-65.1455,8.7311],[-65.1419,8.7355],[-65.1378,8.7391],[-65.1315,8.7422],[-65.1064,8.748],[-65.091,8.7534],[-65.0863,8.7559],[-65.0799,8.7569]],[[-64.9108,8.75],[-64.9043,8.7498],[-64.892,8.748],[-64.8757,8.7429],[-64.8641,8.741]],[[-65.0088,8.7388],[-64.9383,8.7439],[-64.9236,8.7487],[-64.9108,8.75]],[[-65.3567,7.8694],[-65.3591,7.8787],[-65.3669,7.8985],[-65.3709,7.9047],[-65.3774,7.9116],[-65.3849,7.9179],[-65.3892,7.9206],[-65.3997,7.9242],[-65.4115,7.9266],[-65.4377,7.9276]],[[-65.4377,7.9276],[-65.4626,7.9256]]]}},{"type":"Feature","properties":{},"geometry":{"type":"MultiLineString","coordinates":[[[-65.6383,9.9707],[-65.6333,9.9722],[-65.6219,9.9845],[-65.6131,9.9904],[-65.6037,9.9948],[-65.5761,10.0033],[-65.5622,10.0063],[-65.5552,10.01],[-65.547,10.0158],[-65.5214,10.0415],[-65.5112,10.0483],[-65.4874,10.0556],[-65.4746,10.0645],[-65.4696,10.0689],[-65.4638,10.0726],[-65.4587,10.0751],[-65.4538,10.0769],[-65.4489,10.0796],[-65.4386,10.0953],[-65.4266,10.1401],[-65.4258,10.1434]],[[-65.6589,9.9806],[-65.6509,9.979],[-65.6462,9.9758],[-65.6423,9.9723],[-65.6383,9.9707]],[[-65.6966,9.9534],[-65.6694,9.9771],[-65.6645,9.9794],[-65.6589,9.9806]]]}},{"type":"Feature","properties":{},"geometry":{"type":"LineString","coordinates":[[-67.2202,10.4167],[-67.1532,10.4407]]}},{"type":"Feature","properties":{},"geometry":{"type":"MultiLineString","coordinates":[[[-66.3251,10.5307],[-66.3138,10.5377],[-66.3116,10.5403],[-66.3119,10.5411],[-66.3122,10.5417],[-66.313,10.5442],[-66.3133,10.5452],[-66.3138,10.5468],[-66.308,10.5914],[-66.308,10.5928],[-66.3081,10.5935],[-66.3084,10.594],[-66.3089,10.5944],[-66.3089,10.5945],[-66.309,10.5952],[-66.3096,10.5974],[-66.3096,10.5999],[-66.3119,10.6237],[-66.3136,10.6294],[-66.3136,10.6295]],[[-66.5779,10.5605],[-66.5764,10.5599],[-66.5259,10.5581],[-66.5215,10.557],[-66.5139,10.5563],[-66.5123,10.5558],[-66.5114,10.5552],[-66.5101,10.5546],[-66.5084,10.5541],[-66.5035,10.5532],[-66.4984,10.5511],[-66.4964,10.5499],[-66.4958,10.5492],[-66.4952,10.5484],[-66.4925,10.5469],[-66.4877,10.5447],[-66.4706,10.5395],[-66.4673,10.539]],[[-66.6025,10.5442],[-66.5952,10.5489],[-66.5857,10.5567],[-66.5813,10.5594],[-66.5779,10.5605]],[[-66.8591,10.553],[-66.8553,10.5507],[-66.8432,10.5451],[-66.8391,10.5441]],[[-66.8738,10.547],[-66.8632,10.5528],[-66.8591,10.553]],[[-66.7231,10.552],[-66.7215,10.5518],[-66.7166,10.5504],[-66.7063,10.5456]],[[-66.8391,10.5441],[-66.7964,10.5507],[-66.7231,10.552]],[[-66.6093,10.5463],[-66.6025,10.5442]],[[-66.7063,10.5456],[-66.6093,10.5463]],[[-66.3543,10.5453],[-66.3251,10.5307]],[[-66.4397,10.5371],[-66.4368,10.5385],[-66.3674,10.5441],[-66.3543,10.5453]],[[-66.4521,10.5452],[-66.4499,10.5451],[-66.4428,10.5382],[-66.4411,10.5373],[-66.4397,10.5371]],[[-66.4673,10.539],[-66.4622,10.5418],[-66.4554,10.5445],[-66.4521,10.5452]]]}},{"type":"Feature","properties":{},"geometry":{"type":"MultiLineString","coordinates":[[[-66.3925,10.0194],[-66.3834,10.0186],[-66.3717,10.0156],[-66.3511,10.0071],[-66.3377,10.0001],[-66.3365,9.999],[-66.3342,9.997],[-66.3058,9.9823],[-66.2984,9.9801],[-66.2882,9.9786]],[[-66.6128,9.9664],[-66.5278,9.9684],[-66.486,9.9759],[-66.4501,9.982],[-66.4387,9.9899],[-66.4268,10.006],[-66.4238,10.0088],[-66.4206,10.0111],[-66.4181,10.0125],[-66.3984,10.0186],[-66.3925,10.0194]],[[-66.268,9.9793],[-66.2448,9.9779],[-66.2337,9.9727],[-66.2094,9.9568],[-66.1905,9.9487]],[[-66.2882,9.9786],[-66.268,9.9793]],[[-66.1327,9.9666],[-66.1219,9.959],[-66.1196,9.9529],[-66.1172,9.95],[-66.1117,9.9478],[-66.1041,9.9473]],[[-66.1905,9.9487],[-66.1837,9.949],[-66.1748,9.9513],[-66.1453,9.9637],[-66.137,9.9661],[-66.1327,9.9666]],[[-65.8618,9.9568],[-65.8499,9.9561],[-65.8268,9.9517],[-65.816,9.948],[-65.8083,9.9444],[-65.8039,9.9417],[-65.7991,9.9395],[-65.793,9.9386],[-65.766,9.9367]],[[-65.971,9.9289],[-65.9595,9.9291],[-65.912,9.9381],[-65.8885,9.9465],[-65.8846,9.9495],[-65.8803,9.952],[-65.8705,9.9561],[-65.8618,9.9568]],[[-66.0618,9.9564],[-66.0459,9.9531],[-65.971,9.9289]],[[-66.1041,9.9473],[-66.0839,9.9526],[-66.0776,9.9554],[-66.0707,9.9564],[-66.0618,9.9564]],[[-65.766,9.9367],[-65.7454,9.9392],[-65.6966,9.9534]]]}},{"type":"Feature","properties":{},"geometry":{"type":"MultiLineString","coordinates":[[[-67.8601,9.6248],[-67.854,9.6257],[-67.8483,9.6272],[-67.8249,9.6379],[-67.8163,9.6432],[-67.7806,9.6768],[-67.7767,9.6796],[-67.7721,9.6813],[-67.7616,9.6818],[-67.7563,9.6827],[-67.7552,9.6926],[-67.7579,9.7098],[-67.7834,9.7814],[-67.7858,9.7857],[-67.7894,9.7984],[-67.7888,9.827]],[[-67.8904,9.6339],[-67.8855,9.6332],[-67.881,9.6312],[-67.8768,9.6285],[-67.8721,9.6262],[-67.8665,9.6251],[-67.8601,9.6248]],[[-68.0244,8.5328],[-68.0169,8.5437],[-68.0136,8.5452],[-68.0034,8.547],[-68.0003,8.5485],[-67.9979,8.5507],[-67.996,8.5555],[-67.9953,8.5616],[-67.9972,8.5709],[-67.9993,8.5762],[-68.0011,8.5795],[-68.0097,8.5898],[-68.0118,8.5945],[-68.0133,8.5999],[-68.0129,8.608],[-68.0112,8.6176],[-67.9992,8.649],[-67.9986,8.6546],[-67.999,8.6619],[-68.0037,8.6813],[-68.0052,8.7091],[-68.007,8.7179],[-68.0095,8.7244],[-68.0122,8.7286],[-68.0137,8.7361],[-68.0127,8.7496],[-67.9927,8.8311],[-67.9769,8.8523],[-67.9696,8.8975],[-67.967,8.9078],[-67.9634,8.9151],[-67.9555,8.9238],[-67.9494,8.9287],[-67.9396,8.9345],[-67.9297,8.9453],[-67.9258,8.9483],[-67.9125,8.9558],[-67.9091,8.9592],[-67.9033,8.9674],[-67.8753,9.0159],[-67.8657,9.0374],[-67.855,9.0726],[-67.854,9.0852],[-67.871,9.1826],[-67.9072,9.2624],[-67.94,9.3054],[-67.9422,9.31],[-67.9419,9.3176],[-67.9399,9.3271],[-67.9247,9.3588],[-67.9193,9.3786],[-67.9167,9.4076],[-67.9167,9.4497],[-67.9174,9.4559],[-67.9198,9.4671],[-67.9295,9.4964],[-67.93,9.4993],[-67.9316,9.5042],[-67.9344,9.5071],[-67.9384,9.5097],[-67.943,9.5118],[-67.9464,9.5147],[-67.9484,9.5203],[-67.9525,9.5357],[-67.9569,9.5386],[-67.9613,9.5395],[-67.9641,9.5418],[-67.9633,9.5464],[-67.9558,9.5539],[-67.9498,9.5577],[-67.9348,9.5654],[-67.9314,9.5686],[-67.9295,9.5727],[-67.9334,9.5895],[-67.931,9.5964],[-67.9264,9.6042],[-67.9153,9.6165],[-67.8992,9.6301],[-67.8948,9.6324],[-67.8904,9.6339]],[[-68.0365,8.5385],[-68.0244,8.5328]]]}},{"type":"Feature","properties":{},"geometry":{"type":"MultiLineString","coordinates":[[[-67.0054,10.5752],[-67.0042,10.575],[-67.0032,10.5745],[-67.0022,10.5737],[-66.9989,10.5707],[-66.9962,10.5688],[-66.9919,10.5664],[-66.9863,10.5626],[-66.9797,10.5601],[-66.9783,10.5598],[-66.9755,10.5595],[-66.9727,10.559],[-66.9712,10.5586],[-66.966,10.5559],[-66.9643,10.5554],[-66.9566,10.5539],[-66.9554,10.5532],[-66.9533,10.5516],[-66.9523,10.5506],[-66.9515,10.5495],[-66.949,10.5493]],[[-67.0973,10.4611],[-67.0946,10.4614],[-67.092,10.4625],[-67.0851,10.4668],[-67.0837,10.4687],[-67.0819,10.4705],[-67.081,10.4735],[-67.0775,10.4747],[-67.059,10.4767],[-67.0553,10.4778],[-67.0533,10.4788],[-67.0534,10.4797],[-67.0537,10.4809],[-67.0545,10.4829],[-67.0548,10.484],[-67.0547,10.4865],[-67.0549,10.4876],[-67.0556,10.49],[-67.0557,10.4912],[-67.0552,10.4957],[-67.0526,10.5049],[-67.0525,10.506],[-67.0527,10.5072],[-67.0533,10.5086],[-67.0561,10.5123],[-67.0564,10.5148],[-67.0562,10.5185],[-67.0532,10.5255],[-67.0505,10.529],[-67.047,10.5317],[-67.0454,10.5322],[-67.0441,10.5325],[-67.0432,10.5325],[-67.042,10.5328],[-67.035,10.5366],[-67.0203,10.5415],[-67.0174,10.543],[-67.0158,10.5443],[-67.0157,10.5452],[-67.0159,10.5466],[-67.0164,10.5477],[-67.0172,10.5488],[-67.0212,10.5527],[-67.0217,10.5537],[-67.0207,10.5567],[-67.0185,10.5609],[-67.0127,10.5698],[-67.0094,10.5732],[-67.0068,10.5751],[-67.0054,10.5752]],[[-66.9145,10.557],[-66.9125,10.557],[-66.9062,10.5559],[-66.8942,10.5523],[-66.8903,10.5503],[-66.8889,10.5494],[-66.8846,10.5479],[-66.8738,10.547]],[[-66.949,10.5493],[-66.9452,10.5497],[-66.9292,10.5543],[-66.9245,10.5547],[-66.9217,10.5552],[-66.9168,10.5567],[-66.9156,10.557],[-66.9145,10.557]],[[-67.1076,10.4643],[-67.105,10.4636],[-67.1021,10.4625],[-67.0973,10.4611]],[[-67.1532,10.4407],[-67.1269,10.4588],[-67.1167,10.4638],[-67.1147,10.464],[-67.1106,10.464],[-67.1076,10.4643]]]}},{"type":"Feature","properties":{},"geometry":{"type":"MultiLineString","coordinates":[[[-66.8974,10.4162],[-66.8877,10.4654],[-66.881,10.4814],[-66.869,10.4921],[-66.8563,10.5057],[-66.8543,10.5115],[-66.8536,10.5146],[-66.8613,10.5272],[-66.8738,10.547]],[[-67.1532,10.4407],[-67.1518,10.4314],[-67.1511,10.4305],[-67.1475,10.4287],[-67.1445,10.4282],[-67.1202,10.421],[-67.0745,10.4011],[-67.0515,10.3945],[-67.0297,10.393]],[[-66.9273,10.4217],[-66.8974,10.4162]],[[-67.0297,10.393],[-67.0175,10.3935],[-67.0077,10.3952],[-66.9826,10.4047],[-66.9638,10.4155],[-66.9562,10.4182],[-66.9437,10.4214],[-66.9273,10.4217]]]}},{"type":"Feature","properties":{},"geometry":{"type":"MultiLineString","coordinates":[[[-67.9301,8.3971],[-67.9377,8.3979],[-67.9446,8.4043],[-67.9512,8.4146],[-67.9562,8.4259],[-67.9582,8.4355],[-67.9598,8.4391],[-67.9641,8.4424],[-67.9696,8.4448],[-67.9752,8.4457],[-67.9796,8.4489],[-67.9779,8.4564],[-67.9718,8.4696],[-67.9747,8.4756],[-67.9957,8.4901],[-68.0,8.4954],[-68.0051,8.5052],[-68.0365,8.5385]],[[-67.8755,8.3697],[-67.8831,8.37],[-67.888,8.3728],[-67.9029,8.3836],[-67.9048,8.3873],[-67.9076,8.4001],[-67.9104,8.4041],[-67.9166,8.4042]],[[-67.9166,8.4042],[-67.9301,8.3971]],[[-67.8626,8.329],[-67.8597,8.3434],[-67.8539,8.3561],[-67.8508,8.3672],[-67.8557,8.3768],[-67.8611,8.3771]],[[-67.8611,8.3771],[-67.8755,8.3697]],[[-67.7937,8.2744],[-67.7978,8.2821],[-67.8019,8.2862],[-67.8078,8.2878],[-67.8176,8.288],[-67.8214,8.2915],[-67.82,8.3087],[-67.821,8.3154],[-67.8238,8.3158],[-67.8321,8.3207],[-67.8391,8.3263],[-67.8384,8.329],[-67.8436,8.3308],[-67.8466,8.3339],[-67.8498,8.3345]],[[-67.8498,8.3345],[-67.8557,8.329],[-67.8626,8.329]],[[-67.7679,8.2391],[-67.7719,8.2429],[-67.7738,8.279],[-67.7758,8.2876],[-67.78,8.2949]],[[-67.78,8.2949],[-67.7869,8.2949],[-67.7876,8.2883],[-67.7893,8.2838],[-67.7915,8.2797],[-67.7937,8.2744]],[[-67.6224,8.0962],[-67.6255,8.1157],[-67.6356,8.1357],[-67.6484,8.1514],[-67.6599,8.1577],[-67.6656,8.1673],[-67.6774,8.2095],[-67.6875,8.2191],[-67.6929,8.2224],[-67.7081,8.2369],[-67.7152,8.2402]],[[-67.7152,8.2402],[-67.7614,8.24],[-67.7679,8.2391]],[[-67.5746,8.0485],[-67.5746,8.0547],[-67.5785,8.0603],[-67.5802,8.0663],[-67.5791,8.0734],[-67.5746,8.0826],[-67.5886,8.0863],[-67.5992,8.0937],[-67.6095,8.0989]],[[-67.6095,8.0989],[-67.6224,8.0962]],[[-67.5969,8.0545],[-67.5746,8.0485]],[[-67.5527,7.9847],[-67.5636,7.9952],[-67.5746,8.0273],[-67.5951,8.0473],[-67.5969,8.0545]],[[-67.5442,7.9588],[-67.5319,7.9642],[-67.519,7.9716],[-67.5167,7.9813],[-67.5336,7.9932]],[[-67.5336,7.9932],[-67.5527,7.9847]]]}},{"type":"Feature","properties":{},"geometry":{"type":"MultiLineString","coordinates":[[[-68.4884,8.6118],[-68.5023,8.6126],[-68.5735,8.6354]],[[-68.3262,8.602],[-68.3495,8.6074],[-68.3741,8.6156],[-68.3867,8.6178]],[[-68.3867,8.6178],[-68.3956,8.6178],[-68.4,8.6154],[-68.4085,8.6089],[-68.4138,8.6058],[-68.4231,8.6037]],[[-68.4231,8.6037],[-68.4303,8.6056],[-68.4394,8.6102],[-68.4464,8.6125],[-68.4533,8.6139]],[[-68.4533,8.6139],[-68.4884,8.6118]],[[-68.0365,8.5385],[-68.0444,8.5422],[-68.0473,8.5464],[-68.0509,8.5535],[-68.0526,8.5607],[-68.0566,8.5711],[-68.0634,8.5754],[-68.0728,8.5797],[-68.0873,8.5817],[-68.0929,8.5831],[-68.1461,8.6047],[-68.1654,8.6089],[-68.1852,8.61]],[[-68.1852,8.61],[-68.1915,8.6094],[-68.2029,8.6071],[-68.2082,8.6055],[-68.2176,8.6013],[-68.2261,8.5999],[-68.2379,8.5994]],[[-68.2379,8.5994],[-68.2929,8.6061]],[[-68.2929,8.6061],[-68.3055,8.6057],[-68.3262,8.602]]]}},{"type":"Feature","properties":{},"geometry":{"type":"LineString","coordinates":[[-68.9777,9.8573],[-68.9812,9.8044],[-68.9813,9.793],[-68.9808,9.7833],[-68.9808,9.7823]]}},{"type":"Feature","properties":{},"geometry":{"type":"MultiLineString","coordinates":[[[-67.402,10.5106],[-67.4023,10.5107],[-67.4027,10.5111],[-67.4032,10.512],[-67.4039,10.5139],[-67.4051,10.5153],[-67.4034,10.5198],[-67.3922,10.539],[-67.3917,10.5431]],[[-67.3396,10.3959],[-67.3419,10.3999],[-67.3568,10.4465],[-67.3583,10.4485],[-67.3701,10.4585],[-67.3748,10.4703],[-67.3872,10.4928],[-67.3889,10.4976],[-67.39,10.4992],[-67.3908,10.5002],[-67.3914,10.5003],[-67.392,10.5005],[-67.3925,10.501],[-67.393,10.5017],[-67.3939,10.5038],[-67.3955,10.5059],[-67.3959,10.5064],[-67.3966,10.5068],[-67.3982,10.5079],[-67.3989,10.5087],[-67.4007,10.5103],[-67.4012,10.5105],[-67.4016,10.5106]],[[-67.4016,10.5106],[-67.402,10.5106]],[[-67.2202,10.4167],[-67.2342,10.4265],[-67.2387,10.4306],[-67.241,10.4309]],[[-67.241,10.4309],[-67.2442,10.4308],[-67.2573,10.4287],[-67.2627,10.4287],[-67.266,10.4282],[-67.2669,10.4281]],[[-67.2764,10.4262],[-67.278,10.4265],[-67.2851,10.4283],[-67.2875,10.4284]],[[-67.2875,10.4284],[-67.2895,10.4281],[-67.2962,10.4235],[-67.2996,10.422],[-67.3014,10.4207],[-67.3039,10.4187],[-67.306,10.4174],[-67.3074,10.4168],[-67.317,10.4137],[-67.3227,10.4127],[-67.324,10.4123],[-67.3265,10.4113],[-67.3275,10.4107],[-67.3282,10.4099],[-67.3289,10.4088],[-67.3304,10.4051],[-67.331,10.4041],[-67.3318,10.4032],[-67.3327,10.4023],[-67.3337,10.4016],[-67.3396,10.3959]],[[-67.2669,10.4281],[-67.2702,10.4283]],[[-67.2702,10.4283],[-67.2723,10.428],[-67.2732,10.4277],[-67.2756,10.4265],[-67.2764,10.4262]]]}},{"type":"Feature","properties":{},"geometry":{"type":"MultiLineString","coordinates":[[[-67.4281,9.9874],[-67.3611,9.9367],[-67.3406,9.9264]],[[-67.433,9.9859],[-67.4281,9.9874]],[[-67.4361,9.9864],[-67.433,9.9859]],[[-67.5341,9.9515],[-67.4616,9.9769],[-67.4428,9.9859],[-67.4361,9.9864]],[[-66.6232,9.3916],[-66.6027,9.3935],[-66.5938,9.3955],[-66.5853,9.3987],[-66.5806,9.4019],[-66.5755,9.4095],[-66.5584,9.4609],[-66.5566,9.4709],[-66.5576,9.4801],[-66.5634,9.4911],[-66.5712,9.5006],[-66.5732,9.505],[-66.5757,9.5131],[-66.5742,9.5277],[-66.5715,9.5396],[-66.5677,9.5511],[-66.5507,9.5903],[-66.5441,9.6112],[-66.5431,9.6227],[-66.5455,9.634],[-66.5543,9.6502],[-66.5626,9.6598],[-66.5712,9.6678],[-66.5969,9.6838],[-66.6045,9.6901],[-66.6113,9.6968],[-66.617,9.7075],[-66.6211,9.721],[-66.6236,9.7425],[-66.6227,9.7548],[-66.6178,9.7642],[-66.6094,9.7688],[-66.5996,9.7727],[-66.5917,9.7788],[-66.5866,9.7875],[-66.5838,9.7988],[-66.5835,9.8118],[-66.5848,9.8253],[-66.6128,9.9664]],[[-67.2856,9.9314],[-67.281,9.929],[-67.2772,9.9245],[-67.2741,9.9189],[-67.2687,9.9122],[-67.2638,9.9111]],[[-67.3406,9.9264],[-67.3125,9.9313],[-67.2856,9.9314]],[[-67.2118,9.9243],[-67.1813,9.9198],[-67.1729,9.9119],[-67.1676,9.9052],[-67.1459,9.8576],[-67.1416,9.8506],[-67.1347,9.8415],[-67.1146,9.8236],[-67.1091,9.8177],[-67.1063,9.8141],[-67.1016,9.7995],[-67.0728,9.7877],[-67.0576,9.7861],[-67.0511,9.7847],[-67.0452,9.7813],[-67.04,9.7732],[-67.0371,9.7671],[-67.0325,9.7615],[-67.0264,9.7574],[-67.0141,9.754],[-67.0063,9.7529],[-66.9965,9.7524],[-66.9913,9.7516],[-66.9862,9.75],[-66.9738,9.7373],[-66.9485,9.6917],[-66.9315,9.6882],[-66.9262,9.6859],[-66.9091,9.675],[-66.9039,9.6732],[-66.8977,9.6725]],[[-67.2638,9.9111],[-67.2594,9.912],[-67.255,9.9141],[-67.2389,9.9181],[-67.2254,9.9237],[-67.2118,9.9243]],[[-66.8661,9.6756],[-66.8587,9.6723],[-66.8576,9.6685],[-66.8564,9.6603],[-66.8579,9.6396],[-66.8551,9.6104],[-66.8559,9.6046],[-66.8572,9.5991],[-66.8764,9.5618],[-66.8871,9.546],[-66.8947,9.539],[-66.899,9.5366],[-66.9039,9.5346],[-66.9335,9.5301],[-66.9543,9.5236],[-66.9805,9.5093],[-66.9839,9.5056],[-66.9862,9.5009],[-66.9924,9.483],[-66.9981,9.4717],[-67.0017,9.4597],[-66.9973,9.4523],[-66.9906,9.452]],[[-66.8977,9.6725],[-66.8855,9.6734],[-66.8734,9.6755],[-66.8661,9.6756]],[[-66.8816,9.4599],[-66.8595,9.4569],[-66.8498,9.4538],[-66.8303,9.4433],[-66.8097,9.4345],[-66.8002,9.4319],[-66.7619,9.4272],[-66.7424,9.4225],[-66.7239,9.4151],[-66.6939,9.3981],[-66.6858,9.3948],[-66.6797,9.3935],[-66.6232,9.3916]],[[-66.9906,9.452],[-66.9615,9.4573],[-66.8816,9.4599]]]}},{"type":"Feature","properties":{},"geometry":{"type":"MultiLineString","coordinates":[[[-67.2202,10.4167],[-67.1906,10.3695],[-67.1835,10.3647],[-67.1763,10.3578],[-67.1743,10.3548],[-67.1777,10.3506],[-67.1855,10.3435],[-67.1875,10.3385],[-67.189,10.333],[-67.1899,10.327],[-67.1891,10.3202],[-67.1865,10.313],[-67.1789,10.3042],[-67.173,10.2995],[-67.1673,10.2963],[-67.1362,10.2847],[-67.1278,10.2805],[-67.1145,10.2709],[-67.1087,10.2649],[-67.1079,10.2603],[-67.1076,10.2522],[-67.1175,10.1951],[-67.1196,10.1901],[-67.1282,10.1774],[-67.1326,10.1676],[-67.1341,10.1621],[-67.1342,10.1545],[-67.1326,10.1452],[-67.1191,10.1115],[-67.1107,10.1011],[-67.0883,10.0828],[-67.0416,10.0531]],[[-66.9934,10.0758],[-66.9843,10.0738],[-66.9786,10.0716],[-66.9641,10.0598],[-66.9583,10.0514],[-66.9565,10.0473],[-66.9478,10.0348],[-66.9376,10.0258],[-66.9341,10.0187],[-66.9299,10.0131],[-66.9237,10.01]],[[-67.0416,10.0531],[-67.0282,10.0595],[-67.0193,10.0651],[-67.0114,10.071],[-67.0073,10.0734],[-67.0029,10.0749],[-66.9987,10.0756],[-66.9934,10.0758]],[[-66.8215,10.0154],[-66.7914,10.0128],[-66.7731,10.0092],[-66.7629,10.0007],[-66.761,9.9976],[-66.7563,9.9943],[-66.7482,9.9911],[-66.7181,9.9903]],[[-66.8785,9.9998],[-66.865,10.0005],[-66.8352,10.0123],[-66.8215,10.0154]],[[-66.9096,10.0111],[-66.8895,10.0061],[-66.885,10.003],[-66.8814,10.001],[-66.8785,9.9998]],[[-66.9237,10.01],[-66.9096,10.0111]],[[-66.7095,9.9911],[-66.7029,9.9907],[-66.6958,9.9886],[-66.6857,9.9821],[-66.6659,9.9732],[-66.6128,9.9664]],[[-66.7181,9.9903],[-66.7095,9.9911]]]}},{"type":"Feature","properties":{},"geometry":{"type":"MultiLineString","coordinates":[[[-68.9808,9.7823],[-68.9801,9.7692],[-68.9923,9.7383],[-68.9924,9.7283],[-68.9881,9.7219],[-68.9751,9.7105],[-68.9724,9.7029],[-68.9681,9.6799],[-68.9493,9.6467],[-68.9404,9.6098],[-68.9184,9.5725],[-68.9109,9.5555],[-68.9088,9.527],[-68.9054,9.5092],[-68.8992,9.4971],[-68.8879,9.4895],[-68.8721,9.4395],[-68.8622,9.431],[-68.8452,9.4253],[-68.821,9.4197],[-68.7983,9.4012],[-68.7827,9.387],[-68.7714,9.3756],[-68.75,9.3558],[-68.7174,9.3274],[-68.6833,9.3047],[-68.662,9.2919],[-68.6422,9.2777],[-68.628,9.2649],[-68.6109,9.2436],[-68.6052,9.2252],[-68.6038,9.201],[-68.6067,9.1783],[-68.6308,9.0307],[-68.6464,8.971],[-68.6507,8.9554],[-68.6521,8.9454],[-68.6502,8.9318],[-68.6362,8.8975],[-68.6184,8.8789],[-68.6118,8.8757],[-68.6011,8.8724],[-68.5916,8.8681],[-68.5874,8.8652],[-68.5841,8.8619],[-68.582,8.8578],[-68.5824,8.8528],[-68.5861,8.8485],[-68.5901,8.8457],[-68.6101,8.8428],[-68.6185,8.8401],[-68.622,8.8379],[-68.6252,8.8338],[-68.6298,8.8245],[-68.6329,8.8208],[-68.637,8.818],[-68.6472,8.8143],[-68.6517,8.8119],[-68.6595,8.8063],[-68.6637,8.8046]],[[-68.6637,8.8046],[-68.6683,8.8055],[-68.6724,8.8079],[-68.676,8.8109],[-68.6798,8.8131]],[[-68.6798,8.8131],[-68.6845,8.813],[-68.6893,8.8115],[-68.6986,8.8072],[-68.738,8.7988],[-68.7484,8.7955],[-68.7503,8.7922],[-68.7491,8.7886],[-68.7389,8.784],[-68.7238,8.7809],[-68.7186,8.7793],[-68.7095,8.7744],[-68.704,8.7691],[-68.6979,8.7613],[-68.6886,8.7448],[-68.6855,8.7346],[-68.6846,8.7262],[-68.6846,8.7199],[-68.6828,8.7146],[-68.6787,8.711],[-68.6698,8.7081],[-68.6624,8.7039],[-68.6547,8.6946],[-68.648,8.6821],[-68.6317,8.6692],[-68.5735,8.6354]]]}},{"type":"Feature","properties":{},"geometry":{"type":"MultiLineString","coordinates":[[[-69.7956,8.7476],[-69.8141,8.7498],[-69.8196,8.7513],[-69.908,8.7899],[-70.0041,8.8471],[-70.0168,8.8583],[-70.0411,8.8917],[-70.1724,8.9918],[-70.1825,9.0079]],[[-68.8474,8.112],[-68.8537,8.1123],[-68.8649,8.1151],[-68.8697,8.1178],[-68.8739,8.1218],[-68.8769,8.1288],[-68.8799,8.1411],[-68.8834,8.147],[-68.8894,8.1526],[-68.9358,8.1759],[-68.9417,8.18],[-68.9484,8.186],[-68.9705,8.2167],[-68.9808,8.2339],[-68.9861,8.2394],[-69.0252,8.266],[-69.0715,8.2896],[-69.0763,8.2929],[-69.0809,8.2976],[-69.0896,8.3114],[-69.1276,8.351],[-69.1355,8.363],[-69.1397,8.3725],[-69.1393,8.3788],[-69.1366,8.3898],[-69.1323,8.3994],[-69.1271,8.4081],[-69.124,8.412],[-69.117,8.4188],[-69.1143,8.4229],[-69.1128,8.4274],[-69.1144,8.4319],[-69.1194,8.4351],[-69.13,8.4371],[-69.1522,8.4375],[-69.1582,8.4387],[-69.1625,8.4417],[-69.1671,8.4552],[-69.1708,8.4629],[-69.1714,8.4689],[-69.1701,8.4804],[-69.1704,8.4861],[-69.1716,8.4915],[-69.1756,8.5005],[-69.1953,8.5296],[-69.1985,8.5331],[-69.252,8.5767],[-69.2587,8.5843],[-69.2694,8.6014],[-69.2864,8.639],[-69.2918,8.6432],[-69.3,8.6467],[-69.3178,8.6496],[-69.3821,8.6536],[-69.3935,8.6574],[-69.3991,8.6609],[-69.4312,8.6612],[-69.4472,8.6642],[-69.4669,8.6704],[-69.5374,8.703],[-69.5736,8.7334],[-69.6027,8.7466],[-69.6175,8.7729],[-69.6231,8.7779]],[[-69.6231,8.7779],[-69.6345,8.7731],[-69.6405,8.7689],[-69.6489,8.7609],[-69.6618,8.7523],[-69.6838,8.7321],[-69.6921,8.7267],[-69.6981,8.725],[-69.7054,8.7238]],[[-69.7054,8.7238],[-69.7261,8.7281],[-69.7485,8.7445],[-69.7711,8.7501]],[[-69.7711,8.7501],[-69.7956,8.7476]],[[-68.5735,8.6354],[-68.5728,8.622],[-68.5747,8.6035],[-68.5799,8.5866],[-68.581,8.5812],[-68.5821,8.5688],[-68.5907,8.5361],[-68.6036,8.4998],[-68.6542,8.4229],[-68.6785,8.3925],[-68.7326,8.3642],[-68.7831,8.3316],[-68.7876,8.3256],[-68.7922,8.3171],[-68.8143,8.2582],[-68.8285,8.2005],[-68.8279,8.1924],[-68.8174,8.1568],[-68.816,8.145],[-68.821,8.1267],[-68.8279,8.1193],[-68.8312,8.1167],[-68.8361,8.1139],[-68.8415,8.1125],[-68.8474,8.112]]]}},{"type":"Feature","properties":{},"geometry":{"type":"MultiLineString","coordinates":[[[-69.2724,9.8443],[-69.2697,9.8405],[-69.2669,9.8039],[-69.2617,9.782],[-69.2605,9.7707],[-69.2616,9.7653],[-69.2651,9.7552],[-69.2675,9.7435],[-69.2676,9.7373],[-69.264,9.7291],[-69.2569,9.72],[-69.2403,9.7035],[-69.2311,9.6965],[-69.2232,9.692],[-69.2122,9.6892],[-69.174,9.6867]],[[-69.7069,9.3957],[-69.6438,9.4147],[-69.6279,9.4265],[-69.6269,9.4326],[-69.6263,9.4392],[-69.6266,9.4454],[-69.628,9.4509],[-69.6301,9.4555],[-69.6309,9.4625],[-69.63,9.4715],[-69.6166,9.5056],[-69.6156,9.5106],[-69.6157,9.5228],[-69.6168,9.5283],[-69.6217,9.5435],[-69.6235,9.5556],[-69.6252,9.5681],[-69.6143,9.5933],[-69.6044,9.6058],[-69.5919,9.6182],[-69.5621,9.6207],[-69.5324,9.6231],[-69.4827,9.6281],[-69.4306,9.6306],[-69.4033,9.6405],[-69.3784,9.6579],[-69.366,9.6778],[-69.3605,9.6962],[-69.3372,9.7686],[-69.3111,9.7928],[-69.2911,9.8316],[-69.2847,9.8397],[-69.2786,9.8443],[-69.2724,9.8443]],[[-69.174,9.6867],[-69.1251,9.6931],[-69.0668,9.7099],[-69.0621,9.7121],[-69.058,9.715],[-69.0549,9.7188],[-69.0525,9.7234],[-69.0513,9.729],[-69.0485,9.7349],[-69.0436,9.7395],[-69.018,9.7469],[-69.0138,9.7495],[-68.9812,9.782],[-68.9808,9.7823]],[[-69.9265,9.574],[-69.9222,9.5719],[-69.914,9.5661],[-69.9069,9.5598],[-69.9041,9.5567],[-69.899,9.5524],[-69.8921,9.5519]],[[-70.033,9.4303],[-70.0234,9.4386],[-70.0189,9.4517],[-70.013,9.4822],[-70.0097,9.4916],[-70.0068,9.4976],[-69.9433,9.5646],[-69.934,9.5716],[-69.9265,9.574]],[[-69.8411,9.5677],[-69.8353,9.5673],[-69.8245,9.5643],[-69.818,9.5632],[-69.8105,9.5626]],[[-69.8921,9.5519],[-69.8823,9.5529],[-69.8499,9.5653],[-69.8411,9.5677]],[[-69.7999,9.5633],[-69.7929,9.5622],[-69.7887,9.5589],[-69.7873,9.554],[-69.7871,9.5486],[-69.7887,9.5436],[-69.7909,9.539],[-69.8257,9.5047],[-69.8437,9.4809],[-69.8503,9.4737],[-69.8591,9.4617],[-69.8722,9.4331],[-69.8732,9.4273],[-69.8722,9.4216],[-69.8673,9.4151],[-69.8587,9.413],[-69.8513,9.4123]],[[-69.8105,9.5626],[-69.7999,9.5633]],[[-69.7332,9.4324],[-69.7281,9.4318],[-69.7251,9.4282],[-69.7236,9.423],[-69.7234,9.417],[-69.7211,9.4058],[-69.7069,9.3957]],[[-69.8513,9.4123],[-69.7634,9.4175],[-69.7491,9.4237],[-69.7394,9.4296],[-69.7332,9.4324]]]}},{"type":"Feature","properties":{},"geometry":{"type":"MultiLineString","coordinates":[[[-67.5442,7.9588],[-67.5355,7.9423],[-67.5466,7.9249],[-67.5381,7.917],[-67.5279,7.9158]],[[-67.5057,7.9175],[-67.4809,7.9058],[-67.4681,7.9038]],[[-67.5279,7.9158],[-67.5169,7.9174],[-67.5057,7.9175]],[[-67.4081,7.9117],[-67.3958,7.9113],[-67.3379,7.8891],[-67.3275,7.8802],[-67.3208,7.8563],[-67.3045,7.8429],[-67.2667,7.8287],[-67.2516,7.8177],[-67.2408,7.8068],[-67.2265,7.7985],[-67.1774,7.7902],[-67.1587,7.7801],[-67.1397,7.7722]],[[-67.4681,7.9038],[-67.4337,7.9038],[-67.4263,7.9055],[-67.418,7.909],[-67.4081,7.9117]],[[-66.5275,7.8163],[-66.5194,7.8118],[-66.4983,7.7884],[-66.4873,7.7823],[-66.4758,7.7778],[-66.4704,7.7717],[-66.4778,7.7605],[-66.4565,7.7462],[-66.4259,7.7332],[-66.3948,7.7279]],[[-66.552,7.7938],[-66.5461,7.7952],[-66.5438,7.7999],[-66.5452,7.8056],[-66.5455,7.8111],[-66.5399,7.8151],[-66.5275,7.8163]],[[-67.0568,7.7975],[-67.0157,7.7695]],[[-67.1397,7.7722],[-67.1153,7.7741],[-67.0785,7.7936],[-67.0568,7.7975]],[[-66.5675,7.7956],[-66.552,7.7938]],[[-66.6224,7.7809],[-66.6158,7.7845],[-66.574,7.7952],[-66.5675,7.7956]],[[-66.9508,7.7884],[-66.9432,7.7861],[-66.9381,7.7812],[-66.9318,7.7763],[-66.8307,7.7605]],[[-67.0157,7.7695],[-66.9943,7.7725],[-66.9726,7.7826],[-66.9508,7.7884]],[[-66.6395,7.7851],[-66.6224,7.7809]],[[-66.7863,7.7543],[-66.7648,7.7551],[-66.663,7.783],[-66.6395,7.7851]],[[-66.8105,7.7673],[-66.8028,7.7653],[-66.792,7.7566],[-66.7863,7.7543]],[[-66.8307,7.7605],[-66.8246,7.7615],[-66.8155,7.7662],[-66.8105,7.7673]],[[-66.3614,7.7413],[-66.3526,7.7358],[-66.3301,7.7035],[-66.3246,7.6876],[-66.3248,7.6701],[-66.3304,7.6495],[-66.3305,7.6484]],[[-66.3948,7.7279],[-66.3614,7.7413]]]}},{"type":"Feature","properties":{},"geometry":{"type":"MultiLineString","coordinates":[[[-69.0543,7.9802],[-69.0584,7.982],[-69.0698,7.9906],[-69.0748,7.9932],[-69.1126,8.0069],[-69.1181,8.0123],[-69.1277,8.0362],[-69.1334,8.0416],[-69.1532,8.0471],[-69.1887,8.0707],[-69.2126,8.0758]],[[-69.2126,8.0758],[-69.3312,8.0619]],[[-69.3312,8.0619],[-69.3696,8.0621],[-69.4174,8.0724]],[[-69.4174,8.0724],[-69.441,8.0717],[-69.4624,8.0584],[-69.577,7.951],[-69.7337,7.8444],[-69.7517,7.8378],[-69.7777,7.8355],[-69.7907,7.8323],[-69.8245,7.8155],[-69.8351,7.8076]],[[-67.8848,8.0267],[-67.9071,8.0348],[-67.9301,8.0478],[-67.9544,8.0547]],[[-67.9544,8.0547],[-68.0544,8.0485],[-68.0733,8.042],[-68.1087,8.0247],[-68.1399,8.0179],[-68.1497,8.0101],[-68.1589,8.0008],[-68.1704,7.9932],[-68.1799,7.9906],[-68.1986,7.9881],[-68.2052,7.9864],[-68.2346,7.9663],[-68.2566,7.9565]],[[-67.6292,7.9932],[-67.6492,7.9987],[-67.6702,8.0069],[-67.7206,8.0176],[-67.8166,8.0218],[-67.8626,8.0348]],[[-67.8626,8.0348],[-67.8848,8.0267]],[[-68.9409,7.9307],[-68.9451,7.9318],[-68.9461,7.9357],[-68.9443,7.948],[-68.9451,7.9523],[-68.9581,7.9701],[-68.9634,7.9803],[-68.9656,7.9898],[-68.9703,7.9994],[-68.9807,7.9995]],[[-68.9807,7.9995],[-68.9913,7.9957],[-68.9963,7.9932],[-69.0338,7.9932],[-69.0385,7.9911],[-69.0481,7.9823],[-69.0543,7.9802]],[[-67.5442,7.9588],[-67.5462,7.9625],[-67.5682,7.9794],[-67.5913,7.9864],[-67.5951,7.9884],[-67.6015,7.9974],[-67.6053,7.9994]],[[-67.6053,7.9994],[-67.6114,7.9984],[-67.6292,7.9932]],[[-68.3417,7.9659],[-68.3652,7.9812],[-68.3697,7.9833],[-68.3747,7.9913],[-68.3862,7.9916]],[[-68.3862,7.9916],[-68.4069,7.9864],[-68.4259,7.9794],[-68.4613,7.9473],[-68.4851,7.9386]],[[-68.2566,7.9565],[-68.2667,7.9622],[-68.2756,7.9709]],[[-68.2756,7.9709],[-68.2968,7.9702],[-68.3217,7.9664],[-68.3417,7.9659]],[[-68.4851,7.9386],[-68.5104,7.9415],[-68.5491,7.9612],[-68.5717,7.9659],[-68.6339,7.9694]],[[-68.6339,7.9694],[-68.6502,7.9659],[-68.7013,7.9337],[-68.7154,7.9212],[-68.7298,7.9158],[-68.8235,7.9025]],[[-68.8235,7.9025],[-68.8867,7.9113],[-68.9246,7.9318],[-68.9291,7.9325]],[[-68.9291,7.9325],[-68.9409,7.9307]],[[-69.8351,7.8076],[-69.8488,7.814]],[[-69.8488,7.814],[-69.863,7.812],[-69.8776,7.804],[-69.8923,7.7922],[-69.9215,7.7668],[-69.9355,7.7578],[-69.9487,7.7543]],[[-69.9487,7.7543],[-69.9979,7.7574]],[[-69.9979,7.7574],[-70.0139,7.7543],[-70.0588,7.7242],[-70.0722,7.7195],[-70.0866,7.7107],[-70.1034,7.6903],[-70.1173,7.6664],[-70.1231,7.6475],[-70.1335,7.6293],[-70.1572,7.615],[-70.1829,7.6057],[-70.1995,7.6028]],[[-70.1995,7.6028],[-70.2066,7.605],[-70.2224,7.6137],[-70.233,7.6165]],[[-70.233,7.6165],[-70.243,7.6159],[-70.2605,7.6104],[-70.2708,7.609],[-70.2889,7.6038],[-70.2995,7.5904],[-70.3209,7.5169],[-70.3405,7.4808],[-70.3683,7.4505],[-70.4043,7.4309],[-70.4247,7.4282],[-70.4448,7.4278],[-70.4602,7.4231],[-70.4664,7.4073],[-70.4665,7.3931],[-70.4678,7.3861],[-70.4718,7.3819],[-70.48,7.3762]],[[-71.6603,7.4322],[-71.7034,7.4383],[-71.7159,7.4425],[-71.7253,7.4522],[-71.7407,7.4725],[-71.7488,7.4783],[-71.8094,7.4974],[-71.8299,7.4998]],[[-71.8299,7.4998],[-71.8416,7.4948]],[[-71.4154,7.4588],[-71.4544,7.4639]],[[-71.4544,7.4639],[-71.4722,7.4628],[-71.4942,7.4526],[-71.4999,7.4473],[-71.5032,7.4428],[-71.5088,7.4395],[-71.5209,7.4383]],[[-71.2677,7.4451],[-71.3046,7.4564],[-71.3404,7.4601]],[[-71.3404,7.4601],[-71.4154,7.4588]],[[-71.1293,7.3859],[-71.1447,7.3861],[-71.1559,7.3986],[-71.1662,7.4018],[-71.1892,7.4042],[-71.2056,7.4158],[-71.2268,7.4387],[-71.2489,7.4545]],[[-71.2489,7.4545],[-71.2677,7.4451]],[[-71.6072,7.4383],[-71.6203,7.4509],[-71.6276,7.4534]],[[-71.6276,7.4534],[-71.6308,7.4417],[-71.6396,7.4323],[-71.6603,7.4322]],[[-71.5209,7.4383],[-71.5329,7.4406],[-71.5526,7.4505],[-71.5631,7.4526]],[[-71.5631,7.4526],[-71.5728,7.4503],[-71.5949,7.4405],[-71.6072,7.4383]],[[-70.9468,7.308],[-70.9811,7.3386],[-71.02,7.3619],[-71.0614,7.3787],[-71.1032,7.3899]],[[-71.1032,7.3899],[-71.1293,7.3859]],[[-70.48,7.3762],[-70.4812,7.3786],[-70.4875,7.3814],[-70.4951,7.3834],[-70.5005,7.3837]],[[-70.5005,7.3837],[-70.5073,7.3694],[-70.5316,7.346],[-70.5478,7.3337],[-70.5657,7.3284]],[[-70.5657,7.3284],[-70.5755,7.3298],[-70.5827,7.3321],[-70.5909,7.3325]],[[-70.5909,7.3325],[-70.6035,7.3284],[-70.6092,7.3225],[-70.625,7.3003],[-70.6309,7.2943],[-70.6669,7.2874]],[[-70.6669,7.2874],[-70.7129,7.2899],[-70.7589,7.2997],[-70.7953,7.3148]],[[-70.7953,7.3148],[-70.8105,7.3054],[-70.8564,7.29],[-70.8742,7.2875]],[[-70.8742,7.2875],[-70.8936,7.2935],[-70.9123,7.3052],[-70.9301,7.3132]],[[-70.9301,7.3132],[-70.9468,7.308]]]}},{"type":"Feature","properties":{},"geometry":{"type":"MultiLineString","coordinates":[[[-71.4836,7.6845],[-71.4836,7.6662],[-71.4909,7.6298],[-71.4859,7.6245],[-71.4796,7.62],[-71.4744,7.6172],[-71.4693,7.6127],[-71.4637,7.6064],[-71.4559,7.5998],[-71.4347,7.5861],[-71.4288,7.5764],[-71.4246,7.5666],[-71.4105,7.558],[-71.4057,7.5515],[-71.4012,7.5425],[-71.378,7.524],[-71.3664,7.5179],[-71.3538,7.5143],[-71.3283,7.5115],[-71.3208,7.5071],[-71.3176,7.5024],[-71.3176,7.4996],[-71.3198,7.4964],[-71.3261,7.4923],[-71.3343,7.4887],[-71.3437,7.4866],[-71.3512,7.486]],[[-71.5018,7.5136],[-71.5091,7.5143],[-71.5517,7.5247],[-71.6253,7.5343],[-71.6676,7.5475],[-71.692,7.5493]],[[-71.692,7.5493],[-71.7572,7.5465],[-71.7673,7.5428],[-71.7752,7.5387],[-71.7867,7.5372]],[[-71.7867,7.5372],[-71.8009,7.5382]],[[-71.8009,7.5382],[-71.8267,7.5359],[-71.8379,7.5332],[-71.844,7.5304],[-71.8458,7.5261],[-71.8471,7.5209],[-71.8477,7.5153],[-71.8471,7.5093],[-71.8438,7.4996],[-71.8416,7.4948]],[[-71.3512,7.486],[-71.3607,7.4862],[-71.3829,7.4897],[-71.4457,7.511],[-71.4565,7.5136],[-71.4675,7.5149]],[[-71.4675,7.5149],[-71.5018,7.5136]]]}},{"type":"Feature","properties":{},"geometry":{"type":"MultiLineString","coordinates":[[[-71.8416,7.4948],[-71.8396,7.4907],[-71.8586,7.4453],[-71.875,7.4215],[-71.8812,7.416],[-71.8871,7.4124],[-71.8922,7.4106],[-71.9144,7.4057],[-71.9245,7.4014],[-71.9666,7.3743],[-71.9766,7.3694],[-71.9903,7.3655],[-72.0109,7.3634]],[[-72.0109,7.3634],[-72.0233,7.3642],[-72.0688,7.375],[-72.0779,7.3797],[-72.0945,7.3908],[-72.1361,7.4118],[-72.1443,7.4175],[-72.1477,7.421],[-72.159,7.437],[-72.1681,7.444],[-72.1885,7.4498]],[[-72.1885,7.4498],[-72.2265,7.4406],[-72.2437,7.4399]],[[-72.2437,7.4399],[-72.2994,7.4489],[-72.311,7.4492]],[[-72.311,7.4492],[-72.3197,7.4484],[-72.3247,7.4465],[-72.3336,7.4418],[-72.35,7.4307],[-72.3958,7.4075],[-72.3958,7.4075]]]}},{"type":"Feature","properties":{},"geometry":{"type":"LineString","coordinates":[[-62.5976,8.448],[-62.6776,8.3901],[-62.6858,8.3857]]}},{"type":"Feature","properties":{},"geometry":{"type":"MultiLineString","coordinates":[[[-62.6858,8.3857],[-62.6966,8.38],[-62.7078,8.3764],[-62.721,8.3753]],[[-62.721,8.3753],[-62.7449,8.3794],[-62.7577,8.3798]],[[-62.7577,8.3798],[-62.7706,8.3753],[-62.7846,8.3658],[-62.8081,8.3447],[-62.8158,8.3347],[-62.8281,8.3126],[-62.8358,8.3025],[-62.8455,8.2939],[-62.8791,8.2741],[-62.9069,8.2669]],[[-62.9069,8.2669],[-62.9364,8.2703],[-62.9617,8.2844],[-62.9769,8.3095],[-63.0758,8.3205]],[[-63.0758,8.3205],[-63.1259,8.32],[-63.1746,8.3134],[-63.2255,8.2975],[-63.2496,8.2855],[-63.2716,8.271],[-63.3105,8.2255],[-63.3308,8.2139]],[[-63.3308,8.2139],[-63.3824,8.2247]],[[-63.3824,8.2247],[-63.4,8.2219],[-63.4158,8.213],[-63.4283,8.1989],[-63.4472,8.1715],[-63.4591,8.1596],[-63.4736,8.1502],[-63.4916,8.1456]],[[-63.6132,8.1479],[-63.6336,8.1511],[-63.6521,8.1567],[-63.6677,8.1598]],[[-63.6677,8.1598],[-63.6829,8.1582],[-63.7005,8.1501],[-63.7294,8.1322],[-63.7447,8.1251],[-63.7607,8.1212]],[[-63.4916,8.1456],[-63.5479,8.1517]],[[-63.5479,8.1517],[-63.6132,8.1479]],[[-63.7607,8.1212],[-63.7789,8.1232],[-63.7957,8.1287],[-63.812,8.131]],[[-63.812,8.131],[-63.8287,8.1235],[-63.8399,8.1104],[-63.8684,8.0505],[-63.872,8.0386],[-63.8768,8.0275],[-63.8854,8.0182],[-63.8966,8.0128],[-63.9215,8.0066],[-63.9331,8.0014],[-63.9407,7.9949],[-63.9532,7.9799],[-63.961,7.9736],[-63.9708,7.9695],[-63.9811,7.9674]],[[-64.1256,7.9659],[-64.1386,7.9744],[-64.1438,7.9967],[-64.1555,8.002],[-64.1669,8.0103],[-64.2316,8.0714],[-64.2501,8.0817],[-64.2657,8.0843]],[[-64.2657,8.0843],[-64.2833,8.0814],[-64.2999,8.0747],[-64.3129,8.0655],[-64.3209,8.054],[-64.331,8.0283],[-64.339,8.0171],[-64.3524,8.009],[-64.4337,7.9917],[-64.4501,7.9906]],[[-64.4501,7.9906],[-64.5062,7.9992]],[[-64.5062,7.9992],[-64.5236,7.9963],[-64.5371,7.9839],[-64.5425,7.9714],[-64.5525,7.9253],[-64.5462,7.8967],[-64.5261,7.8789],[-64.5014,7.8638],[-64.4816,7.8435],[-64.4782,7.8147],[-64.4955,7.7908],[-64.5232,7.7737],[-64.551,7.7653],[-64.5689,7.7652]],[[-63.9811,7.9674],[-64.0025,7.9677],[-64.0452,7.9787],[-64.0659,7.9813]],[[-64.0659,7.9813],[-64.0889,7.9749],[-64.1079,7.9673],[-64.1256,7.9659]],[[-64.8573,7.6598],[-64.8731,7.6661],[-64.8862,7.6771],[-64.9085,7.7037],[-64.9353,7.7156],[-64.9961,7.7707],[-65.0478,7.8062],[-65.1037,7.8344],[-65.133,7.8411],[-65.1924,7.8459],[-65.2508,7.8676],[-65.2781,7.8743],[-65.3064,7.8757]],[[-65.3064,7.8757],[-65.3567,7.8694]],[[-64.5689,7.7652],[-64.6203,7.7744]],[[-64.6203,7.7744],[-64.6371,7.7717],[-64.6518,7.7647],[-64.704,7.7264],[-64.7606,7.703],[-64.8202,7.6666],[-64.8385,7.6602],[-64.8573,7.6598]]]}},{"type":"Feature","properties":{},"geometry":{"type":"MultiLineString","coordinates":[[[-65.5978,7.9097],[-65.5429,7.9],[-65.4732,7.8666],[-65.4468,7.8615]],[[-65.9838,7.6695],[-65.9597,7.6715],[-65.9395,7.6792],[-65.834,7.7572],[-65.787,7.8226],[-65.7685,7.8411],[-65.7466,7.8547],[-65.6482,7.8999],[-65.5978,7.9097]],[[-65.4468,7.8615],[-65.4197,7.8615],[-65.3567,7.8694]],[[-66.1309,7.6838],[-66.0817,7.6835],[-65.9838,7.6695]],[[-66.2363,7.6361],[-66.2157,7.6413],[-66.1755,7.6674],[-66.1309,7.6838]],[[-66.3305,7.6484],[-66.318,7.6483],[-66.2647,7.6378],[-66.2363,7.6361]]]}},{"type":"Feature","properties":{},"geometry":{"type":"MultiLineString","coordinates":[[[-66.3305,7.6484],[-66.3437,7.6485]],[[-66.3437,7.6485],[-66.3707,7.6398],[-66.4097,7.6147],[-66.4273,7.5985],[-66.4405,7.5804],[-66.4521,7.5528],[-66.4664,7.5335],[-66.4822,7.5019],[-66.489,7.4935],[-66.5144,7.4739],[-66.5206,7.4658],[-66.5242,7.4572],[-66.5296,7.4386],[-66.5345,7.4274],[-66.5957,7.3396],[-66.6145,7.3229],[-66.6339,7.3136],[-66.6735,7.3085],[-66.6928,7.3013],[-66.7004,7.2952],[-66.7138,7.2807],[-66.7218,7.275],[-66.7336,7.271],[-66.7717,7.2675],[-66.7947,7.259],[-66.8488,7.2167],[-66.8598,7.2125],[-66.8828,7.2064],[-66.8936,7.202],[-66.9037,7.1947],[-66.9213,7.1772],[-66.9312,7.1697],[-66.9531,7.1625],[-66.9952,7.1568],[-67.0742,7.0938],[-67.0898,7.0657],[-67.0816,7.0232],[-67.0654,6.9799],[-67.059,6.9683],[-67.0436,6.9468],[-67.0372,6.9353],[-67.0344,6.9131],[-67.0419,6.8928],[-67.0532,6.8728],[-67.0619,6.8515],[-67.0488,6.842],[-67.0429,6.822],[-67.0418,6.7826],[-67.0495,6.7553],[-67.0667,6.7385],[-67.0867,6.7235],[-67.1034,6.7015],[-67.1285,6.6383],[-67.1488,6.5285],[-67.1484,6.5184],[-67.1445,6.5074],[-67.133,6.4869],[-67.1311,6.4755],[-67.1378,6.4586],[-67.1525,6.4428],[-67.1702,6.4294],[-67.214,6.4068],[-67.2225,6.4008],[-67.2455,6.3794],[-67.2554,6.3742],[-67.275,6.3675],[-67.2823,6.3622],[-67.2888,6.352],[-67.2973,6.3234],[-67.3223,6.2725],[-67.3369,6.2542],[-67.3559,6.2433],[-67.3667,6.2422]],[[-67.3667,6.2422],[-67.3882,6.2453]],[[-67.3882,6.2453],[-67.3993,6.245],[-67.4124,6.2406],[-67.4213,6.2329],[-67.4351,6.21],[-67.4508,6.1982],[-67.451,6.198]]]}},{"type":"Feature","properties":{},"geometry":{"type":"MultiLineString","coordinates":[[[-67.3742,6.1192],[-67.3845,6.12],[-67.3909,6.1221],[-67.3962,6.1248],[-67.4,6.1279],[-67.4035,6.1314],[-67.4064,6.1353],[-67.4164,6.1602],[-67.4255,6.1712],[-67.4563,6.1932]],[[-65.5748,5.6874],[-65.582,5.6894],[-65.5895,5.6933],[-65.6004,5.7025],[-65.6055,5.7089],[-65.6089,5.7149],[-65.634,5.7787],[-65.6367,5.7892],[-65.6383,5.8543],[-65.6367,5.8711],[-65.6277,5.9062],[-65.6208,5.9203],[-65.6126,5.9328],[-65.6102,5.9375],[-65.6081,5.9425],[-65.5992,5.9903],[-65.5957,6.0003],[-65.5928,6.0157],[-65.5878,6.0307],[-65.5872,6.0354],[-65.5871,6.0407],[-65.5855,6.0522],[-65.5823,6.0634],[-65.5809,6.0713],[-65.5803,6.0806],[-65.5812,6.0968],[-65.5829,6.1057],[-65.5853,6.1125],[-65.5902,6.1212],[-65.5968,6.1284],[-65.6141,6.1406],[-65.6208,6.1442],[-65.6269,6.1461],[-65.6333,6.1474]],[[-65.6333,6.1474],[-65.6588,6.1465],[-65.6945,6.1418],[-65.7609,6.1415],[-65.7727,6.1398],[-65.7781,6.1385],[-65.783,6.1367],[-65.8271,6.1102],[-65.8299,6.1062],[-65.8322,6.1015],[-65.8359,6.0913],[-65.8435,6.0778],[-65.8589,6.0373],[-65.9568,5.8705],[-65.9625,5.8625],[-65.9673,5.8533],[-65.9713,5.8292],[-65.9748,5.8186],[-65.9768,5.8136],[-65.9793,5.8093],[-65.9823,5.8052],[-65.9855,5.8016],[-65.9935,5.7963],[-66.0275,5.7822],[-66.0388,5.78]],[[-67.2452,6.1097],[-67.2584,6.1099],[-67.2751,6.1129],[-67.2883,6.1166],[-67.2953,6.12],[-67.3008,6.1235],[-67.319,6.1411],[-67.3253,6.1448],[-67.3315,6.1463]],[[-67.3315,6.1463],[-67.3362,6.1449],[-67.3402,6.1421],[-67.354,6.1285],[-67.362,6.1224],[-67.3675,6.1203],[-67.3742,6.1192]],[[-67.1712,5.705],[-67.1869,5.7066],[-67.1945,5.7096],[-67.1996,5.7136],[-67.2021,5.7179],[-67.204,5.7228],[-67.2066,5.7338],[-67.2074,5.7397],[-67.2074,5.7459],[-67.2018,5.7822],[-67.1487,5.9105],[-67.1459,5.9216],[-67.1445,5.9343],[-67.1446,5.9743],[-67.1486,5.9957],[-67.1496,6.0099],[-67.1652,6.0748],[-67.1691,6.0846],[-67.178,6.0998],[-67.1839,6.1071],[-67.1895,6.1109],[-67.1957,6.113],[-67.202,6.1137]],[[-67.202,6.1137],[-67.2147,6.1137],[-67.2452,6.1097]],[[-66.234,5.7306],[-66.2438,5.7333],[-66.2492,5.7372],[-66.2532,5.7414],[-66.2709,5.7718],[-66.2749,5.7815],[-66.2959,5.8816],[-66.2992,5.8897],[-66.3044,5.8995],[-66.3179,5.9155],[-66.3268,5.922],[-66.3349,5.925]],[[-66.3349,5.925],[-66.3408,5.9242],[-66.3455,5.9222],[-66.4665,5.822],[-66.5353,5.7531],[-66.5436,5.7476],[-66.5529,5.7428],[-66.6007,5.7254],[-66.6332,5.7187],[-66.6732,5.7042],[-66.6949,5.6991],[-66.8057,5.6958],[-66.8176,5.6943],[-66.8742,5.6762],[-66.8837,5.6721],[-66.953,5.6321],[-66.9722,5.6241],[-66.9773,5.6223],[-66.9938,5.6195],[-67.0,5.6191]],[[-66.0388,5.78],[-66.1173,5.7853]],[[-66.1173,5.7853],[-66.1234,5.7846],[-66.1289,5.7834],[-66.1382,5.7794],[-66.1509,5.7715],[-66.1657,5.7586],[-66.1778,5.7502],[-66.1959,5.741],[-66.2205,5.7316],[-66.2269,5.7306],[-66.234,5.7306]],[[-65.1852,5.2854],[-65.1793,5.2864],[-65.159,5.2937],[-65.1463,5.3015],[-65.1357,5.3114],[-65.1326,5.3152],[-65.1285,5.3229],[-65.1242,5.3334],[-65.1175,5.3554],[-65.1165,5.3663],[-65.1175,5.3742],[-65.1202,5.3784],[-65.1268,5.3855],[-65.1753,5.4213],[-65.1795,5.426],[-65.1836,5.434],[-65.1836,5.4398],[-65.1819,5.4449],[-65.1786,5.4485],[-65.175,5.4518],[-65.1492,5.4669],[-65.1444,5.4731],[-65.1398,5.4823],[-65.1341,5.5025],[-65.133,5.5131],[-65.1336,5.5211],[-65.1356,5.526],[-65.1409,5.5342],[-65.1442,5.5377],[-65.2277,5.5998],[-65.2418,5.6132],[-65.253,5.6292],[-65.2597,5.6449],[-65.2645,5.6617],[-65.2648,5.6711],[-65.2634,5.6781],[-65.2606,5.6822],[-65.2329,5.7097],[-65.2298,5.7136],[-65.2264,5.7195],[-65.2238,5.7277],[-65.2218,5.7434],[-65.2225,5.752],[-65.2246,5.7586],[-65.2279,5.7621],[-65.232,5.7651],[-65.2367,5.7677],[-65.242,5.7694],[-65.2659,5.7739],[-65.4375,5.7752]],[[-65.4375,5.7752],[-65.4611,5.7719],[-65.4663,5.7705],[-65.4711,5.7684],[-65.4751,5.7655],[-65.4822,5.7587],[-65.5042,5.7319],[-65.5388,5.6981],[-65.5428,5.6953],[-65.5518,5.6905],[-65.5625,5.6879],[-65.5748,5.6874]],[[-67.0,5.6191],[-67.0167,5.6203],[-67.0234,5.6224],[-67.0289,5.6253],[-67.0325,5.6286],[-67.0358,5.6323],[-67.0408,5.6408],[-67.0442,5.651],[-67.0512,5.6845],[-67.0549,5.6943],[-67.059,5.6998],[-67.0647,5.7058],[-67.0767,5.714],[-67.085,5.7175],[-67.0925,5.7193]],[[-67.0925,5.7193],[-67.1169,5.7171],[-67.1398,5.7127],[-67.1552,5.7073],[-67.1624,5.7058],[-67.1712,5.705]],[[-65.2449,5.2881],[-65.1852,5.2854]],[[-64.648,4.2079],[-64.6421,4.224],[-64.6292,4.2882],[-64.6269,4.33],[-64.6277,4.339],[-64.6351,4.3651],[-64.6499,4.4958],[-64.6601,4.5419],[-64.6677,4.5583],[-64.6767,4.5709],[-64.6805,4.5746],[-64.6926,4.5834],[-64.6972,4.5857],[-64.7022,4.5877],[-64.7383,4.5939],[-64.8286,4.5979],[-64.9329,4.6204],[-64.942,4.6252],[-65.0851,4.7992],[-65.0975,4.8275],[-65.1075,4.8448],[-65.1141,4.8597],[-65.1483,4.9136],[-65.1841,4.9998],[-65.2222,5.1439],[-65.2335,5.16],[-65.2432,5.171],[-65.2577,5.184],[-65.2632,5.1914],[-65.2823,5.226],[-65.2866,5.2389],[-65.2884,5.2489],[-65.2872,5.2549],[-65.2854,5.2602],[-65.2809,5.2694],[-65.2779,5.2733],[-65.2744,5.2768],[-65.2662,5.2822],[-65.2616,5.2844],[-65.2566,5.2864],[-65.251,5.2875],[-65.2449,5.2881]]]}},{"type":"Feature","properties":{},"geometry":{"type":"MultiLineString","coordinates":[[[-62.3254,9.7189],[-62.3236,9.7023],[-62.3366,9.6867],[-62.3544,9.6719],[-62.3671,9.6559],[-62.3737,9.6255],[-62.3787,9.6156],[-62.4195,9.5735],[-62.4402,9.541],[-62.4461,9.5254],[-62.4436,9.5093],[-62.4309,9.4968],[-62.4132,9.4877],[-62.3961,9.4814],[-62.3922,9.4592],[-62.391,9.4374],[-62.3869,9.4172],[-62.3744,9.3996],[-62.3298,9.3706],[-62.3205,9.3573],[-62.3188,9.3465],[-62.3207,9.3221],[-62.3175,9.2741],[-62.3149,9.2651],[-62.3133,9.2454],[-62.3104,9.2415],[-62.3079,9.2371],[-62.3059,9.2325],[-62.3054,9.2268],[-62.3063,9.2082],[-62.3047,9.1966],[-62.3055,9.1896],[-62.3083,9.1807],[-62.3158,9.1672],[-62.3205,9.1564],[-62.3228,9.1483],[-62.3213,9.1406],[-62.3174,9.137],[-62.3122,9.1353],[-62.2707,9.1333],[-62.2663,9.1319],[-62.263,9.1287],[-62.2607,9.1243],[-62.2572,9.1144],[-62.2549,9.1098],[-62.2517,9.1061],[-62.2477,9.1032],[-62.234,9.0957],[-62.23,9.0928],[-62.2265,9.0893],[-62.2173,9.0779],[-62.2136,9.0748],[-62.2097,9.0724],[-62.2056,9.0713],[-62.2021,9.071]],[[-62.1453,9.0976],[-62.1432,9.0935],[-62.1366,9.0667],[-62.1349,9.0617],[-62.1324,9.0581],[-62.1287,9.0564],[-62.1255,9.0561]],[[-62.2021,9.071],[-62.1936,9.074],[-62.1827,9.0794],[-62.1611,9.0928],[-62.1519,9.0972],[-62.1453,9.0976]],[[-62.0886,9.0718],[-62.0724,9.068],[-62.0675,9.0659],[-62.0552,9.0637],[-62.0525,9.0553],[-62.0531,9.0454],[-62.0613,9.0256],[-62.0819,8.9884],[-62.0878,8.9682],[-62.0842,8.9448],[-62.072,8.9228],[-62.0638,8.9122],[-62.0556,8.9051],[-62.0441,8.9012],[-62.0203,8.8994],[-62.0086,8.8955],[-62.0076,8.8862],[-62.0057,8.8795],[-62.0051,8.8728],[-62.0076,8.8638],[-62.0126,8.8552],[-62.0586,8.8082],[-62.0642,8.7992],[-62.0668,8.7907],[-62.069,8.7483],[-62.0752,8.7344],[-62.0874,8.7251],[-62.1234,8.7095],[-62.1489,8.703],[-62.1818,8.6804],[-62.1861,8.6766],[-62.2085,8.6498],[-62.2289,8.6157],[-62.2395,8.598],[-62.2552,8.5942],[-62.3104,8.5931],[-62.3232,8.5894],[-62.3297,8.5865],[-62.335,8.5831],[-62.34,8.5782],[-62.342,8.5744],[-62.3434,8.5705],[-62.3466,8.565],[-62.356,8.5543],[-62.3664,8.5457],[-62.378,8.539],[-62.4359,8.5138],[-62.4504,8.5107]],[[-62.1255,9.0561],[-62.1207,9.0568],[-62.1162,9.0585],[-62.1021,9.068],[-62.0938,9.0709],[-62.0886,9.0718]],[[-62.4504,8.5107],[-62.4621,8.5112],[-62.5005,8.5201]],[[-62.5005,8.5201],[-62.5153,8.5194],[-62.5265,8.5134],[-62.5298,8.4998],[-62.5422,8.4978],[-62.5545,8.4912],[-62.5653,8.4823],[-62.5937,8.4508],[-62.5976,8.448]]]}},{"type":"Feature","properties":{},"geometry":{"type":"MultiLineString","coordinates":[[[-62.5976,8.448],[-62.4999,8.4071],[-62.3122,8.3306],[-62.2472,8.3138],[-61.6352,8.287],[-61.6428,8.2366],[-61.6434,8.208],[-61.6387,8.1859],[-61.6092,8.1185],[-61.5977,8.1027],[-61.5908,8.0956],[-61.5758,8.0829],[-61.5541,8.055],[-61.3941,7.8775],[-61.3568,7.8429],[-61.3424,7.832],[-61.3192,7.8206]],[[-60.988,7.9462],[-60.971,7.946],[-60.962,7.9442],[-60.9557,7.9414],[-60.9452,7.9297],[-60.9442,7.9273],[-60.9397,7.921],[-60.797,7.757],[-60.7899,7.752],[-60.7846,7.7518]],[[-61.0976,7.8974],[-61.0914,7.8979],[-61.0857,7.899],[-61.0657,7.9062],[-61.0612,7.9084],[-61.0533,7.9143],[-61.0324,7.9347],[-61.0245,7.9407],[-61.0192,7.9426],[-61.0137,7.9439],[-60.988,7.9462]],[[-60.7846,7.7518],[-60.7796,7.753],[-60.7665,7.7603],[-60.733,7.789],[-60.7105,7.8151],[-60.7068,7.8183],[-60.6847,7.8301],[-60.6002,7.89],[-60.5958,7.8923],[-60.591,7.8944],[-60.5746,7.8981],[-60.5697,7.8999],[-60.5609,7.9048],[-60.549,7.9133],[-60.5444,7.9155],[-60.5391,7.9169],[-60.2689,7.9212],[-60.268,7.9213]],[[-61.1246,7.8979],[-61.0976,7.8974]],[[-61.3192,7.8206],[-61.3126,7.8206],[-61.3071,7.8221],[-61.2982,7.8269],[-61.2885,7.8307],[-61.2666,7.8357],[-61.2484,7.8377],[-61.2429,7.839],[-61.2245,7.8477],[-61.209,7.8525],[-61.2044,7.8547],[-61.2002,7.8574],[-61.1861,7.8709],[-61.1817,7.8735],[-61.1653,7.8772],[-61.1603,7.879],[-61.1352,7.895],[-61.1304,7.897],[-61.1246,7.8979]]]}},{"type":"Feature","properties":{},"geometry":{"type":"MultiLineString","coordinates":[[[-67.5328,9.9052],[-67.529,9.9068],[-67.5258,9.9187],[-67.5341,9.9515]],[[-67.7853,9.9321],[-67.7727,9.9289],[-67.7654,9.9263],[-67.7598,9.9234],[-67.7568,9.9204],[-67.7464,9.9038],[-67.7401,9.8963],[-67.7366,9.893],[-67.7323,9.8902],[-67.7275,9.888],[-67.709,9.8851],[-67.7044,9.883],[-67.7014,9.8797],[-67.7005,9.8758],[-67.7019,9.8716],[-67.7062,9.8623],[-67.708,9.8573],[-67.7086,9.8522],[-67.7073,9.8477],[-67.7039,9.8444],[-67.6991,9.8423]],[[-67.7888,9.827],[-67.8011,9.852],[-67.8071,9.8716],[-67.8141,9.9176],[-67.8075,9.9254],[-67.7992,9.9305],[-67.7931,9.9318],[-67.7853,9.9321]],[[-67.5575,9.9201],[-67.5508,9.92],[-67.5461,9.9175],[-67.54,9.9097],[-67.5368,9.9065],[-67.5328,9.9052]],[[-67.6025,9.8589],[-67.5973,9.8602],[-67.5914,9.8664],[-67.5828,9.8837],[-67.576,9.9019],[-67.5747,9.9074],[-67.5716,9.9125],[-67.5667,9.9169],[-67.5575,9.9201]],[[-67.6222,9.8723],[-67.6172,9.8713],[-67.6129,9.8689],[-67.6025,9.8589]],[[-67.6991,9.8423],[-67.6908,9.8429],[-67.681,9.8453],[-67.6492,9.8595],[-67.6318,9.8696],[-67.6273,9.8716],[-67.6222,9.8723]]]}},{"type":"Feature","properties":{},"geometry":{"type":"MultiLineString","coordinates":[[[-68.2417,10.1287],[-68.2373,10.1267],[-68.2339,10.1231],[-68.2318,10.1185],[-68.2243,10.092],[-68.2196,10.0829],[-68.2052,10.0629],[-68.2441,10.0362],[-68.2535,10.0215],[-68.2534,10.0146],[-68.2521,10.0076],[-68.2491,9.9995],[-68.2417,9.987],[-68.2288,9.9731],[-68.2166,9.963],[-68.1443,9.9162],[-68.14,9.9128],[-68.1309,9.9035],[-68.122,9.8966],[-68.1125,9.8921],[-68.0968,9.8792],[-68.0812,9.8625],[-68.0721,9.8568],[-68.0653,9.8554]],[[-68.3705,9.99],[-68.3389,10.0032],[-68.3283,10.0131],[-68.3178,10.0416],[-68.3027,10.0698],[-68.2845,10.0829],[-68.2581,10.1168],[-68.2502,10.1246],[-68.2417,10.1287]],[[-67.9953,9.8893],[-67.9894,9.8873],[-67.9869,9.8832],[-67.9866,9.8787],[-67.989,9.8746],[-68.0008,9.8639],[-68.0025,9.8595],[-68.0028,9.8539],[-67.9978,9.8427],[-67.9932,9.8386],[-67.9879,9.8352],[-67.9776,9.8319],[-67.9361,9.823],[-67.8798,9.8191]],[[-68.0653,9.8554],[-68.0447,9.8692],[-68.0243,9.8762],[-68.0031,9.8882],[-67.9993,9.8893],[-67.9953,9.8893]],[[-67.8798,9.8191],[-67.8672,9.8197],[-67.8317,9.8249],[-67.7888,9.827]]]}},{"type":"Feature","properties":{},"geometry":{"type":"MultiLineString","coordinates":[[[-67.809,10.3202],[-67.8141,10.3206],[-67.8187,10.3224],[-67.8599,10.3572],[-67.8742,10.3794],[-67.8759,10.3965],[-67.875,10.4361],[-67.873,10.4496],[-67.8692,10.4613]],[[-67.7094,10.3295],[-67.7156,10.3301],[-67.7214,10.3311],[-67.7457,10.342],[-67.7515,10.3433],[-67.7576,10.3436]],[[-67.7576,10.3436],[-67.7637,10.3431],[-67.7692,10.3417],[-67.7739,10.3397],[-67.7826,10.3345],[-67.7944,10.3256],[-67.7987,10.323],[-67.8036,10.3211],[-67.809,10.3202]],[[-67.6811,10.0209],[-67.6873,10.0214],[-67.6902,10.0244],[-67.69,10.0295],[-67.6889,10.0353],[-67.6882,10.0418],[-67.6886,10.0572],[-67.6874,10.0633],[-67.6842,10.0675],[-67.6683,10.079],[-67.6641,10.0832],[-67.6602,10.0884],[-67.6557,10.0969],[-67.6545,10.1039],[-67.6545,10.1104],[-67.6699,10.2347],[-67.6701,10.2444],[-67.669,10.2493],[-67.6628,10.259],[-67.6597,10.2656],[-67.6569,10.2745],[-67.6535,10.2912],[-67.6541,10.2998],[-67.6563,10.3061],[-67.6679,10.3203],[-67.672,10.3244],[-67.6764,10.3275],[-67.6812,10.3297],[-67.6865,10.3311],[-67.6921,10.3316]],[[-67.6921,10.3316],[-67.7094,10.3295]],[[-67.5784,10.0004],[-67.5833,10.0011],[-67.5878,10.0021],[-67.6622,10.0329]],[[-67.6622,10.0329],[-67.6811,10.0209]],[[-67.5341,9.9515],[-67.5532,9.994],[-67.5658,10.0018]],[[-67.5658,10.0018],[-67.5738,10.0007],[-67.5784,10.0004]]]}},{"type":"Feature","properties":{},"geometry":{"type":"MultiLineString","coordinates":[[[-72.0547,8.4828],[-72.0486,8.4833],[-72.0422,8.4868],[-72.0347,8.4934],[-72.0242,8.5084],[-72.007,8.5225],[-72.0022,8.5248],[-71.9996,8.5265],[-71.9938,8.5321],[-71.9449,8.6114]],[[-72.2713,8.5436],[-72.2629,8.5416],[-72.2574,8.537],[-72.2532,8.5273],[-72.2519,8.5198],[-72.2519,8.4932],[-72.2501,8.4819],[-72.2455,8.4656],[-72.2407,8.4299],[-72.2433,8.4051],[-72.2425,8.3991]],[[-72.3691,8.4323],[-72.353,8.454],[-72.3506,8.4586],[-72.349,8.4638],[-72.3479,8.4694],[-72.3467,8.4872],[-72.3448,8.4918],[-72.342,8.4955],[-72.3392,8.4983],[-72.3333,8.503],[-72.3141,8.5223],[-72.3015,8.5307],[-72.2812,8.5417],[-72.277,8.5428],[-72.2713,8.5436]],[[-72.0736,8.4836],[-72.0547,8.4828]],[[-72.1351,8.4559],[-72.1298,8.4568],[-72.1158,8.4632],[-72.092,8.4776],[-72.0857,8.4807],[-72.0797,8.4828],[-72.0736,8.4836]],[[-72.1656,8.4591],[-72.1351,8.4559]],[[-72.2425,8.3991],[-72.2353,8.3994],[-72.2264,8.4015],[-72.1797,8.4434],[-72.1788,8.4509],[-72.1764,8.4544],[-72.1727,8.458],[-72.1656,8.4591]],[[-72.3813,8.4391],[-72.3735,8.4325],[-72.3691,8.4323]],[[-72.4156,8.3827],[-72.4099,8.389],[-72.4033,8.3974],[-72.4014,8.4081],[-72.4011,8.414],[-72.3996,8.4192],[-72.3972,8.4236],[-72.3881,8.4355],[-72.3849,8.4383],[-72.3813,8.4391]]]}},{"type":"Feature","properties":{},"geometry":{"type":"MultiLineString","coordinates":[[[-69.6549,10.7648],[-69.6422,10.7627],[-69.5905,10.7479],[-69.5372,10.742],[-69.5207,10.7325],[-69.5176,10.7286],[-69.5141,10.7232],[-69.5111,10.7128],[-69.51,10.7071],[-69.5084,10.7018],[-69.5062,10.6972],[-69.4986,10.6951]],[[-69.8102,10.6991],[-69.801,10.6997],[-69.7899,10.7014],[-69.7471,10.7162],[-69.7093,10.7339],[-69.6639,10.7647],[-69.6549,10.7648]],[[-69.816,10.7306],[-69.8115,10.7295],[-69.8061,10.7204],[-69.8139,10.714],[-69.8175,10.7118],[-69.8214,10.7086],[-69.8229,10.7051],[-69.8212,10.7018],[-69.8164,10.6999],[-69.8102,10.6991]],[[-69.8844,10.694],[-69.8755,10.6947],[-69.8666,10.698],[-69.8527,10.7072],[-69.8404,10.7179],[-69.8372,10.7215],[-69.8336,10.7249],[-69.829,10.7278],[-69.8238,10.7303],[-69.816,10.7306]],[[-69.4261,10.7119],[-69.2836,10.7],[-69.2779,10.6986],[-69.2729,10.6966],[-69.2672,10.695],[-69.2603,10.6946]],[[-69.4986,10.6951],[-69.4887,10.6951],[-69.4436,10.7067],[-69.4321,10.7108],[-69.4261,10.7119]],[[-69.2343,10.6986],[-69.1263,10.6813],[-69.0843,10.6805]],[[-69.2603,10.6946],[-69.2425,10.6983],[-69.2343,10.6986]],[[-68.9585,10.6976],[-68.9241,10.6973],[-68.9097,10.6914],[-68.9046,10.6867],[-68.8993,10.6827],[-68.8855,10.6595]],[[-68.9814,10.6934],[-68.9585,10.6976]],[[-69.0284,10.6961],[-69.0174,10.6937],[-68.9814,10.6934]],[[-69.0843,10.6805],[-69.0583,10.6861],[-69.0346,10.6956],[-69.0284,10.6961]],[[-69.9034,10.6959],[-69.892,10.6951],[-69.8844,10.694]],[[-69.927,10.6883],[-69.9204,10.6894],[-69.9113,10.6939],[-69.9034,10.6959]],[[-69.962,10.6923],[-69.9484,10.6918],[-69.9401,10.6905],[-69.933,10.6887],[-69.927,10.6883]],[[-70.0643,10.6429],[-70.0566,10.6432],[-70.0472,10.6453],[-70.032,10.6529],[-70.0182,10.6621],[-69.9872,10.6772],[-69.9693,10.6905],[-69.962,10.6923]],[[-70.1408,10.6548],[-70.1128,10.6535],[-70.0643,10.6429]],[[-70.2472,10.5584],[-70.2311,10.573],[-70.2298,10.5783],[-70.225,10.5855],[-70.2181,10.592],[-70.201,10.601],[-70.1865,10.6111],[-70.1747,10.6342],[-70.1689,10.6423],[-70.1656,10.6458],[-70.1618,10.649],[-70.1575,10.6517],[-70.1502,10.6536],[-70.1408,10.6548]],[[-70.2832,10.5661],[-70.2472,10.5584]],[[-70.6581,10.3048],[-70.6512,10.3133],[-70.638,10.3266],[-70.6132,10.3415],[-70.5916,10.3514],[-70.5701,10.3564],[-70.5503,10.3597],[-70.5354,10.363],[-70.5304,10.3696],[-70.5255,10.3812],[-70.5172,10.3961],[-70.5122,10.4077],[-70.5006,10.4341],[-70.4923,10.4474],[-70.4708,10.4639],[-70.451,10.4722],[-70.4361,10.4755],[-70.4145,10.4838],[-70.403,10.4954],[-70.3947,10.5103],[-70.3875,10.52],[-70.3738,10.5287],[-70.3462,10.5408],[-70.339,10.547],[-70.3303,10.5581],[-70.3231,10.5624],[-70.3065,10.5657],[-70.2832,10.5661]]]}},{"type":"Feature","properties":{},"geometry":{"type":"MultiLineString","coordinates":[[[-70.5347,8.9553],[-70.5556,8.9256],[-70.5611,8.9101],[-70.5677,8.87],[-70.5725,8.8619],[-70.5775,8.8567],[-70.595,8.8509],[-70.6155,8.8466],[-70.6329,8.8395],[-70.6492,8.8294],[-70.6581,8.8251],[-70.6658,8.8236]],[[-70.6658,8.8236],[-70.6716,8.8249],[-70.6778,8.8257]],[[-70.6778,8.8257],[-70.6869,8.8236],[-70.6919,8.8202],[-70.6958,8.8159],[-70.7004,8.8066],[-70.7063,8.7903],[-70.714,8.7753],[-70.7185,8.7704],[-70.7229,8.7668],[-70.7277,8.7647],[-70.7328,8.764]],[[-70.7328,8.764],[-70.7378,8.765],[-70.7415,8.7679],[-70.744,8.7723],[-70.7457,8.7773],[-70.749,8.7814],[-70.7523,8.784]],[[-70.7523,8.784],[-70.7686,8.7815],[-70.8045,8.7515],[-70.8267,8.7365],[-70.8377,8.7255],[-70.8474,8.7118],[-70.8516,8.7021],[-70.8941,8.644],[-70.9101,8.6241]],[[-70.9101,8.6241],[-70.9151,8.6243],[-70.9199,8.626],[-70.9257,8.6299]],[[-70.9257,8.6299],[-70.93,8.6293],[-70.9344,8.6268],[-70.957,8.6072],[-70.9624,8.6014],[-70.9697,8.5919],[-70.9735,8.5853],[-70.976,8.5791],[-70.9764,8.5731],[-70.9758,8.5672],[-70.9728,8.5565],[-70.9689,8.5468],[-70.969,8.5383],[-70.9717,8.5272],[-70.9804,8.5067],[-70.9865,8.4976],[-70.9918,8.4915],[-71.0168,8.4746],[-71.0274,8.4653],[-71.0322,8.4585],[-71.0347,8.4516],[-71.0358,8.4361],[-71.0384,8.4243],[-71.0419,8.4185],[-71.0457,8.4137],[-71.0711,8.3911],[-71.0754,8.3839],[-71.0775,8.3763],[-71.0769,8.3504],[-71.0751,8.3388],[-71.0724,8.3279],[-71.0651,8.3078],[-71.0628,8.3033],[-71.0593,8.2998],[-71.0548,8.2974],[-71.0443,8.2937],[-71.0403,8.2908],[-71.0369,8.2873],[-71.0315,8.279],[-71.0275,8.2693],[-71.0227,8.2471],[-71.0208,8.2422],[-71.0134,8.2274],[-71.0118,8.2198],[-71.0118,8.2067],[-71.0155,8.1968],[-71.0225,8.1857],[-71.0288,8.1784],[-71.0483,8.1465],[-71.0599,8.11],[-71.0905,8.0675],[-71.1685,7.9988],[-71.2074,7.9761],[-71.2173,7.9657],[-71.2412,7.9339],[-71.2538,7.9228],[-71.2638,7.916],[-71.2897,7.9021],[-71.4297,7.8023],[-71.4621,7.7695],[-71.4627,7.7451],[-71.4547,7.7143],[-71.4567,7.7024],[-71.4621,7.6936],[-71.4691,7.6898],[-71.4836,7.6845]]]}},{"type":"Feature","properties":{},"geometry":{"type":"MultiLineString","coordinates":[[[-71.8925,8.1717],[-71.8971,8.1755],[-71.8983,8.1788],[-71.899,8.183],[-71.8989,8.1869],[-71.896,8.2035],[-71.8899,8.2253],[-71.8865,8.2321],[-71.8608,8.2626],[-71.8481,8.286],[-71.8428,8.2926],[-71.8279,8.3001],[-71.822,8.3057],[-71.8185,8.3104],[-71.8108,8.3392],[-71.8296,8.3954],[-71.778,8.4594],[-71.7723,8.469],[-71.7711,8.4809],[-71.7747,8.4993],[-71.7755,8.5011],[-71.7769,8.5036],[-71.7947,8.5258],[-71.7969,8.5304],[-71.7988,8.5355],[-71.8012,8.5654],[-71.8027,8.5707],[-71.8053,8.5762],[-71.8095,8.5812],[-71.8171,8.587],[-71.8231,8.5903],[-71.9449,8.6114]],[[-71.7036,8.0475],[-71.7114,8.0491],[-71.7209,8.054],[-71.7446,8.0749],[-71.7531,8.0847],[-71.7962,8.1517],[-71.8004,8.1558],[-71.8213,8.1705],[-71.8314,8.1753],[-71.8509,8.1776]],[[-71.8509,8.1776],[-71.8925,8.1717]],[[-71.6603,8.0563],[-71.6696,8.0606],[-71.6808,8.0612]],[[-71.6808,8.0612],[-71.6873,8.0598],[-71.6917,8.0562],[-71.6951,8.0527],[-71.699,8.0497],[-71.7036,8.0475]],[[-71.6225,8.0585],[-71.6364,8.0606]],[[-71.6364,8.0606],[-71.6434,8.0595],[-71.6539,8.0564],[-71.6603,8.0563]],[[-71.4836,7.6845],[-71.4912,7.7127],[-71.4965,7.7247],[-71.5007,7.7299],[-71.5037,7.7325],[-71.5073,7.7352],[-71.5246,7.7458],[-71.5283,7.749],[-71.5315,7.7527],[-71.5328,7.7583],[-71.5319,7.7656],[-71.5152,7.7982],[-71.5075,7.8183],[-71.5061,7.83],[-71.5074,7.8848],[-71.5121,7.9124],[-71.5203,7.9249],[-71.5222,7.9299],[-71.5197,7.944],[-71.4999,7.9699],[-71.4978,7.9845],[-71.4983,7.9893],[-71.5077,8.0054],[-71.5889,8.0573],[-71.615,8.0589]],[[-71.615,8.0589],[-71.6225,8.0585]]]}},{"type":"Feature","properties":{},"geometry":{"type":"MultiLineString","coordinates":[[[-71.1871,8.9925],[-71.1735,8.9987],[-71.1573,9.0111],[-71.1486,9.0335],[-71.1461,9.0608],[-71.1461,9.0745],[-71.1424,9.0893],[-71.1424,9.1129],[-71.1474,9.1278],[-71.1623,9.1415],[-71.1821,9.1589],[-71.1921,9.1663],[-71.207,9.18],[-71.2185,9.187],[-71.2185,9.187]],[[-71.2256,9.0484],[-71.2182,9.0409],[-71.2082,9.031],[-71.2008,9.0186],[-71.1995,9.0074],[-71.1946,8.9962],[-71.1871,8.9925]],[[-71.7309,8.6162],[-71.726,8.6172],[-71.7213,8.622],[-71.7071,8.6717],[-71.7051,8.6766],[-71.6931,8.6963],[-71.6735,8.7188],[-71.6108,8.7723],[-71.345,8.9661],[-71.3162,8.9962],[-71.2963,9.0136],[-71.2802,9.0211],[-71.2641,9.0322],[-71.2417,9.0459],[-71.2256,9.0484]],[[-71.8333,8.6732],[-71.8244,8.6729],[-71.8174,8.6713],[-71.8128,8.6689],[-71.8087,8.666],[-71.8053,8.6625],[-71.8026,8.6583],[-71.8009,8.6533],[-71.8004,8.6476],[-71.8012,8.642],[-71.803,8.6371],[-71.8078,8.6283],[-71.8091,8.6238],[-71.8081,8.6196],[-71.8023,8.6192]],[[-71.9449,8.6114],[-71.9376,8.6209],[-71.9246,8.6274],[-71.9108,8.6302],[-71.9013,8.6338],[-71.8922,8.6383],[-71.8808,8.6469],[-71.8697,8.6575],[-71.8664,8.6612],[-71.8627,8.6647],[-71.8568,8.6681],[-71.8488,8.6711],[-71.8333,8.6732]],[[-71.7585,8.6302],[-71.7527,8.629],[-71.7476,8.6269],[-71.7432,8.6244],[-71.7352,8.6185],[-71.7309,8.6162]],[[-71.8023,8.6192],[-71.7933,8.6213],[-71.777,8.6277],[-71.7668,8.6297],[-71.7585,8.6302]]]}},{"type":"Feature","properties":{},"geometry":{"type":"MultiLineString","coordinates":[[[-68.5226,9.8959],[-68.5301,9.8966],[-68.5406,9.9002],[-68.543,9.9044],[-68.5416,9.908],[-68.538,9.9112],[-68.5338,9.9139],[-68.5302,9.9168],[-68.5276,9.9197],[-68.5283,9.923],[-68.5316,9.9258],[-68.5365,9.9277],[-68.5583,9.9342],[-68.5683,9.9381],[-68.5726,9.9409],[-68.5762,9.9442],[-68.5794,9.9478],[-68.5821,9.9521],[-68.5843,9.9568],[-68.586,9.9619],[-68.5869,9.9675],[-68.5868,9.9736],[-68.5855,9.9792],[-68.5802,9.9937],[-68.5798,9.9979],[-68.5798,10.0001],[-68.5805,10.002],[-68.5822,10.005],[-68.5858,10.0076],[-68.5906,10.0095],[-68.623,10.0114]],[[-68.623,10.0114],[-68.6299,10.0104],[-68.6374,10.0068],[-68.6467,9.9965],[-68.6511,9.9892],[-68.6567,9.9775],[-68.6617,9.9732],[-68.6697,9.9688],[-68.6812,9.9659],[-68.6893,9.9646]],[[-68.3705,9.99],[-68.406,9.9699],[-68.4872,9.9093],[-68.504,9.9005],[-68.5155,9.8965],[-68.5226,9.8959]],[[-68.7271,9.9616],[-68.7435,9.9669],[-68.7493,9.9671]],[[-68.7493,9.9671],[-68.7933,9.9636],[-68.8043,9.9609],[-68.8094,9.9562],[-68.8139,9.9487],[-68.8179,9.9316],[-68.8191,9.9214],[-68.8214,9.9116],[-68.825,9.9036],[-68.8407,9.886],[-68.8483,9.8703],[-68.8499,9.8635],[-68.8518,9.86],[-68.8548,9.856],[-68.8589,9.8532],[-68.885,9.8511]],[[-68.6893,9.9646],[-68.6964,9.9647],[-68.7015,9.9658]],[[-68.7015,9.9658],[-68.7081,9.9654],[-68.7271,9.9616]],[[-68.885,9.8511],[-68.9777,9.8573]]]}},{"type":"Feature","properties":{},"geometry":{"type":"MultiLineString","coordinates":[[[-68.9764,10.553],[-68.9644,10.5569],[-68.9483,10.565],[-68.9011,10.598],[-68.8925,10.6061],[-68.8882,10.6157],[-68.8866,10.6212],[-68.8846,10.6464],[-68.8855,10.6595]],[[-69.0052,10.5594],[-69.0008,10.5593],[-68.9972,10.5587],[-68.9764,10.553]],[[-69.0536,10.4178],[-69.0606,10.4193],[-69.0684,10.4246],[-69.0715,10.4304],[-69.0721,10.4379],[-69.0702,10.4615],[-69.0669,10.4688],[-69.0529,10.4735],[-69.0486,10.4777],[-69.0461,10.4832],[-69.0436,10.4999],[-69.0317,10.538],[-69.0259,10.5485],[-69.0201,10.5548],[-69.01,10.5583],[-69.0052,10.5594]],[[-69.042,10.2291],[-69.0377,10.2311],[-69.0351,10.2337],[-69.0291,10.242],[-69.015,10.2484],[-69.0132,10.2609],[-69.0134,10.2946],[-69.0287,10.344],[-69.0316,10.3572],[-69.0327,10.3674],[-69.0257,10.4168],[-69.0272,10.4231],[-69.0298,10.426]],[[-69.0298,10.426],[-69.034,10.4249],[-69.0475,10.4182],[-69.0536,10.4178]],[[-69.055,10.2323],[-69.048,10.2316],[-69.042,10.2291]],[[-69.1668,10.1264],[-69.1621,10.1281],[-69.1592,10.1306],[-69.1546,10.1367],[-69.1444,10.147],[-69.1383,10.1547],[-69.1334,10.1638],[-69.1314,10.1687],[-69.1283,10.1797],[-69.1264,10.1918],[-69.1233,10.1976],[-69.118,10.2027],[-69.0762,10.2289],[-69.0666,10.2318],[-69.055,10.2323]],[[-69.2196,10.1718],[-69.1999,10.1596],[-69.1819,10.133],[-69.1751,10.1279],[-69.1668,10.1264]],[[-69.0907,9.8758],[-69.0978,9.8767],[-69.1024,9.8791],[-69.1053,9.882],[-69.1066,9.8849],[-69.109,9.8945],[-69.1114,9.899],[-69.1143,9.9031],[-69.1286,9.9165],[-69.1347,9.9242],[-69.1373,9.9285],[-69.1392,9.9334],[-69.1404,9.9388],[-69.1409,9.945],[-69.137,9.9888],[-69.1376,9.9943],[-69.1391,10.0003],[-69.1415,10.0053],[-69.1465,10.0135],[-69.1708,10.0442],[-69.2029,10.0745],[-69.2085,10.0826],[-69.2109,10.087],[-69.2275,10.1101],[-69.2347,10.1252],[-69.2362,10.1298],[-69.2377,10.1424],[-69.2376,10.1471],[-69.2371,10.1503],[-69.2356,10.1547],[-69.2334,10.1588],[-69.2273,10.1662],[-69.2196,10.1718]],[[-68.9777,9.8573],[-68.9626,9.8891],[-68.9527,9.9035],[-68.9249,9.9308],[-68.9245,9.935],[-68.9264,9.9388],[-68.9333,9.9457],[-68.9521,9.9826],[-68.9588,10.0002],[-68.9791,10.0098]],[[-68.9791,10.0098],[-69.0538,9.9734],[-69.072,9.9582],[-69.0731,9.9524],[-69.0735,9.9423],[-69.0706,9.9166],[-69.0712,9.9088],[-69.0734,9.9],[-69.0795,9.886],[-69.0847,9.8794],[-69.0907,9.8758]]]}},{"type":"Feature","properties":{},"geometry":{"type":"MultiLineString","coordinates":[[[-68.3144,10.5394],[-68.3096,10.5404],[-68.2918,10.5491],[-68.2817,10.5586],[-68.2552,10.594],[-68.2517,10.5951]],[[-68.3473,10.5533],[-68.3412,10.5528],[-68.3361,10.5511],[-68.319,10.5407],[-68.3144,10.5394]],[[-68.3705,9.99],[-68.3905,10.0068],[-68.3968,10.0184],[-68.3997,10.041],[-68.4032,10.0545],[-68.4075,10.0618],[-68.4131,10.0682],[-68.4151,10.0739],[-68.4158,10.0801],[-68.4131,10.0983],[-68.4232,10.1729],[-68.4225,10.1832],[-68.4199,10.1876],[-68.3837,10.2347],[-68.3699,10.2492],[-68.3616,10.2609],[-68.3941,10.3582],[-68.3895,10.4935],[-68.3853,10.5098],[-68.3773,10.5299],[-68.3699,10.542],[-68.3664,10.5455],[-68.3627,10.5486],[-68.3584,10.5511],[-68.3532,10.5528],[-68.3473,10.5533]]]}},{"type":"Feature","properties":{},"geometry":{"type":"MultiLineString","coordinates":[[[-68.7082,10.7365],[-68.6678,10.7359],[-68.6546,10.7325]],[[-68.7465,10.7262],[-68.7352,10.7268],[-68.7237,10.7323],[-68.7153,10.735],[-68.7082,10.7365]],[[-68.6336,10.7329],[-68.6137,10.728],[-68.5964,10.7205],[-68.5964,10.7031],[-68.5914,10.6783],[-68.5194,10.6386],[-68.2737,10.6342]],[[-68.6546,10.7325],[-68.6336,10.7329]],[[-68.763,10.7328],[-68.7532,10.7277],[-68.7465,10.7262]],[[-68.8855,10.6595],[-68.8265,10.6772],[-68.8093,10.6862],[-68.8034,10.6943],[-68.792,10.7135],[-68.7867,10.7197],[-68.7766,10.7294],[-68.7692,10.7325],[-68.763,10.7328]]]}},{"type":"Feature","properties":{},"geometry":{"type":"LineString","coordinates":[[-70.6581,10.3048],[-70.6645,10.2968],[-70.676,10.2786],[-70.6843,10.262],[-70.6943,10.2389],[-70.6992,10.219],[-70.7042,10.2057],[-70.7108,10.1942],[-70.7257,10.1809],[-70.825,10.1213],[-70.8482,10.0998],[-70.8581,10.07],[-70.8548,10.0435],[-70.8383,10.0187],[-70.8068,9.9839],[-70.7737,9.9608],[-70.7456,9.9492],[-70.6959,9.9161],[-70.681,9.9078],[-70.6612,9.9045]]}},{"type":"Feature","properties":{},"geometry":{"type":"MultiLineString","coordinates":[[[-70.952,10.4578],[-70.9573,10.4603],[-70.9661,10.4684],[-70.9765,10.4813],[-71.0148,10.5189],[-71.0221,10.5277],[-71.0268,10.5501],[-71.0275,10.5562],[-71.0324,10.5739],[-71.0397,10.5896],[-71.0472,10.5994],[-71.0561,10.6089],[-71.0718,10.6229],[-71.0781,10.6313],[-71.081,10.6386],[-71.0788,10.6491],[-71.0786,10.6549],[-71.0798,10.6602],[-71.0848,10.6752],[-71.0865,10.6834],[-71.0871,10.6931],[-71.0864,10.7051],[-71.0771,10.7421],[-71.0805,10.7568],[-71.0884,10.767],[-71.1335,10.8059],[-71.1423,10.8111],[-71.1612,10.8283],[-71.2003,10.8714],[-71.2159,10.881],[-71.2354,10.8966],[-71.246,10.9084],[-71.2561,10.9264],[-71.2811,10.9893],[-71.282,10.9914]],[[-70.6581,10.3048],[-70.6794,10.3109],[-70.6943,10.3121],[-70.7129,10.3208],[-70.729,10.332],[-70.7377,10.3444],[-70.7402,10.3605],[-70.739,10.3853],[-70.7452,10.4151],[-70.765,10.4412],[-70.7787,10.4536],[-70.8028,10.4606]],[[-70.8028,10.4606],[-70.855,10.4568],[-70.8894,10.4479],[-70.8983,10.444],[-70.9031,10.4429]],[[-70.9031,10.4429],[-70.9122,10.4473],[-70.9271,10.4576],[-70.9417,10.4583]],[[-70.9417,10.4583],[-70.952,10.4578]]]}},{"type":"Feature","properties":{},"geometry":{"type":"MultiLineString","coordinates":[[[-70.1825,9.0079],[-70.2139,9.0091],[-70.2354,9.0145],[-70.2525,9.0206],[-70.2629,9.0228],[-70.2713,9.0234]],[[-70.2713,9.0234],[-70.2942,9.0188],[-70.3484,9.0152]],[[-70.3484,9.0152],[-70.3977,9.0204],[-70.4267,9.0225]],[[-70.4267,9.0225],[-70.4437,9.0196],[-70.4961,8.9993],[-70.5125,8.9837],[-70.5242,8.9667],[-70.5347,8.9553]]]}},{"type":"Feature","properties":{},"geometry":{"type":"MultiLineString","coordinates":[[[-70.4547,9.8962],[-70.477,9.9099],[-70.4981,9.9248],[-70.5168,9.9285],[-70.5304,9.9397],[-70.5478,9.9732],[-70.5614,9.9893],[-70.5614,9.9993],[-70.5627,10.0191],[-70.5664,10.0303],[-70.5801,10.0365]],[[-70.5801,10.0365],[-70.5925,10.0365],[-70.6086,10.0316],[-70.6235,10.0229],[-70.6384,10.003],[-70.662,9.9558],[-70.6612,9.9045]],[[-70.2474,9.8267],[-70.2573,9.8342],[-70.2648,9.8466],[-70.2797,9.8739],[-70.3144,9.8813],[-70.3293,9.8863],[-70.3343,9.895],[-70.3442,9.9186],[-70.3516,9.926],[-70.3653,9.9273]],[[-70.3653,9.9273],[-70.4025,9.9211],[-70.4125,9.9161],[-70.4299,9.9062],[-70.4448,9.8962],[-70.4547,9.8962]],[[-70.0477,9.6639],[-70.0421,9.6642],[-70.0372,9.6658],[-70.0328,9.6685],[-70.0173,9.6813],[-70.0144,9.6854],[-70.0131,9.6905],[-70.0159,9.6989],[-70.0187,9.7047],[-70.0217,9.7097],[-70.034,9.7215],[-70.0722,9.7495],[-70.0772,9.7585],[-70.0826,9.7664],[-70.086,9.77],[-70.0899,9.773],[-70.0941,9.7758],[-70.1013,9.778],[-70.1106,9.7797],[-70.1474,9.781],[-70.1543,9.7823],[-70.1608,9.7853],[-70.1676,9.792],[-70.1921,9.826],[-70.1951,9.8291],[-70.1976,9.8321],[-70.2094,9.8434],[-70.2133,9.8458],[-70.2177,9.8467]],[[-70.2177,9.8467],[-70.2231,9.8433],[-70.2271,9.8398],[-70.2305,9.8355],[-70.2474,9.8267]],[[-70.0694,9.6681],[-70.0639,9.6678],[-70.0477,9.6639]],[[-70.033,9.4303],[-70.0586,9.488],[-70.0622,9.4927],[-70.0674,9.4967],[-70.0999,9.5094],[-70.1093,9.5171],[-70.1172,9.5403],[-70.134,9.5981],[-70.1347,9.6042],[-70.1348,9.6107],[-70.1335,9.6176],[-70.1308,9.6241],[-70.1241,9.631],[-70.1189,9.6352],[-70.0847,9.6579],[-70.0804,9.6618],[-70.0747,9.6661],[-70.0694,9.6681]]]}},{"type":"Feature","properties":{},"geometry":{"type":"MultiLineString","coordinates":[[[-70.033,9.4303],[-70.0547,9.373],[-70.0646,9.3563],[-70.0693,9.3528],[-70.0862,9.3361],[-70.106,9.3005],[-70.1311,9.2745],[-70.1358,9.2656],[-70.1378,9.258],[-70.1364,9.253],[-70.1333,9.2493],[-70.1287,9.247],[-70.1235,9.2458],[-70.1121,9.2456],[-70.1067,9.2444],[-70.0974,9.2403],[-70.0923,9.2392]],[[-70.0654,9.2523],[-70.0594,9.2368],[-70.0627,9.1437],[-70.08,9.1004],[-70.0881,9.0856],[-70.1033,9.0698],[-70.1064,9.0606],[-70.1134,9.0315],[-70.1183,9.0241],[-70.1241,9.0201],[-70.1503,9.0191],[-70.1562,9.0181],[-70.1674,9.0145],[-70.1825,9.0079]],[[-70.0923,9.2392],[-70.0872,9.2399],[-70.0823,9.2415],[-70.0654,9.2523]]]}},{"type":"Feature","properties":{},"geometry":{"type":"MultiLineString","coordinates":[[[-70.7632,9.0608],[-70.7671,9.0616],[-70.7766,9.0668],[-70.7891,9.0912],[-70.7996,9.0988],[-70.8053,9.1001],[-70.8105,9.102],[-70.8198,9.1063],[-70.8544,9.1287],[-70.8631,9.139],[-70.8842,9.1749],[-70.8905,9.1907],[-70.8929,9.2073],[-70.8979,9.2271],[-70.9115,9.2842],[-70.9177,9.3029],[-70.9277,9.3128],[-70.9438,9.324],[-70.9636,9.3426],[-70.9736,9.3513],[-70.9835,9.3525],[-70.9997,9.3538],[-71.0145,9.355]],[[-71.0145,9.355],[-71.0332,9.3525],[-71.0481,9.3438],[-71.0586,9.338],[-71.0587,9.3379]],[[-70.6875,8.9843],[-70.6952,8.9851],[-70.7025,8.9916],[-70.7081,8.9978],[-70.7136,9.0077],[-70.7215,9.0274],[-70.725,9.0444],[-70.7315,9.0535],[-70.7475,9.0634]],[[-70.7475,9.0634],[-70.7632,9.0608]],[[-70.5347,8.9553],[-70.5425,8.9702],[-70.5421,8.9862],[-70.5405,8.9986],[-70.5419,9.0053],[-70.545,9.0098],[-70.5505,9.0119],[-70.5556,9.0128],[-70.5661,9.0167],[-70.5708,9.0352],[-70.5746,9.0378],[-70.58,9.0402]],[[-70.58,9.0402],[-70.5855,9.0394],[-70.5962,9.0359],[-70.6058,9.0317],[-70.6101,9.0292],[-70.6441,9.0004],[-70.6773,8.9859],[-70.6875,8.9843]]]}},{"type":"Feature","properties":{},"geometry":{"type":"MultiLineString","coordinates":[[[-70.7061,9.7464],[-70.6949,9.7467],[-70.6827,9.7539],[-70.6744,9.7671],[-70.6562,9.7771],[-70.6413,9.792],[-70.6363,9.8118],[-70.6363,9.8399],[-70.6612,9.9045]],[[-70.7261,9.7651],[-70.7205,9.762],[-70.7146,9.7543],[-70.7099,9.7495],[-70.7061,9.7464]],[[-70.8596,9.5995],[-70.8514,9.6022],[-70.8422,9.608],[-70.8167,9.6388],[-70.794,9.6786],[-70.7895,9.6827],[-70.7831,9.6863],[-70.7629,9.6904],[-70.7569,9.6924],[-70.7562,9.6975],[-70.7576,9.702],[-70.76,9.7059],[-70.7617,9.7094],[-70.7621,9.7121],[-70.7615,9.7165],[-70.7411,9.7577],[-70.7377,9.7617],[-70.7334,9.7649],[-70.7261,9.7651]],[[-71.0624,9.6174],[-71.0623,9.6174],[-71.061,9.6173],[-71.0464,9.6166],[-71.012,9.6093],[-71.0062,9.6089]],[[-70.9775,9.6146],[-70.9703,9.6138],[-70.9652,9.6114],[-70.959,9.6041],[-70.9552,9.6016]],[[-71.0062,9.6089],[-71.0014,9.6095],[-70.9775,9.6146]],[[-70.9225,9.6066],[-70.9167,9.6059],[-70.9061,9.6025],[-70.9013,9.6004],[-70.8958,9.5989],[-70.89,9.5982]],[[-70.9552,9.6016],[-70.9498,9.6018],[-70.9289,9.6062],[-70.9225,9.6066]],[[-70.8657,9.6001],[-70.8596,9.5995]],[[-70.89,9.5982],[-70.8721,9.6],[-70.8657,9.6001]]]}},{"type":"Feature","properties":{},"geometry":{"type":"MultiLineString","coordinates":[[[-111.0502,41.9998],[-111.0502,41.9373],[-111.0502,41.8749],[-111.0502,41.8124],[-111.0502,41.7499],[-111.0502,41.6874],[-111.0501,41.625],[-111.0501,41.5624],[-111.0501,41.5],[-111.0501,41.4375],[-111.05,41.375],[-111.05,41.3125],[-111.05,41.25],[-111.05,41.1875],[-111.05,41.125],[-111.05,41.0626],[-111.05,41.0001]],[[-111.0499,41.0001],[-111.0499,41.0],[-111.0499,41.0],[-111.0499,40.9999],[-111.0499,40.9999],[-111.0499,40.9999],[-111.0499,40.9998]],[[-111.05,41.0001],[-111.0499,41.0001]],[[-111.0499,40.9998],[-110.9247,40.9998],[-110.7995,40.9998],[-110.6742,40.9998],[-110.549,40.9998],[-110.4238,40.9998],[-110.2986,40.9998],[-110.1734,40.9998],[-110.0481,40.9998],[-109.9229,40.9998],[-109.7977,40.9998],[-109.6725,40.9998],[-109.5472,40.9998],[-109.422,40.9998],[-109.2968,40.9998],[-109.1716,40.9998],[-109.0463,40.9998]]]}},{"type":"Feature","properties":{},"geometry":{"type":"LineString","coordinates":[[-114.0425,42.0001],[-114.0425,41.8439],[-114.0424,41.6878],[-114.0424,41.5316],[-114.0423,41.3755],[-114.0422,41.2193],[-114.0421,41.0631],[-114.0421,40.907],[-114.042,40.7508],[-114.0419,40.5947],[-114.0418,40.4385],[-114.0417,40.2824],[-114.0416,40.1262],[-114.0416,39.9701],[-114.0415,39.8139],[-114.0414,39.6577],[-114.0414,39.5016],[-114.0413,39.3455],[-114.0413,39.1893],[-114.0412,39.0331],[-114.0411,38.877],[-114.041,38.7208],[-114.041,38.5647],[-114.0409,38.4085],[-114.0408,38.2523],[-114.0407,38.0962],[-114.0406,37.9401],[-114.0405,37.7839],[-114.0405,37.6277],[-114.0404,37.4716],[-114.0404,37.3154],[-114.0403,37.1593],[-114.0402,37.0031]]}},{"type":"Feature","properties":{},"geometry":{"type":"LineString","coordinates":[[-114.0402,37.0031],[-113.8841,37.003],[-113.7281,37.0029],[-113.572,37.0028],[-113.416,37.0027],[-113.26,37.0026],[-113.1039,37.0025],[-112.9479,37.0024],[-112.7918,37.0023],[-112.6358,37.0022],[-112.4797,37.0021],[-112.3237,37.002],[-112.1676,37.0019],[-112.0116,37.0018],[-111.8555,37.0017],[-111.6995,37.0016],[-111.5434,37.0015],[-111.3873,37.0014],[-111.2313,37.0012],[-111.0753,37.0012],[-110.9192,37.0011],[-110.7632,37.0009],[-110.6071,37.0008],[-110.451,37.0007],[-110.295,37.0006],[-110.139,37.0005],[-109.9829,37.0004],[-109.8268,37.0003],[-109.6708,37.0002],[-109.5148,37.0001],[-109.3587,37.0],[-109.2027,36.9999],[-109.0466,36.9998]]}},{"type":"Feature","properties":{},"geometry":{"type":"LineString","coordinates":[[-109.0466,36.9998],[-109.0466,36.8227],[-109.0466,36.6456],[-109.0467,36.4685],[-109.0467,36.2914],[-109.0467,36.1143],[-109.0468,35.9372],[-109.0468,35.7601],[-109.0468,35.583],[-109.0468,35.4059],[-109.0469,35.2288],[-109.0469,35.0517],[-109.0469,34.8746],[-109.0469,34.6975],[-109.0469,34.5204],[-109.047,34.3433],[-109.0471,34.1662],[-109.0471,33.9891],[-109.0471,33.812],[-109.0471,33.6349],[-109.0471,33.4578],[-109.0472,33.2807],[-109.0472,33.1036],[-109.0472,32.9265],[-109.0472,32.7494],[-109.0473,32.5723],[-109.0473,32.3952],[-109.0473,32.2181],[-109.0474,32.041],[-109.0474,31.8639],[-109.0474,31.6868],[-109.0474,31.5097],[-109.0474,31.3326],[-109.0474,31.3324],[-109.0474,31.3323],[-109.0474,31.3321],[-109.0474,31.332],[-109.0474,31.3318],[-109.0474,31.3316],[-109.0474,31.3315],[-109.0474,31.3314],[-109.0474,31.3312],[-109.0474,31.331],[-109.0474,31.3309],[-109.0474,31.3307],[-109.0474,31.3306],[-109.0474,31.3304],[-109.0474,31.3303],[-109.0474,31.3301],[-109.0474,31.3299],[-109.0474,31.3298],[-109.0474,31.3296],[-109.0474,31.3295],[-109.0474,31.3293],[-109.0474,31.3292],[-109.0474,31.329],[-109.0474,31.3289],[-109.0474,31.3287],[-109.0474,31.3285],[-109.0474,31.3284],[-109.0474,31.3283],[-109.0474,31.3281],[-109.0474,31.3279],[-109.0474,31.3278],[-109.0474,31.3277],[-109.0474,31.3274]]}},{"type":"Feature","properties":{},"geometry":{"type":"LineString","coordinates":[[-109.0463,40.9998],[-108.8893,40.9998],[-108.7323,40.9998],[-108.5753,40.9998],[-108.4183,40.9998],[-108.2613,40.9998],[-108.1042,40.9998],[-107.9472,40.9998],[-107.7902,40.9998],[-107.6331,40.9998],[-107.4761,40.9998],[-107.3191,40.9998],[-107.1621,40.9998],[-107.0051,40.9998],[-106.848,40.9998],[-106.691,40.9998],[-106.534,40.9998],[-106.3769,40.9998],[-106.2199,40.9998],[-106.0629,40.9998],[-105.9059,40.9998],[-105.7489,40.9998],[-105.5918,40.9998],[-105.4348,40.9998],[-105.2778,40.9998],[-105.1207,40.9998],[-104.9637,40.9998],[-104.8067,40.9998],[-104.6497,40.9998],[-104.4926,40.9998],[-104.3356,40.9998],[-104.1786,40.9998],[-104.0537,40.9998]]}},{"type":"Feature","properties":{},"geometry":{"type":"LineString","coordinates":[[-109.0463,40.9998],[-109.0463,40.8748],[-109.0463,40.7498],[-109.0463,40.6249],[-109.0464,40.4998],[-109.0465,40.3748],[-109.0465,40.2498],[-109.0465,40.1248],[-109.0465,39.9998],[-109.0465,39.8748],[-109.0465,39.7498],[-109.0465,39.6248],[-109.0465,39.4998],[-109.0465,39.3748],[-109.0465,39.2498],[-109.0465,39.1248],[-109.0465,38.9998],[-109.0465,38.8748],[-109.0465,38.7498],[-109.0465,38.6248],[-109.0466,38.4998],[-109.0466,38.3748],[-109.0466,38.2498],[-109.0466,38.1248],[-109.0466,37.9998],[-109.0466,37.8748],[-109.0466,37.7498],[-109.0466,37.6248],[-109.0466,37.4998],[-109.0466,37.3748],[-109.0466,37.2498],[-109.0466,37.1248],[-109.0466,36.9998]]}},{"type":"Feature","properties":{},"geometry":{"type":"LineString","coordinates":[[-103.0008,36.9998],[-103.1897,36.9998],[-103.3787,36.9998],[-103.5676,36.9998],[-103.7565,36.9998],[-103.9455,36.9998],[-104.1344,36.9998],[-104.3233,36.9998],[-104.5122,36.9998],[-104.7012,36.9998],[-104.8901,36.9998],[-105.0791,36.9998],[-105.268,36.9998],[-105.4569,36.9998],[-105.6458,36.9998],[-105.8347,36.9998],[-106.0237,36.9998],[-106.2127,36.9998],[-106.4016,36.9998],[-106.5905,36.9998],[-106.7794,36.9998],[-106.9684,36.9998],[-107.1573,36.9998],[-107.3462,36.9998],[-107.5352,36.9998],[-107.7241,36.9998],[-107.9131,36.9998],[-108.102,36.9998],[-108.2909,36.9998],[-108.4798,36.9998],[-108.6687,36.9998],[-108.8577,36.9998],[-109.0466,36.9998]]}},{"type":"Feature","properties":{},"geometry":{"type":"LineString","coordinates":[[-103.0002,36.5002],[-103.0421,36.4996],[-103.0415,36.4816],[-103.0417,36.4502],[-103.0425,36.3112],[-103.0432,36.1722],[-103.044,36.0332],[-103.0447,35.8942],[-103.0455,35.7552],[-103.0462,35.6162],[-103.047,35.4772],[-103.0477,35.3381],[-103.0484,35.1991],[-103.0492,35.0601],[-103.05,34.9211],[-103.0507,34.7821],[-103.0514,34.643],[-103.0522,34.504],[-103.0529,34.365],[-103.0537,34.226],[-103.0544,34.087],[-103.0551,33.948],[-103.0559,33.8089],[-103.0567,33.6699],[-103.0574,33.5308],[-103.0582,33.3918],[-103.0589,33.2529],[-103.0596,33.1138],[-103.0604,32.9748],[-103.0611,32.8358],[-103.0618,32.6968],[-103.0626,32.5578],[-103.0633,32.4187],[-103.0641,32.2797],[-103.0648,32.1407],[-103.0656,32.0017],[-103.2877,32.0016],[-103.5099,32.0015],[-103.732,32.0015],[-103.9541,32.0013],[-104.1763,32.0012],[-104.3984,32.0012],[-104.6205,32.0011],[-104.8427,32.001],[-105.0648,32.0009],[-105.2869,32.0008],[-105.509,32.0008],[-105.7312,32.0007],[-105.9534,32.0006],[-106.1755,32.0005],[-106.3976,32.0004],[-106.6198,32.0003],[-106.6456,32.0003],[-106.6622,32.0003],[-106.6614,31.9834],[-106.6404,31.9473],[-106.6351,31.9261],[-106.6324,31.9031],[-106.625,31.8856],[-106.6003,31.855],[-106.6078,31.8475],[-106.6007,31.8359],[-106.5915,31.8272],[-106.58,31.8216],[-106.5662,31.8196],[-106.5663,31.8196],[-106.5531,31.8122],[-106.5061,31.7703]]}},{"type":"Feature","properties":{},"geometry":{"type":"LineString","coordinates":[[-104.0476,48.9926],[-104.0462,48.8023],[-104.0463,48.6355],[-104.0463,48.4686],[-104.0463,48.3018],[-104.0463,48.1349],[-104.0463,47.968],[-104.0463,47.8012],[-104.0463,47.6343],[-104.0463,47.4675],[-104.0463,47.3006],[-104.0463,47.1338],[-104.0463,46.9669],[-104.0463,46.8001],[-104.0463,46.6333],[-104.0463,46.4664],[-104.0463,46.2996],[-104.0463,46.1327],[-104.0449,45.942]]}},{"type":"Feature","properties":{},"geometry":{"type":"MultiLineString","coordinates":[[[-104.0393,44.9999],[-104.0386,45.0125],[-104.0387,45.07],[-104.0398,45.1825],[-104.0405,45.291],[-104.0412,45.3995],[-104.042,45.508],[-104.0427,45.6165],[-104.0434,45.725],[-104.0442,45.8335],[-104.0449,45.942]],[[-104.0567,45.0001],[-104.0393,44.9999]]]}},{"type":"Feature","properties":{},"geometry":{"type":"LineString","coordinates":[[-104.0531,43.0004],[-104.0535,43.1254],[-104.0539,43.2504],[-104.0547,43.3753],[-104.0548,43.5003],[-104.055,43.6253],[-104.0551,43.7502],[-104.0554,43.8752],[-104.0547,44.0002],[-104.0546,44.1252],[-104.0554,44.2502],[-104.0556,44.3752],[-104.0559,44.5002],[-104.0557,44.6258],[-104.0558,44.749],[-104.0561,44.8751],[-104.0567,45.0001]]}},{"type":"Feature","properties":{},"geometry":{"type":"MultiLineString","coordinates":[[[-103.7781,45.942],[-104.0449,45.942]],[[-100.9826,45.9419],[-101.2155,45.9419],[-101.4485,45.942]],[[-101.4485,45.942],[-101.6815,45.942],[-101.9144,45.942],[-102.1474,45.942],[-102.3803,45.942],[-102.6133,45.942],[-102.8463,45.942],[-103.0792,45.942],[-103.3122,45.942],[-103.5451,45.942],[-103.7781,45.942]],[[-99.1189,45.9419],[-99.3518,45.9419],[-99.5848,45.9419]],[[-99.5848,45.9419],[-99.8178,45.9419],[-100.0507,45.9419],[-100.2837,45.9419],[-100.5166,45.9419],[-100.7496,45.9419],[-100.9826,45.9419]],[[-97.2552,45.9418],[-97.4882,45.9418],[-97.7211,45.9419]],[[-97.7211,45.9419],[-97.9541,45.9419],[-98.1871,45.9419],[-98.42,45.9419],[-98.6529,45.9419],[-98.8859,45.9419],[-99.1189,45.9419]],[[-96.5563,45.9418],[-96.7893,45.9418],[-97.0223,45.9418],[-97.2552,45.9418]]]}},{"type":"Feature","properties":{},"geometry":{"type":"LineString","coordinates":[[-104.0537,40.9998],[-104.0529,41.1249],[-104.0529,41.2499],[-104.0525,41.3749],[-104.0524,41.5],[-104.053,41.625],[-104.0529,41.75],[-104.053,41.8751],[-104.0527,42.0001],[-104.0526,42.1251],[-104.0528,42.2502],[-104.0528,42.3752],[-104.0531,42.5002],[-104.0526,42.6253],[-104.0528,42.7503],[-104.053,42.8754],[-104.0531,43.0004]]}},{"type":"Feature","properties":{},"geometry":{"type":"MultiLineString","coordinates":[[[-103.6645,40.9997],[-103.7835,40.9998],[-103.9025,40.9998]],[[-103.9025,40.9998],[-104.0537,40.9998]],[[-102.9503,40.9997],[-103.0693,40.9997],[-103.1883,40.9997]],[[-103.1883,40.9997],[-103.3073,40.9997],[-103.4264,40.9997],[-103.5454,40.9997],[-103.6645,40.9997]],[[-102.236,40.9996],[-102.355,40.9996],[-102.4741,40.9997]],[[-102.4741,40.9997],[-102.5931,40.9997],[-102.7122,40.9997],[-102.8312,40.9997],[-102.9503,40.9997]],[[-102.0513,40.0001],[-102.0513,40.0626],[-102.0513,40.1251],[-102.0514,40.1875],[-102.0514,40.25],[-102.0514,40.3124],[-102.0515,40.3749],[-102.0515,40.4374],[-102.0516,40.4999],[-102.0516,40.5623],[-102.0516,40.6248],[-102.0516,40.6872],[-102.0517,40.7497],[-102.0517,40.8122],[-102.0517,40.8747],[-102.0517,40.9371],[-102.0518,40.9996]],[[-102.0518,40.9996],[-102.117,40.9996],[-102.236,40.9996]]]}},{"type":"Feature","properties":{},"geometry":{"type":"MultiLineString","coordinates":[[[-102.4955,43.0003],[-102.6659,43.0003],[-102.8363,43.0004]],[[-102.8363,43.0004],[-103.0066,43.0004],[-103.1769,43.0004],[-103.3473,43.0004],[-103.5177,43.0004],[-103.6881,43.0004],[-103.8585,43.0004],[-104.0531,43.0004]],[[-100.4511,43.0002],[-100.6215,43.0003],[-100.7918,43.0003]],[[-100.7918,43.0003],[-100.9622,43.0003],[-101.1326,43.0003],[-101.3029,43.0003],[-101.4733,43.0003],[-101.6437,43.0003],[-101.8141,43.0003],[-101.9844,43.0003],[-102.1548,43.0003],[-102.3251,43.0003],[-102.4955,43.0003]],[[-98.577,43.0002],[-98.7474,43.0002]],[[-98.7474,43.0002],[-98.9178,43.0002],[-99.0882,43.0002],[-99.2586,43.0002],[-99.4289,43.0002],[-99.5993,43.0002],[-99.7696,43.0002],[-99.94,43.0002],[-100.1104,43.0002],[-100.2808,43.0002],[-100.4511,43.0002]],[[-97.9799,42.7823],[-98.0069,42.7841],[-98.0785,42.8025],[-98.0901,42.8083],[-98.0944,42.8201],[-98.1047,42.8283],[-98.2429,42.8724],[-98.284,42.8999],[-98.3258,42.921],[-98.3313,42.922],[-98.3432,42.9224],[-98.3492,42.9235],[-98.4542,42.9746],[-98.4618,42.9798],[-98.482,42.9981],[-98.4851,43.0002]],[[-98.4851,43.0002],[-98.491,43.0002],[-98.577,43.0002]],[[-96.7746,42.6796],[-96.7872,42.6817],[-96.7994,42.6868],[-96.8047,42.6922],[-96.808,42.6992],[-96.8145,42.709],[-96.8257,42.7212],[-96.8393,42.7322],[-96.857,42.7401],[-96.9471,42.7451],[-96.9654,42.75],[-96.9757,42.7568],[-96.9828,42.7637],[-96.9924,42.7689],[-97.0195,42.7731],[-97.0415,42.782],[-97.0513,42.7841],[-97.1036,42.7855],[-97.1273,42.7896],[-97.1503,42.7984],[-97.1716,42.8099],[-97.2082,42.8354],[-97.2382,42.8645],[-97.2553,42.8764],[-97.2758,42.8843],[-97.3012,42.8871]],[[-97.3012,42.8871],[-97.5004,42.8598]],[[-97.5004,42.8598],[-97.5275,42.8603],[-97.5997,42.8735]],[[-97.5997,42.8735],[-97.622,42.8696],[-97.6612,42.8541],[-97.6848,42.853]],[[-97.7704,42.8598],[-97.8388,42.8715]],[[-97.8388,42.8715],[-97.8635,42.8673],[-97.8753,42.8631],[-97.8866,42.8577],[-97.895,42.8492],[-97.8983,42.8359],[-97.911,42.8094],[-97.9147,42.8046],[-97.9212,42.8017],[-97.9419,42.7884],[-97.9529,42.7841],[-97.9799,42.7823]],[[-97.6848,42.853],[-97.6965,42.8563],[-97.7167,42.8653],[-97.7294,42.8673]],[[-97.7294,42.8673],[-97.7704,42.8598]],[[-96.4827,42.5183],[-96.6113,42.5343],[-96.6285,42.5426],[-96.6394,42.5562],[-96.6432,42.5755],[-96.6523,42.5916],[-96.6935,42.6152],[-96.7053,42.627],[-96.7058,42.64],[-96.7008,42.6483],[-96.6946,42.6554],[-96.6916,42.6646],[-96.6968,42.6722],[-96.7089,42.6775],[-96.7226,42.6806],[-96.7329,42.6817]],[[-96.7329,42.6817],[-96.7746,42.6796]]]}},{"type":"Feature","properties":{},"geometry":{"type":"LineString","coordinates":[[-102.0396,36.9998],[-102.0399,37.0936],[-102.0403,37.1873],[-102.0406,37.2811],[-102.041,37.3749],[-102.0414,37.4686],[-102.0417,37.5624],[-102.0421,37.6561],[-102.0425,37.7498],[-102.0429,37.8436],[-102.0432,37.9374],[-102.0436,38.0311],[-102.044,38.1249],[-102.0444,38.2187],[-102.0447,38.3124],[-102.045,38.4062],[-102.0454,38.4999],[-102.0458,38.5937],[-102.0462,38.6875],[-102.0465,38.7812],[-102.0469,38.875],[-102.0473,38.9687],[-102.0477,39.0625],[-102.048,39.1563],[-102.0484,39.25],[-102.0488,39.3438],[-102.0491,39.4376],[-102.0495,39.5313],[-102.0498,39.6251],[-102.0502,39.7189],[-102.0506,39.8126],[-102.0509,39.9063],[-102.0513,40.0001]]}},{"type":"Feature","properties":{},"geometry":{"type":"LineString","coordinates":[[-95.3173,40.0001],[-95.5268,40.0001],[-95.7364,40.0001],[-95.9461,40.0001],[-96.1557,40.0001],[-96.3653,40.0001],[-96.5748,40.0001],[-96.7844,40.0001],[-96.9941,40.0001],[-97.2037,40.0001],[-97.4133,40.0001],[-97.6228,40.0001],[-97.8324,40.0001],[-98.0421,40.0001],[-98.2517,40.0001],[-98.4612,40.0001],[-98.6708,40.0001],[-98.8804,40.0001],[-99.0901,40.0001],[-99.2996,40.0001],[-99.5092,40.0001],[-99.7188,40.0001],[-99.9284,40.0001],[-100.138,40.0001],[-100.3476,40.0001],[-100.5572,40.0001],[-100.7668,40.0001],[-100.9764,40.0001],[-101.186,40.0001],[-101.3956,40.0001],[-101.6052,40.0001],[-101.8148,40.0001],[-102.0513,40.0001]]}},{"type":"Feature","properties":{},"geometry":{"type":"LineString","coordinates":[[-103.0002,36.5002],[-103.0004,36.6251],[-103.0005,36.75],[-103.0007,36.8749],[-103.0008,36.9998]]}},{"type":"Feature","properties":{},"geometry":{"type":"LineString","coordinates":[[-102.0396,36.9998],[-102.1362,36.9998],[-102.2597,36.9998],[-102.3832,36.9998],[-102.5068,36.9998],[-102.6303,36.9998],[-102.7538,36.9998],[-102.8773,36.9998],[-103.0008,36.9998]]}},{"type":"Feature","properties":{},"geometry":{"type":"MultiLineString","coordinates":[[[-102.5421,36.5002],[-102.7297,36.5002]],[[-102.7297,36.5002],[-102.8743,36.5002],[-102.9674,36.5002],[-103.0002,36.5002]],[[-102.0725,36.5002],[-102.3202,36.5002]],[[-102.3202,36.5002],[-102.5421,36.5002]],[[-100.748,36.5001],[-100.9957,36.5002]],[[-100.9957,36.5002],[-101.2606,36.5002],[-101.5341,36.5002],[-101.8075,36.5002],[-102.0725,36.5002]],[[-100.3385,36.5001],[-100.526,36.5001]],[[-100.526,36.5001],[-100.748,36.5001]],[[-99.9993,34.5755],[-99.9993,34.5857],[-99.9994,34.632],[-99.9996,34.7457],[-99.9997,34.8593],[-99.9999,34.973],[-100.0001,35.0866],[-100.0003,35.2003],[-100.0005,35.3139],[-100.0007,35.4276],[-100.0009,35.5412],[-100.0011,35.6549],[-100.0013,35.7685],[-100.0014,35.8822],[-100.0016,35.9959],[-100.0018,36.1095],[-100.002,36.2232],[-100.0022,36.3368],[-100.0024,36.4504],[-100.0024,36.4999],[-100.0134,36.5001]],[[-100.0134,36.5001],[-100.0678,36.5001],[-100.1008,36.5001],[-100.1939,36.5001],[-100.3385,36.5001]],[[-99.6017,34.385],[-99.6623,34.3899],[-99.6808,34.3947],[-99.6936,34.4062],[-99.7132,34.4308],[-99.882,34.5649],[-99.8917,34.5704],[-99.9138,34.5738],[-99.923,34.5783],[-99.9384,34.582]],[[-99.9384,34.582],[-99.9833,34.5767],[-99.9993,34.5755]],[[-99.1535,34.2169],[-99.1759,34.2206],[-99.193,34.2322],[-99.1971,34.2483],[-99.1997,34.3024],[-99.1961,34.3141],[-99.1921,34.3222],[-99.2094,34.3398],[-99.2402,34.3626],[-99.2495,34.3783],[-99.2557,34.3966],[-99.2655,34.4116],[-99.2855,34.4178],[-99.3048,34.4189],[-99.3149,34.4208],[-99.3234,34.424],[-99.332,34.431],[-99.3362,34.4383],[-99.3391,34.4452],[-99.3439,34.4513],[-99.3624,34.4623],[-99.3774,34.4627]],[[-99.3774,34.4627],[-99.3874,34.4514],[-99.3934,34.4017],[-99.4014,34.3864],[-99.4165,34.3804]],[[-99.4165,34.3804],[-99.4401,34.3824],[-99.4608,34.3893],[-99.499,34.4068],[-99.5473,34.4125]],[[-99.5473,34.4125],[-99.5561,34.4104],[-99.565,34.4056],[-99.5765,34.3946],[-99.5835,34.3899],[-99.6017,34.385]],[[-99.0286,34.2043],[-99.0485,34.2065],[-99.0864,34.2163],[-99.1071,34.2186]],[[-99.1071,34.2186],[-99.1535,34.2169]],[[-98.7201,34.1366],[-98.7321,34.1421],[-98.8575,34.1648],[-98.8777,34.1708],[-98.9528,34.2117],[-98.9753,34.2159]],[[-98.9753,34.2159],[-98.9914,34.2127],[-99.0071,34.2072],[-99.0286,34.2043]],[[-98.4907,34.0752],[-98.5058,34.0826],[-98.5392,34.115],[-98.5519,34.1224],[-98.5587,34.1278],[-98.5747,34.1517],[-98.586,34.1571],[-98.6185,34.1629],[-98.6307,34.1633]],[[-98.6307,34.1633],[-98.6532,34.1597],[-98.7201,34.1366]],[[-97.9659,33.9933],[-98.0014,34.0036],[-98.0505,34.0119],[-98.0884,34.0278],[-98.0901,34.0609],[-98.0953,34.0821],[-98.0913,34.1118],[-98.0907,34.1383],[-98.1065,34.1497]],[[-98.1065,34.1497],[-98.1319,34.1465],[-98.1788,34.1324],[-98.2095,34.1292]],[[-98.2095,34.1292],[-98.3433,34.1435]],[[-98.3433,34.1435],[-98.3686,34.1375],[-98.3843,34.1229],[-98.3964,34.1047],[-98.411,34.0882],[-98.4165,34.079],[-98.4407,34.0753],[-98.4907,34.0752]],[[-97.884,33.8616],[-97.9267,33.8731],[-97.9493,33.8832],[-97.9591,33.893],[-97.9567,33.9079],[-97.9549,33.9141],[-97.9529,33.9244],[-97.9461,33.945],[-97.9462,33.9547],[-97.9529,33.9653],[-97.9466,33.9771],[-97.9486,33.9874],[-97.956,33.9953]],[[-97.956,33.9953],[-97.9659,33.9933]],[[-97.5709,33.899],[-97.5857,33.9064],[-97.5947,33.925],[-97.5939,33.9621],[-97.6028,33.979],[-97.6406,33.9945]],[[-97.6406,33.9945],[-97.68,33.9835],[-97.715,33.96],[-97.8008,33.8878],[-97.8402,33.868],[-97.884,33.8616]],[[-94.7079,33.6916],[-94.7137,33.6936],[-94.7222,33.7026],[-94.7396,33.71],[-94.7555,33.7334],[-94.7697,33.7388],[-94.7819,33.7397],[-94.8072,33.7462],[-94.8727,33.7559],[-94.9103,33.7866],[-94.9249,33.8084],[-94.9301,33.8145],[-94.9399,33.8204],[-94.9487,33.8236],[-94.955,33.8298],[-94.9574,33.8449],[-94.9601,33.8497],[-94.9665,33.8553],[-94.9745,33.8598],[-94.9817,33.8616],[-95.0164,33.8626],[-95.0318,33.8667],[-95.0475,33.8759],[-95.0794,33.9031],[-95.097,33.913],[-95.1283,33.9193],[-95.1337,33.9252],[-95.1377,33.9321],[-95.143,33.938],[-95.1543,33.9442],[-95.2203,33.9629]],[[-95.2203,33.9629],[-95.2367,33.9607],[-95.2557,33.948],[-95.2618,33.9331],[-95.2633,33.9155],[-95.2686,33.9046]],[[-96.834,33.8693],[-96.8435,33.8699],[-96.8508,33.8719],[-96.8556,33.8748],[-96.8676,33.8853],[-96.8739,33.8937],[-96.8786,33.9034],[-96.8848,33.9316],[-96.8892,33.9415],[-96.8941,33.9463],[-96.9009,33.9508],[-96.9145,33.9559],[-96.9241,33.9573]],[[-96.9241,33.9573],[-96.9327,33.9573],[-96.9669,33.9521],[-96.9726,33.95],[-96.9779,33.9475],[-96.9851,33.9399],[-96.9842,33.9268],[-96.9865,33.9026],[-97.0022,33.8753],[-97.0177,33.8585],[-97.0398,33.8536]],[[-95.4971,33.8753],[-95.4993,33.8797],[-95.5034,33.8845],[-95.5057,33.888],[-95.5055,33.8896],[-95.5371,33.8899],[-95.5498,33.8957],[-95.5403,33.9101],[-95.5481,33.9255],[-95.5591,33.9332],[-95.5719,33.9389],[-95.585,33.948],[-95.5981,33.9521]],[[-95.5981,33.9521],[-95.6095,33.9435],[-95.6228,33.9244]],[[-95.6228,33.9244],[-95.6304,33.9247],[-95.647,33.9298]],[[-95.647,33.9298],[-95.6501,33.9275],[-95.6737,33.9169],[-95.684,33.9148],[-95.6952,33.9096],[-95.7051,33.9029],[-95.7116,33.8964]],[[-96.5409,33.8282],[-96.582,33.8387],[-96.5942,33.8498],[-96.5981,33.8534],[-96.6011,33.8578],[-96.6025,33.8628],[-96.6026,33.8683],[-96.6007,33.8732],[-96.5899,33.8919],[-96.5925,33.8978],[-96.6008,33.9049],[-96.6256,33.9134],[-96.6393,33.9162]],[[-96.6393,33.9162],[-96.6494,33.916],[-96.6545,33.9135],[-96.6588,33.9102],[-96.6652,33.9017],[-96.6781,33.8707],[-96.6808,33.8659],[-96.684,33.8617],[-96.6876,33.8579],[-96.692,33.8546],[-96.6995,33.8517],[-96.7097,33.8492],[-96.7289,33.8472]],[[-95.2686,33.9046],[-95.2802,33.9101]],[[-95.2802,33.9101],[-95.2862,33.9021],[-95.2937,33.8981],[-95.3029,33.895],[-95.3137,33.8896]],[[-97.1441,33.7251],[-97.1675,33.7376],[-97.1872,33.7601],[-97.2006,33.7866],[-97.2056,33.8108],[-97.2013,33.8277],[-97.1824,33.8529],[-97.1777,33.8691],[-97.1803,33.8816],[-97.1881,33.8929],[-97.1992,33.9025],[-97.2118,33.9101]],[[-97.2118,33.9101],[-97.218,33.907],[-97.2306,33.9027],[-97.236,33.8995],[-97.2404,33.8948],[-97.2436,33.8874],[-97.2614,33.8618],[-97.267,33.8554]],[[-97.4364,33.827],[-97.4525,33.8354],[-97.4588,33.8585],[-97.4612,33.8793],[-97.4693,33.8921],[-97.484,33.8993],[-97.5066,33.9026]],[[-97.5066,33.9026],[-97.5709,33.899]],[[-95.7116,33.8964],[-95.722,33.8973]],[[-95.722,33.8973],[-95.737,33.8957]],[[-95.737,33.8957],[-95.7696,33.8964]],[[-95.7696,33.8964],[-95.7766,33.89],[-95.7723,33.8619],[-95.7833,33.8554]],[[-95.8489,33.8515],[-95.8604,33.854],[-95.917,33.8841],[-95.9276,33.893],[-95.9379,33.8956]],[[-95.9379,33.8956],[-95.9505,33.8895],[-95.961,33.88],[-95.9654,33.8725]],[[-95.3137,33.8896],[-95.3248,33.8953],[-95.3318,33.8955]],[[-95.3318,33.8955],[-95.3348,33.8865],[-95.3355,33.8786],[-95.3377,33.8744],[-95.3419,33.8718],[-95.3485,33.8691],[-95.3571,33.8682]],[[-95.4515,33.8691],[-95.4578,33.8762],[-95.4644,33.8805],[-95.472,33.8828],[-95.4816,33.8834]],[[-95.4816,33.8834],[-95.4861,33.8812],[-95.492,33.8772],[-95.4971,33.8753]],[[-97.267,33.8554],[-97.2937,33.8754],[-97.3058,33.878]],[[-97.3058,33.878],[-97.3216,33.8691],[-97.3238,33.8661],[-97.3295,33.8559],[-97.3325,33.8517],[-97.3378,33.8473],[-97.3482,33.8419],[-97.3527,33.8384],[-97.3604,33.8336],[-97.3717,33.8305],[-97.4364,33.827]],[[-96.7289,33.8472],[-96.7398,33.8476],[-96.7484,33.8489],[-96.7537,33.8514],[-96.7798,33.8679],[-96.7901,33.8722],[-96.7983,33.8733]],[[-96.7983,33.8733],[-96.834,33.8693]],[[-95.9654,33.8725],[-95.9725,33.873]],[[-95.9725,33.873],[-95.9878,33.8663],[-96.0064,33.8554],[-96.0402,33.8433],[-96.0542,33.8418],[-96.1054,33.8418],[-96.1153,33.8397],[-96.1359,33.8303],[-96.1467,33.8282],[-96.1564,33.8212],[-96.1741,33.7867],[-96.1839,33.7735],[-96.2027,33.7637],[-96.2208,33.762]],[[-95.3571,33.8682],[-95.4406,33.8705]],[[-95.4406,33.8705],[-95.4515,33.8691]],[[-95.7833,33.8554],[-95.7902,33.8576],[-95.7956,33.8623],[-95.8009,33.8691]],[[-95.8009,33.8691],[-95.8089,33.8669],[-95.8147,33.8623],[-95.8208,33.8554],[-95.8489,33.8515]],[[-97.0398,33.8536],[-97.0752,33.8616]],[[-97.0752,33.8616],[-97.0738,33.8462],[-97.0666,33.8394],[-97.0585,33.8344],[-97.0548,33.8244],[-97.0591,33.8173],[-97.0783,33.8079],[-97.0827,33.7971],[-97.085,33.7679],[-97.0938,33.7423],[-97.1125,33.7261],[-97.1441,33.7251]],[[-96.4965,33.7866],[-96.504,33.7899],[-96.5078,33.7979],[-96.5102,33.8071],[-96.5135,33.8145],[-96.5189,33.8188],[-96.5408,33.8282]],[[-96.5408,33.8282],[-96.5409,33.8282]],[[-96.3288,33.7019],[-96.3586,33.7256],[-96.3871,33.7628],[-96.4105,33.7866],[-96.4287,33.7897]],[[-96.4287,33.7897],[-96.4965,33.7866]],[[-96.2208,33.762],[-96.2634,33.766]],[[-96.2634,33.766],[-96.2895,33.763],[-96.2959,33.7541],[-96.2955,33.7391],[-96.3012,33.7183],[-96.3288,33.7019]],[[-94.636,33.6773],[-94.6436,33.6858],[-94.655,33.6916],[-94.6687,33.6954],[-94.6831,33.6978]],[[-94.6831,33.6978],[-94.6895,33.6973],[-94.7011,33.6928],[-94.7079,33.6916]],[[-94.5329,33.65],[-94.5803,33.6635],[-94.595,33.6699],[-94.5917,33.6755],[-94.5884,33.6793],[-94.6099,33.6811]],[[-94.6099,33.6811],[-94.636,33.6773]],[[-94.4841,33.6474],[-94.4894,33.6485],[-94.5147,33.6493],[-94.5329,33.6569]],[[-94.5329,33.6569],[-94.5329,33.65]]]}},{"type":"Feature","properties":{},"geometry":{"type":"LineString","coordinates":[[-94.618,36.9998],[-94.8491,36.9998],[-95.0801,36.9998],[-95.3112,36.9998],[-95.5423,36.9998],[-95.7734,36.9998],[-96.0045,36.9998],[-96.2356,36.9998],[-96.4667,36.9998],[-96.6978,36.9998],[-96.9289,36.9998],[-97.16,36.9998],[-97.3911,36.9998],[-97.6221,36.9998],[-97.8532,36.9998],[-98.0843,36.9998],[-98.3153,36.9998],[-98.5465,36.9998],[-98.7775,36.9998],[-99.0086,36.9998],[-99.2397,36.9998],[-99.4708,36.9998],[-99.7019,36.9998],[-99.933,36.9998],[-100.1641,36.9998],[-100.3951,36.9998],[-100.6262,36.9998],[-100.8573,36.9998],[-101.0884,36.9998],[-101.3195,36.9998],[-101.5506,36.9998],[-101.7817,36.9998],[-102.0396,36.9998]]}},{"type":"Feature","properties":{},"geometry":{"type":"MultiLineString","coordinates":[[[-96.4536,43.5001],[-96.5953,43.4989],[-96.5986,43.4965],[-96.5964,43.4898],[-96.593,43.4844],[-96.5906,43.478],[-96.5901,43.4708],[-96.5924,43.4599],[-96.5932,43.4508],[-96.5925,43.4425],[-96.5876,43.4331],[-96.5829,43.4275],[-96.5644,43.4123],[-96.5565,43.4042],[-96.5393,43.3897],[-96.5356,43.3857],[-96.5331,43.3751],[-96.5335,43.3235],[-96.5367,43.299],[-96.5393,43.2955],[-96.5432,43.2921],[-96.5486,43.2896],[-96.5555,43.2886]],[[-96.5555,43.2886],[-96.5701,43.29]],[[-96.5701,43.29],[-96.5767,43.2891],[-96.5796,43.2846],[-96.5786,43.2777],[-96.5703,43.2669],[-96.563,43.2625],[-96.5574,43.2584],[-96.5562,43.2547],[-96.5591,43.2512],[-96.5679,43.2438],[-96.5711,43.2394],[-96.5723,43.2341],[-96.5706,43.2286],[-96.5645,43.2235],[-96.5569,43.2213],[-96.5486,43.2208]],[[-96.533,43.2214],[-96.5102,43.2184]],[[-96.5486,43.2208],[-96.533,43.2214]],[[-96.4931,43.2193],[-96.4866,43.2188],[-96.4808,43.2166],[-96.4768,43.2129],[-96.4742,43.2081],[-96.4709,43.1973],[-96.4624,43.1537],[-96.4594,43.1437],[-96.4565,43.1362],[-96.4552,43.1297],[-96.4554,43.1217],[-96.466,43.0815],[-96.4699,43.0746],[-96.4741,43.0691],[-96.5074,43.0453],[-96.5094,43.0406],[-96.5093,43.035],[-96.5051,43.0293],[-96.5015,43.0257],[-96.4997,43.0226],[-96.4988,43.018],[-96.5013,43.0111],[-96.5079,42.9974],[-96.5122,42.9924],[-96.5126,42.9912],[-96.513,42.9886],[-96.5124,42.9851],[-96.511,42.9655],[-96.515,42.9539],[-96.5188,42.9475],[-96.5373,42.9322],[-96.5386,42.9298],[-96.54,42.9231],[-96.542,42.8958],[-96.5444,42.888],[-96.5464,42.8835],[-96.5501,42.8812],[-96.5549,42.8774],[-96.5568,42.8731],[-96.5585,42.867],[-96.5595,42.8538],[-96.5609,42.8483],[-96.5634,42.8445],[-96.5672,42.8429],[-96.5829,42.8378],[-96.5862,42.8362],[-96.5902,42.8334],[-96.5941,42.8297],[-96.5972,42.8253],[-96.5997,42.8202],[-96.6017,42.8146],[-96.6042,42.8094],[-96.6073,42.8051],[-96.6227,42.7883],[-96.6311,42.7742],[-96.6352,42.7648],[-96.638,42.7511],[-96.6355,42.7429],[-96.6305,42.7325],[-96.6147,42.7142],[-96.6055,42.7059],[-96.5976,42.7003],[-96.5442,42.6705],[-96.5352,42.664],[-96.5273,42.6571],[-96.5242,42.6532],[-96.523,42.6491],[-96.5265,42.6447],[-96.5372,42.6379],[-96.5384,42.6367],[-96.5413,42.6327],[-96.5417,42.6302],[-96.5402,42.6273],[-96.5229,42.6196],[-96.5181,42.6169],[-96.514,42.6135],[-96.5104,42.6094],[-96.5038,42.6001],[-96.501,42.5943],[-96.4996,42.5883],[-96.5003,42.5802],[-96.4995,42.574],[-96.4948,42.5685],[-96.4893,42.5658],[-96.4822,42.5537],[-96.4827,42.5183]],[[-96.5102,43.2184],[-96.5033,43.2184],[-96.4931,43.2193]]]}},{"type":"Feature","properties":{},"geometry":{"type":"MultiLineString","coordinates":[[[-96.061,41.5377],[-96.0821,41.5498],[-96.0834,41.5707],[-96.0777,41.5904],[-96.0778,41.5992],[-96.0916,41.6066],[-96.099,41.6247],[-96.1019,41.6471],[-96.1012,41.6897],[-96.0986,41.6972],[-96.0921,41.7053],[-96.0816,41.7157],[-96.079,41.7203],[-96.0802,41.7259],[-96.0815,41.7395],[-96.0767,41.7585],[-96.068,41.7765],[-96.0642,41.796],[-96.074,41.8189],[-96.133,41.8661],[-96.1377,41.8716],[-96.1534,41.8981],[-96.1572,41.9071],[-96.1563,41.9188],[-96.1464,41.9384],[-96.143,41.948],[-96.1543,41.9878],[-96.1906,42.0102],[-96.2324,42.0289],[-96.2603,42.0579],[-96.2643,42.0801],[-96.2638,42.1007],[-96.2657,42.1195],[-96.2767,42.1367],[-96.2944,42.1488],[-96.3279,42.1658],[-96.3422,42.1814],[-96.3513,42.2057],[-96.3477,42.2242],[-96.3394,42.2409],[-96.3348,42.2602],[-96.3365,42.2833],[-96.3424,42.3002],[-96.3531,42.3134],[-96.3672,42.3223],[-96.3685,42.3384],[-96.4022,42.369],[-96.3972,42.4113],[-96.3835,42.4554],[-96.3974,42.4967],[-96.4145,42.5066],[-96.4384,42.5128],[-96.4827,42.5183]],[[-95.9457,41.4671],[-95.9866,41.474],[-96.0005,41.4804],[-96.0064,41.4924],[-96.0045,41.5019],[-95.9998,41.5147],[-95.9942,41.526],[-95.989,41.5309],[-95.9877,41.534],[-95.9957,41.5408],[-96.0081,41.5476],[-96.02,41.5508]],[[-96.02,41.5508],[-96.0285,41.5484],[-96.0485,41.5388],[-96.061,41.5377]],[[-95.7676,40.6005],[-95.7642,40.617],[-95.7631,40.639],[-95.773,40.6607],[-95.7921,40.671],[-95.8447,40.6882],[-95.8556,40.7047],[-95.8584,40.7143],[-95.8642,40.7209],[-95.8693,40.7289],[-95.8698,40.7426],[-95.8669,40.7531],[-95.8624,40.7587],[-95.8481,40.77],[-95.8277,40.7941],[-95.8299,40.8026],[-95.8397,40.8161],[-95.8419,40.828],[-95.838,40.8515],[-95.8302,40.87],[-95.8248,40.889],[-95.8277,40.9139],[-95.8401,40.9385],[-95.8419,40.9518],[-95.8378,40.9728],[-95.8383,40.9824],[-95.845,40.9928],[-95.8626,41.0045],[-95.871,41.0121],[-95.876,41.0238],[-95.874,41.0321],[-95.868,41.0376],[-95.8644,41.0429],[-95.8698,41.0505],[-95.8739,41.0556],[-95.8757,41.0595],[-95.8777,41.0625],[-95.8823,41.0648],[-95.8823,41.071],[-95.8762,41.0775],[-95.8624,41.1057],[-95.8687,41.1201],[-95.8709,41.152],[-95.876,41.1672],[-95.8528,41.1759],[-95.8654,41.1839],[-95.9102,41.1951],[-95.9238,41.2076],[-95.9248,41.2241],[-95.917,41.2665],[-95.906,41.2713],[-95.8845,41.2893],[-95.8698,41.3088],[-95.8792,41.318],[-95.8966,41.32],[-95.9417,41.3316],[-95.958,41.3385],[-95.9345,41.4023],[-95.9341,41.4136],[-95.9245,41.4546],[-95.9309,41.4649],[-95.9373,41.4674]],[[-95.9373,41.4674],[-95.9457,41.4671]]]}},{"type":"Feature","properties":{},"geometry":{"type":"MultiLineString","coordinates":[[[-95.6336,40.3092],[-95.6499,40.311],[-95.6564,40.3243],[-95.6435,40.3315],[-95.6342,40.3383],[-95.629,40.3454],[-95.6315,40.3493],[-95.6433,40.3795],[-95.6595,40.3983],[-95.6638,40.4062],[-95.6649,40.4134],[-95.6633,40.428],[-95.6638,40.4341],[-95.6712,40.4503],[-95.689,40.4671],[-95.6979,40.4819],[-95.6989,40.4957],[-95.6951,40.5074],[-95.6961,40.5183],[-95.7116,40.5297],[-95.7355,40.5365],[-95.7551,40.5395],[-95.7682,40.5487],[-95.773,40.5744],[-95.7676,40.6005]],[[-95.3173,40.0001],[-95.3442,40.0193],[-95.3616,40.0267],[-95.4082,40.0336],[-95.4196,40.045],[-95.422,40.0625],[-95.4174,40.0847],[-95.4076,40.1036],[-95.4038,40.1142],[-95.4068,40.1189],[-95.4373,40.1427],[-95.4432,40.1574],[-95.4572,40.1744],[-95.485,40.2008],[-95.4686,40.2257],[-95.4674,40.2381],[-95.4782,40.2492],[-95.4953,40.2542],[-95.5317,40.2563],[-95.5465,40.2622],[-95.5587,40.2753],[-95.567,40.2889],[-95.5772,40.3012],[-95.5949,40.3106],[-95.6133,40.3115]],[[-95.6133,40.3115],[-95.6336,40.3092]]]}},{"type":"Feature","properties":{},"geometry":{"type":"LineString","coordinates":[[-61.4957,10.6356],[-61.4957,10.6357],[-61.4916,10.6566],[-61.4932,10.661],[-61.4972,10.6684],[-61.5114,10.6758]]}},{"type":"Feature","properties":{},"geometry":{"type":"LineString","coordinates":[[-61.4622,10.5381],[-61.4622,10.5381],[-61.4606,10.5381],[-61.441,10.565],[-61.4098,10.5663]]}},{"type":"Feature","properties":{},"geometry":{"type":"LineString","coordinates":[[-61.5114,10.6758],[-61.4937,10.7065],[-61.488,10.7296],[-61.4897,10.7505],[-61.4901,10.7546]]}},{"type":"Feature","properties":{},"geometry":{"type":"MultiLineString","coordinates":[[[-61.5261,10.678],[-61.5114,10.6758]],[[-61.5491,10.6671],[-61.545,10.6689],[-61.5344,10.6774],[-61.5261,10.678]]]}},{"type":"Feature","properties":{},"geometry":{"type":"MultiLineString","coordinates":[[[-61.3472,10.7357],[-61.3412,10.7375],[-61.3349,10.745],[-61.3337,10.7562],[-61.3419,10.7727],[-61.3494,10.7977],[-61.3526,10.8041]],[[-61.4123,10.7413],[-61.3856,10.7375]],[[-61.4098,10.5663],[-61.4217,10.6426],[-61.4214,10.6675],[-61.4285,10.7114],[-61.4265,10.7288],[-61.4209,10.7388],[-61.4123,10.7413]],[[-61.3719,10.7402],[-61.3646,10.7398],[-61.3472,10.7357]],[[-61.3856,10.7375],[-61.3792,10.7382],[-61.3719,10.7402]]]}},{"type":"Feature","properties":{},"geometry":{"type":"LineString","coordinates":[[-61.4098,10.5663],[-61.369,10.5655]]}},{"type":"Feature","properties":{},"geometry":{"type":"MultiLineString","coordinates":[[[-61.4051,10.5031],[-61.3795,10.5049],[-61.3725,10.5112],[-61.3713,10.5212],[-61.3645,10.5443],[-61.369,10.5655]],[[-61.4622,10.5226],[-61.4483,10.5212],[-61.4417,10.5195],[-61.4343,10.5149],[-61.4248,10.5131],[-61.4172,10.5069],[-61.4051,10.5031]],[[-61.4623,10.5226],[-61.4623,10.5226],[-61.4622,10.5226]]]}},{"type":"Feature","properties":{},"geometry":{"type":"MultiLineString","coordinates":[[[-61.35,10.5713],[-61.3374,10.572],[-61.325,10.5775],[-61.311,10.5807],[-61.2678,10.5825],[-61.2392,10.5914]],[[-61.3597,10.5734],[-61.35,10.5713]],[[-61.369,10.5655],[-61.3646,10.5734],[-61.3597,10.5734]]]}},{"type":"Feature","properties":{},"geometry":{"type":"MultiLineString","coordinates":[[[-61.2745,10.6074],[-61.2698,10.6085],[-61.2668,10.6097],[-61.2652,10.6136],[-61.2655,10.6197],[-61.2698,10.6337],[-61.2713,10.6406],[-61.2854,10.654]],[[-61.2854,10.654],[-61.2866,10.645],[-61.2864,10.6426],[-61.2856,10.641],[-61.2852,10.6398],[-61.2858,10.6386],[-61.2867,10.6375],[-61.2875,10.636],[-61.2879,10.6344],[-61.288,10.6326],[-61.2877,10.6307],[-61.2876,10.6289],[-61.2887,10.6233],[-61.2903,10.6211],[-61.2941,10.6176],[-61.2952,10.6158],[-61.2956,10.6139],[-61.295,10.6121],[-61.2925,10.6105],[-61.2833,10.6076],[-61.2745,10.6074]]]}},{"type":"Feature","properties":{},"geometry":{"type":"LineString","coordinates":[[-61.2436,10.3071],[-61.2292,10.3277],[-61.2211,10.355],[-61.2151,10.4122],[-61.2105,10.4321],[-61.1971,10.4564]]}},{"type":"Feature","properties":{},"geometry":{"type":"MultiLineString","coordinates":[[[-61.4544,10.3083],[-61.4278,10.31]],[[-61.4596,10.3097],[-61.4544,10.3083]]]}},{"type":"Feature","properties":{},"geometry":{"type":"MultiLineString","coordinates":[[[-61.3115,10.3331],[-61.2941,10.3302],[-61.2813,10.3269],[-61.2727,10.3229],[-61.2647,10.3205],[-61.2525,10.3154],[-61.2436,10.3071]],[[-61.4278,10.31],[-61.4078,10.3121],[-61.3736,10.3262],[-61.3401,10.3325],[-61.3115,10.3331]]]}},{"type":"Feature","properties":{},"geometry":{"type":"LineString","coordinates":[[-61.2436,10.3071],[-61.2364,10.2847],[-61.2299,10.2803],[-61.2262,10.2718],[-61.2178,10.27],[-61.2085,10.2587],[-61.192,10.2301],[-61.1777,10.0752]]}},{"type":"Feature","properties":{},"geometry":{"type":"LineString","coordinates":[[-61.4415,10.2591],[-61.4278,10.31]]}},{"type":"Feature","properties":{},"geometry":{"type":"LineString","coordinates":[[-61.2392,10.5914],[-61.2134,10.6035],[-61.2092,10.6098],[-61.2029,10.6176],[-61.2013,10.6249],[-61.2013,10.6321],[-61.2034,10.6382],[-61.2109,10.6479],[-61.2147,10.655],[-61.218,10.6715],[-61.2137,10.6866],[-61.2133,10.7043],[-61.2143,10.7127],[-61.2196,10.7172],[-61.2239,10.7193],[-61.2302,10.7197],[-61.2353,10.7214],[-61.2395,10.7232],[-61.2376,10.7271],[-61.2093,10.7299],[-61.2002,10.7327],[-61.1945,10.7369],[-61.1782,10.7551],[-61.1717,10.7596],[-61.1631,10.7637],[-61.1572,10.7692],[-61.157,10.7781],[-61.158,10.787],[-61.1676,10.8008],[-61.1716,10.8039]]}},{"type":"Feature","properties":{},"geometry":{"type":"LineString","coordinates":[[-61.2392,10.5914],[-61.2281,10.5822],[-61.224,10.5715],[-61.2211,10.5293],[-61.2179,10.5212],[-61.2102,10.5132],[-61.2104,10.4973],[-61.2186,10.4748],[-61.218,10.4662],[-61.2166,10.4618],[-61.1971,10.4564]]}},{"type":"Feature","properties":{},"geometry":{"type":"MultiLineString","coordinates":[[[-61.0384,10.4636],[-61.0953,10.4695]],[[-61.0953,10.4695],[-61.1971,10.4564]]]}},{"type":"Feature","properties":{},"geometry":{"type":"MultiLineString","coordinates":[[[-61.692,10.1424],[-61.6825,10.1432],[-61.6711,10.147],[-61.6498,10.1647],[-61.6438,10.1731],[-61.6397,10.1798],[-61.6307,10.1922],[-61.6296,10.1976],[-61.6323,10.2024],[-61.6375,10.2078],[-61.6393,10.2101]],[[-61.7074,10.1659],[-61.7041,10.1615],[-61.692,10.1424]]]}},{"type":"Feature","properties":{},"geometry":{"type":"MultiLineString","coordinates":[[[-61.4415,10.2591],[-61.4889,10.248]],[[-61.4889,10.248],[-61.4899,10.2493]]]}},{"type":"Feature","properties":{},"geometry":{"type":"LineString","coordinates":[[-61.4415,10.2591],[-61.3916,10.2377],[-61.3807,10.2277],[-61.3728,10.2174],[-61.3791,10.0729],[-61.3791,10.0728]]}},{"type":"Feature","properties":{},"geometry":{"type":"LineString","coordinates":[[-61.5208,10.2401],[-61.5164,10.2335],[-61.4892,10.2099],[-61.4767,10.2021],[-61.4716,10.1929],[-61.4688,10.1857],[-61.4692,10.1685],[-61.4733,10.1502],[-61.478,10.1406],[-61.4905,10.126],[-61.4956,10.1176],[-61.4992,10.1067],[-61.5041,10.0695]]}},{"type":"Feature","properties":{},"geometry":{"type":"LineString","coordinates":[[-75.3779,38.0152],[-75.3774,38.0152]]}},{"type":"Feature","properties":{},"geometry":{"type":"LineString","coordinates":[[-75.263,38.0226],[-75.2433,38.0247]]}},{"type":"Feature","properties":{},"geometry":{"type":"LineString","coordinates":[[-54.628,5.5593],[-54.6528,5.5954],[-54.6734,5.6369],[-54.7044,5.6826],[-54.7122,5.6995],[-54.7207,5.7294],[-54.7286,5.7452],[-54.7369,5.7668],[-54.7384,5.7744],[-54.7414,5.8002],[-54.7402,5.8126],[-54.7362,5.8238],[-54.7166,5.8471],[-54.7098,5.8613],[-54.717,5.9411],[-54.7099,5.9626],[-54.7049,5.9748]]}},{"type":"Feature","properties":{},"geometry":{"type":"LineString","coordinates":[[-55.1438,5.7662],[-55.1502,5.7799],[-55.1571,5.8015],[-55.1448,5.8072],[-55.1286,5.8214]]}},{"type":"Feature","properties":{},"geometry":{"type":"MultiLineString","coordinates":[[[-55.0392,5.6668],[-55.0751,5.6495],[-55.0867,5.6278],[-55.0888,5.6257],[-55.0893,5.616],[-55.0889,5.6151]],[[-55.0607,5.6226],[-55.0546,5.6222],[-55.0534,5.6191],[-55.0547,5.6145],[-55.0551,5.6105],[-55.0512,5.6086],[-55.048,5.6043],[-55.0473,5.5941],[-55.0492,5.5381],[-55.0305,5.5321],[-55.0104,5.5314]],[[-55.0751,5.6154],[-55.0723,5.6167],[-55.067,5.6199],[-55.0607,5.6226]],[[-55.0851,5.6169],[-55.0751,5.6154]],[[-55.0889,5.6151],[-55.0851,5.6169]],[[-55.0104,5.5314],[-54.628,5.5593]]]}},{"type":"Feature","properties":{},"geometry":{"type":"LineString","coordinates":[[-54.628,5.5593],[-54.6131,5.5236],[-54.6078,5.4892],[-54.6082,5.468],[-54.6099,5.4544],[-54.6125,5.4422],[-54.6167,5.4316],[-54.622,5.421],[-54.6549,5.3746]]}},{"type":"Feature","properties":{},"geometry":{"type":"MultiLineString","coordinates":[[[-54.8659,4.9751],[-54.8726,4.9801],[-54.8754,4.9876],[-54.8746,4.9953],[-54.8713,5.0111],[-54.8715,5.0511],[-54.873,5.0613],[-54.8762,5.071],[-54.8841,5.0799],[-54.8917,5.087],[-54.897,5.0961],[-54.8972,5.1054],[-54.8925,5.1263],[-54.8936,5.1368],[-54.8971,5.1474],[-54.9028,5.1576],[-54.9106,5.1676],[-54.9201,5.1764],[-54.9729,5.2125],[-54.982,5.2209],[-54.9882,5.2311],[-54.9909,5.2419],[-54.9941,5.3024],[-54.9986,5.3119],[-55.0055,5.3194],[-55.0258,5.3226]],[[-55.0258,5.3226],[-55.3243,5.32],[-55.3503,5.3148],[-55.3603,5.3006],[-55.3624,5.2907],[-55.3578,5.2819],[-55.3527,5.2757],[-55.3485,5.2697],[-55.3471,5.2634],[-55.3478,5.2568],[-55.3513,5.2477],[-55.3869,5.1892],[-55.4201,5.1555],[-55.4686,5.1197],[-55.503,5.0805]],[[-54.8513,4.9809],[-54.8595,4.9753],[-54.8659,4.9751]]]}},{"type":"Feature","properties":{},"geometry":{"type":"LineString","coordinates":[[-55.0392,5.6668],[-55.0338,5.6695],[-55.0274,5.6769],[-55.036,5.6904],[-55.0557,5.699],[-55.0956,5.7116],[-55.1138,5.7249],[-55.1287,5.7412],[-55.1408,5.7598],[-55.1438,5.7662]]}},{"type":"Feature","properties":{},"geometry":{"type":"LineString","coordinates":[[-55.1438,5.7662],[-55.1866,5.7801],[-55.2039,5.7912],[-55.2111,5.7991],[-55.217,5.8087],[-55.2214,5.819],[-55.2288,5.8468],[-55.2313,5.8834],[-55.2305,5.8982],[-55.2298,5.9024]]}},{"type":"Feature","properties":{},"geometry":{"type":"MultiLineString","coordinates":[[[-55.0392,5.6668],[-55.0894,5.6818],[-55.1148,5.6831]],[[-55.1148,5.6831],[-55.2217,5.6624],[-55.2553,5.6615]],[[-55.2553,5.6615],[-55.3522,5.6727]]]}},{"type":"Feature","properties":{},"geometry":{"type":"LineString","coordinates":[[-54.3207,5.2125],[-54.3211,5.2129],[-54.3446,5.237],[-54.3537,5.2424],[-54.3678,5.249],[-54.4036,5.2613],[-54.4593,5.2993],[-54.473,5.3065],[-54.6549,5.3746]]}},{"type":"Feature","properties":{},"geometry":{"type":"MultiLineString","coordinates":[[[-55.2701,4.0118],[-55.2806,4.0142],[-55.2902,4.0188],[-55.2987,4.0268],[-55.3039,4.0366],[-55.311,4.0699],[-55.331,4.4221],[-55.3342,4.4361],[-55.3403,4.4519],[-55.3533,4.4747],[-55.3651,4.4892],[-55.366,4.4896],[-55.3666,4.4904],[-55.3672,4.4972],[-55.3598,4.6898],[-55.3765,4.8537],[-55.3884,4.8912],[-55.4016,4.9216],[-55.503,5.0805]],[[-54.8513,4.9809],[-54.784,4.9549],[-54.757,4.9305],[-54.7452,4.9093],[-54.7421,4.9013],[-54.7401,4.8903],[-54.7411,4.8802],[-54.7451,4.8697],[-54.7582,4.8489],[-54.7633,4.8383],[-54.7657,4.8269],[-54.7671,4.8021],[-54.7698,4.7901],[-54.7744,4.7784],[-54.786,4.7565],[-54.7904,4.7457],[-54.7926,4.735],[-54.7955,4.7122],[-54.7988,4.7013],[-54.8143,4.6708],[-54.8176,4.6602],[-54.8185,4.6491],[-54.8167,4.5609],[-54.8207,4.5378],[-54.8252,4.5266],[-54.8319,4.5157],[-54.8507,4.4942],[-54.8843,4.4637],[-54.8923,4.4528],[-54.8975,4.4404],[-54.899,4.4291],[-54.8989,4.4167],[-54.8976,4.405],[-54.8929,4.3829],[-54.8752,4.33],[-54.8736,4.3197],[-54.8733,4.298],[-54.875,4.2893],[-54.8973,4.2294],[-54.9236,4.1851],[-54.9287,4.1736],[-54.9356,4.1516],[-54.9401,4.1414],[-54.9474,4.133],[-54.9571,4.1289]],[[-54.9571,4.1289],[-54.9666,4.1347],[-54.9836,4.1611],[-54.9955,4.1709],[-55.0025,4.1734]],[[-55.0025,4.1734],[-55.0113,4.1721],[-55.0189,4.1655],[-55.0252,4.1569],[-55.0375,4.1361],[-55.0455,4.1263],[-55.055,4.1192],[-55.0648,4.116],[-55.0975,4.112],[-55.109,4.1092],[-55.1201,4.1046],[-55.1313,4.0977],[-55.1742,4.0571],[-55.1843,4.0491],[-55.2493,4.0156],[-55.2596,4.0128],[-55.2701,4.0118]]]}},{"type":"Feature","properties":{},"geometry":{"type":"MultiLineString","coordinates":[[[-54.6693,5.3793],[-54.6549,5.3746]],[[-54.8513,4.9809],[-54.8345,5.0284],[-54.8245,5.086],[-54.8032,5.1626],[-54.799,5.17],[-54.7918,5.1795],[-54.7563,5.2107],[-54.7502,5.2196],[-54.7379,5.2518],[-54.679,5.3647],[-54.6693,5.3793]]]}},{"type":"Feature","properties":{},"geometry":{"type":"MultiLineString","coordinates":[[[-55.9169,5.5399],[-55.9695,5.3808],[-55.9997,5.1543],[-56.0006,5.1206],[-55.9988,5.1029],[-55.9515,5.0907],[-55.9412,5.0898]],[[-55.837,5.1106],[-55.8169,5.108],[-55.7533,5.0873],[-55.7418,5.0817],[-55.7306,5.074],[-55.718,5.0619],[-55.712,5.0512],[-55.7093,5.0405],[-55.7083,5.0276],[-55.7056,5.0128],[-55.6982,4.9905],[-55.6879,4.9818],[-55.6766,4.9781]],[[-55.9412,5.0898],[-55.9301,5.0905],[-55.8814,5.1049],[-55.8583,5.1093],[-55.837,5.1106]],[[-55.6766,4.9781],[-55.6334,4.9872],[-55.603,5.0001],[-55.5852,5.0102],[-55.5745,5.0148],[-55.5707,5.0175],[-55.5596,5.0209],[-55.5538,5.0247],[-55.5496,5.0301],[-55.5466,5.0426],[-55.5444,5.0481],[-55.5398,5.0525],[-55.535,5.0583],[-55.5272,5.0702],[-55.5217,5.0737],[-55.5106,5.0757],[-55.503,5.0805]]]}},{"type":"Feature","properties":{},"geometry":{"type":"MultiLineString","coordinates":[[[-56.7239,5.3333],[-56.4839,5.3168]],[[-57.2325,5.2606],[-57.1835,5.2679],[-57.1251,5.2712],[-56.7239,5.3333]]]}},{"type":"Feature","properties":{},"geometry":{"type":"MultiLineString","coordinates":[[[-56.5084,5.5251],[-56.5032,5.5259],[-56.5002,5.5306],[-56.4979,5.543],[-56.4999,5.5532],[-56.5022,5.56],[-56.5388,5.6042],[-56.564,5.655],[-56.5664,5.6656],[-56.5684,5.6884],[-56.5724,5.6974],[-56.5834,5.7144],[-56.5988,5.7485],[-56.6017,5.7738],[-56.6035,5.9407],[-56.6037,5.9503]],[[-56.5268,5.5344],[-56.5202,5.5322],[-56.5084,5.5251]],[[-56.5562,5.5176],[-56.5498,5.5184],[-56.544,5.5228],[-56.5389,5.5282],[-56.5331,5.533],[-56.5268,5.5344]],[[-56.5628,5.5189],[-56.5562,5.5176]],[[-56.5194,5.3706],[-56.5283,5.3742],[-56.5442,5.3778],[-56.5513,5.3806],[-56.5524,5.3849],[-56.5502,5.391],[-56.5464,5.3972],[-56.5456,5.4083],[-56.5413,5.4145],[-56.5364,5.4196],[-56.5309,5.4266],[-56.5263,5.4362],[-56.5254,5.4502],[-56.5281,5.4599],[-56.5331,5.4679],[-56.5662,5.5018],[-56.5699,5.512],[-56.5684,5.5181],[-56.5628,5.5189]],[[-56.4839,5.3168],[-56.4732,5.3285],[-56.4659,5.3332],[-56.4613,5.3423],[-56.4616,5.3516],[-56.4667,5.3614],[-56.4736,5.3783],[-56.4793,5.3892],[-56.4874,5.3997],[-56.4939,5.4033]],[[-56.4939,5.4033],[-56.4996,5.4027],[-56.5041,5.3993],[-56.5077,5.3927],[-56.5108,5.3778],[-56.5133,5.3729],[-56.5194,5.3706]]]}},{"type":"Feature","properties":{},"geometry":{"type":"MultiLineString","coordinates":[[[-55.9169,5.5399],[-55.9578,5.527],[-55.9707,5.5186],[-55.9726,5.5142],[-55.9723,5.5093],[-55.9629,5.4921],[-55.964,5.4817],[-55.9674,5.4779],[-55.9806,5.4738],[-56.0048,5.4598],[-56.0113,5.4528],[-56.0196,5.4375],[-56.0241,5.4344],[-56.0424,5.4291],[-56.06,5.395],[-56.0692,5.3915],[-56.1304,5.3871]],[[-56.1304,5.3871],[-56.2289,5.3924]],[[-56.2289,5.3924],[-56.2867,5.3878],[-56.307,5.3818],[-56.3222,5.3729],[-56.3398,5.3544],[-56.3606,5.337],[-56.3735,5.3282],[-56.39,5.3203],[-56.4839,5.3168]]]}},{"type":"Feature","properties":{},"geometry":{"type":"MultiLineString","coordinates":[[[-55.421,5.4452],[-55.406,5.4519],[-55.3985,5.4565],[-55.3957,5.4619],[-55.3942,5.4744],[-55.3918,5.4805],[-55.387,5.4867],[-55.3825,5.4939],[-55.3806,5.501],[-55.3813,5.5075],[-55.3859,5.5137],[-55.4008,5.5255],[-55.4052,5.5323],[-55.4055,5.5389],[-55.3988,5.5522],[-55.3961,5.5664],[-55.3932,5.5735],[-55.3848,5.581],[-55.379,5.5876],[-55.3759,5.5949],[-55.377,5.6021],[-55.3807,5.6086],[-55.3861,5.6139],[-55.3896,5.6198],[-55.3872,5.6265],[-55.3757,5.6345],[-55.3588,5.6386],[-55.349,5.6432],[-55.3444,5.6489],[-55.3442,5.6557],[-55.3466,5.6624],[-55.3522,5.6727]],[[-55.9169,5.5399],[-55.9038,5.5246],[-55.8998,5.5122],[-55.8896,5.5016],[-55.8904,5.4915],[-55.8963,5.4813],[-55.9061,5.4714],[-55.9135,5.4548],[-55.9137,5.4411],[-55.9095,5.4287],[-55.9073,5.4125],[-55.9,5.4072],[-55.8913,5.4053]],[[-55.4296,5.4453],[-55.421,5.4452]],[[-55.4457,5.4264],[-55.4403,5.4284],[-55.4371,5.4338],[-55.435,5.4397],[-55.4296,5.4453]],[[-55.4644,5.44],[-55.4582,5.4368],[-55.4526,5.4316],[-55.4457,5.4264]],[[-55.7945,5.4058],[-55.4907,5.4296],[-55.4785,5.4328],[-55.4724,5.4369],[-55.4644,5.44]],[[-55.8463,5.417],[-55.8339,5.4163],[-55.7945,5.4058]],[[-55.8913,5.4053],[-55.8463,5.417]]]}},{"type":"Feature","properties":{},"geometry":{"type":"LineString","coordinates":[[-55.3522,5.6727],[-55.3583,5.7089],[-55.3574,5.7327],[-55.3548,5.7443],[-55.3464,5.7502],[-55.3182,5.7804],[-55.2538,5.916],[-55.2532,5.9178]]}},{"type":"Feature","properties":{},"geometry":{"type":"LineString","coordinates":[[-55.9169,5.5399],[-55.9226,5.5588],[-55.93,5.567],[-55.9338,5.57],[-55.9604,5.5988],[-55.9682,5.6109],[-55.9717,5.6183],[-55.9738,5.625],[-55.9744,5.6314],[-55.9724,5.6386],[-55.9698,5.6437],[-55.9639,5.6478],[-55.9556,5.6508],[-55.9283,5.6539],[-55.9131,5.6575],[-55.8994,5.6721],[-55.8972,5.6767]]}},{"type":"Feature","properties":{},"geometry":{"type":"LineString","coordinates":[[-68.9353,18.6657],[-68.9187,18.6297],[-68.8993,18.5964],[-68.8741,18.5747],[-68.8531,18.5498],[-68.852,18.5186],[-68.8656,18.4897],[-68.8833,18.4443],[-68.9011,18.4037],[-68.9011,18.4037]]}},{"type":"Feature","properties":{},"geometry":{"type":"MultiLineString","coordinates":[[[-71.4219,18.1359],[-71.3912,18.119],[-71.3899,18.0782],[-71.389,18.0599],[-71.3909,18.0419],[-71.3964,18.0313],[-71.4064,18.0274],[-71.4168,18.0239],[-71.4237,18.015],[-71.4022,17.9639],[-71.3529,17.9251]],[[-71.3277,17.9309],[-71.2977,17.9295],[-71.2817,17.8946],[-71.2817,17.8557],[-71.281,17.8532],[-71.281,17.8531]],[[-71.3529,17.9251],[-71.3277,17.9309]]]}},{"type":"Feature","properties":{},"geometry":{"type":"MultiLineString","coordinates":[[[-71.1484,19.6263],[-71.1508,19.6594],[-71.1537,19.6925],[-71.145,19.7225],[-71.134,19.7518]],[[-71.1727,19.6286],[-71.1484,19.6263]],[[-71.1842,19.5365],[-71.1728,19.5709],[-71.179,19.6073],[-71.1727,19.6286]]]}},{"type":"Feature","properties":{},"geometry":{"type":"MultiLineString","coordinates":[[[-71.3522,19.5376],[-71.3826,19.5484],[-71.3998,19.5605]],[[-71.3998,19.5605],[-71.4131,19.5445]],[[-71.2163,19.5322],[-71.2478,19.535],[-71.279,19.5523]],[[-71.279,19.5523],[-71.3003,19.5497],[-71.3197,19.5403],[-71.3522,19.5376]],[[-71.1842,19.5365],[-71.2015,19.5421]],[[-71.2015,19.5421],[-71.2163,19.5322]]]}},{"type":"Feature","properties":{},"geometry":{"type":"MultiLineString","coordinates":[[[-70.6139,19.3688],[-70.5901,19.3519],[-70.5585,19.349]],[[-70.5156,19.3615],[-70.4955,19.3136]],[[-70.5585,19.349],[-70.5361,19.3573],[-70.5156,19.3615]],[[-70.4955,19.3136],[-70.4673,19.3188]]]}},{"type":"Feature","properties":{},"geometry":{"type":"MultiLineString","coordinates":[[[-70.2366,19.4992],[-70.2593,19.5344],[-70.2883,19.5586]],[[-70.2883,19.5586],[-70.3183,19.5422],[-70.3388,19.5139],[-70.3624,19.4987]],[[-70.3624,19.4987],[-70.3743,19.5254],[-70.3908,19.533],[-70.4089,19.5395]],[[-70.4089,19.5395],[-70.4423,19.5003],[-70.4419,19.4336],[-70.4457,19.3773],[-70.4673,19.3188]]]}},{"type":"Feature","properties":{},"geometry":{"type":"MultiLineString","coordinates":[[[-70.2258,19.4993],[-70.2151,19.4974]],[[-70.2366,19.4992],[-70.2258,19.4993]]]}},{"type":"Feature","properties":{},"geometry":{"type":"LineString","coordinates":[[-70.6139,19.3688],[-70.5991,19.3794],[-70.5837,19.3905],[-70.5834,19.4126],[-70.5863,19.4353],[-70.5805,19.4603],[-70.5669,19.4817],[-70.5519,19.4976],[-70.5477,19.5178]]}},{"type":"Feature","properties":{},"geometry":{"type":"LineString","coordinates":[[-69.7861,19.1981],[-69.8554,19.2107],[-69.9226,19.2407],[-69.9913,19.2571],[-70.0399,19.2961],[-70.0535,19.3193],[-70.0839,19.323],[-70.1187,19.3471],[-70.1311,19.3892],[-70.134,19.4235],[-70.1457,19.4552],[-70.1797,19.477],[-70.2151,19.4974]]}},{"type":"Feature","properties":{},"geometry":{"type":"LineString","coordinates":[[-69.7861,19.1981],[-69.7928,19.2216],[-69.7866,19.2463],[-69.7773,19.2714],[-69.7736,19.2982],[-69.7715,19.3033]]}},{"type":"Feature","properties":{},"geometry":{"type":"MultiLineString","coordinates":[[[-70.1615,19.5514],[-70.112,19.5787],[-70.0934,19.6307],[-70.094,19.6367],[-70.094,19.6367]],[[-70.1848,19.5529],[-70.1615,19.5514]],[[-70.2151,19.4974],[-70.2121,19.526],[-70.2062,19.5516],[-70.1848,19.5529]]]}},{"type":"Feature","properties":{},"geometry":{"type":"MultiLineString","coordinates":[[[-70.7121,19.6511],[-70.6588,19.6287],[-70.638,19.5811],[-70.6086,19.5361],[-70.5477,19.5178]],[[-70.7605,19.5904],[-70.7158,19.5924],[-70.7121,19.6511]],[[-70.8641,19.6417],[-70.833,19.6348],[-70.8052,19.6273],[-70.7827,19.6091],[-70.7605,19.5904]]]}},{"type":"Feature","properties":{},"geometry":{"type":"LineString","coordinates":[[-71.134,19.7518],[-71.0998,19.7402],[-71.0675,19.7253],[-71.0452,19.7093],[-71.0182,19.7026],[-70.9777,19.6905],[-70.9439,19.665],[-70.9062,19.647],[-70.8641,19.6417]]}},{"type":"Feature","properties":{},"geometry":{"type":"LineString","coordinates":[[-71.134,19.7518],[-71.1639,19.7631],[-71.1951,19.7716],[-71.215,19.8006],[-71.2218,19.8346],[-71.2218,19.8346]]}},{"type":"Feature","properties":{},"geometry":{"type":"MultiLineString","coordinates":[[[-70.415,19.6543],[-70.3982,19.6592],[-70.3835,19.6859],[-70.3727,19.7142]],[[-70.4329,19.6544],[-70.415,19.6543]],[[-70.4685,19.6477],[-70.4507,19.6499],[-70.4329,19.6544]],[[-70.4942,19.6507],[-70.4811,19.6506],[-70.4685,19.6477]],[[-70.5477,19.5178],[-70.5256,19.5644],[-70.5174,19.6174],[-70.5098,19.6373],[-70.4942,19.6507]]]}},{"type":"Feature","properties":{},"geometry":{"type":"MultiLineString","coordinates":[[[-71.535,18.6508],[-71.5675,18.6423],[-71.5995,18.6326],[-71.6043,18.6215],[-71.6027,18.6088],[-71.6094,18.5863],[-71.6207,18.5653],[-71.5926,18.478],[-71.49,18.4398],[-71.4516,18.4233],[-71.4155,18.4021],[-71.3767,18.3927]],[[-71.3384,18.407],[-71.2906,18.4042],[-71.2646,18.3579],[-71.2367,18.336]],[[-71.3767,18.3927],[-71.3384,18.407]],[[-71.2367,18.336],[-71.2008,18.3384]]]}},{"type":"Feature","properties":{},"geometry":{"type":"MultiLineString","coordinates":[[[-71.2866,18.2828],[-71.2339,18.2963],[-71.2008,18.3384]],[[-71.3371,18.2992],[-71.2866,18.2828]],[[-71.374,18.175],[-71.351,18.178],[-71.3666,18.2328],[-71.3814,18.2901],[-71.3371,18.2992]],[[-71.3993,18.1816],[-71.374,18.175]],[[-71.4219,18.1359],[-71.4176,18.163],[-71.3993,18.1816]]]}},{"type":"Feature","properties":{},"geometry":{"type":"LineString","coordinates":[[-71.4219,18.1359],[-71.4518,18.1599],[-71.4805,18.1855],[-71.5151,18.1988],[-71.5516,18.2076],[-71.6368,18.2477],[-71.7195,18.2921],[-71.7217,18.293]]}},{"type":"Feature","properties":{},"geometry":{"type":"MultiLineString","coordinates":[[[-71.4058,19.1051],[-71.3678,19.1072],[-71.3363,19.13],[-71.3343,19.1609],[-71.3274,19.1911]],[[-71.4711,19.1284],[-71.4372,19.1233],[-71.4058,19.1051]],[[-71.535,18.6508],[-71.5207,18.6826],[-71.5323,18.711],[-71.5593,18.717],[-71.5779,18.7359],[-71.5778,18.7604],[-71.585,18.7834],[-71.6053,18.8002],[-71.6279,18.8142],[-71.6159,18.8629],[-71.6332,18.8838],[-71.6248,18.9378],[-71.6,18.9878],[-71.578,19.0067],[-71.5497,19.0095],[-71.5188,19.0181],[-71.5031,19.0497],[-71.4914,19.0923],[-71.4711,19.1284]]]}},{"type":"Feature","properties":{},"geometry":{"type":"LineString","coordinates":[[-71.4883,19.2988],[-71.4468,19.2736],[-71.4159,19.2345],[-71.3713,19.2133],[-71.3274,19.1911]]}},{"type":"Feature","properties":{},"geometry":{"type":"LineString","coordinates":[[-71.535,18.6508],[-71.5978,18.6637],[-71.6619,18.6684],[-71.7294,18.6784],[-71.7849,18.6847]]}},{"type":"Feature","properties":{},"geometry":{"type":"LineString","coordinates":[[-71.4883,19.2988],[-71.5051,19.3164],[-71.5151,19.338],[-71.4662,19.3586],[-71.4541,19.4222],[-71.4465,19.4432],[-71.4487,19.4658],[-71.4363,19.5081],[-71.4131,19.5445]]}},{"type":"Feature","properties":{},"geometry":{"type":"MultiLineString","coordinates":[[[-71.746,19.649],[-71.7348,19.6463],[-71.6377,19.6073]],[[-71.5325,19.6196],[-71.5074,19.6129],[-71.4923,19.5868],[-71.4542,19.5629],[-71.4131,19.5445]],[[-71.6377,19.6073],[-71.5325,19.6196]]]}},{"type":"Feature","properties":{},"geometry":{"type":"MultiLineString","coordinates":[[[-71.4883,19.2988],[-71.5053,19.282],[-71.5258,19.2702]],[[-71.5258,19.2702],[-71.5496,19.2778],[-71.5741,19.284]],[[-71.5741,19.284],[-71.5863,19.2702],[-71.5938,19.2519],[-71.6149,19.2445],[-71.6351,19.2329],[-71.6517,19.2179]]]}},{"type":"Feature","properties":{},"geometry":{"type":"LineString","coordinates":[[-61.4057,15.4945],[-61.4238,15.4921],[-61.4307,15.4889],[-61.4321,15.4871],[-61.4331,15.4855],[-61.4392,15.4795],[-61.4553,15.4663],[-61.4553,15.4663]]}},{"type":"Feature","properties":{},"geometry":{"type":"MultiLineString","coordinates":[[[-61.4773,15.5337],[-61.4795,15.5342]],[[-61.4795,15.5342],[-61.4803,15.5337],[-61.4807,15.5334],[-61.484,15.5296],[-61.484,15.5296]],[[-61.4697,15.5324],[-61.4749,15.5337],[-61.4758,15.5338]],[[-61.4758,15.5338],[-61.4767,15.5337],[-61.4773,15.5337]],[[-61.4642,15.5316],[-61.465,15.5316],[-61.4693,15.5324]],[[-61.4693,15.5324],[-61.4697,15.5324]],[[-61.4077,15.503],[-61.4632,15.5318]],[[-61.4632,15.5318],[-61.4636,15.5316],[-61.4642,15.5316]]]}},{"type":"Feature","properties":{},"geometry":{"type":"MultiLineString","coordinates":[[[-61.3845,15.4778],[-61.3893,15.4799],[-61.3929,15.4821],[-61.4057,15.4945]],[[-61.3174,15.4449],[-61.3229,15.4583],[-61.3381,15.4702],[-61.344,15.4734],[-61.3479,15.475],[-61.3509,15.4753],[-61.3541,15.4759],[-61.3577,15.4771],[-61.3681,15.4816],[-61.3693,15.4818]],[[-61.3693,15.4818],[-61.3704,15.4816],[-61.3745,15.4796],[-61.3786,15.4784],[-61.3845,15.4778]]]}},{"type":"Feature","properties":{},"geometry":{"type":"LineString","coordinates":[[-61.4077,15.503],[-61.4057,15.4945]]}},{"type":"Feature","properties":{},"geometry":{"type":"MultiLineString","coordinates":[[[-61.4225,15.5799],[-61.4234,15.58],[-61.424,15.5801],[-61.4258,15.5808],[-61.4261,15.5811],[-61.4265,15.5815],[-61.427,15.5824],[-61.4273,15.5828],[-61.4309,15.5842],[-61.4376,15.5907],[-61.4403,15.5951],[-61.4492,15.6331]],[[-61.4077,15.503],[-61.4101,15.5226],[-61.4114,15.5276],[-61.418,15.5328],[-61.4189,15.5387],[-61.4183,15.5677],[-61.4192,15.5785],[-61.4197,15.5787],[-61.4204,15.5797],[-61.4207,15.5799],[-61.4211,15.5801],[-61.4214,15.5801]],[[-61.4214,15.5801],[-61.4217,15.5801],[-61.4221,15.58],[-61.4225,15.5799]]]}},{"type":"Feature","properties":{},"geometry":{"type":"MultiLineString","coordinates":[[[-61.3346,15.405],[-61.368,15.3897],[-61.3711,15.3893]],[[-61.3711,15.3893],[-61.3755,15.3899],[-61.3926,15.3939]],[[-61.3926,15.3939],[-61.4049,15.3936],[-61.416,15.3901],[-61.416,15.3901]]]}},{"type":"Feature","properties":{},"geometry":{"type":"LineString","coordinates":[[-61.3174,15.4449],[-61.3346,15.405]]}},{"type":"Feature","properties":{},"geometry":{"type":"MultiLineString","coordinates":[[[-61.2906,15.4649],[-61.2903,15.4649],[-61.2896,15.4653],[-61.2887,15.466],[-61.287,15.4678],[-61.2845,15.4699],[-61.2841,15.4701],[-61.2838,15.4702],[-61.2821,15.4702],[-61.2817,15.4703],[-61.2811,15.4704],[-61.2806,15.4707],[-61.2795,15.4716],[-61.2759,15.4752],[-61.2753,15.4756],[-61.2749,15.4758],[-61.2747,15.4777],[-61.2754,15.498],[-61.2758,15.4994],[-61.2741,15.5031],[-61.2686,15.5099]],[[-61.2938,15.4654],[-61.2935,15.4652],[-61.293,15.465],[-61.2927,15.4649]],[[-61.3174,15.4449],[-61.2984,15.4623],[-61.2938,15.4654]],[[-61.2917,15.4651],[-61.2913,15.4651],[-61.2906,15.4649]],[[-61.2927,15.4649],[-61.2924,15.4649],[-61.2917,15.4651]]]}},{"type":"Feature","properties":{},"geometry":{"type":"LineString","coordinates":[[-61.3276,15.3455],[-61.3274,15.3878],[-61.3346,15.405]]}},{"type":"Feature","properties":{},"geometry":{"type":"LineString","coordinates":[[-61.3082,15.3167],[-61.3002,15.3236],[-61.2964,15.3255],[-61.2541,15.3327]]}},{"type":"Feature","properties":{},"geometry":{"type":"LineString","coordinates":[[-61.3557,15.2438],[-61.3464,15.2117]]}},{"type":"Feature","properties":{},"geometry":{"type":"LineString","coordinates":[[-61.3557,15.2438],[-61.3566,15.2538]]}},{"type":"Feature","properties":{},"geometry":{"type":"LineString","coordinates":[[-61.373,15.2359],[-61.3729,15.2359],[-61.3728,15.2359],[-61.3557,15.2438]]}},{"type":"Feature","properties":{},"geometry":{"type":"MultiLineString","coordinates":[[[-61.3276,15.3455],[-61.3688,15.3249],[-61.3691,15.3242],[-61.3693,15.3238],[-61.3695,15.3234],[-61.3717,15.3164],[-61.3726,15.3148],[-61.3741,15.3135],[-61.3749,15.3133],[-61.3756,15.3132]],[[-61.382,15.3129],[-61.3936,15.3136],[-61.3936,15.3136]],[[-61.3756,15.3132],[-61.376,15.3132],[-61.3764,15.3134],[-61.3768,15.3134]],[[-61.3768,15.3134],[-61.3774,15.3134],[-61.3793,15.3129],[-61.3799,15.3128]],[[-61.3799,15.3128],[-61.3816,15.3129]],[[-61.3816,15.3129],[-61.382,15.3129]]]}},{"type":"Feature","properties":{},"geometry":{"type":"LineString","coordinates":[[-61.3082,15.3167],[-61.3046,15.3141],[-61.3042,15.3135],[-61.3043,15.312],[-61.3166,15.2922],[-61.3195,15.2895],[-61.3235,15.2868],[-61.3327,15.2821],[-61.3427,15.2743],[-61.3566,15.2538]]}},{"type":"Feature","properties":{},"geometry":{"type":"LineString","coordinates":[[-61.3082,15.3167],[-61.3067,15.3225],[-61.3066,15.3236],[-61.3068,15.3255],[-61.3073,15.3271],[-61.3081,15.3291],[-61.3083,15.3299],[-61.3083,15.3306],[-61.3079,15.3322],[-61.3112,15.3352],[-61.3276,15.3455]]}},{"type":"Feature","properties":{},"geometry":{"type":"LineString","coordinates":[[-61.3732,15.2603],[-61.3731,15.2603],[-61.3566,15.2538]]}},{"type":"Feature","properties":{},"geometry":{"type":"MultiLineString","coordinates":[[[-78.9272,22.3987],[-78.9314,22.3847],[-78.9343,22.3541],[-78.9416,22.3468],[-78.9503,22.3395],[-78.9561,22.3279],[-78.9663,22.3075],[-78.975,22.2755],[-78.9852,22.2565],[-78.9998,22.2332],[-79.0129,22.2114],[-79.0216,22.1881],[-79.0347,22.1765],[-79.0333,22.1488],[-79.0478,22.1168],[-79.0464,22.0964],[-79.0304,22.0833],[-78.9998,22.06],[-78.978,22.0498],[-78.9648,22.044],[-78.9605,22.0265],[-78.9605,22.0032],[-78.975,21.9785],[-78.9925,21.9537],[-78.9983,21.9421]],[[-78.9983,21.9421],[-79.0129,21.945],[-79.0289,21.9464]],[[-79.0289,21.9464],[-79.0406,21.9392],[-79.0464,21.9188],[-79.058,21.8969],[-79.0726,21.8707],[-79.0828,21.8489],[-79.093,21.8096],[-79.1148,21.7659],[-79.1221,21.7499],[-79.1061,21.7266],[-79.0988,21.7106],[-79.1032,21.6829],[-79.109,21.6654],[-79.1002,21.6538]],[[-79.0173,21.7149],[-78.9925,21.7048],[-78.9707,21.6902],[-78.9648,21.6771],[-78.9678,21.6509],[-78.9648,21.6203],[-78.96,21.5996]],[[-79.1002,21.6538],[-79.0726,21.6538],[-79.0435,21.6654],[-79.0318,21.6786],[-79.0318,21.6946],[-79.0173,21.7149]]]}},{"type":"Feature","properties":{},"geometry":{"type":"LineString","coordinates":[[-94.094,16.099],[-94.1149,16.0572]]}},{"type":"Feature","properties":{},"geometry":{"type":"MultiLineString","coordinates":[[[-64.8657,60.0],[-64.8616,59.9894],[-64.8558,59.9792],[-64.8453,59.9683],[-64.8354,59.9639]],[[-64.7902,59.9717],[-64.7769,59.9682],[-64.7643,59.9619],[-64.7511,59.9556],[-64.723,59.9513],[-64.6901,59.9491],[-64.6635,59.9404],[-64.6544,59.9167],[-64.6707,59.8834]],[[-64.8354,59.9639],[-64.8231,59.965],[-64.8057,59.97],[-64.7902,59.9717]],[[-64.6707,59.8834],[-64.7014,59.884],[-64.737,59.8918]],[[-64.737,59.8918],[-64.7677,59.8801],[-64.7676,59.8689],[-64.7553,59.8597],[-64.7442,59.8515],[-64.7477,59.8432],[-64.7643,59.8367],[-64.7816,59.833],[-64.7986,59.8284],[-64.8141,59.819],[-64.8044,59.8118],[-64.8015,59.8054],[-64.8018,59.7988],[-64.8019,59.7914],[-64.8035,59.7899],[-64.8068,59.786],[-64.8103,59.7813],[-64.8119,59.7773],[-64.8114,59.7756],[-64.8103,59.7719],[-64.8064,59.7657],[-64.802,59.7594],[-64.7988,59.7537],[-64.7954,59.7445],[-64.7919,59.7353],[-64.7886,59.7264],[-64.7857,59.7181],[-64.7813,59.7099],[-64.7766,59.7043],[-64.7745,59.6992],[-64.8251,59.6805],[-64.8655,59.6708],[-64.885,59.6638],[-64.9018,59.6415],[-64.9032,59.6038],[-64.8934,59.5647],[-64.8543,59.5452],[-64.8279,59.5374],[-64.8266,59.5336],[-64.8022,59.5201],[-64.7947,59.5191]],[[-64.4141,59.5291],[-64.3762,59.5235],[-64.3494,59.5051],[-64.3461,59.4919],[-64.3557,59.4842],[-64.3725,59.4792],[-64.3908,59.4741],[-64.4125,59.4666],[-64.4343,59.4591],[-64.4559,59.4512],[-64.4772,59.4426],[-64.4918,59.4364],[-64.5034,59.4295],[-64.5064,59.4211],[-64.4951,59.4101],[-64.4859,59.3995],[-64.4928,59.3923],[-64.5073,59.3874],[-64.5211,59.3842],[-64.5372,59.3727],[-64.5233,59.3585],[-64.5053,59.3417],[-64.5092,59.3227],[-64.5185,59.3156],[-64.5287,59.3073],[-64.5365,59.2974],[-64.5383,59.2856],[-64.5325,59.2758],[-64.5223,59.2683],[-64.5124,59.2607],[-64.5075,59.2501],[-64.5121,59.2364],[-64.5231,59.2243],[-64.5329,59.2113],[-64.534,59.1953],[-64.5279,59.1857],[-64.5184,59.1785],[-64.5077,59.1724],[-64.4981,59.1657],[-64.4892,59.1468],[-64.4913,59.1259],[-64.4895,59.1057],[-64.4691,59.0884],[-64.4445,59.0819],[-64.4178,59.0799],[-64.3907,59.0783],[-64.3649,59.0733],[-64.3481,59.0662],[-64.3329,59.0569],[-64.3188,59.0461],[-64.3049,59.0344],[-64.2921,59.0073],[-64.3183,58.9922],[-64.3589,58.9854],[-64.389,58.9832],[-64.414,58.982]],[[-64.702,59.4473],[-64.672,59.4503],[-64.6418,59.4592],[-64.6119,59.4677],[-64.5792,59.4773],[-64.5472,59.4904],[-64.5158,59.5047],[-64.4845,59.5179],[-64.4535,59.5259],[-64.4141,59.5291]],[[-64.7865,59.5191],[-64.7786,59.5182],[-64.7719,59.5142],[-64.7702,59.5093],[-64.7723,59.5049],[-64.775,59.5009],[-64.7749,59.4973],[-64.7657,59.4852],[-64.7559,59.4746],[-64.7447,59.4652],[-64.7313,59.4563],[-64.702,59.4473]],[[-64.7947,59.5191],[-64.7865,59.5191]],[[-64.414,58.982],[-64.4379,58.9829],[-64.4611,58.9874],[-64.4843,58.9967],[-64.5022,59.0016],[-64.5211,59.0018],[-64.5395,59.0024],[-64.5562,59.0084],[-64.5767,59.0179],[-64.5968,59.0212],[-64.6175,59.0221],[-64.6399,59.025],[-64.6556,59.0301],[-64.6654,59.0366],[-64.6736,59.0445],[-64.6847,59.054],[-64.7159,59.0657]],[[-64.7159,59.0657],[-64.7542,59.0651],[-64.7927,59.0546],[-64.8241,59.0368],[-64.8321,59.0286],[-64.8454,59.0142],[-64.8579,59.0004],[-64.8635,58.9937],[-64.8619,58.9861],[-64.8542,58.9796],[-64.8447,58.9734],[-64.838,58.9671],[-64.8403,58.9563],[-64.8552,58.9481],[-64.8725,58.9414],[-64.8822,58.9351],[-64.876,58.9253],[-64.8566,58.9182],[-64.8352,58.9135],[-64.8227,58.9113]],[[-64.7015,58.9423],[-64.667,58.929],[-64.6365,58.912],[-64.605,58.8964],[-64.568,58.8873]],[[-64.8227,58.9113],[-64.7913,58.9137],[-64.7621,58.9274],[-64.7328,58.9409],[-64.7015,58.9423]],[[-64.4713,58.8959],[-64.4477,58.8928],[-64.4246,58.888],[-64.4014,58.8838],[-64.3773,58.8828]],[[-64.568,58.8873],[-64.5436,58.8875],[-64.5196,58.891],[-64.4955,58.8948],[-64.4713,58.8959]],[[-64.3465,58.8851],[-64.3104,58.8847],[-64.2782,58.8752],[-64.2586,58.8501],[-64.2586,58.8352],[-64.2644,58.8214],[-64.2698,58.8077],[-64.2691,58.7928],[-64.2615,58.7818],[-64.2498,58.7743],[-64.2366,58.7696],[-64.2238,58.7665],[-64.1881,58.7573],[-64.1571,58.7508]],[[-64.3773,58.8828],[-64.3465,58.8851]],[[-63.7604,58.8791],[-63.7263,58.8785],[-63.6925,58.8702],[-63.6599,58.8586],[-63.6373,58.8525],[-63.6151,58.8489],[-63.5934,58.8443],[-63.5718,58.8353],[-63.5552,58.8248],[-63.5394,58.8134],[-63.524,58.8015],[-63.5084,58.7897],[-63.4837,58.7586],[-63.4978,58.7372],[-63.5336,58.7235],[-63.5741,58.7159],[-63.6303,58.7095],[-63.687,58.7054],[-63.7437,58.7021],[-63.8002,58.6984],[-63.8206,58.6983]],[[-63.8911,58.8244],[-63.8652,58.8252],[-63.8419,58.8298],[-63.8277,58.8373],[-63.8166,58.8473],[-63.8063,58.8579],[-63.7941,58.8673],[-63.7604,58.8791]],[[-63.9411,58.8274],[-63.9172,58.8258],[-63.8911,58.8244]],[[-64.1571,58.7508],[-64.1263,58.7525],[-64.0913,58.7678],[-64.0563,58.7896],[-64.0203,58.8094],[-63.9822,58.8233],[-63.9411,58.8274]],[[-63.8206,58.6983],[-63.8406,58.7002],[-63.8605,58.703],[-63.8808,58.705]],[[-63.8808,58.705],[-63.9001,58.7022],[-63.9178,58.6945],[-63.9354,58.6866],[-63.954,58.6832]],[[-63.954,58.6832],[-63.9934,58.6848]],[[-63.9934,58.6848],[-64.0286,58.6823],[-64.0594,58.669],[-64.0861,58.6378],[-64.0965,58.6142],[-64.0992,58.5921],[-64.0933,58.5714],[-64.078,58.552],[-64.0527,58.5332],[-64.0305,58.5268]],[[-63.8904,58.5668],[-63.8619,58.5475],[-63.8572,58.5367],[-63.8556,58.5254],[-63.8522,58.5149],[-63.8426,58.5066],[-63.8257,58.4965],[-63.8182,58.486],[-63.8199,58.4741],[-63.8307,58.4595],[-63.8646,58.4383],[-63.901,58.4349]],[[-64.0305,58.5268],[-64.0066,58.528],[-63.976,58.5321],[-63.9481,58.5434],[-63.9194,58.5602],[-63.8904,58.5668]],[[-63.901,58.4349],[-63.9395,58.4375]],[[-63.9395,58.4375],[-63.9794,58.434],[-64.0025,58.4208],[-64.0168,58.4017],[-64.0301,58.3834],[-64.0508,58.3723],[-64.0769,58.3685],[-64.1052,58.3647],[-64.1326,58.3586],[-64.1564,58.3481],[-64.1671,58.3388],[-64.1719,58.3293],[-64.175,58.319],[-64.1805,58.3071],[-64.1857,58.2939],[-64.1882,58.2791],[-64.1911,58.2642],[-64.1974,58.2503],[-64.2092,58.238],[-64.2247,58.2275],[-64.242,58.2198],[-64.2587,58.216],[-64.304,58.213],[-64.3508,58.2064],[-64.3896,58.1877],[-64.4108,58.1483],[-64.419,58.1239],[-64.4286,58.097],[-64.4276,58.0748],[-64.4043,58.0645]],[[-64.3468,58.0661],[-64.3274,58.0628],[-64.3083,58.0564],[-64.2926,58.0507],[-64.2764,58.0473]],[[-64.4043,58.0645],[-64.3849,58.0648],[-64.3659,58.066],[-64.3468,58.0661]],[[-64.2559,58.0479],[-64.2214,58.0452],[-64.2134,58.0281],[-64.2163,58.0033],[-64.2144,57.9775],[-64.2014,57.9566],[-64.1834,57.9372],[-64.1647,57.918],[-64.15,57.8976],[-64.1294,57.8599],[-64.0941,57.806],[-64.0539,57.7679]],[[-64.2764,58.0473],[-64.2559,58.0479]],[[-64.0106,57.8137],[-63.9929,57.812],[-63.9756,57.8075],[-63.9574,57.8044],[-63.9394,57.801],[-63.9228,57.7956],[-63.9111,57.7832],[-63.9062,57.765],[-63.9019,57.7457],[-63.8919,57.7304],[-63.8784,57.7255],[-63.8623,57.725],[-63.847,57.7238],[-63.8363,57.7171],[-63.8303,57.7049],[-63.8253,57.6942],[-63.8175,57.6885]],[[-64.0539,57.7679],[-64.0189,57.7781],[-64.0162,57.7906],[-64.0159,57.8045],[-64.0106,57.8137]],[[-63.6106,57.7395],[-63.5958,57.7342],[-63.5839,57.7081],[-63.5954,57.681],[-63.6179,57.6567],[-63.6392,57.6391],[-63.6672,57.6246],[-63.7005,57.6143],[-63.7324,57.6032],[-63.7566,57.5862],[-63.7649,57.5644],[-63.7638,57.5383],[-63.7606,57.5109],[-63.763,57.4852],[-63.7646,57.4626],[-63.7575,57.4408],[-63.7443,57.4217],[-63.7279,57.4073],[-63.7079,57.3852],[-63.7177,57.3705],[-63.7437,57.3614],[-63.7728,57.3559],[-63.7864,57.3515],[-63.7992,57.3444],[-63.8122,57.3368],[-63.8266,57.3311],[-63.838,57.3253],[-63.8421,57.317],[-63.8429,57.3068],[-63.8448,57.2954],[-63.8563,57.2713],[-63.8692,57.2498],[-63.8757,57.2274],[-63.8684,57.2006],[-63.8502,57.1918]],[[-63.6959,57.659],[-63.6753,57.6737],[-63.6702,57.6846],[-63.6668,57.6964],[-63.6638,57.7083],[-63.6602,57.7199],[-63.6492,57.7312],[-63.6306,57.738],[-63.6106,57.7395]],[[-63.7695,57.7305],[-63.7488,57.7151],[-63.7353,57.696],[-63.7168,57.6718],[-63.6959,57.659]],[[-63.8175,57.6885],[-63.8029,57.6917],[-63.7883,57.7065],[-63.78,57.7235],[-63.7695,57.7305]],[[-63.8007,57.2758],[-63.7734,57.2631],[-63.7502,57.2441],[-63.7433,57.2267],[-63.7526,57.2102],[-63.7652,57.1965],[-63.7786,57.1835],[-63.7902,57.1689],[-63.7925,57.1585],[-63.7883,57.1492],[-63.7827,57.1396],[-63.7809,57.128],[-63.7952,57.1009],[-63.8216,57.0906],[-63.8503,57.0843],[-63.8717,57.0693],[-63.876,57.0592],[-63.8807,57.0441],[-63.884,57.0291],[-63.8846,57.0195],[-63.8772,57.0073],[-63.8678,56.9985],[-63.8659,56.9918],[-63.8807,56.9856],[-63.9004,56.975],[-63.9124,56.9574],[-63.9154,56.9366],[-63.9082,56.9168],[-63.8981,56.9091],[-63.8832,56.9007],[-63.8716,56.8906],[-63.8714,56.8781],[-63.8835,56.8732]],[[-63.8502,57.1918],[-63.8355,57.2189],[-63.8253,57.2554],[-63.8205,57.2745],[-63.8007,57.2758]],[[-63.8835,56.8732],[-63.9047,56.8739],[-63.9272,56.876]],[[-63.9272,56.876],[-63.9432,56.8755],[-63.9708,56.867],[-63.9974,56.8548],[-64.0108,56.837],[-63.9989,56.8116],[-63.9929,56.7886],[-64.0198,56.7776],[-64.0575,56.7719],[-64.0836,56.7656],[-64.0999,56.7514],[-64.1157,56.7313],[-64.1257,56.7093],[-64.1241,56.6895],[-64.1061,56.6694],[-64.0821,56.6561],[-64.0573,56.644],[-64.0369,56.6273],[-64.027,56.6114],[-64.0222,56.5996],[-64.015,56.5893],[-63.998,56.5781],[-63.983,56.5719],[-63.9672,56.5658],[-63.953,56.5577],[-63.9426,56.5451],[-63.9416,56.5247],[-63.9477,56.5026],[-63.947,56.4835],[-63.9256,56.4717],[-63.8933,56.463],[-63.8746,56.4516],[-63.8771,56.4393],[-63.908,56.4278],[-63.9615,56.4196],[-64.011,56.419]],[[-64.011,56.419],[-64.0608,56.4239],[-64.115,56.4321],[-64.127,56.4342],[-64.1454,56.4361]],[[-64.1454,56.4361],[-64.1623,56.4345],[-64.1697,56.4257],[-64.1639,56.4145],[-64.1503,56.4078],[-64.135,56.4033],[-64.1239,56.3984],[-64.1081,56.3754],[-64.1052,56.3478],[-64.1147,56.3218],[-64.1366,56.3037],[-64.1299,56.2979],[-64.1224,56.2938],[-64.1146,56.2899],[-64.1072,56.2851],[-64.1027,56.2798],[-64.0987,56.2731],[-64.0949,56.2668],[-64.0911,56.2628],[-64.073,56.2563],[-64.055,56.2559]],[[-64.0166,56.2633],[-63.9872,56.2619],[-63.9417,56.253],[-63.8987,56.2377],[-63.8769,56.2173],[-63.8878,56.1942],[-63.9223,56.183],[-63.9628,56.1773],[-63.9916,56.1712],[-64.0109,56.1556],[-64.0184,56.1363],[-64.02,56.1141],[-64.0217,56.0898],[-64.0103,56.0698]],[[-64.055,56.2559],[-64.0364,56.2591],[-64.0166,56.2633]],[[-63.8618,56.1233],[-63.8477,56.1203],[-63.8414,56.112],[-63.8461,56.1058],[-63.8568,56.1003],[-63.8683,56.0941],[-63.8775,56.0853],[-63.8779,56.0786],[-63.8709,56.0745],[-63.858,56.0736],[-63.8439,56.0723],[-63.8401,56.0672],[-63.8392,56.0602],[-63.8341,56.0534],[-63.8043,56.0432],[-63.7711,56.043]],[[-64.0103,56.0698],[-63.9766,56.0777],[-63.939,56.0965],[-63.9158,56.1092],[-63.9011,56.1146],[-63.8814,56.1203],[-63.8618,56.1233]],[[-63.7032,56.0473],[-63.6842,56.0431],[-63.6658,56.0355],[-63.6473,56.0274],[-63.6284,56.0215],[-63.6075,56.0184],[-63.5872,56.0176]],[[-63.7711,56.043],[-63.7366,56.0464],[-63.7032,56.0473]],[[-63.4613,56.0308],[-63.4449,56.0228],[-63.4506,56.0122],[-63.4666,56.0044],[-63.4847,55.9994],[-63.4967,55.9972],[-63.5165,55.9961]],[[-63.5872,56.0176],[-63.5669,56.0185],[-63.5461,56.0211],[-63.5278,56.0244],[-63.4942,56.0296],[-63.4613,56.0308]],[[-63.5165,55.9961],[-63.5362,55.9966]],[[-63.5362,55.9966],[-63.5557,55.9961],[-63.575,55.9917],[-63.5907,55.9854],[-63.6079,55.9777],[-63.6252,55.9698],[-63.6415,55.9624],[-63.6677,55.952],[-63.691,55.9412]],[[-63.691,55.9412],[-63.6945,55.9424]],[[-63.6945,55.9424],[-63.7292,55.937],[-63.7619,55.9333],[-63.7893,55.9315],[-63.8148,55.9206],[-63.8403,55.9133],[-63.8421,55.8932],[-63.8257,55.8695],[-63.782,55.8477],[-63.7674,55.8295],[-63.7674,55.804],[-63.7619,55.793],[-63.7437,55.7894],[-63.7109,55.7839],[-63.6964,55.7766],[-63.6927,55.753],[-63.7037,55.7311],[-63.7109,55.7147],[-63.7273,55.6892],[-63.7419,55.6746],[-63.7492,55.6546],[-63.7273,55.6528]],[[-63.7,55.6546],[-63.6818,55.6509],[-63.669,55.6236],[-63.6745,55.5963],[-63.6745,55.5562],[-63.6854,55.5198],[-63.7128,55.4997],[-63.7437,55.4906],[-63.7692,55.4833],[-63.7674,55.4615],[-63.7383,55.4396],[-63.6417,55.425],[-63.578,55.4232]],[[-63.7273,55.6528],[-63.7,55.6546]],[[-63.5105,55.4232],[-63.4559,55.4159],[-63.3903,55.405]],[[-63.578,55.4232],[-63.5105,55.4232]],[[-63.3375,55.4123],[-63.3302,55.3886],[-63.3429,55.3613],[-63.3757,55.3576],[-63.4559,55.3431]],[[-63.3903,55.405],[-63.3612,55.4123],[-63.3375,55.4123]],[[-63.4559,55.3431],[-63.4905,55.3467]],[[-63.4905,55.3467],[-63.5269,55.3467],[-63.5543,55.3467],[-63.578,55.3394],[-63.5761,55.3267],[-63.5579,55.3248],[-63.5361,55.323],[-63.5415,55.3084],[-63.5725,55.3012],[-63.5998,55.3012],[-63.6454,55.2866],[-63.6599,55.2702],[-63.6454,55.2447],[-63.5943,55.2338],[-63.5506,55.2265]],[[-66.6511,55.2544],[-66.6768,55.2578],[-66.6868,55.2797],[-66.6996,55.3071],[-66.7314,55.3274],[-66.7704,55.3388],[-66.8044,55.3392]],[[-66.8044,55.3392],[-66.8202,55.3369],[-66.832,55.3347],[-66.8382,55.3292],[-66.8372,55.3172],[-66.8283,55.3063],[-66.8118,55.293],[-66.7936,55.2805],[-66.7801,55.2719],[-66.7581,55.2593],[-66.7279,55.241],[-66.7009,55.2206],[-66.6887,55.2017],[-66.6938,55.1925],[-66.7069,55.189],[-66.7225,55.1868],[-66.7352,55.1817],[-66.7431,55.1716],[-66.7473,55.1598],[-66.7498,55.1469],[-66.7523,55.134],[-66.757,55.1218],[-66.7612,55.113],[-66.7623,55.1042],[-66.7574,55.0918],[-66.7523,55.0851],[-66.7448,55.0775],[-66.737,55.0697],[-66.7308,55.062],[-66.7235,55.0513],[-66.717,55.0432],[-66.7092,55.0353],[-66.6981,55.0256],[-66.6877,55.0176],[-66.6752,55.0075],[-66.6648,54.9962],[-66.6608,54.9842],[-66.6751,54.9745],[-66.704,54.9691],[-66.7282,54.9599],[-66.7288,54.9387],[-66.6932,54.9036],[-66.6384,54.8517],[-66.6071,54.8039],[-66.6425,54.7812]],[[-66.0399,54.911],[-66.0593,54.9188],[-66.0789,54.9309],[-66.0978,54.9443],[-66.1153,54.9566],[-66.1341,54.9655],[-66.155,54.9706],[-66.1765,54.9738],[-66.1972,54.9768],[-66.2543,54.9981],[-66.3006,55.0332],[-66.343,55.0736],[-66.3888,55.1112],[-66.4,55.1196],[-66.4108,55.1287],[-66.422,55.1373],[-66.434,55.1441],[-66.4513,55.1504],[-66.4655,55.1546],[-66.4788,55.1605],[-66.4933,55.1715],[-66.515,55.195],[-66.5357,55.2191],[-66.5589,55.2404],[-66.588,55.2554],[-66.6185,55.2575]],[[-66.6185,55.2575],[-66.6511,55.2544]],[[-63.4104,55.252],[-63.4183,55.228],[-63.4195,55.2246],[-63.4541,55.2046],[-63.4978,55.2028],[-63.4981,55.2027],[-63.5342,55.1937],[-63.5488,55.1846],[-63.5652,55.1572],[-63.5889,55.1208],[-63.6016,55.0716],[-63.5852,55.0498],[-63.5834,55.0206],[-63.578,55.0024],[-63.5761,54.9787],[-63.5962,54.9605],[-63.598,54.9441],[-63.5943,54.9186],[-63.6053,54.9022],[-63.6599,54.9022]],[[-63.5506,55.2265],[-63.496,55.2392],[-63.4614,55.2483],[-63.4104,55.252]],[[-66.737,54.7339],[-66.785,54.7458],[-66.8333,54.7644],[-66.8694,54.7784],[-66.9034,54.7882],[-66.9362,54.7991],[-66.9665,54.8143],[-66.9933,54.837],[-67.0021,54.8515],[-67.0089,54.8688],[-67.0159,54.8849],[-67.0252,54.896],[-67.0445,54.9049],[-67.0654,54.9102],[-67.0867,54.9149],[-67.1069,54.9217],[-67.138,54.9387],[-67.167,54.9571],[-67.1967,54.9746],[-67.2301,54.9889],[-67.2469,54.9928],[-67.2727,54.9984],[-67.297,55.006],[-67.3094,55.0157],[-67.3086,55.0268],[-67.301,55.034],[-67.2905,55.0396],[-67.2811,55.0459],[-67.2719,55.0552],[-67.2689,55.0613],[-67.2741,55.066],[-67.2898,55.0711],[-67.3114,55.0774],[-67.3337,55.0839],[-67.3564,55.0883],[-67.3788,55.0887]],[[-67.3788,55.0887],[-67.4081,55.0806],[-67.4351,55.0635],[-67.4435,55.0507],[-67.4435,55.0349],[-67.4229,54.9971],[-67.3781,54.9489],[-67.3162,54.8939],[-67.2646,54.8354],[-67.1718,54.7804],[-67.0858,54.7322],[-67.0858,54.6806],[-67.0902,54.6766],[-67.1092,54.6593],[-67.1236,54.6462],[-67.1546,54.6153],[-67.1885,54.6122],[-67.1924,54.6118],[-67.2371,54.5878],[-67.2612,54.5706],[-67.2543,54.5465],[-67.2337,54.5155],[-67.2681,54.4846]],[[-64.7147,54.7291],[-64.7676,54.7382],[-64.7714,54.7504],[-64.7767,54.7674],[-64.7657,54.7892],[-64.7585,54.8166],[-64.7821,54.8348],[-64.8113,54.8403],[-64.8477,54.8494],[-64.855,54.873],[-64.8714,54.8894],[-64.9406,54.9295],[-65.0044,54.9386],[-65.0536,54.9496],[-65.1028,54.9568]],[[-65.1028,54.9568],[-65.1629,54.9295],[-65.1939,54.8803],[-65.2212,54.8512],[-65.274,54.8366],[-65.2959,54.8257]],[[-63.6599,54.9022],[-63.6909,54.9168],[-63.7383,54.9332],[-63.7729,54.9423]],[[-63.7729,54.9423],[-63.8148,54.9405],[-63.8202,54.9186],[-63.8458,54.8803],[-63.8366,54.8457],[-63.8239,54.8293],[-63.8385,54.8129],[-63.884,54.7965],[-63.904,54.782],[-63.8968,54.7637],[-63.8713,54.7473],[-63.7893,54.7109],[-63.7583,54.6799],[-63.7292,54.6471],[-63.7401,54.6235]],[[-65.6784,54.7146],[-65.6806,54.7148],[-65.698,54.7228],[-65.7127,54.7382],[-65.7343,54.7593],[-65.7619,54.7785],[-65.7915,54.7964],[-65.8191,54.8163],[-65.8402,54.8419],[-65.8467,54.8562],[-65.8493,54.869],[-65.8495,54.8819],[-65.8487,54.897],[-65.856,54.9075],[-65.8736,54.9133],[-65.8929,54.9163],[-65.9056,54.9176],[-65.9285,54.9221],[-65.9497,54.9261],[-65.9711,54.9278]],[[-65.9711,54.9278],[-65.9947,54.9254],[-66.0059,54.9215],[-66.0173,54.9158],[-66.0288,54.9114],[-66.0399,54.911]],[[-65.3997,54.8239],[-65.4252,54.833],[-65.4726,54.8421]],[[-65.4726,54.8421],[-65.4817,54.8166],[-65.458,54.7965],[-65.4453,54.7801],[-65.4453,54.7455],[-65.4453,54.7455],[-65.4799,54.7309],[-65.5455,54.7255]],[[-65.2959,54.8257],[-65.3177,54.8366]],[[-65.3177,54.8366],[-65.3523,54.8257],[-65.3797,54.8239],[-65.3997,54.8239]],[[-64.0516,54.6071],[-64.1135,54.6308],[-64.1445,54.6672],[-64.1629,54.6892],[-64.181,54.7109],[-64.2447,54.7328],[-64.3139,54.7656],[-64.3923,54.7892],[-64.4579,54.7947]],[[-64.4579,54.7947],[-64.5034,54.7637],[-64.538,54.7401],[-64.5763,54.7273]],[[-66.6425,54.7812],[-66.6614,54.7825],[-66.6833,54.785]],[[-66.6833,54.785],[-66.7044,54.7841],[-66.7211,54.7755],[-66.7203,54.7669],[-66.7102,54.7575],[-66.7005,54.7482],[-66.7013,54.7402],[-66.737,54.7339]],[[-65.5455,54.7255],[-65.5502,54.7279],[-65.5746,54.7401],[-65.6256,54.7492]],[[-65.6256,54.7492],[-65.6511,54.7309],[-65.662,54.72],[-65.6784,54.7146]],[[-64.5763,54.7273],[-64.631,54.7341],[-64.6346,54.7346],[-64.6744,54.7359],[-64.6892,54.7364]],[[-64.6892,54.7364],[-64.7147,54.7291]],[[-63.7401,54.6235],[-63.802,54.6417]],[[-63.802,54.6417],[-63.8585,54.6289],[-63.8814,54.6134],[-63.8986,54.6016]],[[-63.8986,54.6016],[-63.966,54.6071]],[[-63.966,54.6071],[-64.0516,54.6071]],[[-67.2681,54.4846],[-67.3205,54.5045],[-67.3403,54.5121],[-67.3988,54.5534],[-67.4263,54.5706],[-67.4985,54.5946]],[[-67.4985,54.5946],[-67.5084,54.5827],[-67.5157,54.574],[-67.4951,54.5396],[-67.5088,54.488],[-67.5467,54.4846],[-67.6051,54.4708]],[[-67.6051,54.4708],[-67.6325,54.4845],[-67.6327,54.4846]],[[-67.6327,54.4846],[-67.6671,54.4605],[-67.7014,54.4502],[-67.7496,54.4261],[-67.7496,54.3814],[-67.7462,54.3436],[-67.6911,54.3057],[-67.6739,54.2645],[-67.6395,54.2301],[-67.6395,54.1888],[-67.6739,54.1682],[-67.7049,54.1544],[-67.7427,54.1544],[-67.7737,54.1269],[-67.7909,54.0994],[-67.8012,54.065],[-67.8081,54.034],[-67.7806,54.0065],[-67.7462,53.9824],[-67.7118,53.9721],[-67.6705,53.9446],[-67.6155,53.924],[-67.6017,53.8861],[-67.5948,53.8586],[-67.5835,53.8552],[-67.5604,53.8483],[-67.5226,53.838],[-67.5204,53.8328],[-67.5123,53.8139],[-67.5467,53.8036],[-67.5776,53.7967],[-67.5948,53.783],[-67.5742,53.7658],[-67.5295,53.7589],[-67.5123,53.7314],[-67.4539,53.7099],[-67.4469,53.7073],[-67.4125,53.6935],[-67.3988,53.6351],[-67.3438,53.5869],[-67.325,53.5681],[-67.3231,53.5663],[-67.1855,53.5422],[-67.1303,53.529],[-67.1133,53.525],[-67.0308,53.5147],[-66.9757,53.4768],[-66.9207,53.4356],[-66.8898,53.4149],[-66.9345,53.3977],[-66.9638,53.3899],[-66.9861,53.384],[-67.0101,53.353],[-66.9964,53.3255],[-66.962,53.2946],[-66.9649,53.2474],[-66.9654,53.2395],[-66.9689,53.1879],[-66.9699,53.1834],[-66.9757,53.1811],[-66.9929,53.1673],[-66.9826,53.1432],[-66.9826,53.1054],[-66.9964,53.0813],[-67.048,53.0744]],[[-67.2096,53.1535],[-67.2406,53.1673]],[[-67.2406,53.1673],[-67.299,53.157],[-67.3266,53.1329],[-67.3575,53.1295],[-67.385,53.1054],[-67.3678,53.016],[-67.3403,52.9781],[-67.3334,52.9437],[-67.3472,52.9162],[-67.3025,52.8681],[-67.2612,52.8612],[-67.2027,52.8268],[-67.1649,52.8199]],[[-67.1202,53.1226],[-67.1683,53.1535]],[[-67.1683,53.1535],[-67.2096,53.1535]],[[-67.048,53.0744],[-67.0583,53.0916],[-67.0514,53.1226]],[[-67.0514,53.1226],[-67.0927,53.1226],[-67.1202,53.1226]],[[-66.4254,53.0366],[-66.3635,53.0022],[-66.3154,52.9369],[-66.2913,52.9025],[-66.2911,52.8994],[-66.289,52.8655],[-66.2879,52.8474],[-66.3119,52.844]],[[-66.7075,52.7718],[-66.6567,52.7955],[-66.6559,52.7959],[-66.6456,52.8268],[-66.6456,52.8887],[-66.6249,52.9369],[-66.5955,52.9382],[-66.5493,52.9403],[-66.5125,52.9556],[-66.508,52.9575],[-66.4633,52.9953],[-66.4564,53.0297],[-66.4536,53.0304],[-66.4254,53.0366]],[[-67.0617,52.875],[-67.0514,52.8096],[-67.0411,52.7752],[-66.9927,52.7601],[-66.9861,52.758],[-66.9482,52.7374],[-66.907,52.6961],[-66.8829,52.676],[-66.8657,52.6617]],[[-67.1649,52.8199],[-67.134,52.8578],[-67.0996,52.8715],[-67.0654,52.8746],[-67.0617,52.875]],[[-66.3119,52.844],[-66.3278,52.8535],[-66.3291,52.8543],[-66.3498,52.8612],[-66.391,52.8715]],[[-66.391,52.8715],[-66.4014,52.844],[-66.3773,52.7993],[-66.3327,52.7376],[-66.3326,52.7374],[-66.2947,52.6376],[-66.2879,52.6101],[-66.3119,52.6101]],[[-63.612,52.8612],[-63.6017,52.8199],[-63.6052,52.7855],[-63.5936,52.7763],[-63.5958,52.7709],[-63.5756,52.7685],[-63.5545,52.7604],[-63.534,52.7502],[-63.5156,52.741],[-63.4965,52.7344],[-63.4767,52.7291],[-63.4572,52.7236],[-63.4389,52.7159],[-63.4103,52.6974],[-63.3842,52.6732],[-63.3791,52.6512],[-63.4136,52.639]],[[-64.1727,52.1149],[-64.1555,52.1321],[-64.1559,52.1327],[-64.1795,52.163],[-64.2105,52.2215],[-64.2208,52.2662],[-64.207,52.304],[-64.1658,52.3212],[-64.1417,52.3556],[-64.1279,52.3866],[-64.1279,52.4278],[-64.136,52.4641],[-64.1417,52.4898],[-64.1623,52.531],[-64.183,52.5517],[-64.1899,52.5723],[-64.1623,52.5964],[-64.1589,52.6376],[-64.1658,52.6755],[-64.1245,52.6961],[-64.1073,52.7202],[-64.0626,52.7271],[-64.0041,52.7339],[-63.7943,52.7718],[-63.7187,52.7787],[-63.6671,52.8131],[-63.6533,52.8371],[-63.612,52.8612]],[[-66.7487,52.7752],[-66.7075,52.7718]],[[-66.7935,52.6789],[-66.7921,52.6789],[-66.7694,52.6789],[-66.7602,52.7035],[-66.7591,52.7064],[-66.7694,52.7649],[-66.7487,52.7752]],[[-66.8519,52.7305],[-66.8244,52.7236],[-66.8141,52.6927],[-66.7935,52.6789]],[[-66.8657,52.6617],[-66.8554,52.6892],[-66.8523,52.7265],[-66.8519,52.7305]],[[-66.3119,52.6101],[-66.3739,52.6686]],[[-66.3739,52.6686],[-66.4048,52.648],[-66.4082,52.5895],[-66.3922,52.567],[-66.3847,52.5566],[-66.3739,52.5413],[-66.3773,52.5035],[-66.3842,52.4691],[-66.3635,52.4416],[-66.3498,52.3831],[-66.3498,52.3591]],[[-63.4136,52.639],[-63.4356,52.6396],[-63.4578,52.6429],[-63.48,52.6462],[-63.5022,52.6468]],[[-63.5022,52.6468],[-63.5296,52.6445],[-63.557,52.6422],[-63.5845,52.6399],[-63.6119,52.6376],[-63.6627,52.6332],[-63.7136,52.6286],[-63.7644,52.6242],[-63.8126,52.6202]],[[-63.8126,52.6202],[-63.815,52.6204]],[[-63.815,52.6204],[-63.8357,52.6167],[-63.8442,52.6152],[-63.8759,52.6084],[-63.9087,52.5987],[-63.9346,52.588],[-63.9541,52.5799],[-63.9668,52.5732],[-63.9955,52.5579],[-64.0157,52.5434],[-64.0353,52.527],[-64.0436,52.52],[-64.0555,52.508],[-64.0654,52.498],[-64.0689,52.4944],[-64.0812,52.4734],[-64.0754,52.4536],[-64.0578,52.4431],[-64.0568,52.4426],[-64.0519,52.4364],[-64.0456,52.4286],[-64.0381,52.418],[-64.0291,52.3978],[-64.0064,52.3751],[-64.0009,52.3696],[-63.9727,52.3536],[-63.9086,52.3383],[-63.8897,52.3338]],[[-66.3498,52.3591],[-66.3876,52.3694],[-66.4358,52.3763]],[[-66.4358,52.3763],[-66.4772,52.338],[-66.4805,52.335],[-66.4787,52.3314],[-66.4667,52.3075],[-66.461,52.2847],[-66.4564,52.2662],[-66.4473,52.2519],[-66.4323,52.2284],[-66.4082,52.218],[-66.3842,52.1733],[-66.3799,52.1606],[-66.3739,52.1424],[-66.3498,52.1321]],[[-63.882,52.337],[-63.8552,52.3358]],[[-63.8897,52.3338],[-63.8851,52.335],[-63.882,52.337]],[[-63.8055,52.3369],[-63.7734,52.3351],[-63.7495,52.3224],[-63.7504,52.3133],[-63.7621,52.3093],[-63.7765,52.3068],[-63.7852,52.3023],[-63.7832,52.2912],[-63.7717,52.2802],[-63.7573,52.2706],[-63.7354,52.2515],[-63.7144,52.2286],[-63.6936,52.1883],[-63.6805,52.1441],[-63.6718,52.0978],[-63.6634,52.0819],[-63.6496,52.0659],[-63.6401,52.0506],[-63.6441,52.037],[-63.6704,52.0357]],[[-63.8552,52.3358],[-63.8055,52.3369]],[[-66.2844,52.3075],[-66.2569,52.2971],[-66.2485,52.2888],[-66.2128,52.253],[-66.2122,52.2524],[-66.195,52.2215],[-66.1641,52.2146],[-66.1228,52.2008],[-66.0781,52.1699],[-66.0849,52.1217],[-66.0884,52.0908],[-66.0265,52.0805],[-65.9921,52.0598]],[[-66.3498,52.1321],[-66.3016,52.1321],[-66.2638,52.1561],[-66.2775,52.2215],[-66.2913,52.2524],[-66.3016,52.2868],[-66.2844,52.3075]],[[-64.2105,52.1286],[-64.1727,52.1149]],[[-64.2758,51.967],[-64.2346,51.9807],[-64.2518,52.0117],[-64.2724,52.0392],[-64.2586,52.0839],[-64.2518,52.1149],[-64.2105,52.1286]],[[-65.655,52.108],[-65.6572,52.0938],[-65.6619,52.0633],[-65.6825,52.0254],[-65.6619,51.9876]],[[-65.7307,52.0873],[-65.6989,52.1032],[-65.6963,52.1045],[-65.655,52.108]],[[-65.8236,52.108],[-65.795,52.1005],[-65.7582,52.0908],[-65.7307,52.0873]],[[-65.9027,52.0805],[-65.8717,52.0977],[-65.8236,52.108]],[[-65.5003,52.0977],[-65.4831,52.0667],[-65.459,52.0254],[-65.4349,52.0048],[-65.4143,51.9842],[-65.3936,51.9773]],[[-65.6619,51.9876],[-65.6344,52.0151],[-65.6138,52.0323],[-65.5518,52.0323],[-65.5278,52.0564],[-65.5003,52.0977]],[[-65.9405,52.0942],[-65.9027,52.0805]],[[-65.9921,52.0598],[-65.9732,52.0693],[-65.9508,52.0805],[-65.9405,52.0942]],[[-63.6704,52.0357],[-63.7144,52.0471],[-63.7592,52.062],[-63.7882,52.0714]],[[-63.7882,52.0714],[-63.8196,52.0681],[-63.8082,52.0426],[-63.7744,52.0136],[-63.7387,51.9998]],[[-64.3377,52.0117],[-64.3068,51.991],[-64.2994,51.9853],[-64.2758,51.967]],[[-64.5304,51.5921],[-64.5284,51.5927],[-64.5006,51.602],[-64.4788,51.6093],[-64.4375,51.6402],[-64.4065,51.654],[-64.3446,51.6677],[-64.324,51.6953],[-64.3192,51.7001],[-64.318,51.7012],[-64.2793,51.74],[-64.2874,51.7664],[-64.293,51.7847],[-64.3343,51.8191],[-64.3376,51.8711],[-64.3377,51.8741],[-64.3618,51.967],[-64.3377,52.0117]],[[-65.3764,51.9842],[-65.3592,51.9498],[-65.373,51.9188],[-65.3936,51.8982],[-65.3592,51.85],[-65.3386,51.8191]],[[-65.3936,51.9773],[-65.3764,51.9842]],[[-65.2767,51.8672],[-65.2526,51.8466],[-65.2217,51.826],[-65.1838,51.8225],[-65.177,51.7916],[-65.1838,51.7744],[-65.1322,51.7572],[-65.0806,51.7503]],[[-65.3386,51.8191],[-65.318,51.8535],[-65.2767,51.8672]],[[-64.8571,51.7744],[-64.7711,51.764],[-64.7086,51.7328],[-64.6886,51.7228],[-64.6542,51.6918],[-64.616,51.6519],[-64.6026,51.6379],[-64.5785,51.6127],[-64.5399,51.5962],[-64.5304,51.5921]],[[-64.9568,51.7228],[-64.9224,51.7297],[-64.919,51.7606],[-64.8571,51.7744]],[[-65.0325,51.7606],[-64.9912,51.7365],[-64.9568,51.7228]],[[-65.0806,51.7503],[-65.0325,51.7606]]]}},{"type":"Feature","properties":{},"geometry":{"type":"MultiLineString","coordinates":[[[-57.101,52.0001],[-57.101,51.9356],[-57.101,51.8897],[-57.101,51.8653],[-57.101,51.7916],[-57.1009,51.7178],[-57.1009,51.644],[-57.1009,51.6016],[-57.1009,51.537],[-57.1009,51.4836],[-57.1009,51.4401],[-57.1009,51.4192],[-57.1009,51.4191]],[[-63.7387,51.9998],[-63.7057,51.9998],[-63.6726,51.9998],[-63.6396,51.9998],[-63.6065,51.9998],[-63.3957,51.9998],[-63.2981,51.9998],[-63.2005,51.9998],[-62.9975,51.9998],[-62.7944,51.9998],[-62.5914,51.9998],[-62.3884,51.9998],[-62.1854,51.9998],[-61.9824,51.9999],[-61.678,51.9999],[-61.3737,51.9999],[-61.0694,51.9999],[-60.7651,51.9999],[-60.4608,51.9999],[-60.1565,51.9999],[-59.8522,51.9999],[-59.5479,51.9999],[-59.2993,51.9999],[-59.0508,52.0],[-58.8022,52.0],[-58.5536,52.0],[-58.3051,52.0],[-58.0566,52.0],[-57.9345,52.0],[-57.8125,52.0],[-57.5595,52.0001],[-57.4509,52.0001],[-57.3422,52.0001],[-57.2337,52.0001],[-57.1251,52.0001],[-57.101,52.0001]]]}},{"type":"Feature","properties":{},"geometry":{"type":"MultiLineString","coordinates":[[[-85.2959,12.6527],[-85.2904,12.6779],[-85.2891,12.6806],[-85.2963,12.6861],[-85.3122,12.687],[-85.3311,12.697],[-85.3641,12.7082],[-85.371,12.7117],[-85.3745,12.7213],[-85.3828,12.7312],[-85.3929,12.739],[-85.4017,12.7421],[-85.4076,12.7433]],[[-85.4076,12.7433],[-85.4152,12.7377],[-85.4167,12.7357],[-85.4183,12.7317],[-85.4206,12.7272],[-85.4238,12.7233],[-85.4257,12.7215],[-85.43,12.7188],[-85.4346,12.7167],[-85.4424,12.7144],[-85.445,12.7131],[-85.4467,12.7114],[-85.4477,12.709],[-85.4534,12.7072],[-85.4635,12.7061]],[[-85.4635,12.7061],[-85.5275,12.7095]],[[-85.5275,12.7095],[-85.5308,12.7089],[-85.5334,12.7078],[-85.5353,12.7061],[-85.5369,12.7042],[-85.5499,12.6788],[-85.5529,12.6746],[-85.5568,12.6731],[-85.5627,12.6723],[-85.582,12.6721],[-85.5867,12.6714],[-85.5957,12.6667],[-85.616,12.6629],[-85.6279,12.6607],[-85.6401,12.6508],[-85.6441,12.6489]],[[-85.223,12.6258],[-85.2295,12.6275],[-85.2608,12.6618],[-85.2721,12.6635]],[[-85.2721,12.6635],[-85.2891,12.6527],[-85.2959,12.6527]],[[-85.1792,12.6602],[-85.1784,12.6494],[-85.1795,12.6398],[-85.1821,12.6317],[-85.186,12.6254],[-85.1928,12.6254]],[[-85.6441,12.6489],[-85.647,12.649],[-85.6529,12.6521],[-85.6687,12.655],[-85.6819,12.6585]],[[-85.6819,12.6585],[-85.8557,12.623],[-85.8719,12.6149],[-85.8895,12.5788],[-85.9374,12.5526],[-85.9427,12.5486],[-85.9723,12.5221]],[[-85.1928,12.6254],[-85.1977,12.6297],[-85.207,12.6359],[-85.2161,12.6393]],[[-85.2161,12.6393],[-85.2201,12.6357],[-85.223,12.6258]]]}},{"type":"Feature","properties":{},"geometry":{"type":"MultiLineString","coordinates":[[[-85.9411,13.0125],[-85.9284,13.0142],[-85.9183,13.0175],[-85.8965,13.0326],[-85.8397,13.085],[-85.7934,13.124],[-85.7825,13.1303],[-85.745,13.1622],[-85.6721,13.2459],[-85.6546,13.2751],[-85.6399,13.2982],[-85.6259,13.3139],[-85.605,13.3277],[-85.5815,13.3278],[-85.5621,13.3351],[-85.5064,13.3706]],[[-86.0807,13.0472],[-86.0717,13.0434],[-86.0572,13.035],[-86.0417,13.0196],[-86.0075,12.9939]],[[-86.0945,13.0468],[-86.0807,13.0472]],[[-86.0995,13.047],[-86.0945,13.0468]],[[-85.9774,13.0139],[-85.9411,13.0125]],[[-86.0075,12.9939],[-85.9944,13.0096],[-85.9894,13.0121],[-85.9774,13.0139]]]}},{"type":"Feature","properties":{},"geometry":{"type":"MultiLineString","coordinates":[[[-85.9201,13.4852],[-85.9067,13.4869],[-85.8997,13.4919],[-85.8828,13.5152],[-85.8605,13.5313],[-85.8422,13.5402],[-85.8313,13.5534],[-85.833,13.6129],[-85.8299,13.6377],[-85.8208,13.6608],[-85.7918,13.7092],[-85.7875,13.7214],[-85.7846,13.7346],[-85.7831,13.7819],[-85.777,13.7982],[-85.7671,13.8096],[-85.7431,13.824]],[[-86.0389,13.5091],[-86.0283,13.4963]],[[-86.0597,13.4933],[-86.05,13.5048],[-86.0389,13.5091]],[[-85.9662,13.5051],[-85.949,13.5039],[-85.9378,13.4976],[-85.9294,13.4901],[-85.9201,13.4852]],[[-86.0283,13.4963],[-86.0185,13.5007],[-85.9662,13.5051]]]}},{"type":"Feature","properties":{},"geometry":{"type":"MultiLineString","coordinates":[[[-85.1277,12.4241],[-85.1217,12.4244],[-85.1074,12.4266],[-85.078,12.4409],[-85.0633,12.4519],[-85.0523,12.4625],[-85.0357,12.4832],[-85.0304,12.4946],[-85.0276,12.5056],[-85.0271,12.5425],[-85.0257,12.5537],[-85.0232,12.5617],[-85.0193,12.5697],[-84.9812,12.6244],[-84.9685,12.6495]],[[-85.138,12.4254],[-85.1277,12.4241]],[[-85.4009,12.3389],[-85.329,12.3514],[-85.275,12.3574],[-85.2341,12.3711],[-85.2222,12.3775],[-85.1637,12.417],[-85.1486,12.423],[-85.138,12.4254]],[[-85.5085,12.3455],[-85.4976,12.3452],[-85.4728,12.3412],[-85.4437,12.3407],[-85.4009,12.3389]],[[-85.6567,12.0465],[-85.64,12.147],[-85.6353,12.1566],[-85.6259,12.1714],[-85.6245,12.1732],[-85.6233,12.1752],[-85.6221,12.1768],[-85.6021,12.222],[-85.5999,12.2289],[-85.5997,12.2356],[-85.6021,12.2538],[-85.6023,12.2781],[-85.6011,12.2845],[-85.5991,12.2894],[-85.5911,12.3001],[-85.5863,12.3047],[-85.5606,12.3231],[-85.5228,12.3413],[-85.5085,12.3455]]]}},{"type":"Feature","properties":{},"geometry":{"type":"LineString","coordinates":[[-86.0995,13.047],[-86.1372,12.9967],[-86.1437,12.971],[-86.1461,12.9655],[-86.1506,12.9602],[-86.1589,12.9545],[-86.1716,12.9501],[-86.1972,12.9446],[-86.2089,12.9406],[-86.2312,12.9283],[-86.2389,12.921],[-86.2424,12.9168],[-86.2583,12.8845],[-86.2639,12.8485]]}},{"type":"Feature","properties":{},"geometry":{"type":"LineString","coordinates":[[-86.0995,13.047],[-86.1152,13.0657],[-86.1591,13.091],[-86.2344,13.1646],[-86.2414,13.1751],[-86.2479,13.1891],[-86.2362,13.2081],[-86.2331,13.2248],[-86.2357,13.2373],[-86.2212,13.2788],[-86.2304,13.3217],[-86.2301,13.343],[-86.2273,13.3598],[-86.2215,13.3753],[-86.2129,13.3903]]}},{"type":"Feature","properties":{},"geometry":{"type":"MultiLineString","coordinates":[[[-86.5635,13.5695],[-86.576,13.5801],[-86.5874,13.5867],[-86.6043,13.5929],[-86.6153,13.6006],[-86.6241,13.61],[-86.6285,13.6185],[-86.6483,13.6472],[-86.7183,13.6599],[-86.7405,13.6601]],[[-86.7405,13.6601],[-86.745,13.6568],[-86.7481,13.6536],[-86.7558,13.6434],[-86.7641,13.6373]],[[-86.0597,13.4933],[-86.0899,13.5288],[-86.112,13.5672],[-86.1217,13.579],[-86.1299,13.587],[-86.1644,13.6145]],[[-86.1644,13.6145],[-86.1839,13.6082],[-86.2059,13.5997],[-86.2087,13.5952],[-86.2119,13.5887],[-86.2179,13.5604],[-86.2269,13.5493]],[[-86.3776,13.5747],[-86.4335,13.5922],[-86.5053,13.5934]],[[-86.5053,13.5934],[-86.5152,13.5922],[-86.5378,13.5865],[-86.5478,13.577],[-86.5635,13.5695]],[[-86.2269,13.5493],[-86.2574,13.5625],[-86.2768,13.5742],[-86.2923,13.5787],[-86.304,13.5802]],[[-86.304,13.5802],[-86.3456,13.5751],[-86.3776,13.5747]]]}},{"type":"Feature","properties":{},"geometry":{"type":"MultiLineString","coordinates":[[[-86.1177,13.441],[-86.1081,13.4517],[-86.0692,13.482],[-86.0597,13.4933]],[[-86.13,13.4461],[-86.1177,13.441]],[[-86.2129,13.3903],[-86.1762,13.4288],[-86.16,13.4427],[-86.144,13.4455],[-86.13,13.4461]]]}},{"type":"Feature","properties":{},"geometry":{"type":"MultiLineString","coordinates":[[[-86.2129,13.3903],[-86.221,13.4038],[-86.2309,13.4257],[-86.2349,13.4322],[-86.2537,13.4381]],[[-86.2537,13.4381],[-86.3094,13.4355],[-86.3861,13.4113],[-86.4284,13.4044]],[[-86.4284,13.4044],[-86.4712,13.4242],[-86.4858,13.4312],[-86.4963,13.4345]],[[-86.4963,13.4345],[-86.5228,13.4304],[-86.5628,13.3968],[-86.6039,13.3264],[-86.6123,13.3088],[-86.631,13.283],[-86.7149,13.2004]]]}},{"type":"Feature","properties":{},"geometry":{"type":"MultiLineString","coordinates":[[[-85.7315,12.0413],[-85.7851,12.115],[-85.8123,12.1381],[-85.8283,12.1443],[-85.8368,12.1503],[-85.8421,12.1567],[-85.8437,12.1643],[-85.8453,12.1795],[-85.8515,12.1988]],[[-85.6567,12.0465],[-85.7315,12.0413]]]}},{"type":"Feature","properties":{},"geometry":{"type":"LineString","coordinates":[[-85.6567,12.0465],[-85.5229,11.6805]]}},{"type":"Feature","properties":{},"geometry":{"type":"LineString","coordinates":[[-86.0005,12.1438],[-85.9673,12.1067],[-85.9641,12.0914],[-86.0045,12.0041],[-86.0404,11.9259],[-86.0438,11.9184],[-86.0533,11.8977],[-86.0725,11.8562]]}},{"type":"Feature","properties":{},"geometry":{"type":"MultiLineString","coordinates":[[[-84.8831,13.3815],[-84.8789,13.3804],[-84.8755,13.3768],[-84.8696,13.3666],[-84.7698,13.2427],[-84.7514,13.2157]],[[-84.9982,13.2937],[-84.9828,13.2952],[-84.9738,13.2988],[-84.8831,13.3815]],[[-85.5064,13.3706],[-85.4854,13.3251],[-85.4344,13.258],[-85.4146,13.239],[-85.4011,13.2337],[-85.3964,13.2311],[-85.3908,13.2268],[-85.3622,13.201],[-85.3599,13.1995],[-85.3574,13.1985],[-85.3545,13.1981],[-85.3514,13.1979]],[[-85.0646,13.2951],[-84.9982,13.2937]],[[-85.2418,13.1452],[-85.2157,13.1514],[-85.1871,13.1644],[-85.1773,13.1717],[-85.1687,13.1815],[-85.1563,13.2067],[-85.1445,13.2414],[-85.1363,13.2594],[-85.1234,13.2775],[-85.098,13.2922],[-85.0646,13.2951]],[[-85.3398,13.2002],[-85.3365,13.2001],[-85.3325,13.1989],[-85.3249,13.1939],[-85.3108,13.1871],[-85.3074,13.1847],[-85.3054,13.1814],[-85.3042,13.1725],[-85.3023,13.1705],[-85.2904,13.1691],[-85.2833,13.1592],[-85.2524,13.1466],[-85.2418,13.1452]],[[-85.3514,13.1979],[-85.3453,13.1987],[-85.3398,13.2002]]]}},{"type":"Feature","properties":{},"geometry":{"type":"MultiLineString","coordinates":[[[-85.0613,13.7355],[-85.0568,13.7375],[-85.0518,13.7426],[-84.9248,13.9407],[-84.864,14.0403],[-84.8548,14.0595],[-84.8528,14.0713],[-84.8621,14.1078],[-84.8589,14.1543],[-84.8371,14.2687],[-84.8355,14.2929],[-84.838,14.3068],[-84.9274,14.3124],[-84.9345,14.3143],[-84.9397,14.3175],[-84.954,14.3344],[-84.9708,14.3496],[-84.9896,14.3734],[-84.9924,14.3807],[-84.9928,14.3874],[-84.9909,14.3939],[-84.9831,14.4075],[-84.982,14.4125],[-84.983,14.4343],[-84.9816,14.4407],[-84.9704,14.4594],[-84.9686,14.4691],[-84.9702,14.477],[-84.9738,14.4831],[-84.9783,14.4872],[-84.9931,14.4951],[-85.0065,14.5054],[-85.0081,14.5078],[-85.009,14.5107],[-85.0083,14.52],[-85.0086,14.5287],[-85.0081,14.5346],[-85.0062,14.5448],[-85.0058,14.5494],[-85.006,14.5554],[-85.0044,14.5613],[-84.9992,14.5756],[-84.9995,14.5823],[-85.0011,14.5885],[-85.0032,14.5927],[-85.0055,14.5964],[-85.0087,14.5988],[-85.0115,14.6003],[-85.0189,14.602],[-85.0237,14.6025]],[[-85.1569,13.7785],[-85.0613,13.7355]],[[-85.5064,13.3706],[-85.5061,13.4061],[-85.5004,13.4192],[-85.4694,13.4462],[-85.415,13.4804],[-85.4041,13.4893],[-85.4006,13.4972],[-85.3994,13.5065],[-85.3998,13.5114],[-85.3993,13.5295],[-85.3888,13.5605],[-85.3904,13.5701],[-85.3952,13.5834],[-85.4019,13.5946],[-85.41,13.6116],[-85.4109,13.6206],[-85.4091,13.6267],[-85.3987,13.6333],[-85.3916,13.6414],[-85.3838,13.6534],[-85.3749,13.6774],[-85.3701,13.6865],[-85.3651,13.6919],[-85.2847,13.7028],[-85.2826,13.7033],[-85.1606,13.7775],[-85.1569,13.7785]]]}},{"type":"Feature","properties":{},"geometry":{"type":"LineString","coordinates":[[-85.1015,11.6315],[-85.5229,11.6805]]}},{"type":"Feature","properties":{},"geometry":{"type":"MultiLineString","coordinates":[[[-84.684,11.8679],[-84.688,11.8682],[-84.6965,11.8705]],[[-84.6965,11.8705],[-84.7009,11.8705],[-84.7213,11.8669]],[[-84.6074,11.8625],[-84.6457,11.8637],[-84.6569,11.8661],[-84.6618,11.868],[-84.6655,11.8689],[-84.6689,11.8693]],[[-84.6689,11.8693],[-84.684,11.8679]],[[-84.7213,11.8669],[-84.795,11.8678]],[[-84.795,11.8678],[-84.8002,11.8671],[-84.805,11.8656],[-84.8082,11.8608],[-84.8743,11.8011],[-84.8994,11.7848],[-84.9421,11.7756],[-84.957,11.753],[-84.9598,11.7465],[-84.9598,11.7454],[-84.9608,11.7413],[-84.9627,11.7384],[-84.9669,11.7338],[-84.9685,11.7315],[-84.9694,11.7293],[-84.9708,11.7275],[-84.9778,11.7201],[-84.9824,11.7142],[-84.9857,11.7086],[-84.989,11.7063],[-84.995,11.7028],[-85.0137,11.6959],[-85.0186,11.6954]],[[-85.0186,11.6954],[-85.0211,11.696],[-85.0257,11.6978]],[[-85.0257,11.6978],[-85.032,11.6953],[-85.0412,11.6903],[-85.0612,11.6765],[-85.0767,11.6689],[-85.0809,11.6651],[-85.0833,11.6622],[-85.1015,11.6315]]]}},{"type":"Feature","properties":{},"geometry":{"type":"MultiLineString","coordinates":[[[-85.5229,11.6805],[-85.8944,11.6821]],[[-85.8944,11.6821],[-85.927,11.6727],[-85.9713,11.6615]],[[-85.9713,11.6615],[-85.9761,11.6631],[-85.9859,11.673],[-85.9898,11.6771],[-85.9942,11.6798],[-85.9992,11.681],[-86.0009,11.681]],[[-86.0009,11.681],[-86.0034,11.6808],[-86.0062,11.6791],[-86.0091,11.6762],[-86.0247,11.6433],[-86.0356,11.6258],[-86.0393,11.6232],[-86.0671,11.6093],[-86.0706,11.6058],[-86.0781,11.6047]],[[-86.0781,11.6047],[-86.1017,11.6108]]]}},{"type":"Feature","properties":{},"geometry":{"type":"MultiLineString","coordinates":[[[-84.724,13.0573],[-84.7273,13.0573],[-84.7304,13.0578],[-84.7331,13.0587],[-84.7354,13.0599],[-84.7374,13.0615],[-84.7407,13.0651],[-84.7435,13.069],[-84.7581,13.0984],[-84.7643,13.1178],[-84.7655,13.1201],[-84.7732,13.1299],[-84.7772,13.133],[-84.7794,13.1343],[-84.7819,13.1354],[-84.7847,13.1361],[-84.7871,13.1371],[-84.7894,13.1384],[-84.7967,13.1451],[-84.7988,13.1463],[-84.8009,13.1472],[-84.7977,13.154],[-84.7945,13.1592],[-84.7514,13.2157]],[[-84.751,12.9494],[-84.7482,12.9503],[-84.7462,12.9653],[-84.742,12.9753],[-84.741,12.9786],[-84.7398,12.993],[-84.7335,13.0264],[-84.7293,13.0348],[-84.7082,13.0576],[-84.7076,13.0581],[-84.7009,13.0633],[-84.6971,13.0657],[-84.6965,13.0664],[-84.6992,13.0667]],[[-84.6992,13.0667],[-84.7018,13.0665],[-84.7046,13.0659],[-84.7071,13.0649],[-84.7182,13.0584],[-84.721,13.0577],[-84.724,13.0573]],[[-84.7553,12.9503],[-84.751,12.9494]],[[-84.7715,12.9401],[-84.7608,12.9482],[-84.7553,12.9503]],[[-84.7956,12.9482],[-84.7828,12.945],[-84.7768,12.9407],[-84.7715,12.9401]],[[-84.8984,12.8966],[-84.8757,12.9118],[-84.8547,12.9315],[-84.84,12.9413],[-84.8281,12.9426],[-84.8094,12.9476],[-84.7956,12.9482]],[[-84.9185,12.9004],[-84.8984,12.8966]],[[-84.9582,12.8507],[-84.9544,12.8553],[-84.942,12.8632],[-84.9359,12.8687],[-84.9257,12.8839],[-84.9185,12.9004]],[[-85.0306,12.8648],[-84.9713,12.8547],[-84.9582,12.8507]],[[-85.094,12.8527],[-85.082,12.8531],[-85.068,12.8557],[-85.0406,12.8637],[-85.0306,12.8648]],[[-85.1313,12.8608],[-85.1227,12.8592],[-85.105,12.8539],[-85.094,12.8527]],[[-85.1691,12.816],[-85.1594,12.8192],[-85.148,12.8292],[-85.1446,12.8388],[-85.1448,12.8546],[-85.1413,12.8594],[-85.1313,12.8608]],[[-85.1921,12.8179],[-85.181,12.8163],[-85.1691,12.816]],[[-85.1792,12.6602],[-85.2051,12.7145],[-85.2128,12.7484],[-85.2171,12.7596],[-85.2268,12.7787],[-85.2279,12.7881],[-85.2262,12.7979],[-85.2223,12.8058],[-85.2156,12.8123],[-85.2068,12.8167],[-85.1921,12.8179]]]}},{"type":"Feature","properties":{},"geometry":{"type":"MultiLineString","coordinates":[[[-85.0799,12.7937],[-85.0614,12.7838],[-85.032,12.762],[-85.0271,12.76],[-85.0192,12.7477],[-85.0102,12.7429],[-85.0043,12.7377],[-84.9982,12.7307],[-84.9896,12.7148],[-84.9852,12.7021],[-84.9839,12.6837],[-84.9868,12.6682],[-84.9864,12.6637],[-84.9853,12.6604],[-84.9738,12.6547],[-84.9685,12.6495]],[[-85.1308,12.7216],[-85.1265,12.7363],[-85.1229,12.7643],[-85.1177,12.7762],[-85.0986,12.7932],[-85.0799,12.7937]],[[-85.1337,12.722],[-85.1308,12.7216]],[[-85.1623,12.655],[-85.1543,12.6627],[-85.1553,12.6775],[-85.1655,12.6937],[-85.1521,12.7061],[-85.1488,12.708],[-85.1492,12.7109],[-85.142,12.717],[-85.1337,12.722]],[[-85.1792,12.6602],[-85.1623,12.655]]]}},{"type":"Feature","properties":{},"geometry":{"type":"LineString","coordinates":[[-84.9685,12.6495],[-84.9445,12.6153],[-84.9156,12.5892],[-84.9097,12.5795],[-84.8879,12.5318],[-84.867,12.5008],[-84.8537,12.4881],[-84.8473,12.4776],[-84.8453,12.4708],[-84.8466,12.465],[-84.8524,12.4515],[-84.8552,12.4392],[-84.8563,12.4221],[-84.8522,12.3899],[-84.8469,12.3736],[-84.8396,12.3615],[-84.8328,12.3542],[-84.8255,12.3482],[-84.8196,12.342],[-84.7842,12.2803],[-84.7811,12.2652],[-84.7874,12.2427],[-84.786,12.2097],[-84.7727,12.15],[-84.7093,11.9929],[-84.7024,11.9827],[-84.5746,11.9225],[-84.6136,11.9065],[-84.6216,11.8996],[-84.6207,11.8953],[-84.6197,11.8924],[-84.6126,11.8792],[-84.6074,11.8625]]}},{"type":"Feature","properties":{},"geometry":{"type":"MultiLineString","coordinates":[[[-84.1631,13.2823],[-84.1552,13.2803],[-84.1526,13.2754],[-84.1333,13.2161],[-84.1293,13.209],[-84.1236,13.2027],[-84.1172,13.2014],[-84.1086,13.1973]],[[-84.2466,13.2638],[-84.2369,13.2642],[-84.1766,13.2806],[-84.1631,13.2823]],[[-84.2845,13.2766],[-84.2769,13.2759],[-84.2715,13.2745],[-84.2652,13.2715],[-84.2583,13.2671],[-84.2466,13.2638]],[[-84.7514,13.2157],[-84.4929,13.2465],[-84.3535,13.2471],[-84.3337,13.2497],[-84.3212,13.2541],[-84.309,13.2671],[-84.2984,13.2739],[-84.291,13.2763],[-84.2845,13.2766]],[[-83.9943,13.256],[-83.9838,13.2543],[-83.9798,13.2516],[-83.9646,13.2503],[-83.8835,13.2471],[-83.8643,13.2442],[-83.8541,13.24],[-83.8463,13.2354],[-83.8359,13.2312],[-83.8186,13.2266],[-83.8109,13.2228],[-83.8072,13.2182],[-83.8078,13.2125],[-83.81,13.2068],[-83.8137,13.2008],[-83.8326,13.1781],[-83.8361,13.1724],[-83.8383,13.1667],[-83.839,13.161],[-83.8382,13.1558],[-83.8352,13.1513],[-83.8309,13.1473],[-83.7557,13.0936],[-83.6573,13.0374],[-83.6389,13.0315]],[[-83.9915,13.2301],[-83.9876,13.2345],[-83.9887,13.2444],[-83.9943,13.256]],[[-84.0005,13.2355],[-83.9915,13.2301]],[[-84.0164,13.2305],[-84.0073,13.2355],[-84.0005,13.2355]],[[-84.0278,13.2355],[-84.021,13.231],[-84.0164,13.2305]],[[-84.0481,13.2121],[-84.0361,13.2145],[-84.0278,13.2355]],[[-84.0824,13.2213],[-84.0635,13.2178],[-84.0481,13.2121]],[[-84.0688,13.2014],[-84.0718,13.2059],[-84.0773,13.2159],[-84.0824,13.2213]],[[-84.0844,13.2044],[-84.0688,13.2014]],[[-84.1086,13.1973],[-84.0844,13.2044]],[[-83.5982,13.0334],[-83.548,13.0303]],[[-83.6389,13.0315],[-83.5982,13.0334]],[[-83.548,13.0303],[-83.5297,13.0326],[-83.5296,13.0326]]]}},{"type":"Feature","properties":{},"geometry":{"type":"MultiLineString","coordinates":[[[-84.1744,11.1444],[-84.1786,11.147],[-84.1836,11.1528],[-84.204,11.186],[-84.2127,11.197],[-84.2411,11.2251],[-84.2805,11.2531],[-84.3276,11.2769],[-84.3368,11.2835],[-84.3458,11.2927],[-84.3533,11.3079],[-84.3554,11.3207],[-84.3561,11.3331],[-84.362,11.3468],[-84.3775,11.362],[-84.4572,11.4109],[-84.4861,11.4282],[-84.5526,11.4524],[-84.5563,11.491],[-84.5636,11.5297],[-84.5633,11.5427],[-84.5605,11.562],[-84.5464,11.6101],[-84.5365,11.633],[-84.5348,11.6441],[-84.5343,11.6521],[-84.5443,11.6835],[-84.5551,11.7088],[-84.5564,11.7349],[-84.5552,11.7469],[-84.5576,11.7533],[-84.5639,11.7598],[-84.5722,11.7666],[-84.5872,11.7936],[-84.6074,11.8625]],[[-84.1366,11.1323],[-84.1389,11.1325],[-84.1417,11.133],[-84.1493,11.1358],[-84.1549,11.1372],[-84.1578,11.1382],[-84.1641,11.142],[-84.1679,11.1437],[-84.1714,11.1445]],[[-84.1714,11.1445],[-84.1744,11.1444]],[[-84.082,11.1214],[-84.0944,11.1255],[-84.1108,11.132],[-84.1172,11.1335],[-84.12,11.1337]],[[-84.12,11.1337],[-84.1263,11.1337],[-84.1366,11.1323]],[[-84.0096,11.0875],[-84.0136,11.088],[-84.0189,11.0906],[-84.0287,11.0986],[-84.0397,11.1098],[-84.041,11.1119],[-84.0415,11.1146],[-84.0414,11.1175],[-84.0406,11.123],[-84.0438,11.1248],[-84.0502,11.1254]],[[-84.0502,11.1254],[-84.082,11.1214]],[[-83.872,11.0437],[-83.8749,11.0437],[-83.8783,11.0456],[-83.8827,11.0508],[-83.8842,11.0547],[-83.885,11.0586],[-83.8851,11.0652],[-83.8856,11.0681],[-83.8866,11.0706],[-83.8882,11.0725],[-83.8915,11.076],[-83.8944,11.08],[-83.8956,11.0824],[-83.8968,11.0879],[-83.897,11.0911],[-83.8954,11.1096],[-83.8956,11.1127],[-83.8973,11.1146],[-83.9002,11.1151]],[[-83.9002,11.1151],[-83.9142,11.1086],[-83.9191,11.1074],[-83.9286,11.1061],[-83.9365,11.103],[-83.9387,11.1016],[-83.941,11.1005],[-83.9436,11.0996],[-83.9458,11.0984],[-83.9496,11.0983]],[[-83.9496,11.0983],[-83.9542,11.0989],[-83.9638,11.1025],[-83.9699,11.1035]],[[-83.9699,11.1035],[-83.9773,11.1022],[-83.9809,11.1008],[-83.986,11.098],[-83.988,11.0965],[-83.9924,11.0942],[-83.9947,11.0934],[-84.001,11.092],[-84.0096,11.0875]],[[-83.7182,10.944],[-83.7355,10.9572],[-83.7614,10.9847],[-83.7759,11.0083],[-83.7941,11.0317],[-83.7976,11.035],[-83.7999,11.0365],[-83.8073,11.0389],[-83.8467,11.0465],[-83.858,11.0474]],[[-83.858,11.0474],[-83.8651,11.0472],[-83.8675,11.046],[-83.8696,11.0447],[-83.872,11.0437]]]}},{"type":"Feature","properties":{},"geometry":{"type":"LineString","coordinates":[[-86.2814,11.957],[-86.2705,11.9442],[-86.1791,11.908],[-86.1497,11.8944],[-86.1366,11.8765],[-86.1343,11.874],[-86.0811,11.8585],[-86.0725,11.8562]]}},{"type":"Feature","properties":{},"geometry":{"type":"LineString","coordinates":[[-86.1017,11.6108],[-86.1194,11.6328],[-86.122,11.6418],[-86.1232,11.6563],[-86.1191,11.6872],[-86.1098,11.7056],[-86.0979,11.7218],[-86.0955,11.7307],[-86.0957,11.7424],[-86.1,11.7593],[-86.1035,11.7839],[-86.0978,11.809],[-86.0773,11.8455],[-86.0725,11.8562]]}},{"type":"Feature","properties":{},"geometry":{"type":"LineString","coordinates":[[-86.1017,11.6108],[-86.1366,11.5879],[-86.1397,11.584],[-86.1463,11.5718],[-86.1751,11.5196],[-86.1752,11.5195]]}},{"type":"Feature","properties":{},"geometry":{"type":"LineString","coordinates":[[-85.9723,12.5221],[-85.9885,12.5253],[-86.0503,12.5486],[-86.06,12.555],[-86.0709,12.5638],[-86.0862,12.5807],[-86.1011,12.5941],[-86.1189,12.5996],[-86.2888,12.6365]]}},{"type":"Feature","properties":{},"geometry":{"type":"LineString","coordinates":[[-85.8515,12.1988],[-85.8463,12.2263],[-85.8298,12.251],[-85.8281,12.2568],[-85.8302,12.2601],[-85.9176,12.3411],[-85.9208,12.3464],[-85.9225,12.3536],[-85.9223,12.3703],[-85.9203,12.3899],[-85.9214,12.3961],[-85.925,12.4016],[-85.9501,12.4286],[-85.9628,12.4453],[-85.9696,12.4567],[-85.9744,12.4709],[-85.9784,12.5046],[-85.9723,12.5221]]}},{"type":"Feature","properties":{},"geometry":{"type":"MultiLineString","coordinates":[[[-86.0005,12.1438],[-86.0184,12.1483],[-86.0238,12.1512],[-86.0256,12.1519],[-86.0287,12.1523]],[[-86.0287,12.1523],[-86.0457,12.15],[-86.08,12.1363],[-86.109,12.1313],[-86.1271,12.118],[-86.1879,12.0591],[-86.1847,12.0463],[-86.1702,12.0317],[-86.1648,12.0242],[-86.162,12.0183],[-86.1634,11.996],[-86.1745,11.9782],[-86.1802,11.9717],[-86.1864,11.966],[-86.1943,11.9618],[-86.2037,11.9592],[-86.2116,11.9585]],[[-86.2116,11.9585],[-86.2234,11.9616],[-86.2304,11.9648],[-86.2578,11.9855]],[[-86.2578,11.9855],[-86.2814,11.957]]]}},{"type":"Feature","properties":{},"geometry":{"type":"MultiLineString","coordinates":[[[-85.8515,12.1988],[-85.8693,12.2061],[-85.8768,12.2062]],[[-85.8768,12.2062],[-85.8851,12.2032],[-85.9165,12.1808],[-86.0005,12.1438]]]}},{"type":"Feature","properties":{},"geometry":{"type":"LineString","coordinates":[[-86.2814,11.957],[-86.2933,11.9392],[-86.3559,11.8892],[-86.3752,11.8582],[-86.3825,11.8512],[-86.4096,11.8314],[-86.4199,11.8164],[-86.4324,11.8046],[-86.4363,11.8027],[-86.4418,11.8007],[-86.4532,11.7979],[-86.4593,11.7971],[-86.4672,11.7968],[-86.4772,11.7908],[-86.5023,11.7669],[-86.5023,11.7668]]}},{"type":"Feature","properties":{},"geometry":{"type":"LineString","coordinates":[[-86.2888,12.6365],[-86.2787,12.7246],[-86.2668,12.8237],[-86.2639,12.8485]]}},{"type":"Feature","properties":{},"geometry":{"type":"MultiLineString","coordinates":[[[-86.4912,13.1215],[-86.4791,13.1182],[-86.4715,13.1145],[-86.4534,13.0967],[-86.4271,13.054],[-86.4169,13.0404],[-86.4117,13.0318],[-86.4047,13.0069],[-86.4068,12.9755],[-86.4289,12.9373],[-86.4302,12.9257],[-86.4299,12.9173],[-86.42,12.8998],[-86.3863,12.8833],[-86.2639,12.8485]],[[-86.6452,13.083],[-86.6334,13.0839],[-86.6131,13.0883],[-86.5471,13.1099],[-86.4912,13.1215]],[[-86.6938,13.0978],[-86.6805,13.0976],[-86.6647,13.0923],[-86.6452,13.083]],[[-86.7207,13.0902],[-86.7034,13.097],[-86.6938,13.0978]]]}},{"type":"Feature","properties":{},"geometry":{"type":"MultiLineString","coordinates":[[[-86.2888,12.6365],[-86.3283,12.6126],[-86.3426,12.5993],[-86.351,12.5881],[-86.3537,12.5824],[-86.3549,12.5773],[-86.3546,12.5738],[-86.3563,12.5635],[-86.3563,12.5599],[-86.3558,12.557],[-86.3561,12.5524],[-86.3574,12.5461],[-86.3635,12.5285],[-86.3644,12.5238],[-86.3639,12.521],[-86.3621,12.5159],[-86.3611,12.5135],[-86.3515,12.5001],[-86.3512,12.4998],[-86.3453,12.4947],[-86.3441,12.4928],[-86.3433,12.4903],[-86.3431,12.4839],[-86.3426,12.4807],[-86.3414,12.4769],[-86.3428,12.4738],[-86.3468,12.4691],[-86.4441,12.3749],[-86.5109,12.3089],[-86.5248,12.2897],[-86.5264,12.2742],[-86.5265,12.2033],[-86.5252,12.1965],[-86.5225,12.1906],[-86.5184,12.1872],[-86.5133,12.1843],[-86.5069,12.1769],[-86.5055,12.1589],[-86.5183,12.1311],[-86.5377,12.109],[-86.5755,12.0808],[-86.5811,12.078],[-86.584,12.0779]],[[-86.584,12.0779],[-86.5982,12.0808],[-86.6125,12.0861],[-86.6143,12.0864],[-86.6169,12.0865]],[[-86.6169,12.0865],[-86.6196,12.0862],[-86.6224,12.0855],[-86.6373,12.0802],[-86.6444,12.0787],[-86.648,12.0771],[-86.6508,12.0753],[-86.6522,12.0733],[-86.6532,12.0709],[-86.6533,12.068],[-86.6528,12.0651],[-86.6513,12.0597],[-86.6443,12.0459],[-86.6396,12.0403],[-86.6384,12.0382],[-86.6374,12.0346],[-86.6375,12.0322],[-86.638,12.0296],[-86.6423,12.0221],[-86.6458,12.0182],[-86.6706,12.0006],[-86.6707,12.0005]]]}},{"type":"Feature","properties":{},"geometry":{"type":"LineString","coordinates":[[-86.7149,13.2004],[-86.7255,13.1912],[-86.7264,13.19],[-86.7289,13.1808],[-86.7322,13.1497],[-86.7207,13.0902]]}},{"type":"Feature","properties":{},"geometry":{"type":"LineString","coordinates":[[-86.7149,13.2004],[-86.7059,13.2288],[-86.7048,13.2312],[-86.7032,13.2366],[-86.7027,13.2427],[-86.7039,13.2501],[-86.7068,13.2585],[-86.7126,13.2629],[-86.7316,13.2668],[-86.7327,13.2685]]}},{"type":"Feature","properties":{},"geometry":{"type":"LineString","coordinates":[[-87.1208,12.4584],[-87.1207,12.4584],[-87.0987,12.4713],[-87.0494,12.4767],[-87.0322,12.4842],[-87.0153,12.4939],[-87.0058,12.4997],[-86.9539,12.5524],[-86.9338,12.5844],[-86.9261,12.6041],[-86.9222,12.6106],[-86.9028,12.6287],[-86.8773,12.6556],[-86.8528,12.6816],[-86.8333,12.6904],[-86.8141,12.713],[-86.8002,12.7394],[-86.793,12.7462],[-86.782,12.7521],[-86.7099,12.7613],[-86.6957,12.7649],[-86.6879,12.7679],[-86.67,12.7788],[-86.6576,12.807],[-86.6546,12.8382],[-86.6639,12.9592],[-86.6763,12.987],[-86.6898,13.0086],[-86.711,13.0563],[-86.7207,13.0902]]}},{"type":"Feature","properties":{},"geometry":{"type":"LineString","coordinates":[[-77.8959,18.1956],[-77.8864,18.222],[-77.8859,18.2315],[-77.8939,18.2557],[-77.8969,18.2606],[-77.8984,18.2626],[-77.9002,18.2644],[-77.9022,18.2659],[-77.9047,18.2671],[-77.9105,18.2737],[-77.9214,18.2961]]}},{"type":"Feature","properties":{},"geometry":{"type":"LineString","coordinates":[[-77.9214,18.2961],[-77.9341,18.3205],[-77.9366,18.3237],[-77.9416,18.3282],[-77.9555,18.3351],[-77.9591,18.3376],[-77.9612,18.3397],[-77.9662,18.3505],[-77.9775,18.3703],[-77.9803,18.3766],[-77.9818,18.3838],[-77.9843,18.3887],[-77.986,18.3914],[-78.0022,18.4042],[-78.0056,18.4082],[-78.0075,18.4117],[-78.0008,18.4341],[-78.0003,18.4372],[-78.0002,18.4467]]}},{"type":"Feature","properties":{},"geometry":{"type":"MultiLineString","coordinates":[[[-78.1002,18.3386],[-78.0909,18.3374],[-78.0822,18.335],[-78.0271,18.3046],[-78.0052,18.3008],[-77.9214,18.2961]],[[-78.2776,18.2898],[-78.2725,18.2908],[-78.2675,18.2945],[-78.23,18.3366],[-78.2243,18.3381],[-78.1002,18.3386]],[[-78.346,18.298],[-78.346,18.298],[-78.337,18.2973],[-78.283,18.2898],[-78.2776,18.2898]]]}},{"type":"Feature","properties":{},"geometry":{"type":"LineString","coordinates":[[-77.7814,18.2344],[-77.7359,18.5049],[-77.7355,18.5067]]}},{"type":"Feature","properties":{},"geometry":{"type":"LineString","coordinates":[[-77.4912,18.1961],[-77.4515,18.3761],[-77.4512,18.381],[-77.4515,18.3856],[-77.4568,18.3919],[-77.4582,18.3947],[-77.4582,18.3983],[-77.4556,18.4046],[-77.4548,18.4104],[-77.4556,18.4176],[-77.467,18.4459],[-77.4678,18.4541],[-77.4657,18.474],[-77.4653,18.4761]]}},{"type":"Feature","properties":{},"geometry":{"type":"LineString","coordinates":[[-76.9964,18.242],[-77.0156,18.2603],[-77.0222,18.2688],[-77.0234,18.2715],[-77.025,18.2769],[-77.0264,18.2854],[-77.0295,18.2946],[-77.0337,18.301],[-77.0461,18.315],[-77.0482,18.3187],[-77.0486,18.3217],[-77.0465,18.3442],[-77.0483,18.3479],[-77.051,18.3515],[-77.0562,18.3563],[-77.0583,18.3599],[-77.0603,18.3671],[-77.0609,18.3723],[-77.0695,18.4089],[-77.0703,18.4134]]}},{"type":"Feature","properties":{},"geometry":{"type":"LineString","coordinates":[[-76.7514,18.1386],[-76.7044,18.2635],[-76.7015,18.2668],[-76.7014,18.2668]]}},{"type":"Feature","properties":{},"geometry":{"type":"LineString","coordinates":[[-77.7814,18.2344],[-77.8959,18.1956]]}},{"type":"Feature","properties":{},"geometry":{"type":"LineString","coordinates":[[-77.8959,18.1956],[-77.911,18.1884],[-77.9144,18.1857],[-77.9189,18.1814],[-77.9299,18.1648],[-77.9362,18.1521],[-77.9379,18.1459],[-77.9382,18.1429],[-77.938,18.1401],[-77.9366,18.1348],[-77.9357,18.1324],[-77.938,18.1176],[-77.9576,18.0635],[-77.9646,18.0506],[-77.9646,18.0506]]}},{"type":"Feature","properties":{},"geometry":{"type":"LineString","coordinates":[[-77.6403,18.2209],[-77.7814,18.2344]]}},{"type":"Feature","properties":{},"geometry":{"type":"MultiLineString","coordinates":[[[-76.6278,18.0736],[-76.609,18.0614],[-76.6014,18.0515],[-76.5996,18.0498],[-76.5975,18.048],[-76.5909,18.0437],[-76.5834,18.0403],[-76.536,18.026],[-76.529,18.0222],[-76.5252,18.0218]],[[-76.4612,18.042],[-76.4571,18.0418],[-76.4522,18.0406],[-76.4302,18.0284],[-76.3975,18.0236],[-76.3679,18.0152],[-76.3625,18.013],[-76.3607,18.0116],[-76.359,18.0097],[-76.3525,18.0007],[-76.3497,17.9979],[-76.3458,17.9947],[-76.3322,17.9915],[-76.2958,17.9867]],[[-76.5252,18.0218],[-76.5205,18.0222],[-76.5124,18.0251],[-76.5086,18.0275],[-76.5041,18.0316],[-76.5021,18.0332],[-76.4997,18.0343],[-76.4957,18.0348],[-76.4816,18.0348],[-76.4765,18.0355],[-76.4729,18.0364],[-76.4663,18.0399],[-76.4612,18.042]],[[-76.2958,17.9867],[-76.2853,17.9879],[-76.2574,17.9962],[-76.2568,17.9963]]]}},{"type":"Feature","properties":{},"geometry":{"type":"MultiLineString","coordinates":[[[-76.7514,18.1386],[-76.7452,18.1183],[-76.7448,18.1158],[-76.7359,18.0907],[-76.7347,18.0886],[-76.7316,18.0847],[-76.7279,18.0825],[-76.7214,18.0806],[-76.7085,18.0781]],[[-76.6859,18.0933],[-76.673,18.0915],[-76.6278,18.0736]],[[-76.7085,18.0781],[-76.6984,18.0798],[-76.6936,18.0817],[-76.6916,18.0847],[-76.6893,18.0896],[-76.6878,18.0918],[-76.6859,18.0933]]]}},{"type":"Feature","properties":{},"geometry":{"type":"MultiLineString","coordinates":[[[-76.8237,18.1669],[-76.807,18.1638],[-76.7514,18.1386]],[[-76.8728,18.1483],[-76.8593,18.1536],[-76.857,18.1554],[-76.8546,18.158],[-76.8535,18.1606],[-76.8522,18.163],[-76.8483,18.1647],[-76.8422,18.1657],[-76.8294,18.1658],[-76.8237,18.1669]]]}},{"type":"Feature","properties":{},"geometry":{"type":"MultiLineString","coordinates":[[[-76.727,17.9538],[-76.7214,17.9568],[-76.7223,17.9698],[-76.7307,17.9883],[-76.7406,17.9933],[-76.7554,17.9966]],[[-76.7554,17.9966],[-76.7812,17.9954],[-76.7897,17.9933],[-76.7997,17.9894],[-76.8074,17.9845],[-76.8092,17.9809],[-76.8125,17.9715]]]}},{"type":"Feature","properties":{},"geometry":{"type":"MultiLineString","coordinates":[[[-76.6278,18.0736],[-76.637,18.0655],[-76.6387,18.0592],[-76.64,18.0511],[-76.6404,18.0361],[-76.6391,18.0299],[-76.6367,18.0242],[-76.634,18.0198],[-76.6285,18.001],[-76.6267,17.9977],[-76.6195,17.9879],[-76.6162,17.9823],[-76.6162,17.9789],[-76.6178,17.9769],[-76.6206,17.9764]],[[-76.6206,17.9764],[-76.6305,17.9772]],[[-76.6305,17.9772],[-76.6346,17.9764],[-76.6384,17.9747],[-76.6429,17.9683],[-76.6439,17.9625],[-76.6433,17.9532],[-76.6438,17.9488],[-76.6449,17.9456],[-76.6512,17.9387],[-76.6572,17.9297],[-76.6572,17.9297]]]}},{"type":"Feature","properties":{},"geometry":{"type":"LineString","coordinates":[[-76.9964,18.242],[-77.0564,18.2098],[-77.0768,18.2023],[-77.2109,18.1861]]}},{"type":"Feature","properties":{},"geometry":{"type":"MultiLineString","coordinates":[[[-76.8728,18.1483],[-76.8964,18.1574],[-76.907,18.1672],[-76.9187,18.1825],[-76.9209,18.1868],[-76.9221,18.1953],[-76.9242,18.2034],[-76.9281,18.2112],[-76.9323,18.2156],[-76.9402,18.2211],[-76.9436,18.2255],[-76.9496,18.2392],[-76.9526,18.2428],[-76.9559,18.2451],[-76.9751,18.2471]],[[-76.9751,18.2471],[-76.9782,18.2469],[-76.9811,18.2464],[-76.9964,18.242]]]}},{"type":"Feature","properties":{},"geometry":{"type":"MultiLineString","coordinates":[[[-76.8728,18.1483],[-76.8752,18.1221],[-76.8747,18.1182],[-76.8731,18.1119],[-76.8665,18.0988],[-76.8655,18.0939],[-76.8657,18.0901],[-76.8691,18.0829],[-76.8704,18.0807],[-76.872,18.0788],[-76.8739,18.0771],[-76.8759,18.0757],[-76.879,18.0704],[-76.8825,18.0621],[-76.8884,18.0419],[-76.8898,18.0332],[-76.8896,18.0275],[-76.8824,18.0213],[-76.8815,18.0202],[-76.8805,18.0187],[-76.8786,18.0141],[-76.8773,18.012],[-76.8755,18.0105],[-76.8731,18.0096]],[[-76.86,18.0129],[-76.8532,18.0038],[-76.85,17.9923]],[[-76.8731,18.0096],[-76.8703,18.0096],[-76.8678,18.0101],[-76.8627,18.0123],[-76.86,18.0129]]]}},{"type":"Feature","properties":{},"geometry":{"type":"MultiLineString","coordinates":[[[-77.5973,18.2372],[-77.5916,18.2371],[-77.5533,18.2316]],[[-77.6403,18.2209],[-77.6274,18.2239],[-77.6213,18.2261],[-77.6102,18.2325],[-77.6029,18.2358],[-77.5973,18.2372]],[[-77.5501,18.2317],[-77.5358,18.2257],[-77.4912,18.1961]],[[-77.5533,18.2316],[-77.5501,18.2317]]]}},{"type":"Feature","properties":{},"geometry":{"type":"LineString","coordinates":[[-77.6403,18.2209],[-77.6353,18.1312],[-77.567,17.8616],[-77.5646,17.8571],[-77.5645,17.8571]]}},{"type":"Feature","properties":{},"geometry":{"type":"MultiLineString","coordinates":[[[-77.379,18.2041],[-77.3748,18.204],[-77.3697,18.2032],[-77.3504,18.1958],[-77.3014,18.1873],[-77.2109,18.1861]],[[-77.4422,18.1845],[-77.4379,18.1847],[-77.4331,18.1856],[-77.426,18.1883],[-77.4223,18.1904],[-77.4153,18.1956],[-77.4129,18.1967],[-77.379,18.2041]],[[-77.4912,18.1961],[-77.4676,18.1887],[-77.4422,18.1845]]]}},{"type":"Feature","properties":{},"geometry":{"type":"LineString","coordinates":[[-77.2109,18.1861],[-77.1825,18.1176],[-77.1785,18.0997],[-77.1822,18.0926],[-77.1851,18.0833],[-77.1874,18.0688],[-77.1871,18.0639],[-77.1863,18.0603],[-77.1822,18.0542],[-77.1806,18.0524],[-77.1749,18.0444],[-77.1694,18.0345],[-77.167,18.0279],[-77.1657,18.0229],[-77.1654,17.9879],[-77.1646,17.9803],[-77.1634,17.9745],[-77.1622,17.9717],[-77.1609,17.9694],[-77.1416,17.9448],[-77.1398,17.9404],[-77.1389,17.9362],[-77.1393,17.9329],[-77.1346,17.8851]]}},{"type":"Feature","properties":{},"geometry":{"type":"MultiLineString","coordinates":[[[-77.4912,18.1961],[-77.4888,18.1812],[-77.3799,17.9688],[-77.3813,17.9631],[-77.3841,17.9552],[-77.3844,17.9504],[-77.3839,17.9436],[-77.3817,17.9301],[-77.3799,17.924],[-77.3782,17.9197],[-77.3736,17.9138],[-77.3622,17.9044],[-77.3599,17.9009],[-77.359,17.8976],[-77.3594,17.8944],[-77.3653,17.8758],[-77.3673,17.8636],[-77.3684,17.861],[-77.3701,17.8591],[-77.3722,17.8577],[-77.3748,17.8572],[-77.3779,17.857]],[[-77.3779,17.857],[-77.3868,17.8581]],[[-77.3868,17.8581],[-77.3897,17.8572],[-77.3917,17.8559],[-77.3946,17.8534],[-77.3946,17.8534]]]}},{"type":"Feature","properties":{},"geometry":{"type":"MultiLineString","coordinates":[[[-88.8368,14.5003],[-88.8492,14.5027],[-88.8612,14.5126],[-88.8748,14.5159],[-88.8927,14.5232],[-88.9099,14.5409],[-88.9232,14.5613],[-88.9248,14.5687],[-88.9243,14.5949],[-88.9306,14.6086],[-88.9946,14.6556],[-89.0031,14.6699],[-89.0103,14.7],[-89.0256,14.7208],[-89.0856,14.7289]],[[-89.0856,14.7289],[-89.0987,14.7245],[-89.131,14.7151],[-89.1462,14.7109]],[[-88.7543,14.5468],[-88.7738,14.5499],[-88.7818,14.55]],[[-88.7818,14.55],[-88.791,14.5486],[-88.8006,14.546],[-88.8171,14.54],[-88.8243,14.5352],[-88.8277,14.5274],[-88.8276,14.5155],[-88.8272,14.5114],[-88.8248,14.5083],[-88.824,14.505],[-88.8267,14.5033],[-88.8368,14.5003]],[[-88.7305,14.5488],[-88.7543,14.5468]]]}},{"type":"Feature","properties":{},"geometry":{"type":"MultiLineString","coordinates":[[[-88.6799,14.9209],[-88.6859,14.9229],[-88.6924,14.9269],[-88.6954,14.9325],[-88.6976,14.9388],[-88.6999,14.9435],[-88.7023,14.9524],[-88.6894,14.9851],[-88.6794,15.0195],[-88.6777,15.0374],[-88.669,15.0564],[-88.6446,15.077],[-88.6424,15.0841],[-88.6426,15.0915],[-88.6449,15.0973],[-88.653,15.1094],[-88.6574,15.1144],[-88.6639,15.1395],[-88.6517,15.1551],[-88.6527,15.1586],[-88.6547,15.1628],[-88.6627,15.1683],[-88.6791,15.1757],[-88.6997,15.1968],[-88.718,15.2172],[-88.7165,15.2309],[-88.7152,15.2373],[-88.7158,15.2453],[-88.758,15.2957],[-88.7609,15.3]],[[-88.6446,14.9274],[-88.6799,14.9209]]]}},{"type":"Feature","properties":{},"geometry":{"type":"MultiLineString","coordinates":[[[-87.7754,15.7632],[-87.7795,15.7765],[-87.7947,15.7934],[-87.7949,15.8039],[-87.7895,15.8128],[-87.7737,15.8285],[-87.7664,15.8386],[-87.7574,15.8628],[-87.7516,15.8722],[-87.7405,15.882],[-87.7307,15.8879],[-87.7252,15.8973],[-87.7284,15.921]],[[-87.7876,15.721],[-87.7732,15.7246],[-87.7643,15.7297],[-87.7584,15.7398],[-87.7579,15.7511],[-87.7612,15.7604],[-87.7674,15.7653]],[[-87.7674,15.7653],[-87.7754,15.7632]]]}},{"type":"Feature","properties":{},"geometry":{"type":"MultiLineString","coordinates":[[[-87.9858,14.8364],[-87.9879,14.8776],[-87.9956,14.9008],[-88.027,14.9285],[-88.0489,14.9292],[-88.0536,14.9308],[-88.0567,14.9469],[-88.0496,14.989],[-88.044,14.9973],[-88.0307,15.0425],[-88.0181,15.0558],[-88.0223,15.063],[-88.0291,15.0656],[-88.036,15.0719],[-88.043,15.0753],[-88.0653,15.0827],[-88.094,15.101],[-88.1059,15.1143],[-88.1135,15.1309],[-88.1081,15.1498],[-88.0671,15.1924],[-88.0615,15.2078],[-88.0814,15.2138],[-88.0945,15.222],[-88.1022,15.2279],[-88.1238,15.2707],[-88.1309,15.368],[-88.1343,15.373],[-88.159,15.3777],[-88.1691,15.3822],[-88.1825,15.3912],[-88.1976,15.4034],[-88.2271,15.4206],[-88.2337,15.4272],[-88.2381,15.4335],[-88.2401,15.4392],[-88.2411,15.4451],[-88.2407,15.4521],[-88.2383,15.464],[-88.2387,15.4692],[-88.2407,15.4785],[-88.2398,15.4868],[-88.2409,15.4907],[-88.2478,15.4962],[-88.262,15.504],[-88.3566,15.5324],[-88.4099,15.5404]],[[-88.4099,15.5404],[-88.4668,15.5208],[-88.4674,15.5207]]]}},{"type":"Feature","properties":{},"geometry":{"type":"LineString","coordinates":[[-87.9858,14.8364],[-87.9871,14.7926],[-88.0225,14.7863],[-88.053,14.7554],[-88.0584,14.752],[-88.0698,14.7472],[-88.0748,14.7425],[-88.0773,14.7352],[-88.0779,14.7214],[-88.0716,14.7109],[-88.0622,14.6856],[-88.075,14.6648]]}},{"type":"Feature","properties":{},"geometry":{"type":"MultiLineString","coordinates":[[[-87.7359,15.0166],[-87.7358,14.9838],[-87.7407,14.9625],[-87.7572,14.9479],[-87.8026,14.9155],[-87.8215,14.9066],[-87.8437,14.9014],[-87.8474,14.8988],[-87.8694,14.8768],[-87.8837,14.8582],[-87.963,14.8035]],[[-87.963,14.8035],[-87.9737,14.8105],[-87.9803,14.8201],[-87.9858,14.8364]]]}},{"type":"Feature","properties":{},"geometry":{"type":"MultiLineString","coordinates":[[[-87.7876,15.721],[-87.7146,15.6721],[-87.6979,15.6637],[-87.6872,15.6447],[-87.678,15.6101],[-87.677,15.5955],[-87.6715,15.5647],[-87.6687,15.5586],[-87.6654,15.5536],[-87.6256,15.5108],[-87.61,15.5044]],[[-86.6363,15.6046],[-86.6192,15.6017],[-86.5833,15.592]],[[-86.825,15.5489],[-86.81,15.5506],[-86.7789,15.5507],[-86.7572,15.5556],[-86.7321,15.5642],[-86.6906,15.5867],[-86.6696,15.5957],[-86.648,15.6025],[-86.6363,15.6046]],[[-86.4704,15.5965],[-86.4428,15.5921],[-86.4209,15.5828]],[[-86.5177,15.588],[-86.5093,15.5894],[-86.5028,15.5918],[-86.4956,15.5935],[-86.4704,15.5965]],[[-86.5468,15.5943],[-86.5369,15.5928],[-86.5264,15.5887],[-86.5177,15.588]],[[-86.5833,15.592],[-86.5468,15.5943]],[[-86.8558,15.5693],[-86.8438,15.553],[-86.825,15.5489]],[[-86.9271,15.5507],[-86.8558,15.5693]],[[-86.9724,15.5518],[-86.9271,15.5507]],[[-87.1825,15.4266],[-87.1777,15.4294],[-87.1676,15.438],[-87.1373,15.4588],[-87.0721,15.4816],[-87.0542,15.4916],[-87.0446,15.499],[-87.0283,15.5169],[-86.9906,15.5488],[-86.9724,15.5518]],[[-87.4648,15.5407],[-87.4556,15.5399],[-87.4384,15.529],[-87.4367,15.5184],[-87.4362,15.5056],[-87.4308,15.4807],[-87.4241,15.4698],[-87.4167,15.4608],[-87.4105,15.4559],[-87.402,15.4505],[-87.3872,15.4437],[-87.382,15.4422],[-87.3757,15.4412]],[[-87.5089,15.5174],[-87.4699,15.5387],[-87.4648,15.5407]],[[-87.5234,15.5191],[-87.5089,15.5174]],[[-87.61,15.5044],[-87.5653,15.5081],[-87.5234,15.5191]],[[-87.3428,15.4564],[-87.3354,15.4554],[-87.3239,15.4514],[-87.3147,15.4449],[-87.3052,15.4433]],[[-87.3757,15.4412],[-87.3708,15.443],[-87.3649,15.4457],[-87.3606,15.4493],[-87.3547,15.451],[-87.3495,15.4546],[-87.3428,15.4564]],[[-87.2949,15.4435],[-87.2237,15.4272],[-87.1825,15.4266]],[[-87.3052,15.4433],[-87.2949,15.4435]]]}},{"type":"Feature","properties":{},"geometry":{"type":"MultiLineString","coordinates":[[[-87.7778,15.574],[-87.7713,15.5778],[-87.772,15.5812],[-87.7646,15.6069],[-87.7622,15.6102],[-87.7773,15.6332],[-87.8034,15.6536],[-87.8197,15.6716],[-87.8055,15.6879],[-87.8235,15.6915],[-87.818,15.7014],[-87.7876,15.721]],[[-87.7939,15.5777],[-87.7908,15.5771],[-87.7849,15.5749],[-87.7778,15.574]],[[-87.8164,15.4516],[-87.8135,15.4691],[-87.8186,15.4823],[-87.8275,15.4945],[-87.8309,15.5085],[-87.8199,15.5271],[-87.8098,15.5337],[-87.8045,15.5478],[-87.8004,15.5641],[-87.7939,15.5777]],[[-87.8463,15.4605],[-87.8351,15.4603],[-87.8244,15.453],[-87.8164,15.4516]],[[-87.9307,15.2373],[-87.9351,15.2448],[-87.9265,15.2591],[-87.9284,15.2697],[-87.9255,15.2761],[-87.9241,15.2829],[-87.9241,15.2898],[-87.9258,15.2964],[-87.9137,15.3088],[-87.9111,15.3135],[-87.9113,15.317],[-87.9126,15.3203],[-87.9133,15.3234],[-87.9116,15.3266],[-87.9069,15.3289],[-87.8936,15.3325],[-87.8876,15.3358],[-87.8786,15.3427],[-87.8739,15.345],[-87.87,15.348],[-87.863,15.3564],[-87.8385,15.3961],[-87.8239,15.4081],[-87.8202,15.4163],[-87.8238,15.43],[-87.8337,15.4397],[-87.846,15.4459],[-87.8527,15.4517],[-87.8463,15.4605]],[[-87.9184,15.1878],[-87.9231,15.1908],[-87.923,15.1949],[-87.9198,15.2047],[-87.9206,15.2116],[-87.9172,15.2258],[-87.9175,15.2378],[-87.9184,15.2391],[-87.921,15.2405]],[[-87.921,15.2405],[-87.9269,15.2378],[-87.9307,15.2373]],[[-87.8369,15.1596],[-87.8426,15.1604],[-87.8451,15.1652],[-87.8461,15.1693],[-87.8487,15.1738],[-87.8531,15.1782],[-87.8679,15.1894],[-87.8787,15.1918],[-87.8978,15.1933]],[[-87.8978,15.1933],[-87.9184,15.1878]],[[-87.7834,15.1369],[-87.7884,15.1375],[-87.7941,15.1396],[-87.7965,15.1492],[-87.7998,15.1534],[-87.811,15.1537],[-87.8144,15.1548],[-87.8179,15.158],[-87.8222,15.1599]],[[-87.8222,15.1599],[-87.8369,15.1596]],[[-87.7359,15.0166],[-87.7413,15.0615],[-87.7401,15.0679],[-87.7374,15.0752],[-87.7338,15.0777],[-87.7322,15.0815],[-87.7323,15.0865],[-87.7333,15.0944],[-87.7373,15.1046],[-87.7384,15.1111],[-87.7677,15.1397]],[[-87.7677,15.1397],[-87.7834,15.1369]]]}},{"type":"Feature","properties":{},"geometry":{"type":"MultiLineString","coordinates":[[[-87.5483,15.0576],[-87.5436,15.0565],[-87.5376,15.0541],[-87.5247,15.0455],[-87.5168,15.0377],[-87.5064,15.0226],[-87.5032,15.0139],[-87.5005,15.0016],[-87.4987,14.9972],[-87.4964,14.9935],[-87.4916,14.9893],[-87.4867,14.9858],[-87.4771,14.9826],[-87.4732,14.9802],[-87.4691,14.9746],[-87.4638,14.972],[-87.4607,14.9659],[-87.4594,14.961],[-87.4603,14.9516],[-87.4601,14.947],[-87.4587,14.9414],[-87.4556,14.9343],[-87.4546,14.9299],[-87.4518,14.9237],[-87.4517,14.9214],[-87.452,14.9188],[-87.452,14.9165],[-87.4494,14.9139],[-87.4443,14.9109],[-87.4336,14.9088],[-87.4186,14.9085]],[[-87.6312,15.0166],[-87.5874,15.0263],[-87.5839,15.0347],[-87.5547,15.0556],[-87.5513,15.057],[-87.5483,15.0576]],[[-87.6423,15.0179],[-87.6312,15.0166]],[[-87.7359,15.0166],[-87.6423,15.0179]],[[-87.3747,14.9388],[-87.3507,14.9373],[-87.3149,14.928],[-87.3106,14.9258],[-87.3029,14.9196],[-87.2972,14.9167]],[[-87.4186,14.9085],[-87.3941,14.9208],[-87.3747,14.9388]],[[-87.2852,14.9242],[-87.279,14.923],[-87.2727,14.9213],[-87.2458,14.8977]],[[-87.2972,14.9167],[-87.2917,14.9183],[-87.2852,14.9242]]]}},{"type":"Feature","properties":{},"geometry":{"type":"MultiLineString","coordinates":[[[-86.3759,15.6783],[-86.3796,15.6785],[-86.3849,15.6811],[-86.3943,15.6844],[-86.3974,15.6897],[-86.4088,15.7142],[-86.4177,15.7229],[-86.4321,15.7345],[-86.4383,15.7419],[-86.4415,15.75],[-86.4433,15.7641],[-86.4447,15.7703],[-86.4464,15.7755],[-86.4472,15.7791],[-86.4463,15.7814],[-86.4448,15.7822],[-86.4377,15.7826],[-86.4379,15.7908]],[[-86.4209,15.5828],[-86.399,15.5955],[-86.3755,15.6044],[-86.366,15.6136],[-86.3617,15.6265],[-86.3619,15.6489],[-86.3635,15.6722],[-86.366,15.6755],[-86.3695,15.6789]],[[-86.3695,15.6789],[-86.3759,15.6783]]]}},{"type":"Feature","properties":{},"geometry":{"type":"MultiLineString","coordinates":[[[-86.4209,15.5828],[-86.3912,15.5597],[-86.3798,15.5462],[-86.3774,15.5424],[-86.3723,15.5407],[-86.3621,15.5399]],[[-86.3141,15.5418],[-86.2888,15.5356]],[[-86.3621,15.5399],[-86.3141,15.5418]],[[-86.283,15.5358],[-86.2807,15.5353],[-86.2779,15.5341],[-86.2754,15.5327],[-86.2725,15.5303],[-86.2691,15.5262],[-86.2663,15.5243],[-86.2635,15.5233],[-86.2602,15.5228],[-86.2578,15.5217],[-86.2557,15.5201],[-86.2543,15.5188],[-86.2529,15.5187]],[[-86.2888,15.5356],[-86.283,15.5358]],[[-86.2476,15.5241],[-86.2433,15.5235],[-86.2403,15.5209],[-86.2374,15.5125],[-86.2356,15.4993],[-86.2417,15.4544],[-86.2411,15.4493],[-86.2344,15.4361],[-86.2329,15.4098]],[[-86.2529,15.5187],[-86.2518,15.5201],[-86.2502,15.5227],[-86.2476,15.5241]]]}},{"type":"Feature","properties":{},"geometry":{"type":"MultiLineString","coordinates":[[[-87.2458,14.8977],[-87.2284,14.89],[-87.2247,14.8869],[-87.2194,14.8815],[-87.2183,14.8743],[-87.2083,14.8595],[-87.2245,14.8475],[-87.2454,14.8455],[-87.2484,14.8446],[-87.2514,14.8418],[-87.2545,14.8366],[-87.2573,14.8269],[-87.2582,14.8113],[-87.2536,14.7957],[-87.2494,14.7618],[-87.2554,14.7383],[-87.2662,14.7108],[-87.267,14.7065],[-87.266,14.705],[-87.2661,14.7031],[-87.2681,14.7008],[-87.2755,14.6957],[-87.2804,14.6934],[-87.2851,14.6916],[-87.2887,14.6907],[-87.292,14.6893],[-87.3007,14.6829],[-87.3063,14.6811],[-87.31,14.6806],[-87.3123,14.6793],[-87.3133,14.6764],[-87.3138,14.6703],[-87.3151,14.6676],[-87.3187,14.6666]],[[-87.3187,14.6666],[-87.3206,14.6679],[-87.3221,14.6696],[-87.3237,14.6706]],[[-87.3237,14.6706],[-87.3251,14.6696],[-87.3258,14.666],[-87.3242,14.6584],[-87.3235,14.6527],[-87.3235,14.6473],[-87.3271,14.6335],[-87.3421,14.6078]],[[-87.3742,14.6197],[-87.3777,14.6199],[-87.3819,14.6208],[-87.3864,14.6226],[-87.3906,14.6249],[-87.3952,14.6265],[-87.3987,14.6268]],[[-87.3987,14.6268],[-87.402,14.6247],[-87.4037,14.6207],[-87.4034,14.6059],[-87.404,14.6001],[-87.4054,14.5946],[-87.406,14.5895],[-87.415,14.5715],[-87.4659,14.5222],[-87.463,14.5068],[-87.4605,14.499],[-87.4563,14.4896],[-87.4511,14.4824],[-87.4352,14.4721],[-87.4119,14.4519],[-87.409,14.4482],[-87.407,14.4436],[-87.4074,14.434],[-87.4099,14.4298],[-87.4132,14.427],[-87.4124,14.4238],[-87.4107,14.4211],[-87.3863,14.4026],[-87.3827,14.3953],[-87.3932,14.374],[-87.4194,14.3395],[-87.4246,14.336],[-87.432,14.3333]],[[-87.3421,14.6078],[-87.3532,14.6084],[-87.3573,14.6092],[-87.3613,14.6105],[-87.3646,14.612],[-87.3659,14.6139],[-87.367,14.618],[-87.3684,14.6196],[-87.3711,14.6199]],[[-87.3711,14.6199],[-87.3742,14.6197]],[[-87.432,14.3333],[-87.4443,14.3392],[-87.4501,14.3401]],[[-87.4501,14.3401],[-87.4547,14.3399],[-87.4593,14.338],[-87.4621,14.3323],[-87.4639,14.3216],[-87.462,14.2822],[-87.4599,14.2718],[-87.4566,14.2657],[-87.4506,14.2593],[-87.4449,14.2542],[-87.4404,14.2512],[-87.4371,14.2497],[-87.4337,14.2486],[-87.4314,14.2473],[-87.4299,14.2455],[-87.4269,14.2393],[-87.4257,14.2349],[-87.4255,14.2291],[-87.4296,14.2227],[-87.4371,14.2189],[-87.4632,14.2132],[-87.4829,14.2011],[-87.4935,14.1799],[-87.4943,14.1744],[-87.5007,14.1667],[-87.5126,14.1596],[-87.5412,14.1468],[-87.5733,14.1433]],[[-87.5733,14.1433],[-87.5795,14.1435]],[[-87.5795,14.1435],[-87.5857,14.1403],[-87.5934,14.1338],[-87.6143,14.1091],[-87.6152,14.0885]]]}},{"type":"Feature","properties":{},"geometry":{"type":"MultiLineString","coordinates":[[[-87.1194,15.0319],[-87.1097,15.0313],[-87.0981,15.0291],[-87.0901,15.0251],[-87.0747,15.0209]],[[-87.2458,14.8977],[-87.2266,14.9239],[-87.2203,14.9378],[-87.2101,14.9523],[-87.1902,14.9691],[-87.1869,14.9746],[-87.1855,14.9805],[-87.1842,15.001],[-87.1848,15.0114],[-87.167,15.026],[-87.1194,15.0319]],[[-87.021,15.0231],[-86.9875,15.0159]],[[-87.0747,15.0209],[-87.021,15.0231]]]}},{"type":"Feature","properties":{},"geometry":{"type":"MultiLineString","coordinates":[[[-86.3853,15.328],[-86.372,15.3294],[-86.3461,15.3416],[-86.2905,15.3742],[-86.2776,15.3785],[-86.2329,15.4098]],[[-86.503,15.3893],[-86.4792,15.3823],[-86.4647,15.3747],[-86.452,15.3664],[-86.4428,15.3585],[-86.4345,15.3499],[-86.4297,15.3428],[-86.4266,15.3368],[-86.4204,15.3319],[-86.4091,15.3283],[-86.3853,15.328]],[[-86.6188,15.3388],[-86.6113,15.3415],[-86.5265,15.3862],[-86.5141,15.3892],[-86.503,15.3893]],[[-86.6329,15.3409],[-86.6288,15.3404],[-86.6241,15.3391],[-86.6188,15.3388]],[[-86.7188,15.2668],[-86.7006,15.2669],[-86.6927,15.2686],[-86.6864,15.2719],[-86.6763,15.2793],[-86.6664,15.2823],[-86.6597,15.2966],[-86.6518,15.3059],[-86.6419,15.3313],[-86.6382,15.3372],[-86.6329,15.3409]],[[-86.7687,15.2953],[-86.7381,15.2709],[-86.7297,15.2687],[-86.7188,15.2668]],[[-86.9513,15.046],[-86.921,15.054],[-86.901,15.0715],[-86.8862,15.0816],[-86.8807,15.0906],[-86.8792,15.0983],[-86.879,15.1046],[-86.8782,15.1111],[-86.8758,15.1181],[-86.8715,15.1272],[-86.8645,15.138],[-86.8624,15.1438],[-86.8626,15.1476],[-86.8632,15.1516],[-86.863,15.1546],[-86.8551,15.1716],[-86.8629,15.2319],[-86.8621,15.2401],[-86.8589,15.2536],[-86.8555,15.2577],[-86.8514,15.2606],[-86.8446,15.262],[-86.8297,15.2698],[-86.8262,15.2711],[-86.8177,15.2773],[-86.8153,15.2854],[-86.7687,15.2953]],[[-86.9635,15.0476],[-86.9591,15.0475],[-86.9513,15.046]],[[-86.9875,15.0159],[-86.9733,15.0406],[-86.9696,15.0438],[-86.9635,15.0476]]]}},{"type":"Feature","properties":{},"geometry":{"type":"MultiLineString","coordinates":[[[-85.7641,15.585],[-85.7591,15.5843],[-85.7524,15.5815],[-85.7456,15.5758],[-85.7359,15.5719]],[[-85.8369,15.52],[-85.8173,15.5319],[-85.7958,15.5487],[-85.7879,15.5578],[-85.7846,15.565],[-85.7863,15.5743],[-85.7641,15.585]],[[-85.7094,15.5815],[-85.6883,15.5772],[-85.6077,15.5349],[-85.5052,15.4495],[-85.3959,15.4089],[-85.3604,15.3811],[-85.3071,15.3053],[-85.2493,15.2366],[-85.2326,15.2267],[-85.0927,15.1668],[-85.0596,15.1371],[-84.9999,15.0687]],[[-85.7359,15.5719],[-85.7278,15.5733],[-85.7178,15.577],[-85.7094,15.5815]],[[-85.8731,15.5314],[-85.8663,15.5303],[-85.8596,15.528],[-85.8479,15.5206],[-85.8369,15.52]],[[-86.0383,15.3904],[-86.0317,15.3904],[-86.0275,15.3966],[-85.9699,15.4267],[-85.9091,15.4842],[-85.8846,15.5231],[-85.8799,15.5286],[-85.8731,15.5314]],[[-86.2329,15.4098],[-86.1716,15.3781],[-86.1486,15.373]],[[-86.0633,15.3967],[-86.0537,15.3959],[-86.0455,15.3936],[-86.0383,15.3904]],[[-86.1486,15.373],[-86.1257,15.3782],[-86.1068,15.3873],[-86.0902,15.3904],[-86.0813,15.3942],[-86.0633,15.3967]]]}},{"type":"Feature","properties":{},"geometry":{"type":"LineString","coordinates":[[-86.9875,15.0159],[-86.985,15.0048],[-86.981,14.9981],[-86.9707,14.9859],[-86.9616,14.9773],[-86.9381,14.9653],[-86.9267,14.9535],[-86.9122,14.9461],[-86.9084,14.9429],[-86.9061,14.9402],[-86.9155,14.9325],[-86.9236,14.9054],[-86.9333,14.8973],[-86.9273,14.8763],[-86.9237,14.8691],[-86.917,14.8583],[-86.9124,14.8477],[-86.9099,14.8207],[-86.9072,14.8099],[-86.8995,14.7991],[-86.8914,14.7622],[-86.8602,14.6876],[-86.8483,14.6659],[-86.835,14.6515],[-86.8261,14.6445],[-86.8066,14.6398],[-86.7973,14.6303],[-86.7625,14.5988],[-86.7437,14.5753],[-86.7444,14.5575],[-86.7486,14.5414],[-86.7475,14.533],[-86.7451,14.5237],[-86.7347,14.5076],[-86.7311,14.5004],[-86.7293,14.4853],[-86.7261,14.4716],[-86.7136,14.4378],[-86.7142,14.4238]]}},{"type":"Feature","properties":{},"geometry":{"type":"MultiLineString","coordinates":[[[-86.9332,14.1378],[-86.9122,14.1408],[-86.9019,14.161],[-86.903,14.1648],[-86.9069,14.1696],[-86.9124,14.1727],[-86.9207,14.1749],[-86.9219,14.1786],[-86.9199,14.1836],[-86.9089,14.1987],[-86.8969,14.2299],[-86.8481,14.2717],[-86.8291,14.305],[-86.8217,14.3378],[-86.7889,14.3683],[-86.7142,14.4238]],[[-86.9492,14.1408],[-86.9332,14.1378]],[[-86.9546,13.9584],[-86.9383,13.9669],[-86.9267,13.979],[-86.916,13.9993],[-86.9123,14.0389],[-86.9142,14.05],[-86.9171,14.0562],[-86.9247,14.0604],[-86.9522,14.0803],[-86.9783,14.1147],[-86.9843,14.1326],[-86.963,14.1408],[-86.9492,14.1408]],[[-86.9893,13.9645],[-86.9546,13.9584]],[[-87.0512,13.7752],[-87.0355,13.7754],[-87.0305,13.779],[-87.0139,13.8004],[-86.9951,13.8459],[-86.991,13.8919],[-86.9925,13.9116],[-86.9899,13.9245],[-86.985,13.9343],[-86.9842,13.9428],[-86.9852,13.9501],[-86.9893,13.9645]],[[-87.1215,13.8103],[-87.1065,13.8035],[-87.0838,13.7837],[-87.0757,13.7797],[-87.0512,13.7752]],[[-87.1302,13.66],[-87.1298,13.6643],[-87.127,13.6816],[-87.1195,13.6976],[-87.1116,13.7083],[-87.1112,13.724],[-87.1226,13.7446],[-87.1287,13.7521],[-87.1315,13.7627],[-87.1323,13.7768],[-87.1317,13.7909],[-87.1299,13.7987],[-87.1282,13.8025],[-87.1215,13.8103]],[[-87.1827,13.6811],[-87.1348,13.6609],[-87.1302,13.66]],[[-87.2142,13.6711],[-87.1827,13.6811]]]}},{"type":"Feature","properties":{},"geometry":{"type":"MultiLineString","coordinates":[[[-86.7142,14.4238],[-86.6713,14.4064],[-86.6657,14.4055]],[[-86.6389,14.4111],[-86.6351,14.4104],[-86.6307,14.4081],[-86.6206,14.3967],[-86.6157,14.3865],[-86.6119,14.3824],[-86.6073,14.3811]],[[-86.6657,14.4055],[-86.6557,14.4065],[-86.6526,14.4081],[-86.6494,14.4095],[-86.6389,14.4111]],[[-86.6,14.3824],[-86.5789,14.3801],[-86.5229,14.3649],[-86.5026,14.3451],[-86.499,14.3428],[-86.4758,14.3366],[-86.4571,14.3232],[-86.4525,14.318],[-86.4478,14.3115],[-86.4421,14.2977],[-86.4374,14.2938],[-86.4282,14.2908],[-86.3545,14.2864]],[[-86.6073,14.3811],[-86.6,14.3824]],[[-86.2325,14.3414],[-86.2066,14.341],[-86.1937,14.3385],[-86.1849,14.334],[-86.176,14.3236],[-86.1492,14.2764],[-86.1422,14.2689],[-86.1138,14.2586],[-86.0885,14.2529]],[[-86.3545,14.2864],[-86.3429,14.2881],[-86.3357,14.291],[-86.3131,14.3047],[-86.3036,14.3133],[-86.2987,14.3169],[-86.293,14.3194],[-86.2873,14.3212],[-86.2766,14.3276],[-86.262,14.3347],[-86.2428,14.3401],[-86.2325,14.3414]],[[-86.0623,14.2729],[-86.0579,14.2728],[-86.0403,14.2689],[-86.0296,14.2634],[-86.0193,14.2546],[-86.0068,14.2346],[-86.0008,14.2215],[-85.997,14.2078],[-85.9953,14.1987],[-85.9905,14.191],[-85.9827,14.1845],[-85.9444,14.1675],[-85.9245,14.1418],[-85.9131,14.1328],[-85.9063,14.1313]],[[-86.0885,14.2529],[-86.0801,14.2534],[-86.0762,14.2573],[-86.0727,14.2657],[-86.07,14.269],[-86.0666,14.2717],[-86.0623,14.2729]],[[-85.7575,14.1987],[-85.7101,14.1887],[-85.6721,14.1771],[-85.6652,14.1764]],[[-85.7905,14.1651],[-85.7844,14.1666],[-85.7798,14.1704],[-85.768,14.1936],[-85.7637,14.1979],[-85.7575,14.1987]],[[-85.6554,14.186],[-85.6469,14.1834],[-85.6313,14.1703],[-85.6216,14.1597],[-85.6155,14.1474],[-85.6114,14.1265],[-85.6114,14.1148],[-85.6097,14.1049],[-85.6058,14.0972],[-85.5959,14.0896],[-85.5878,14.0852],[-85.5801,14.0793],[-85.5756,14.075],[-85.5633,14.0423],[-85.5631,14.042]],[[-85.6652,14.1764],[-85.6622,14.1774],[-85.6603,14.1849],[-85.6554,14.186]],[[-85.8365,14.183],[-85.8268,14.1814],[-85.8136,14.1725],[-85.8037,14.1675],[-85.7905,14.1651]],[[-85.9063,14.1313],[-85.8927,14.1319],[-85.8854,14.1344],[-85.8802,14.1381],[-85.8775,14.1423],[-85.8764,14.1468],[-85.8755,14.1571],[-85.8737,14.1618],[-85.8713,14.1655],[-85.8678,14.1684],[-85.8575,14.173],[-85.853,14.1758],[-85.8492,14.1793],[-85.8449,14.182],[-85.8365,14.183]]]}},{"type":"Feature","properties":{},"geometry":{"type":"MultiLineString","coordinates":[[[-87.401,13.755],[-87.4122,13.7575],[-87.4239,13.7606]],[[-87.4239,13.7606],[-87.4433,13.7603],[-87.4544,13.7569],[-87.4575,13.7454],[-87.4599,13.7195],[-87.4654,13.6978],[-87.4652,13.6835],[-87.4611,13.6702]],[[-87.3601,13.6901],[-87.3736,13.7028],[-87.3928,13.7211],[-87.3948,13.7339],[-87.3876,13.7509],[-87.3867,13.7551],[-87.3907,13.7561]],[[-87.3907,13.7561],[-87.3965,13.756],[-87.401,13.755]],[[-87.2977,13.6843],[-87.3075,13.6888],[-87.3195,13.6949]],[[-87.3195,13.6949],[-87.3601,13.6901]],[[-87.2142,13.6711],[-87.2634,13.6884]],[[-87.2634,13.6884],[-87.2977,13.6843]]]}},{"type":"Feature","properties":{},"geometry":{"type":"MultiLineString","coordinates":[[[-86.816,13.6806],[-86.8092,13.6819],[-86.8012,13.6943],[-86.7942,13.7001],[-86.7862,13.7015],[-86.7719,13.7076],[-86.7712,13.7079]],[[-86.8236,13.681],[-86.816,13.6806]],[[-86.8874,13.6519],[-86.8488,13.6764],[-86.8407,13.6794],[-86.8236,13.681]],[[-87.2142,13.6711],[-87.2241,13.6286],[-87.2173,13.6158],[-87.2063,13.6122],[-87.1976,13.6029],[-87.1913,13.5975],[-87.1869,13.5786],[-87.1843,13.5663],[-87.1701,13.5582],[-87.124,13.5556],[-87.1156,13.5491],[-87.1151,13.5397],[-87.1066,13.5209],[-87.0889,13.5073],[-87.0766,13.5058]],[[-86.9329,13.6606],[-86.9261,13.6587],[-86.9211,13.6565]],[[-87.0766,13.5058],[-87.0699,13.5081],[-87.0392,13.5255],[-87.0165,13.5507],[-87.0142,13.5657],[-87.0106,13.5738],[-86.9995,13.5839],[-86.9847,13.5884],[-86.9769,13.5933],[-86.966,13.6019],[-86.95,13.6187],[-86.9425,13.6295],[-86.9379,13.6389],[-86.9351,13.6572],[-86.9329,13.6606]],[[-86.8914,13.6592],[-86.8874,13.6519]],[[-86.9211,13.6565],[-86.8914,13.6592]]]}},{"type":"Feature","properties":{},"geometry":{"type":"LineString","coordinates":[[-84.9999,15.0687],[-84.9999,15.9879]]}},{"type":"Feature","properties":{},"geometry":{"type":"LineString","coordinates":[[-84.9999,15.0687],[-84.9999,14.981],[-84.9999,14.7428],[-84.9999,14.742]]}},{"type":"Feature","properties":{},"geometry":{"type":"MultiLineString","coordinates":[[[-87.6961,14.3555],[-87.7043,14.3577],[-87.715,14.3585],[-87.7353,14.3656],[-87.746,14.3713],[-87.7765,14.3772],[-87.7794,14.3783],[-87.7887,14.3879],[-87.7895,14.3899],[-87.8291,14.4004],[-87.8429,14.4143],[-87.8531,14.4291]],[[-87.6686,14.2636],[-87.6529,14.2669],[-87.6441,14.2704],[-87.6395,14.2737],[-87.6299,14.2856],[-87.6266,14.2986],[-87.6349,14.3064],[-87.6282,14.3171],[-87.6316,14.3364],[-87.6345,14.3442],[-87.6466,14.3698],[-87.6512,14.3734]],[[-87.6512,14.3734],[-87.6961,14.3555]],[[-87.6837,14.2657],[-87.6686,14.2636]],[[-87.7559,14.239],[-87.7401,14.2412],[-87.7277,14.2441],[-87.7061,14.2517],[-87.6968,14.2561],[-87.6837,14.2657]],[[-87.7759,14.2406],[-87.7559,14.239]],[[-87.8132,14.2317],[-87.7759,14.2406]],[[-87.8207,14.2342],[-87.8191,14.2341],[-87.8132,14.2317]],[[-87.6896,14.051],[-87.6907,14.0848],[-87.6966,14.0952],[-87.7037,14.1042],[-87.7143,14.1098],[-87.7319,14.1244],[-87.7428,14.1307],[-87.7541,14.135],[-87.7643,14.1369],[-87.781,14.1431],[-87.7846,14.1467],[-87.7858,14.1506],[-87.7843,14.1556],[-87.7821,14.1597],[-87.7771,14.1754],[-87.7911,14.1914],[-87.8256,14.2055],[-87.8287,14.2253],[-87.8258,14.2322],[-87.8236,14.2337],[-87.8207,14.2342]],[[-87.6152,14.0885],[-87.6506,14.085],[-87.6636,14.0757],[-87.6896,14.051]]]}},{"type":"Feature","properties":{},"geometry":{"type":"LineString","coordinates":[[-87.647,13.8342],[-87.6194,13.8688],[-87.6115,13.8922],[-87.6088,13.8962],[-87.606,13.9029],[-87.5983,13.9382],[-87.5966,13.9573],[-87.6152,14.0885]]}},{"type":"Feature","properties":{},"geometry":{"type":"MultiLineString","coordinates":[[[-88.1004,14.6493],[-88.0934,14.6545],[-88.075,14.6648]],[[-88.1632,14.6586],[-88.1296,14.652],[-88.1004,14.6493]],[[-88.266,14.6488],[-88.2075,14.6548],[-88.1632,14.6586]],[[-88.3438,14.6543],[-88.266,14.6488]]]}},{"type":"Feature","properties":{},"geometry":{"type":"LineString","coordinates":[[-87.8531,14.4291],[-87.849,14.4328],[-87.8481,14.4351],[-87.8478,14.4382],[-87.8482,14.4418],[-87.8558,14.456],[-87.8879,14.4955],[-87.8997,14.5065],[-87.8988,14.5159],[-87.899,14.526],[-87.9027,14.5303],[-87.909,14.5352],[-87.9333,14.5469],[-87.941,14.5531],[-87.9474,14.5654],[-87.9496,14.5718],[-87.9506,14.5822],[-87.9516,14.5859],[-87.9598,14.6009],[-87.9691,14.6131],[-87.9873,14.6195],[-88.0042,14.6316],[-88.0387,14.6403],[-88.0462,14.6412],[-88.0561,14.6442],[-88.0613,14.6465],[-88.075,14.6648]]}},{"type":"Feature","properties":{},"geometry":{"type":"MultiLineString","coordinates":[[[-87.8531,14.4291],[-87.8977,14.397],[-87.9096,14.3905],[-87.922,14.3854],[-87.9325,14.3853]],[[-87.9325,14.3853],[-87.9404,14.387],[-87.9472,14.3896]],[[-87.9472,14.3896],[-87.9521,14.3893],[-87.9551,14.3839],[-87.9574,14.3706],[-87.9533,14.3401],[-87.9694,14.3104],[-87.9747,14.3038],[-87.9843,14.2973],[-87.9962,14.2928],[-88.0023,14.2879],[-88.0059,14.2753],[-88.0052,14.2677],[-88.0135,14.2537],[-88.0554,14.2522],[-88.0897,14.2244],[-88.106,14.2083],[-88.1146,14.1876],[-88.1229,14.176],[-88.1256,14.1734],[-88.1544,14.1594],[-88.1652,14.1495],[-88.2197,14.0907],[-88.226,14.0852]],[[-88.226,14.0852],[-88.2296,14.0864]],[[-88.2296,14.0864],[-88.2322,14.0836],[-88.2322,14.0787],[-88.2257,14.0687],[-88.2193,14.0622],[-88.2103,14.0434],[-88.2192,13.9934],[-88.2177,13.9909],[-88.2177,13.9908]]]}},{"type":"Feature","properties":{},"geometry":{"type":"MultiLineString","coordinates":[[[-87.647,13.8342],[-87.6473,13.8048],[-87.6494,13.7612],[-87.6419,13.7499],[-87.601,13.7227],[-87.5703,13.7169]],[[-87.552,13.7187],[-87.5484,13.7173],[-87.5437,13.7145],[-87.5407,13.711],[-87.5051,13.6846],[-87.479,13.6686],[-87.4688,13.6658]],[[-87.5703,13.7169],[-87.552,13.7187]],[[-87.4688,13.6658],[-87.4611,13.6702]]]}},{"type":"Feature","properties":{},"geometry":{"type":"LineString","coordinates":[[-87.3791,13.3932],[-87.379,13.3933],[-87.3587,13.4085],[-87.3478,13.433],[-87.3495,13.4533],[-87.3607,13.4745],[-87.3663,13.4895],[-87.3677,13.4988],[-87.3644,13.5194],[-87.4003,13.5455],[-87.4146,13.5759],[-87.4157,13.5826],[-87.4198,13.5907],[-87.4244,13.598],[-87.4218,13.6378],[-87.4263,13.6445],[-87.4331,13.6493],[-87.4415,13.6536],[-87.4591,13.6679],[-87.4611,13.6702]]}},{"type":"Feature","properties":{},"geometry":{"type":"MultiLineString","coordinates":[[[-87.6684,13.8342],[-87.6929,13.8499]],[[-87.6929,13.8499],[-87.7341,13.8484],[-87.7495,13.8456]],[[-87.647,13.8342],[-87.6684,13.8342]]]}},{"type":"Feature","properties":{},"geometry":{"type":"MultiLineString","coordinates":[[[-88.7305,14.5488],[-88.7213,14.5453],[-88.7187,14.5434],[-88.7153,14.5281],[-88.7414,14.4538],[-88.7438,14.4422],[-88.7471,14.4381],[-88.7527,14.4332],[-88.7606,14.4288],[-88.7896,14.4194]],[[-88.7896,14.4194],[-88.8107,14.4224],[-88.8174,14.4269]],[[-88.8174,14.4269],[-88.8195,14.4266],[-88.8209,14.4242],[-88.8232,14.4149],[-88.8235,14.408],[-88.823,14.4032],[-88.8106,14.3868],[-88.8364,14.3864]],[[-88.8364,14.3864],[-88.8479,14.3914],[-88.8533,14.3965],[-88.8629,14.4077],[-88.8701,14.4078]],[[-88.8701,14.4078],[-88.8756,14.4059],[-88.878,14.3961],[-88.8792,14.3832],[-88.8855,14.3693],[-88.8907,14.3608],[-88.9234,14.346],[-88.9394,14.3442],[-88.946,14.3398],[-88.9521,14.3329],[-88.9608,14.3192],[-88.9668,14.3126],[-88.9739,14.3068],[-88.9779,14.3014],[-88.9789,14.2938],[-88.9712,14.2693],[-88.9691,14.237],[-88.9702,14.2102]]]}},{"type":"Feature","properties":{},"geometry":{"type":"MultiLineString","coordinates":[[[-88.4873,14.8119],[-88.5056,14.8344],[-88.5332,14.8784],[-88.5551,14.9348],[-88.6017,14.9417]],[[-88.6017,14.9417],[-88.6093,14.9377],[-88.6446,14.9274]],[[-88.4078,14.8306],[-88.4202,14.8476],[-88.4224,14.8498],[-88.4336,14.8545]],[[-88.4336,14.8545],[-88.4423,14.8539],[-88.4536,14.8432],[-88.4637,14.8274],[-88.4796,14.8144],[-88.4873,14.8119]],[[-88.3357,14.7297],[-88.3525,14.7318],[-88.367,14.7395],[-88.383,14.7658],[-88.3888,14.7722],[-88.3605,14.8192],[-88.381,14.8312]],[[-88.381,14.8312],[-88.4078,14.8306]],[[-88.3438,14.6543],[-88.3223,14.6889],[-88.3168,14.7195],[-88.3234,14.7312]],[[-88.3234,14.7312],[-88.3357,14.7297]]]}},{"type":"Feature","properties":{},"geometry":{"type":"MultiLineString","coordinates":[[[-88.6446,14.9274],[-88.6393,14.8958],[-88.6433,14.8693],[-88.6566,14.8598],[-88.6548,14.849],[-88.6569,14.8446],[-88.6641,14.8359],[-88.6695,14.8309],[-88.6738,14.8233],[-88.6763,14.815],[-88.6778,14.8019],[-88.6768,14.787],[-88.6701,14.7759],[-88.6598,14.7536],[-88.6555,14.7355],[-88.655,14.7297],[-88.6559,14.7239],[-88.6637,14.7231],[-88.692,14.7151],[-88.7282,14.7125]],[[-88.7282,14.7125],[-88.7781,14.7182]],[[-88.7781,14.7182],[-88.7928,14.7135],[-88.7947,14.6986],[-88.7941,14.6945],[-88.7833,14.669],[-88.7528,14.6408],[-88.7456,14.6303],[-88.7336,14.6092],[-88.7305,14.5488]]]}},{"type":"Feature","properties":{},"geometry":{"type":"MultiLineString","coordinates":[[[-88.3438,14.6543],[-88.3339,14.636],[-88.3225,14.5732],[-88.3422,14.5382],[-88.3481,14.5193],[-88.3501,14.5076],[-88.3605,14.491],[-88.388,14.4769],[-88.4116,14.4736]],[[-88.4116,14.4736],[-88.457,14.4741]],[[-88.457,14.4741],[-88.4815,14.4668],[-88.4982,14.4564],[-88.5015,14.4486],[-88.4946,14.4071],[-88.4747,14.3811],[-88.4543,14.3637],[-88.4324,14.361],[-88.4288,14.3575],[-88.4224,14.349],[-88.4117,14.2991],[-88.4134,14.281],[-88.423,14.2605],[-88.4239,14.2534],[-88.4215,14.2479],[-88.4167,14.2444],[-88.4112,14.2413],[-88.4047,14.2384],[-88.3986,14.2344],[-88.3927,14.2313],[-88.388,14.2297],[-88.384,14.2295]],[[-88.374,14.2308],[-88.3678,14.2303],[-88.3461,14.2258],[-88.3282,14.2156],[-88.3265,14.2053],[-88.3279,14.2014],[-88.3279,14.1917],[-88.3283,14.1875],[-88.3268,14.1661],[-88.3201,14.122],[-88.3223,14.1079],[-88.3256,14.105],[-88.331,14.0993],[-88.3326,14.0947],[-88.3335,14.0886],[-88.3335,14.0809],[-88.3362,14.0768],[-88.339,14.0752],[-88.3438,14.0741],[-88.353,14.0705],[-88.3753,14.0507],[-88.4312,14.0187],[-88.4635,14.0046],[-88.4801,13.9922],[-88.483,13.9876],[-88.4838,13.985],[-88.4949,13.9704],[-88.4971,13.9691]],[[-88.384,14.2295],[-88.3791,14.2305],[-88.374,14.2308]]]}},{"type":"Feature","properties":{},"geometry":{"type":"LineString","coordinates":[[-72.0527,19.7026],[-72.0565,19.6951]]}},{"type":"Feature","properties":{},"geometry":{"type":"MultiLineString","coordinates":[[[-71.9789,19.3358],[-71.9433,19.3158],[-71.9062,19.2998],[-71.8876,19.2849],[-71.8604,19.2813],[-71.8377,19.2771]],[[-71.7839,19.2755],[-71.75,19.2797],[-71.7495,19.2797]],[[-71.8193,19.2784],[-71.7839,19.2755]],[[-71.8377,19.2771],[-71.8193,19.2784]]]}},{"type":"Feature","properties":{},"geometry":{"type":"MultiLineString","coordinates":[[[-72.2001,19.3019],[-72.2459,19.2409],[-72.2516,19.1685],[-72.2247,19.1431],[-72.2341,19.1218],[-72.2319,19.0975],[-72.2251,19.0679],[-72.2389,19.0171],[-72.2328,18.9671],[-72.2299,18.9406],[-72.2437,18.908],[-72.2474,18.8771],[-72.271,18.8644]],[[-72.271,18.8644],[-72.3184,18.8697]],[[-72.3184,18.8697],[-72.3652,18.867]]]}},{"type":"Feature","properties":{},"geometry":{"type":"LineString","coordinates":[[-73.0125,18.2209],[-73.0144,18.2429],[-73.0145,18.2648],[-73.0017,18.2931],[-72.9977,18.3228]]}},{"type":"Feature","properties":{},"geometry":{"type":"LineString","coordinates":[[-73.0559,18.4584],[-73.0502,18.4473],[-73.0497,18.4352],[-73.0653,18.4102],[-73.063,18.3834],[-73.038,18.3824],[-73.0208,18.3658],[-73.0134,18.3415],[-72.9977,18.3228]]}},{"type":"Feature","properties":{},"geometry":{"type":"MultiLineString","coordinates":[[[-72.5125,18.9578],[-72.536,18.9604],[-72.6115,18.9706],[-72.6753,18.9728]],[[-72.6753,18.9728],[-72.692,18.9612],[-72.706,18.9443],[-72.706,18.9442]],[[-72.3652,18.867],[-72.3886,18.89],[-72.4155,18.9087],[-72.442,18.9188],[-72.4669,18.929],[-72.4769,18.9444],[-72.4877,18.9589]],[[-72.4877,18.9589],[-72.5125,18.9578]]]}},{"type":"Feature","properties":{},"geometry":{"type":"MultiLineString","coordinates":[[[-72.1059,18.7051],[-72.1821,18.73],[-72.2423,18.7865],[-72.2721,18.806],[-72.3063,18.8142],[-72.3391,18.8338],[-72.3652,18.867]],[[-71.7918,18.6807],[-71.7921,18.6811],[-71.7988,18.6889],[-71.8367,18.7103],[-71.8785,18.7207],[-71.9121,18.7322],[-71.9462,18.7435]],[[-71.9462,18.7435],[-72.0267,18.7296],[-72.1059,18.7051]]]}},{"type":"Feature","properties":{},"geometry":{"type":"MultiLineString","coordinates":[[[-72.409,18.3778],[-72.428,18.387],[-72.4543,18.3993],[-72.4903,18.4015]],[[-72.4903,18.4015],[-72.5234,18.3867],[-72.5482,18.3585],[-72.5582,18.3512],[-72.5703,18.3508],[-72.5949,18.3408],[-72.618,18.3381],[-72.6313,18.3365],[-72.6426,18.3273],[-72.6618,18.3249],[-72.6812,18.3242],[-72.6928,18.3146],[-72.7038,18.3048]],[[-72.2713,18.3446],[-72.3541,18.3493],[-72.3679,18.364],[-72.38,18.3799]],[[-72.38,18.3799],[-72.409,18.3778]],[[-72.0127,18.314],[-72.0992,18.3326],[-72.1861,18.3496]],[[-72.1861,18.3496],[-72.2713,18.3446]],[[-72.9713,18.2826],[-72.9833,18.3046],[-72.9977,18.3228]],[[-72.7038,18.3048],[-72.7212,18.3072],[-72.7369,18.3153]],[[-72.7369,18.3153],[-72.7396,18.301],[-72.745,18.2885],[-72.7572,18.2794],[-72.765,18.2653]],[[-71.8095,18.2794],[-71.8613,18.31],[-71.9287,18.315]],[[-71.9287,18.315],[-72.0127,18.314]],[[-71.7211,18.294],[-71.7221,18.2938],[-71.8095,18.2794]],[[-72.8603,18.263],[-72.8818,18.2734],[-72.8931,18.2891],[-72.9079,18.2899],[-72.9235,18.2909]],[[-72.9235,18.2909],[-72.9501,18.2853],[-72.9713,18.2826]],[[-72.765,18.2653],[-72.7981,18.2733],[-72.8321,18.2842]],[[-72.8321,18.2842],[-72.849,18.2745],[-72.8603,18.263]]]}},{"type":"Feature","properties":{},"geometry":{"type":"LineString","coordinates":[[-73.784,18.4247],[-73.766,18.4633],[-73.7437,18.4872],[-73.7602,18.4945],[-73.7651,18.5085],[-73.7477,18.5273],[-73.7394,18.5437],[-73.7394,18.5438]]}},{"type":"Feature","properties":{},"geometry":{"type":"MultiLineString","coordinates":[[[-73.5134,18.334],[-73.5641,18.3463],[-73.5541,18.3678],[-73.5451,18.3851],[-73.5674,18.3958],[-73.5819,18.4128],[-73.5994,18.427],[-73.6267,18.4293]],[[-73.6267,18.4293],[-73.6588,18.4251],[-73.6814,18.407]],[[-73.7516,18.4204],[-73.784,18.4247]],[[-73.6814,18.407],[-73.6984,18.4123],[-73.7184,18.4219]],[[-73.7184,18.4219],[-73.7516,18.4204]],[[-73.2673,18.3598],[-73.3193,18.3666]],[[-73.3193,18.3666],[-73.3506,18.3545],[-73.3865,18.3456]],[[-73.0125,18.2209],[-73.0379,18.254],[-73.046,18.2975],[-73.0779,18.3258],[-73.1159,18.3551],[-73.1401,18.3615]],[[-73.1401,18.3615],[-73.1628,18.355]],[[-73.1628,18.355],[-73.1881,18.3577],[-73.2143,18.3607]],[[-73.2143,18.3607],[-73.2673,18.3598]],[[-73.3865,18.3456],[-73.4181,18.3466]],[[-73.4181,18.3466],[-73.4496,18.3437],[-73.5134,18.334]]]}},{"type":"Feature","properties":{},"geometry":{"type":"LineString","coordinates":[[-73.0125,18.2209],[-73.0101,18.2034],[-73.0069,18.186],[-73.008,18.1811]]}},{"type":"Feature","properties":{},"geometry":{"type":"MultiLineString","coordinates":[[[-73.784,18.4247],[-73.816,18.4161],[-73.8479,18.4079],[-73.8711,18.4078],[-73.8942,18.4073],[-73.908,18.3876],[-73.9063,18.3638]],[[-73.9063,18.3638],[-73.9538,18.3675],[-74.0015,18.3804],[-74.0431,18.3938],[-74.0853,18.4036]],[[-74.0853,18.4036],[-74.1867,18.3959],[-74.287,18.3764],[-74.3417,18.3653],[-74.3971,18.3601]],[[-74.3971,18.3601],[-74.4249,18.3651]],[[-74.4249,18.3651],[-74.4488,18.3627],[-74.4526,18.361],[-74.4526,18.361]]]}},{"type":"Feature","properties":{},"geometry":{"type":"LineString","coordinates":[[-71.9789,19.3358],[-71.9955,19.3873],[-72.046,19.4358],[-72.0646,19.4409],[-72.083,19.4457],[-72.0731,19.4604],[-72.07,19.4869],[-72.087,19.513],[-72.0973,19.5425],[-72.1107,19.5661],[-72.1137,19.5897],[-72.1098,19.6024],[-72.1105,19.6161],[-72.0984,19.6237],[-72.0823,19.6269],[-72.061,19.6565],[-72.0565,19.6951]]}},{"type":"Feature","properties":{},"geometry":{"type":"LineString","coordinates":[[-72.0479,19.712],[-72.0479,19.712],[-72.0527,19.7026]]}},{"type":"Feature","properties":{},"geometry":{"type":"MultiLineString","coordinates":[[[-72.6403,19.745],[-72.6432,19.7673],[-72.6637,19.7826],[-72.6756,19.8068]],[[-72.4467,19.529],[-72.4824,19.543],[-72.5126,19.5661],[-72.5403,19.5919],[-72.5568,19.6327],[-72.5706,19.6724],[-72.5948,19.6823],[-72.6073,19.6994],[-72.5979,19.7332],[-72.6187,19.7478]],[[-72.6187,19.7478],[-72.6403,19.745]],[[-72.2001,19.3019],[-72.2105,19.3288],[-72.2272,19.3573],[-72.232,19.3857],[-72.2268,19.4134],[-72.2436,19.4491],[-72.2838,19.4678],[-72.3224,19.5017],[-72.3272,19.5652],[-72.3465,19.5745],[-72.361,19.5815]],[[-72.361,19.5815],[-72.3782,19.58],[-72.3966,19.5634]],[[-72.3966,19.5634],[-72.4165,19.564]],[[-72.4165,19.564],[-72.4166,19.5381],[-72.4467,19.529]]]}},{"type":"Feature","properties":{},"geometry":{"type":"MultiLineString","coordinates":[[[-72.1395,19.2583],[-72.1201,19.2601],[-72.0509,19.3009],[-71.9789,19.3358]],[[-72.2001,19.3019],[-72.1706,19.2921],[-72.1486,19.2714],[-72.1395,19.2583]]]}},{"type":"Feature","properties":{},"geometry":{"type":"MultiLineString","coordinates":[[[-72.6756,19.8068],[-72.706,19.8108]],[[-72.706,19.8108],[-72.7305,19.7941],[-72.7472,19.785],[-72.7682,19.7798],[-72.8303,19.7296],[-72.9058,19.717]],[[-72.9058,19.717],[-72.9466,19.7242],[-72.9879,19.7274],[-73.0282,19.7368]],[[-73.0282,19.7368],[-73.0668,19.7333],[-73.1138,19.6864],[-73.1218,19.6318],[-73.1208,19.6291]]]}},{"type":"Feature","properties":{},"geometry":{"type":"MultiLineString","coordinates":[[[-72.6221,19.8172],[-72.609,19.8281],[-72.5979,19.838],[-72.5896,19.8441],[-72.5832,19.8562],[-72.5732,19.8703],[-72.5652,19.8757]],[[-72.6586,19.8284],[-72.6426,19.8244],[-72.6327,19.8185],[-72.6221,19.8172]],[[-72.6756,19.8068],[-72.6758,19.8128],[-72.6725,19.8248],[-72.6586,19.8284]]]}},{"type":"Feature","properties":{},"geometry":{"type":"MultiLineString","coordinates":[[[-58.1252,6.0799],[-58.1141,6.0474],[-58.1136,6.0298],[-58.1261,5.9892],[-58.115,5.9715],[-58.1008,5.9651],[-58.0329,5.9428],[-58.0012,5.937],[-57.9932,5.9364],[-57.9509,5.9295],[-57.9465,5.9227],[-57.9395,5.9061],[-57.9284,5.8954],[-57.9095,5.8695],[-57.9029,5.8658],[-57.8943,5.865]],[[-57.6942,5.8715],[-57.683,5.875]],[[-57.7146,5.8721],[-57.6942,5.8715]],[[-57.7524,5.8598],[-57.7447,5.8615],[-57.7216,5.8704],[-57.7146,5.8721]],[[-57.8847,5.8656],[-57.8707,5.8645],[-57.8614,5.8587],[-57.8437,5.841],[-57.836,5.8395]],[[-57.8943,5.865],[-57.8847,5.8656]],[[-57.7975,5.8627],[-57.7524,5.8598]],[[-57.836,5.8395],[-57.8287,5.842],[-57.8228,5.8477],[-57.8174,5.854],[-57.809,5.8591],[-57.7975,5.8627]]]}},{"type":"Feature","properties":{},"geometry":{"type":"LineString","coordinates":[[-58.5811,6.4649],[-58.581,6.4649],[-58.5598,6.4514],[-58.5036,6.3648],[-58.4909,6.3503],[-58.4807,6.3406],[-58.4399,6.3153],[-58.4013,6.2719],[-58.3892,6.2484],[-58.3832,6.2318],[-58.381,6.2216],[-58.3799,6.2129],[-58.3799,6.2063],[-58.379,6.2],[-58.3626,6.1439],[-58.3625,6.1385],[-58.3638,6.1298],[-58.3604,6.1274],[-58.3551,6.1266],[-58.311,6.1239],[-58.2998,6.1205],[-58.2921,6.1172],[-58.2747,6.1059]]}},{"type":"Feature","properties":{},"geometry":{"type":"MultiLineString","coordinates":[[[-58.1799,6.1151],[-58.1463,6.0852],[-58.1399,6.0819],[-58.1252,6.0799]],[[-58.2484,6.0944],[-58.243,6.0947],[-58.235,6.0958],[-58.2173,6.1045],[-58.1799,6.1151]],[[-58.2747,6.1059],[-58.2484,6.0944]]]}},{"type":"Feature","properties":{},"geometry":{"type":"MultiLineString","coordinates":[[[-57.8991,6.5325],[-57.8916,6.5328],[-57.8828,6.5376],[-57.8824,6.5431],[-57.8898,6.5556],[-57.8929,6.5623],[-57.8941,6.569],[-57.8908,6.5954],[-57.8925,6.6041],[-57.8955,6.6128],[-57.9039,6.6284],[-57.9098,6.6426],[-57.913,6.6561],[-57.9144,6.7112],[-57.9139,6.7128]],[[-57.9204,6.5358],[-57.9135,6.5351],[-57.9067,6.5334],[-57.8991,6.5325]],[[-58.1252,6.0799],[-58.1345,6.1279],[-58.1363,6.1804],[-58.1348,6.1958],[-58.1317,6.2073],[-58.0791,6.3444],[-58.0715,6.3575],[-58.0632,6.3676],[-58.0562,6.3727],[-58.0493,6.3763],[-58.0409,6.3825],[-58.0319,6.3917],[-58.0111,6.4227],[-58.0042,6.4309],[-57.9998,6.434],[-57.9952,6.4363],[-57.9818,6.4396],[-57.9523,6.4432],[-57.9449,6.4453],[-57.9366,6.4516],[-57.9325,6.4587],[-57.9298,6.4664],[-57.9286,6.4735],[-57.9283,6.4807],[-57.9291,6.4879],[-57.9373,6.5102],[-57.939,6.5181],[-57.9383,6.5271],[-57.9335,6.5327],[-57.9275,6.5354],[-57.9204,6.5358]]]}},{"type":"Feature","properties":{},"geometry":{"type":"LineString","coordinates":[[-58.2747,6.1059],[-58.2582,6.1318],[-58.2573,6.1449],[-58.2601,6.1552],[-58.2701,6.1792],[-58.2729,6.1897],[-58.2748,6.1946],[-58.2826,6.2074],[-58.2888,6.2218],[-58.2887,6.2284],[-58.2874,6.2342],[-58.2849,6.2387],[-58.2764,6.2511],[-58.27,6.2659],[-58.266,6.2815],[-58.2657,6.2903],[-58.2671,6.297],[-58.2697,6.3013],[-58.2794,6.312],[-58.2913,6.3225],[-58.295,6.3278],[-58.2988,6.336],[-58.3044,6.3526],[-58.306,6.3627],[-58.3058,6.3707],[-58.3046,6.3765],[-58.3029,6.382],[-58.2929,6.4037],[-58.2902,6.4137],[-58.2902,6.4208],[-58.2911,6.4269],[-58.2977,6.4427],[-58.3034,6.4617],[-58.303,6.469],[-58.3015,6.475],[-58.2989,6.4793],[-58.2867,6.4946],[-58.2535,6.5282],[-58.2512,6.5298],[-58.2497,6.531],[-58.2416,6.5423],[-58.1887,6.6446],[-58.1777,6.6724],[-58.1775,6.68],[-58.1785,6.6863],[-58.1855,6.7068],[-58.1891,6.7233],[-58.1907,6.7396],[-58.19,6.7487],[-58.1873,6.7604],[-58.1848,6.7676],[-58.1735,6.8128],[-58.1737,6.8154]]}},{"type":"Feature","properties":{},"geometry":{"type":"LineString","coordinates":[[-58.5196,6.9777],[-58.5385,6.972],[-58.6069,6.9352],[-58.6252,6.921],[-58.6337,6.9086],[-58.6413,6.8598],[-58.6439,6.8511],[-58.6489,6.8419],[-58.6557,6.8373],[-58.6654,6.8354],[-58.6775,6.8349],[-58.6956,6.8297],[-58.7058,6.8233],[-58.7141,6.8151],[-58.7435,6.7695],[-58.7516,6.7617],[-58.7591,6.7565],[-58.7906,6.741],[-58.8336,6.714]]}},{"type":"Feature","properties":{},"geometry":{"type":"LineString","coordinates":[[-59.1544,6.9843],[-59.1554,6.9954],[-59.1756,7.069],[-59.1772,7.083],[-59.1767,7.097],[-59.1745,7.1109],[-59.1188,7.2799],[-59.1132,7.2881],[-59.1051,7.2969],[-59.0794,7.317],[-59.0723,7.3253],[-59.0708,7.3351],[-59.0715,7.343],[-59.0741,7.3506],[-59.078,7.3582],[-59.0969,7.3872],[-59.1004,7.3943],[-59.102,7.4018],[-59.1025,7.4095],[-59.0962,7.4214],[-59.0849,7.4362],[-59.0254,7.4981],[-59.0109,7.5057],[-58.8887,7.5558],[-58.8676,7.5691],[-58.8295,7.6046],[-58.7807,7.6651]]}},{"type":"Feature","properties":{},"geometry":{"type":"LineString","coordinates":[[-58.2822,4.6343],[-58.1147,4.6379],[-58.084,4.6441],[-58.066,4.654],[-58.0265,4.7672],[-58.0115,4.8296],[-57.9955,4.8707],[-57.9702,4.9054],[-57.8724,5.0148],[-57.8232,5.1436],[-57.8026,5.1803],[-57.7701,5.2232],[-57.7461,5.2861],[-57.7303,5.3138],[-57.6984,5.3473],[-57.6924,5.3623],[-57.6879,5.384],[-57.6799,5.4797],[-57.6263,5.7027],[-57.6078,5.7485],[-57.606,5.7562],[-57.6064,5.7651],[-57.6076,5.7738],[-57.623,5.7884],[-57.6364,5.7914],[-57.6523,5.8088],[-57.683,5.875]]}},{"type":"Feature","properties":{},"geometry":{"type":"MultiLineString","coordinates":[[[-57.6382,6.0109],[-57.6329,6.0125],[-57.6285,6.0161],[-57.6235,6.0214],[-57.6027,6.0584],[-57.5978,6.0744],[-57.5974,6.0801],[-57.5985,6.0851],[-57.6011,6.0892],[-57.6083,6.0959],[-57.6125,6.0986],[-57.6163,6.1019],[-57.6186,6.1062],[-57.6265,6.1384],[-57.6276,6.1532],[-57.6254,6.1659],[-57.6214,6.1726],[-57.6159,6.1787],[-57.6108,6.1816],[-57.6055,6.1838],[-57.5944,6.1859],[-57.5883,6.1864],[-57.5542,6.1923],[-57.5397,6.1965],[-57.5293,6.2025],[-57.5245,6.208],[-57.5225,6.2145],[-57.5228,6.2204],[-57.5284,6.2413],[-57.5244,6.2595],[-57.5191,6.271],[-57.5204,6.278]],[[-57.6731,6.0278],[-57.6661,6.0273],[-57.6613,6.0251],[-57.6573,6.0222],[-57.6495,6.0148],[-57.6436,6.0112],[-57.6382,6.0109]],[[-57.683,5.875],[-57.6798,5.9088],[-57.6841,5.9566],[-57.6894,5.9805],[-57.7065,6.008],[-57.6943,6.0198],[-57.6819,6.0253],[-57.6731,6.0278]]]}},{"type":"Feature","properties":{},"geometry":{"type":"LineString","coordinates":[[-58.4399,4.2512],[-58.4252,4.2227],[-58.3644,4.1388],[-58.3239,3.9999],[-58.3233,3.9916],[-58.3241,3.9778],[-58.3313,3.9493],[-58.3312,3.9361],[-58.3292,3.9187],[-58.2978,3.7901],[-58.2901,3.7686],[-58.2822,3.7526],[-58.1891,3.6145],[-58.157,3.5491],[-58.1516,3.5344],[-58.1488,3.5121],[-58.149,3.489],[-58.1146,3.3554],[-58.1145,3.3368],[-58.1195,3.2911],[-58.1169,3.2639],[-58.1112,3.235],[-58.1005,3.2044],[-57.9951,3.0537],[-57.9322,2.905],[-57.9289,2.8857],[-57.9324,2.8783],[-58.0107,2.7728],[-58.0264,2.743],[-58.0285,2.7353],[-58.0305,2.7213],[-58.0309,2.7066],[-58.02,2.5779],[-58.0203,2.5484],[-58.0224,2.5277],[-58.0268,2.5088],[-58.0393,2.4745],[-58.108,2.3416],[-58.2303,2.0]]}},{"type":"Feature","properties":{},"geometry":{"type":"LineString","coordinates":[[-58.8447,5.415],[-58.8036,5.4167],[-58.717,5.4304],[-58.693,5.4376],[-58.6756,5.4554],[-58.6528,5.4993],[-58.6347,5.5405],[-58.6227,5.5811],[-58.6171,5.6234],[-58.6181,5.6923],[-58.6112,5.7562],[-58.6153,5.8194],[-58.6112,5.8419],[-58.5864,5.895],[-58.5732,5.9137],[-58.5703,5.9375],[-58.5702,6.0194],[-58.5731,6.0299],[-58.5839,6.0542],[-58.5845,6.0749],[-58.5702,6.2084],[-58.5731,6.218],[-58.5789,6.227],[-58.5829,6.2351],[-58.5805,6.2426],[-58.5755,6.2495],[-58.5724,6.258],[-58.5708,6.2673],[-58.5702,6.2764],[-58.5736,6.2937],[-58.5976,6.3416],[-58.5998,6.361],[-58.5999,6.4055],[-58.602,6.4166]]}},{"type":"Feature","properties":{},"geometry":{"type":"MultiLineString","coordinates":[[[-58.8336,6.714],[-58.817,6.6851],[-58.814,6.6693],[-58.8198,6.6128],[-58.8241,6.591],[-58.8271,6.556],[-58.8232,6.545],[-58.8186,6.5385],[-58.8129,6.5367],[-58.8005,6.5346],[-58.7505,6.5322],[-58.7391,6.5294],[-58.7289,6.5254],[-58.6694,6.4941],[-58.6602,6.491],[-58.6522,6.4905]],[[-58.6347,6.4957],[-58.6191,6.4895],[-58.617,6.4881]],[[-58.6522,6.4905],[-58.6474,6.4934],[-58.6399,6.4957],[-58.6347,6.4957]]]}},{"type":"Feature","properties":{},"geometry":{"type":"MultiLineString","coordinates":[[[-59.1544,6.9843],[-59.1549,6.9638],[-59.1745,6.9003],[-59.1765,6.8836],[-59.1733,6.8718],[-59.1661,6.8676],[-59.1593,6.8654],[-59.1345,6.8601],[-59.1291,6.8574],[-59.1177,6.85],[-59.1125,6.8476],[-59.0763,6.8342],[-59.0642,6.8321],[-59.051,6.8314]],[[-58.9915,6.8629],[-58.9649,6.8538],[-58.9554,6.8383],[-58.9541,6.8329],[-58.9505,6.7925],[-58.9443,6.7794],[-58.9367,6.7709],[-58.9279,6.7662],[-58.9099,6.7608],[-58.8948,6.7598]],[[-59.051,6.8314],[-59.0447,6.8318],[-59.0389,6.8328],[-59.0333,6.8345],[-59.0277,6.8377],[-59.0091,6.8568],[-59.0031,6.8617],[-58.9915,6.8629]],[[-58.8628,6.7679],[-58.8544,6.7676],[-58.8496,6.7588],[-58.8491,6.7509],[-58.8336,6.714]],[[-58.8948,6.7598],[-58.8888,6.7606],[-58.8832,6.7619],[-58.871,6.7659],[-58.8628,6.7679]]]}},{"type":"Feature","properties":{},"geometry":{"type":"MultiLineString","coordinates":[[[-59.4727,6.9877],[-59.4809,6.9914],[-59.4866,6.9953],[-59.5691,7.0805],[-59.5761,7.0857],[-59.5825,7.0888],[-59.6866,7.1138],[-59.8317,7.1924],[-59.8417,7.1932]],[[-59.8417,7.1932],[-59.8559,7.1916],[-59.8858,7.1841],[-59.8979,7.178],[-59.9052,7.1718],[-59.9065,7.1662],[-59.9108,7.1536],[-59.9156,7.1464],[-59.929,7.1336],[-59.9348,7.127],[-59.9442,7.113],[-59.9506,7.1066],[-59.9577,7.1018],[-59.9661,7.1003]],[[-60.197,7.0913],[-60.2045,7.0927],[-60.2126,7.0976],[-60.2355,7.1198],[-60.2669,7.1381],[-60.3027,7.1516],[-60.3195,7.156]],[[-60.3195,7.156],[-60.3366,7.1554],[-60.3483,7.1527]],[[-59.9661,7.1003],[-59.9759,7.1012],[-60.0156,7.1155]],[[-60.0156,7.1155],[-60.0311,7.1132],[-60.0396,7.1081],[-60.0452,7.1025],[-60.0488,7.0967],[-60.054,7.09],[-60.0605,7.0831],[-60.0675,7.0769],[-60.0745,7.0721],[-60.0805,7.0695],[-60.0877,7.0681]],[[-60.0877,7.0681],[-60.1229,7.0772],[-60.1543,7.0917],[-60.1721,7.0955],[-60.1833,7.0962]],[[-60.1833,7.0962],[-60.197,7.0913]],[[-59.1544,6.9843],[-59.2082,7.0082],[-59.2533,7.0186],[-59.261,7.0192]],[[-59.261,7.0192],[-59.2686,7.0184],[-59.2798,7.0138],[-59.2852,7.0092],[-59.2888,7.0048],[-59.2907,6.9996],[-59.2944,6.9812],[-59.2975,6.9765],[-59.3099,6.9683],[-59.3307,6.951],[-59.3418,6.9506]],[[-59.3418,6.9506],[-59.3563,6.9531],[-59.4164,6.973],[-59.4306,6.9847],[-59.4373,6.988],[-59.4444,6.9897]],[[-59.4444,6.9897],[-59.4727,6.9877]]]}},{"type":"Feature","properties":{},"geometry":{"type":"LineString","coordinates":[[-58.7351,4.7622],[-58.7206,4.7467],[-58.7062,4.7042],[-58.6821,4.6709],[-58.6677,4.6633]]}},{"type":"Feature","properties":{},"geometry":{"type":"LineString","coordinates":[[-58.4399,4.2512],[-58.4362,4.2726],[-58.3961,4.3814],[-58.3784,4.4475],[-58.2931,4.5966],[-58.2822,4.6343]]}},{"type":"Feature","properties":{},"geometry":{"type":"LineString","coordinates":[[-58.4399,4.2512],[-58.4865,4.2709]]}},{"type":"Feature","properties":{},"geometry":{"type":"MultiLineString","coordinates":[[[-59.0773,5.5103],[-59.091,5.5134],[-59.0987,5.5188],[-59.1029,5.5256],[-59.1037,5.5326],[-59.1016,5.5706],[-59.1034,5.5777],[-59.1083,5.584],[-59.1216,5.596],[-59.128,5.6029],[-59.1333,5.6101],[-59.1477,5.6386],[-59.1524,5.645],[-59.1714,5.6637],[-59.1928,5.6919],[-59.1996,5.6987],[-59.2068,5.7048],[-59.2143,5.7082],[-59.2221,5.7091]],[[-59.2221,5.7091],[-59.232,5.7076],[-59.2399,5.7049],[-59.2762,5.6848],[-59.2862,5.676],[-59.2974,5.6642],[-59.3162,5.6403],[-59.3296,5.6163],[-59.3351,5.6084],[-59.3438,5.6006],[-59.3609,5.5912],[-59.3716,5.5873],[-59.3809,5.5854],[-59.3878,5.5851]],[[-59.3878,5.5851],[-59.4025,5.5858],[-59.4178,5.5883],[-59.4924,5.6112]],[[-59.4924,5.6112],[-59.4985,5.611],[-59.5028,5.6101],[-59.5086,5.6074],[-59.5511,5.5785],[-59.5796,5.5523],[-59.5851,5.5455],[-59.5881,5.5363],[-59.5882,5.5251],[-59.5806,5.488],[-59.5732,5.4052],[-59.5838,5.3862],[-59.6413,5.3807]],[[-58.8447,5.415],[-58.87,5.4558],[-58.8752,5.4623],[-58.8814,5.4669],[-58.8885,5.4702],[-58.8965,5.4724],[-58.9069,5.4743],[-58.9517,5.4772],[-58.9593,5.4792],[-58.9666,5.4833],[-58.9739,5.489],[-59.0002,5.5234],[-59.0048,5.5278],[-59.0127,5.5302]],[[-59.0127,5.5302],[-59.0228,5.5297],[-59.0594,5.5136],[-59.0679,5.5109],[-59.0773,5.5103]],[[-59.6413,5.3807],[-59.657,5.3812],[-59.748,5.3994]],[[-59.748,5.3994],[-59.7636,5.3991],[-59.7952,5.3937]],[[-59.7952,5.3937],[-59.839,5.3964]],[[-59.839,5.3964],[-59.846,5.396],[-59.8529,5.3948],[-59.9182,5.3742],[-59.929,5.3688],[-59.9388,5.3602],[-59.9478,5.3478],[-59.9596,5.3249],[-59.9689,5.2948],[-59.9869,5.2565],[-59.9914,5.2429],[-59.9997,5.2328],[-60.0136,5.2198],[-60.0607,5.1834],[-60.0803,5.162],[-60.0887,5.1554]]]}},{"type":"Feature","properties":{},"geometry":{"type":"LineString","coordinates":[[-90.7652,14.7779],[-90.7809,14.7503],[-90.7838,14.7377],[-90.7782,14.7088],[-90.7749,14.6993],[-90.7718,14.6815],[-90.7716,14.6754],[-90.7719,14.6709],[-90.7747,14.666],[-90.7808,14.6587],[-90.7941,14.6307],[-90.8193,14.6129],[-90.8644,14.5642],[-90.8861,14.5237],[-90.8915,14.4962],[-90.8909,14.4904],[-90.8905,14.4893]]}},{"type":"Feature","properties":{},"geometry":{"type":"MultiLineString","coordinates":[[[-90.7652,14.7779],[-90.7419,14.7574],[-90.7288,14.7498],[-90.7193,14.7478],[-90.7098,14.7475]],[[-90.6976,14.7495],[-90.6945,14.7494],[-90.6916,14.7488],[-90.6815,14.7395],[-90.6513,14.702],[-90.6425,14.6734],[-90.6291,14.6585],[-90.6195,14.6476],[-90.6182,14.6453],[-90.6176,14.6378],[-90.623,14.6196],[-90.6211,14.6079],[-90.6294,14.5987],[-90.6346,14.5866],[-90.6419,14.5062],[-90.6505,14.4687]],[[-90.7098,14.7475],[-90.6976,14.7495]]]}},{"type":"Feature","properties":{},"geometry":{"type":"MultiLineString","coordinates":[[[-90.6576,14.9039],[-90.6602,14.8885],[-90.6608,14.886],[-90.6619,14.8831],[-90.6631,14.8807],[-90.665,14.878],[-90.6685,14.875],[-90.673,14.8719],[-90.684,14.8683],[-90.6889,14.8655],[-90.7041,14.8539],[-90.709,14.852],[-90.713,14.8515]],[[-90.713,14.8515],[-90.7155,14.8526],[-90.7184,14.8528]],[[-90.7184,14.8528],[-90.721,14.8524],[-90.7234,14.8513],[-90.7276,14.8484],[-90.7318,14.8449],[-90.7376,14.8351],[-90.7469,14.8051],[-90.7652,14.7779]]]}},{"type":"Feature","properties":{},"geometry":{"type":"LineString","coordinates":[[-90.2091,14.6743],[-90.2182,14.652],[-90.2228,14.6448],[-90.2248,14.6433],[-90.2333,14.638],[-90.2658,14.6115],[-90.2716,14.5878],[-90.2721,14.5721],[-90.2747,14.5639],[-90.2771,14.5594],[-90.281,14.5563],[-90.2827,14.5502],[-90.2836,14.5452],[-90.2852,14.5143]]}},{"type":"Feature","properties":{},"geometry":{"type":"MultiLineString","coordinates":[[[-90.3999,14.899],[-90.4123,14.8776],[-90.4148,14.8751],[-90.4176,14.8709],[-90.4176,14.8669],[-90.4166,14.8614],[-90.4151,14.8582],[-90.4133,14.8559],[-90.4115,14.8544],[-90.4093,14.8531],[-90.4068,14.8521],[-90.4006,14.8512]],[[-90.3574,14.8573],[-90.3501,14.8549],[-90.3486,14.8527],[-90.344,14.8436],[-90.3349,14.8185],[-90.3311,14.7941],[-90.3326,14.7859],[-90.3339,14.7842],[-90.3353,14.7828],[-90.3394,14.7774],[-90.3434,14.7704],[-90.3446,14.7658],[-90.3443,14.7615],[-90.3433,14.7592],[-90.3388,14.751],[-90.3179,14.7293],[-90.3085,14.7223],[-90.2502,14.7017],[-90.2367,14.6951],[-90.2307,14.6901],[-90.2197,14.6778],[-90.2091,14.6743]],[[-90.4006,14.8512],[-90.3943,14.8519],[-90.3802,14.8557],[-90.3574,14.8573]]]}},{"type":"Feature","properties":{},"geometry":{"type":"MultiLineString","coordinates":[[[-89.8496,14.8776],[-89.834,14.8765]],[[-90.0781,14.7201],[-90.0735,14.7224],[-90.0697,14.7263],[-90.0386,14.7826],[-90.0154,14.7893],[-89.9818,14.7932],[-89.9516,14.804],[-89.9224,14.8193],[-89.8875,14.8619],[-89.874,14.8738],[-89.8683,14.8759],[-89.8625,14.8771],[-89.8496,14.8776]],[[-90.1135,14.7303],[-90.0984,14.7285],[-90.0861,14.7226],[-90.0781,14.7201]],[[-90.2091,14.6743],[-90.2073,14.675],[-90.2003,14.6779],[-90.1842,14.6869],[-90.1804,14.6976],[-90.1793,14.7041],[-90.1775,14.707],[-90.1735,14.7094],[-90.1472,14.7193],[-90.1135,14.7303]]]}},{"type":"Feature","properties":{},"geometry":{"type":"MultiLineString","coordinates":[[[-90.8051,14.9282],[-90.8529,14.9419]],[[-90.8529,14.9419],[-90.8684,14.9416],[-90.8822,14.9393],[-90.894,14.9368],[-90.959,14.9353]],[[-90.959,14.9353],[-90.9772,14.9386]],[[-90.9772,14.9386],[-90.9939,14.9286],[-91.011,14.9242],[-91.0207,14.9196],[-91.0226,14.9183],[-91.0246,14.9166],[-91.0309,14.9066],[-91.0535,14.8449],[-91.0608,14.8389],[-91.0874,14.8263]],[[-90.6576,14.9039],[-90.6714,14.9089],[-90.7073,14.9162],[-90.7367,14.926],[-90.7536,14.9282]],[[-90.7536,14.9282],[-90.8051,14.9282]]]}},{"type":"Feature","properties":{},"geometry":{"type":"LineString","coordinates":[[-91.0874,14.8263],[-91.085,14.8198],[-91.0688,14.7448],[-91.0754,14.7254],[-91.0762,14.7219],[-91.0741,14.7004],[-91.0947,14.6526],[-91.1027,14.6416],[-91.1057,14.6324],[-91.1058,14.6101],[-91.1141,14.5304]]}},{"type":"Feature","properties":{},"geometry":{"type":"LineString","coordinates":[[-91.4283,14.8176],[-91.4405,14.7785],[-91.4697,14.7396]]}},{"type":"Feature","properties":{},"geometry":{"type":"MultiLineString","coordinates":[[[-91.183,14.9107],[-91.1708,14.9051],[-91.1657,14.8918],[-91.1563,14.8753],[-91.1501,14.8709],[-91.1472,14.8704],[-91.1445,14.8703],[-91.1401,14.8695],[-91.1347,14.8681],[-91.1231,14.8638],[-91.1185,14.8605],[-91.1167,14.8573],[-91.1172,14.8549],[-91.1199,14.8501],[-91.1228,14.846],[-91.1312,14.8371],[-91.1324,14.8349],[-91.1333,14.831],[-91.1333,14.8256],[-91.1319,14.8149],[-91.1298,14.8102],[-91.1271,14.8074],[-91.1241,14.8071]],[[-91.1039,14.832],[-91.0874,14.8263]],[[-91.1241,14.8071],[-91.1211,14.8072],[-91.1185,14.8081],[-91.1165,14.8095],[-91.1149,14.8113],[-91.1136,14.8134],[-91.1124,14.8156],[-91.1085,14.8292],[-91.1039,14.832]]]}},{"type":"Feature","properties":{},"geometry":{"type":"MultiLineString","coordinates":[[[-90.4121,14.917],[-90.4043,14.9108],[-90.3999,14.899]],[[-90.4678,14.8931],[-90.4563,14.8941],[-90.4431,14.8975],[-90.439,14.9024],[-90.4366,14.9082],[-90.4284,14.914],[-90.4121,14.917]],[[-90.4898,14.9078],[-90.485,14.8986],[-90.4775,14.8942],[-90.4678,14.8931]],[[-90.564,14.8849],[-90.5388,14.89],[-90.5134,14.8988],[-90.4972,14.9078],[-90.4898,14.9078]],[[-90.6576,14.9039],[-90.622,14.8913]],[[-90.6071,14.8941],[-90.5994,14.8858],[-90.5942,14.8835]],[[-90.622,14.8913],[-90.6071,14.8941]],[[-90.5792,14.8873],[-90.564,14.8849]],[[-90.5942,14.8835],[-90.5899,14.8848],[-90.5854,14.8873],[-90.5792,14.8873]]]}},{"type":"Feature","properties":{},"geometry":{"type":"MultiLineString","coordinates":[[[-89.973,15.1565],[-90.0,15.1421],[-90.0385,15.1168],[-90.1239,15.0613],[-90.2826,14.9545],[-90.2984,14.9057],[-90.3034,14.8896],[-90.3543,14.8815]],[[-90.3543,14.8815],[-90.3874,14.8873],[-90.3999,14.899]]]}},{"type":"Feature","properties":{},"geometry":{"type":"LineString","coordinates":[[-90.6576,14.9039],[-90.669,14.9296],[-90.6735,14.939],[-90.6808,14.9457],[-90.6874,14.9499],[-90.6943,14.9557],[-90.7122,14.9738],[-90.7077,14.9955],[-90.7073,15.0002],[-90.7972,15.0549],[-90.8719,15.1485],[-90.8657,15.2568]]}},{"type":"Feature","properties":{},"geometry":{"type":"MultiLineString","coordinates":[[[-89.878,15.1599],[-89.9072,15.1524],[-89.9238,15.1511]],[[-89.9238,15.1511],[-89.973,15.1565]]]}},{"type":"Feature","properties":{},"geometry":{"type":"MultiLineString","coordinates":[[[-90.078,15.2688],[-90.1872,15.2837],[-90.2352,15.2949],[-90.2488,15.2957]],[[-90.2488,15.2957],[-90.2531,15.2928],[-90.2548,15.2911],[-90.2564,15.2891],[-90.2589,15.2843],[-90.2598,15.2822],[-90.2605,15.276],[-90.2686,15.2451],[-90.2753,15.2357],[-90.2801,15.2317],[-90.2923,15.2168],[-90.2962,15.2129],[-90.3063,15.2075],[-90.3103,15.2071]],[[-89.973,15.1565],[-89.9288,15.2179],[-89.9181,15.2471],[-89.9174,15.2572],[-89.9193,15.2621],[-89.9217,15.2666],[-89.9264,15.2722],[-89.9377,15.2825],[-89.9451,15.2867],[-89.9487,15.2878],[-89.9521,15.2885]],[[-89.9521,15.2885],[-89.997,15.2849],[-90.0061,15.2828],[-90.0388,15.2702],[-90.078,15.2688]],[[-90.4241,15.2601],[-90.4577,15.261],[-90.4806,15.2611],[-90.5038,15.2622]],[[-90.3103,15.2071],[-90.3132,15.2078],[-90.3238,15.2181],[-90.3789,15.2543],[-90.4005,15.261]],[[-90.4005,15.261],[-90.4241,15.2601]]]}},{"type":"Feature","properties":{},"geometry":{"type":"MultiLineString","coordinates":[[[-91.5111,14.9072],[-91.5178,14.9093],[-91.5193,14.9114],[-91.5206,14.9135],[-91.5365,14.9316],[-91.5384,14.9384],[-91.5383,14.9446],[-91.5363,14.9499],[-91.536,14.9616],[-91.5527,14.9762],[-91.5602,14.9859],[-91.5641,15.0005],[-91.5888,15.0914],[-91.5939,15.1203],[-91.5919,15.1285],[-91.5897,15.1299],[-91.5875,15.131],[-91.5363,15.1504],[-91.5188,15.156]],[[-91.4283,14.8176],[-91.448,14.851],[-91.4589,14.8607],[-91.4619,14.8907],[-91.4705,14.9101]],[[-91.4705,14.9101],[-91.4916,14.9093],[-91.5111,14.9072]]]}},{"type":"Feature","properties":{},"geometry":{"type":"LineString","coordinates":[[-91.183,14.9107],[-91.2147,14.9349],[-91.2125,14.9412],[-91.2069,14.9577],[-91.2072,14.964],[-91.2102,14.9696],[-91.2266,14.9807],[-91.2335,14.9915],[-91.2382,15.0094],[-91.241,15.0145],[-91.243,15.0174],[-91.2608,15.0304],[-91.2715,15.0371],[-91.2732,15.0389],[-91.2744,15.0413],[-91.2749,15.0443],[-91.275,15.0474],[-91.2742,15.0552],[-91.2719,15.0617],[-91.2685,15.0664],[-91.2605,15.0726],[-91.2554,15.0747],[-91.2511,15.0757],[-91.2407,15.0759],[-91.2378,15.078],[-91.2354,15.0819],[-91.2345,15.0921],[-91.2346,15.0972],[-91.2408,15.1085],[-91.2477,15.1107],[-91.2491,15.1246],[-91.2589,15.138],[-91.2638,15.1576],[-91.2707,15.1605],[-91.2985,15.1882],[-91.3017,15.1951],[-91.3152,15.2016],[-91.3202,15.2171],[-91.32,15.2352],[-91.3154,15.2632]]}},{"type":"Feature","properties":{},"geometry":{"type":"MultiLineString","coordinates":[[[-91.2461,14.8557],[-91.2407,14.8567],[-91.2296,14.86],[-91.2158,14.8733],[-91.2026,14.8918],[-91.183,14.9107]],[[-91.3581,14.8633],[-91.3351,14.8599],[-91.3259,14.8573],[-91.3202,14.8549],[-91.3131,14.854]],[[-91.4283,14.8176],[-91.4244,14.8211],[-91.3787,14.8588],[-91.37,14.8617],[-91.3581,14.8633]],[[-91.2787,14.8626],[-91.2717,14.8614],[-91.2557,14.8563],[-91.2526,14.8558],[-91.2461,14.8557]],[[-91.3131,14.854],[-91.2925,14.8626],[-91.2787,14.8626]]]}},{"type":"Feature","properties":{},"geometry":{"type":"MultiLineString","coordinates":[[[-90.4208,16.0824],[-90.2168,16.0521],[-90.0467,15.9995],[-90.0401,15.9988]],[[-90.4478,16.0797],[-90.4208,16.0824]],[[-89.9728,16.0143],[-89.9708,16.0138],[-89.9632,16.0108],[-89.9611,16.0095],[-89.9597,16.0076],[-89.9596,16.0051],[-89.9602,16.0029],[-89.9609,16.001],[-89.9612,16.0004],[-89.9614,15.9999],[-89.96,15.9975],[-89.9571,15.9957],[-89.9552,15.9942],[-89.9549,15.992],[-89.9574,15.9851],[-89.9405,15.9726],[-89.9291,15.9703]],[[-89.9887,15.9948],[-89.9858,15.9953],[-89.983,15.9965],[-89.9749,15.998],[-89.9731,15.9992],[-89.9725,15.9998],[-89.9725,16.0001],[-89.9725,16.0012],[-89.9727,16.0032],[-89.9748,16.011],[-89.9746,16.0139],[-89.9728,16.0143]],[[-90.0192,16.0101],[-90.0147,16.0089],[-90.0121,16.0062],[-90.0113,16.0029],[-90.0085,15.9995],[-90.0047,15.9988]],[[-90.0401,15.9988],[-90.0385,16.0],[-90.0383,16.0002],[-90.0378,16.0015],[-90.0372,16.0035],[-90.0344,16.0061],[-90.0301,16.0085],[-90.0192,16.0101]],[[-89.9965,16.0],[-89.9949,15.9996],[-89.991,15.9953],[-89.9887,15.9948]],[[-90.0047,15.9988],[-89.9993,16.0],[-89.9965,16.0]],[[-89.9222,15.9757],[-89.9047,15.9642],[-89.8953,15.9631]],[[-89.9291,15.9703],[-89.9266,15.9713],[-89.9222,15.9757]],[[-89.8897,15.964],[-89.8873,15.9627],[-89.8842,15.9586],[-89.8808,15.9526],[-89.8678,15.9355],[-89.8652,15.9296],[-89.8636,15.9246],[-89.8589,15.9157],[-89.8553,15.9126],[-89.852,15.9115]],[[-89.8953,15.9631],[-89.8897,15.964]],[[-89.7485,15.9319],[-89.7455,15.9316],[-89.7426,15.9309],[-89.719,15.9203],[-89.7162,15.9188],[-89.7004,15.9058],[-89.6795,15.892],[-89.6739,15.8893],[-89.6693,15.8877],[-89.6558,15.887]],[[-89.7604,15.9259],[-89.7576,15.9263],[-89.7522,15.9293],[-89.7485,15.9319]],[[-89.7692,15.9266],[-89.7604,15.9259]],[[-89.8259,15.91],[-89.7922,15.9118],[-89.7869,15.9133],[-89.785,15.9143],[-89.7838,15.9153],[-89.7826,15.9167],[-89.7784,15.9225],[-89.7767,15.9242],[-89.7748,15.9257],[-89.7722,15.9265],[-89.7692,15.9266]],[[-89.8456,15.9126],[-89.8413,15.9123],[-89.8259,15.91]],[[-89.852,15.9115],[-89.8492,15.9122],[-89.8456,15.9126]],[[-89.627,15.9001],[-89.565,15.8922],[-89.5612,15.8922]],[[-89.6558,15.887],[-89.6504,15.8882],[-89.6479,15.8892],[-89.6457,15.8906],[-89.634,15.8997],[-89.627,15.9001]],[[-89.527,15.8999],[-89.5206,15.8993],[-89.5163,15.8977],[-89.5155,15.8952],[-89.513,15.8431],[-89.5124,15.8421]],[[-89.5612,15.8922],[-89.5583,15.8928],[-89.5557,15.8937],[-89.5534,15.895],[-89.5513,15.8965],[-89.5469,15.8979],[-89.5408,15.8992],[-89.527,15.8999]],[[-89.4384,15.8486],[-89.4264,15.854],[-89.3963,15.8613]],[[-89.4633,15.8583],[-89.4464,15.8494],[-89.4384,15.8486]],[[-89.5124,15.8421],[-89.5111,15.8423],[-89.4847,15.8542],[-89.4633,15.8583]]]}},{"type":"Feature","properties":{},"geometry":{"type":"MultiLineString","coordinates":[[[-89.6855,14.5776],[-89.6779,14.5552],[-89.6777,14.5454],[-89.6784,14.5422],[-89.7,14.5299],[-89.7623,14.5005]],[[-89.7623,14.5005],[-89.7644,14.5014],[-89.7754,14.5099],[-89.7821,14.5164],[-89.7853,14.5203],[-89.7891,14.5234],[-89.7962,14.5247]],[[-89.7962,14.5247],[-89.8157,14.5195],[-89.8321,14.5087],[-89.8513,14.4964],[-89.8716,14.4829],[-89.88,14.4709],[-89.8853,14.4365]],[[-89.8853,14.4365],[-89.9298,14.4706],[-89.9329,14.4719],[-89.9356,14.4729],[-89.9386,14.4735],[-89.9426,14.4738]],[[-89.9426,14.4738],[-89.9471,14.4735],[-89.954,14.4721],[-89.9578,14.4708],[-89.9607,14.4693],[-89.9648,14.4649],[-89.9886,14.4343],[-90.0519,14.4335]]]}},{"type":"Feature","properties":{},"geometry":{"type":"MultiLineString","coordinates":[[[-89.689,14.7822],[-89.676,14.7786],[-89.6708,14.7706],[-89.667,14.7599],[-89.665,14.7484],[-89.6651,14.7451],[-89.6672,14.7331],[-89.668,14.7302],[-89.6686,14.7273],[-89.6689,14.7213],[-89.6678,14.7157],[-89.6641,14.7074],[-89.6602,14.6957],[-89.696,14.599],[-89.6996,14.5776],[-89.6962,14.5771]],[[-89.7364,14.7799],[-89.689,14.7822]],[[-89.6962,14.5771],[-89.6855,14.5776]]]}},{"type":"Feature","properties":{},"geometry":{"type":"MultiLineString","coordinates":[[[-89.6855,14.5776],[-89.6452,14.5732],[-89.6326,14.569],[-89.6305,14.5672],[-89.6235,14.5598],[-89.6179,14.5518],[-89.6131,14.5427],[-89.6017,14.5263],[-89.5982,14.5241],[-89.5945,14.523]],[[-89.5194,14.5259],[-89.5131,14.5237],[-89.4991,14.5087],[-89.4963,14.5019],[-89.4965,14.4973],[-89.4976,14.4921],[-89.5023,14.4783],[-89.5053,14.4719],[-89.5086,14.4623],[-89.5112,14.4509],[-89.5117,14.4455],[-89.5115,14.4419],[-89.5107,14.4403],[-89.5095,14.4383],[-89.4965,14.4234],[-89.4961,14.4229]],[[-89.5945,14.523],[-89.5194,14.5259]]]}},{"type":"Feature","properties":{},"geometry":{"type":"MultiLineString","coordinates":[[[-89.834,14.8765],[-89.8417,14.8598],[-89.8389,14.8562],[-89.8329,14.846],[-89.8236,14.8332],[-89.8077,14.8036],[-89.7994,14.7922],[-89.7937,14.7857],[-89.7904,14.7853]],[[-89.7636,14.7853],[-89.7477,14.7829],[-89.7364,14.7799]],[[-89.7904,14.7853],[-89.7636,14.7853]]]}},{"type":"Feature","properties":{},"geometry":{"type":"LineString","coordinates":[[-89.834,14.8765],[-89.8116,14.9011],[-89.799,14.9064],[-89.7776,14.907],[-89.7727,14.9079],[-89.7687,14.9095],[-89.7667,14.9143],[-89.7646,14.934],[-89.767,14.9372],[-89.7721,14.9402],[-89.7849,14.942],[-89.7971,14.9482],[-89.8051,14.9592],[-89.8491,15.018],[-89.8518,15.0228],[-89.8527,15.0267],[-89.8487,15.0282],[-89.8439,15.0289],[-89.7956,15.0298],[-89.7966,15.0433],[-89.841,15.1085],[-89.878,15.1599]]}},{"type":"Feature","properties":{},"geometry":{"type":"MultiLineString","coordinates":[[[-89.6747,15.1643],[-89.6055,15.1799]],[[-89.8401,15.1732],[-89.817,15.1724],[-89.782,15.1593],[-89.7703,15.157]],[[-89.878,15.1599],[-89.8505,15.1717],[-89.8401,15.1732]],[[-89.7066,15.1664],[-89.6747,15.1643]],[[-89.7703,15.157],[-89.7066,15.1664]]]}},{"type":"Feature","properties":{},"geometry":{"type":"MultiLineString","coordinates":[[[-89.2126,14.9493],[-89.21,14.9482],[-89.2081,14.9469],[-89.2063,14.9453],[-89.2047,14.9435],[-89.2032,14.9414],[-89.1994,14.9345],[-89.1964,14.9275],[-89.1951,14.9252],[-89.1941,14.923],[-89.1927,14.9207],[-89.1896,14.9138],[-89.1892,14.9131]],[[-89.2937,14.9055],[-89.2862,14.9058],[-89.2743,14.9096],[-89.2682,14.9145],[-89.2635,14.9196],[-89.2583,14.9272],[-89.2542,14.931],[-89.2475,14.9355],[-89.2255,14.9464],[-89.2179,14.9485],[-89.2126,14.9493]],[[-89.3198,14.9197],[-89.3041,14.9149],[-89.3001,14.9098],[-89.2937,14.9055]],[[-89.3854,14.9035],[-89.3691,14.9035],[-89.3198,14.9197]],[[-89.4293,14.9192],[-89.4211,14.919],[-89.3992,14.9126],[-89.3854,14.9035]],[[-89.5243,14.8632],[-89.5091,14.8667],[-89.4487,14.9138],[-89.4293,14.9192]],[[-89.6704,14.9011],[-89.6587,14.8996],[-89.6247,14.8827],[-89.5926,14.8675],[-89.5779,14.8642],[-89.5243,14.8632]],[[-89.7364,14.7799],[-89.7127,14.8214],[-89.7086,14.8378],[-89.7117,14.8622],[-89.7104,14.8673],[-89.6875,14.8882],[-89.6704,14.9011]]]}},{"type":"Feature","properties":{},"geometry":{"type":"MultiLineString","coordinates":[[[-90.2852,14.5143],[-90.2971,14.5088],[-90.306,14.5088],[-90.3141,14.5059],[-90.3197,14.5001],[-90.3387,14.4832],[-90.3453,14.4793],[-90.3498,14.4781]],[[-90.3498,14.4781],[-90.3515,14.48],[-90.3527,14.4822],[-90.3535,14.4847],[-90.3551,14.4968],[-90.357,14.4998],[-90.3596,14.5025],[-90.3672,14.5045]],[[-90.3672,14.5045],[-90.3713,14.5041],[-90.3883,14.4965],[-90.4294,14.4335],[-90.4478,14.3879],[-90.4424,14.341],[-90.4438,14.3286],[-90.4488,14.3231],[-90.4506,14.3215],[-90.4526,14.32],[-90.455,14.3189],[-90.4577,14.3179],[-90.4608,14.3161],[-90.4639,14.3135],[-90.4722,14.3037],[-90.474,14.3024],[-90.4766,14.3015],[-90.4824,14.3003],[-90.4903,14.2974],[-90.5097,14.2884],[-90.5286,14.2713],[-90.5364,14.2662],[-90.5649,14.2562]]]}},{"type":"Feature","properties":{},"geometry":{"type":"MultiLineString","coordinates":[[[-90.0519,14.4335],[-90.0783,14.4531],[-90.114,14.4818],[-90.1229,14.4955],[-90.128,14.5191]],[[-90.128,14.5191],[-90.2379,14.4989],[-90.2508,14.4965],[-90.2646,14.4948]],[[-90.2646,14.4948],[-90.2668,14.4959],[-90.2707,14.4987],[-90.2727,14.5014],[-90.2852,14.5143]]]}},{"type":"Feature","properties":{},"geometry":{"type":"MultiLineString","coordinates":[[[-90.0519,14.4335],[-90.0699,14.3785],[-90.084,14.3769],[-90.0809,14.3579],[-90.082,14.3548],[-90.0843,14.3539]],[[-90.0843,14.3539],[-90.0893,14.3556],[-90.0941,14.3579],[-90.1052,14.3585]],[[-90.1052,14.3585],[-90.14,14.3518],[-90.1422,14.3501],[-90.1555,14.3389],[-90.1911,14.2529],[-90.1766,14.2427],[-90.1303,14.23],[-90.1245,14.2277],[-90.1206,14.2247],[-90.1138,14.2178],[-90.0827,14.1929],[-90.0583,14.1697],[-90.0535,14.1598],[-90.0549,14.1378],[-90.0503,14.0982],[-90.0505,14.0951],[-90.0515,14.0893],[-90.0544,14.0807],[-90.0597,14.0696],[-90.0771,14.0454],[-90.0827,14.0394],[-90.0851,14.0385],[-90.0985,14.036],[-90.11,14.0328],[-90.1157,14.0295],[-90.1192,14.027],[-90.1254,14.0158],[-90.1411,13.9873],[-90.1567,13.9768],[-90.1599,13.9762],[-90.1641,13.9759]],[[-90.1641,13.9759],[-90.1741,13.9798],[-90.2134,13.9891],[-90.2185,13.991],[-90.2379,14.0069],[-90.266,14.0227]],[[-90.266,14.0227],[-90.2841,14.0177],[-90.2902,14.0133],[-90.2917,14.0097],[-90.2929,14.004],[-90.2926,13.9988],[-90.292,13.9952],[-90.2885,13.9879],[-90.2853,13.9839],[-90.2802,13.9788],[-90.2786,13.9747],[-90.2714,13.9334],[-90.2702,13.931],[-90.2686,13.9292],[-90.2665,13.9278],[-90.2615,13.9255],[-90.2585,13.9207],[-90.2551,13.9127],[-90.2454,13.8778],[-90.2325,13.855],[-90.2308,13.85],[-90.2301,13.8452],[-90.2305,13.8272],[-90.237,13.8023],[-90.2406,13.7887]]]}},{"type":"Feature","properties":{},"geometry":{"type":"LineString","coordinates":[[-89.3963,15.8613],[-89.4238,15.8258],[-89.434,15.8179],[-89.4533,15.816],[-89.4569,15.8143],[-89.4593,15.8123],[-89.4644,15.8032],[-89.4654,15.8006],[-89.4775,15.7792],[-89.4814,15.7743],[-89.4849,15.7716],[-89.4954,15.767],[-89.5121,15.7556],[-89.5173,15.7531],[-89.5277,15.75],[-89.5306,15.748],[-89.5327,15.7454],[-89.5349,15.7404],[-89.5979,15.6546],[-89.654,15.5777],[-89.6614,15.5609],[-89.6586,15.5601],[-89.6542,15.5575],[-89.6522,15.5559],[-89.6502,15.5538],[-89.6488,15.552],[-89.645,15.546],[-89.6228,15.523],[-89.615,15.5115],[-89.6062,15.5022],[-89.5931,15.4906],[-89.5896,15.4851],[-89.5881,15.4812],[-89.5963,15.4685],[-89.5975,15.4661],[-89.5994,15.4611],[-89.6023,15.45],[-89.6047,15.4453],[-89.606,15.4433],[-89.6078,15.4412],[-89.6096,15.4395],[-89.6117,15.438],[-89.6306,15.4292],[-89.6367,15.4248],[-89.6383,15.4229],[-89.6473,15.3057],[-89.6471,15.2907],[-89.6462,15.2873],[-89.6421,15.2776],[-89.6397,15.2733],[-89.6331,15.2644],[-89.6274,15.2549],[-89.6265,15.2507],[-89.6266,15.2456],[-89.6298,15.2291],[-89.6301,15.2236],[-89.6298,15.2193],[-89.6279,15.2141],[-89.6234,15.2047],[-89.6055,15.1799]]}},{"type":"Feature","properties":{},"geometry":{"type":"MultiLineString","coordinates":[[[-89.236,15.9065],[-89.2367,15.9071],[-89.2374,15.9077],[-89.2425,15.9115],[-89.266,15.9147]],[[-89.266,15.9147],[-89.358,15.9129],[-89.3695,15.9016],[-89.3759,15.8852],[-89.3778,15.8783],[-89.379,15.875],[-89.3807,15.8716],[-89.3846,15.8679],[-89.3963,15.8613]]]}},{"type":"Feature","properties":{},"geometry":{"type":"MultiLineString","coordinates":[[[-89.2505,15.3029],[-89.2199,15.2999],[-89.2099,15.2976],[-89.1866,15.2853],[-89.1837,15.2835],[-89.1805,15.2808],[-89.1756,15.2756],[-89.1732,15.2722],[-89.1716,15.269],[-89.1708,15.2663],[-89.1704,15.2599],[-89.1726,15.2348],[-89.1737,15.2283],[-89.1746,15.2261],[-89.1771,15.2216],[-89.1788,15.2196],[-89.1806,15.218],[-89.1847,15.2152],[-89.1972,15.2104],[-89.1983,15.2063],[-89.1982,15.1997],[-89.1904,15.1679],[-89.19,15.1617],[-89.1906,15.1521],[-89.1891,15.1364],[-89.1832,15.1082],[-89.1812,15.1026],[-89.1618,15.0799],[-89.1574,15.0769],[-89.1502,15.0738],[-89.1475,15.0717],[-89.1469,15.0713]],[[-89.6055,15.1799],[-89.5647,15.1846],[-89.5498,15.1878],[-89.4313,15.2264],[-89.3143,15.2721],[-89.2882,15.2911],[-89.2737,15.298],[-89.2505,15.3029]]]}},{"type":"Feature","properties":{},"geometry":{"type":"MultiLineString","coordinates":[[[-91.666,14.662],[-91.6739,14.6624],[-91.6797,14.6641],[-91.6921,14.6663],[-91.6971,14.6688],[-91.6997,14.6716],[-91.6969,14.6891],[-91.6826,14.7222],[-91.6811,14.7344],[-91.6822,14.7366],[-91.6839,14.739],[-91.6866,14.7399],[-91.6901,14.7401]],[[-91.6901,14.7401],[-91.6943,14.7395],[-91.6973,14.7383],[-91.7001,14.7369],[-91.7043,14.7341],[-91.7117,14.7279],[-91.7252,14.7135],[-91.761,14.6965],[-91.7677,14.6862],[-91.7764,14.6588],[-91.7809,14.6492],[-91.7988,14.6231],[-91.8033,14.614],[-91.8067,14.6049],[-91.8102,14.5906],[-91.8126,14.5841],[-91.8148,14.5799],[-91.8246,14.5688],[-91.8558,14.5235],[-91.8975,14.5143],[-91.9267,14.5117]],[[-91.5105,14.713],[-91.5263,14.7195],[-91.5384,14.7204]],[[-91.5384,14.7204],[-91.5445,14.7186],[-91.5649,14.7052],[-91.5709,14.7024],[-91.5757,14.7009]],[[-91.5757,14.7009],[-91.579,14.701],[-91.5845,14.7023],[-91.5905,14.7044],[-91.6009,14.707]],[[-91.6009,14.707],[-91.6046,14.7067],[-91.6073,14.7056],[-91.6108,14.7021],[-91.6165,14.6935],[-91.6175,14.6914],[-91.6225,14.6845],[-91.63,14.6765],[-91.6335,14.6752],[-91.6363,14.6752]],[[-91.6363,14.6752],[-91.6425,14.6786],[-91.6483,14.6803]],[[-91.6483,14.6803],[-91.6516,14.6788],[-91.6537,14.6773],[-91.6566,14.6707],[-91.666,14.662]],[[-91.9267,14.5117],[-91.9379,14.5135],[-91.9967,14.538],[-92.0009,14.5391]],[[-92.0009,14.5391],[-92.0033,14.5386],[-92.0085,14.5364],[-92.0166,14.5309]]]}},{"type":"Feature","properties":{},"geometry":{"type":"LineString","coordinates":[[-91.6161,15.2209],[-91.5489,15.204],[-91.5414,15.1981],[-91.5417,15.1883],[-91.5384,15.179],[-91.5188,15.156]]}},{"type":"Feature","properties":{},"geometry":{"type":"MultiLineString","coordinates":[[[-91.1791,15.2922],[-91.1945,15.2888],[-91.2033,15.2879]],[[-91.2033,15.2879],[-91.2278,15.2922]],[[-91.2278,15.2922],[-91.2368,15.2919],[-91.2595,15.2846],[-91.3029,15.2769],[-91.3109,15.2717],[-91.3154,15.2632]]]}},{"type":"Feature","properties":{},"geometry":{"type":"MultiLineString","coordinates":[[[-91.3411,15.2649],[-91.3154,15.2632]],[[-91.5188,15.156],[-91.4852,15.1577],[-91.4814,15.1594],[-91.477,15.1618],[-91.4765,15.1649],[-91.4742,15.19],[-91.4735,15.1927],[-91.4676,15.2039],[-91.4544,15.2227],[-91.4508,15.2264],[-91.4458,15.2288],[-91.4358,15.2315],[-91.3925,15.2412],[-91.3769,15.2523],[-91.3528,15.2628],[-91.3411,15.2649]]]}},{"type":"Feature","properties":{},"geometry":{"type":"MultiLineString","coordinates":[[[-90.8202,14.4049],[-90.825,14.4081],[-90.8312,14.4151],[-90.8438,14.4352],[-90.8513,14.4509],[-90.852,14.4537],[-90.8531,14.4561],[-90.8611,14.4645],[-90.8905,14.4893]],[[-90.7147,14.444],[-90.7258,14.4673],[-90.7272,14.4695],[-90.7311,14.4721]],[[-90.7311,14.4721],[-90.7378,14.4702],[-90.7427,14.4627],[-90.7485,14.4593],[-90.763,14.4593],[-90.7717,14.4546],[-90.7736,14.4533],[-90.7759,14.4512],[-90.7806,14.4453],[-90.7855,14.4364],[-90.7871,14.4344],[-90.7938,14.427],[-90.8202,14.4049]],[[-90.6505,14.4687],[-90.7147,14.444]]]}},{"type":"Feature","properties":{},"geometry":{"type":"MultiLineString","coordinates":[[[-90.8905,14.4893],[-90.9172,14.4687],[-90.9381,14.4494],[-90.945,14.4409],[-90.9464,14.4383],[-90.9522,14.4238],[-90.9713,14.3863],[-90.9785,14.3828]],[[-91.0857,14.4153],[-91.0902,14.4159],[-91.0949,14.4181],[-91.0974,14.4204],[-91.1113,14.4304]],[[-91.016,14.4087],[-91.0214,14.4111],[-91.0273,14.415],[-91.0372,14.4236],[-91.0424,14.4268],[-91.0469,14.4284]],[[-91.0469,14.4284],[-91.0499,14.428],[-91.0528,14.4272],[-91.0552,14.4263],[-91.0685,14.4188],[-91.0721,14.4175],[-91.0767,14.4162],[-91.0857,14.4153]],[[-90.9785,14.3828],[-90.9812,14.3856],[-90.9828,14.3883],[-90.9834,14.3916],[-90.9835,14.3997],[-90.9856,14.4159],[-90.9881,14.4198],[-90.9907,14.4216]],[[-90.9907,14.4216],[-90.9933,14.4209],[-90.997,14.4179],[-91.0021,14.4123],[-91.0049,14.4106],[-91.0087,14.4094],[-91.016,14.4087]]]}},{"type":"Feature","properties":{},"geometry":{"type":"MultiLineString","coordinates":[[[-90.6505,14.4687],[-90.6377,14.4315],[-90.623,14.4189],[-90.6148,14.4162]],[[-90.6018,14.4165],[-90.5988,14.4161],[-90.5964,14.4151],[-90.5922,14.4018],[-90.5856,14.3504],[-90.5863,14.3173],[-90.5832,14.3053],[-90.571,14.2779],[-90.5649,14.2562]],[[-90.6148,14.4162],[-90.6018,14.4165]]]}},{"type":"Feature","properties":{},"geometry":{"type":"MultiLineString","coordinates":[[[-90.5649,14.2562],[-90.5797,14.2424],[-90.5857,14.2311],[-90.5888,14.2203],[-90.5887,14.2155],[-90.5872,14.2124],[-90.5849,14.2114],[-90.5807,14.2101],[-90.5672,14.2076],[-90.5607,14.2071]],[[-90.532,14.2138],[-90.5275,14.2129],[-90.5188,14.2088],[-90.5163,14.2054],[-90.5157,14.2025],[-90.5281,14.1871],[-90.5443,14.1722],[-90.5508,14.1682],[-90.5534,14.1671],[-90.5719,14.1643],[-90.5785,14.1613],[-90.5784,14.1474],[-90.5748,14.1408],[-90.5729,14.1387],[-90.5585,14.1256],[-90.5566,14.1215],[-90.5562,14.1182],[-90.5574,14.116],[-90.5604,14.1121],[-90.5642,14.1089],[-90.5774,14.1013],[-90.5824,14.0965],[-90.59,14.0824],[-90.593,14.0726],[-90.5954,14.0711],[-90.5984,14.0697],[-90.6096,14.068],[-90.6208,14.0651],[-90.625,14.0608],[-90.6271,14.0559],[-90.6274,13.9317],[-90.6273,13.9207]],[[-90.5607,14.2071],[-90.5543,14.2073],[-90.5514,14.2079],[-90.5359,14.2134],[-90.532,14.2138]]]}},{"type":"Feature","properties":{},"geometry":{"type":"MultiLineString","coordinates":[[[-91.8607,14.728],[-91.8507,14.729],[-91.8419,14.7324],[-91.8321,14.7385],[-91.8192,14.7615],[-91.8168,14.7648],[-91.8122,14.7698],[-91.7991,14.7793],[-91.7953,14.783],[-91.7929,14.7867],[-91.7919,14.7897],[-91.765,14.8451],[-91.7633,14.8476],[-91.7558,14.8607],[-91.7491,14.8982],[-91.74,14.9104],[-91.7383,14.92],[-91.739,14.9269],[-91.7377,14.9311],[-91.7365,14.9338],[-91.7285,14.9385],[-91.7208,14.9418],[-91.6916,14.9695],[-91.6834,14.9802],[-91.6797,14.9904],[-91.6733,15.0332],[-91.6774,15.0493],[-91.6964,15.0648],[-91.7084,15.0925],[-91.6991,15.1224],[-91.6799,15.1494],[-91.6617,15.1684],[-91.627,15.1956],[-91.6207,15.2019],[-91.6161,15.2209]],[[-91.9515,14.7361],[-91.8888,14.7296],[-91.8607,14.728]],[[-92.0166,14.5309],[-92.0405,14.5992],[-92.0495,14.6164],[-92.0522,14.6176],[-92.0607,14.6196],[-92.1198,14.6255],[-92.1251,14.6269],[-92.1337,14.6301],[-92.1368,14.633],[-92.138,14.636],[-92.1341,14.6421],[-92.0997,14.6804],[-92.0724,14.7018],[-92.0608,14.7075],[-92.0393,14.7115],[-91.9515,14.7361]]]}},{"type":"Feature","properties":{},"geometry":{"type":"MultiLineString","coordinates":[[[-92.0166,14.5309],[-92.0465,14.5237],[-92.0552,14.5198],[-92.0663,14.5078],[-92.0703,14.5051],[-92.074,14.5036],[-92.0768,14.5032]],[[-92.0768,14.5032],[-92.0799,14.5034],[-92.0827,14.5038],[-92.088,14.5056],[-92.0974,14.5075],[-92.1075,14.5082]],[[-92.1075,14.5082],[-92.1124,14.5072],[-92.1157,14.5059],[-92.1247,14.498],[-92.1335,14.4918],[-92.1385,14.4897],[-92.1435,14.4893]],[[-92.1435,14.4893],[-92.154,14.4918]],[[-92.154,14.4918],[-92.158,14.4911],[-92.1607,14.4901],[-92.1623,14.4874],[-92.1624,14.4873]]]}},{"type":"Feature","properties":{},"geometry":{"type":"MultiLineString","coordinates":[[[-92.1059,15.4545],[-92.0998,15.4336],[-92.0825,15.4126],[-92.0676,15.4071],[-92.065,15.3923],[-92.0552,15.2885],[-92.0441,15.2802],[-91.993,15.2779]],[[-91.8496,15.3612],[-91.8408,15.3573],[-91.8068,15.3366],[-91.7856,15.335]],[[-91.993,15.2779],[-91.9902,15.2812],[-91.9566,15.3189],[-91.9429,15.3274],[-91.9103,15.3298],[-91.8799,15.3482],[-91.8629,15.3583],[-91.8562,15.3607],[-91.8496,15.3612]],[[-91.7157,15.3501],[-91.715,15.3463],[-91.7101,15.3329],[-91.6959,15.3081],[-91.6794,15.2859],[-91.6609,15.2665],[-91.6412,15.2504],[-91.6313,15.2436],[-91.6213,15.2343],[-91.6161,15.2209]],[[-91.7856,15.335],[-91.7311,15.3499],[-91.7157,15.3501]]]}},{"type":"Feature","properties":{},"geometry":{"type":"MultiLineString","coordinates":[[[-90.5038,15.2622],[-90.5413,15.2125],[-90.5744,15.21]],[[-90.5744,15.21],[-90.6916,15.2149],[-90.8574,15.2527],[-90.8657,15.2568]]]}},{"type":"Feature","properties":{},"geometry":{"type":"MultiLineString","coordinates":[[[-90.4505,16.0207],[-90.4403,16.0248],[-90.436,16.034],[-90.442,16.0448],[-90.4335,16.056],[-90.4315,16.0655],[-90.4364,16.0733],[-90.4482,16.0793]],[[-90.6343,16.0452],[-90.6201,16.0312]],[[-90.7128,15.9763],[-90.7058,15.9803],[-90.7022,15.9886],[-90.704,15.9939],[-90.7042,15.9982],[-90.6953,16.0039],[-90.7027,16.0175],[-90.6601,16.0398],[-90.6343,16.0452]],[[-90.6055,16.0429],[-90.5998,16.0427],[-90.5928,16.0386],[-90.5928,16.0312],[-90.5973,16.0293],[-90.6022,16.0265],[-90.6071,16.025],[-90.6071,16.0175]],[[-90.6201,16.0312],[-90.6133,16.0312],[-90.6101,16.0392],[-90.6055,16.0429]],[[-90.4625,16.025],[-90.4505,16.0207]],[[-90.4755,16.0107],[-90.4693,16.0107],[-90.4678,16.0156],[-90.4644,16.02],[-90.4625,16.025]],[[-90.5903,16.0184],[-90.5802,16.0126],[-90.5713,16.0043],[-90.5581,15.9977]],[[-90.6071,16.0175],[-90.5903,16.0184]],[[-90.4874,16.018],[-90.4755,16.0107]],[[-90.5067,16.0062],[-90.4874,16.018]],[[-90.5171,16.0107],[-90.5067,16.0062]],[[-90.531,16.004],[-90.5278,16.0045],[-90.524,16.0107],[-90.5171,16.0107]],[[-90.5382,16.0107],[-90.531,16.004]],[[-90.5416,16.0043],[-90.5404,16.0073],[-90.5382,16.0107]],[[-90.5444,16.0107],[-90.5427,16.0045],[-90.5416,16.0043]],[[-90.5581,15.9977],[-90.5551,16.0009],[-90.5486,16.0063],[-90.5444,16.0107]],[[-90.7232,15.9902],[-90.7207,15.9871],[-90.7175,15.9805],[-90.7128,15.9763]],[[-90.7505,15.9493],[-90.7594,15.9589],[-90.7635,15.9623],[-90.7635,15.9697],[-90.7502,15.9728],[-90.7344,15.9854],[-90.7232,15.9902]],[[-90.8181,15.7506],[-90.8118,15.7651],[-90.7846,15.7984],[-90.7714,15.8335],[-90.7672,15.8394],[-90.743,15.8486],[-90.7326,15.8681],[-90.7386,15.8853],[-90.7635,15.8878],[-90.7538,15.921],[-90.7461,15.9356],[-90.7362,15.9424],[-90.7362,15.9493],[-90.7414,15.9501],[-90.7422,15.9511],[-90.7419,15.953],[-90.7437,15.9561]],[[-90.7437,15.9561],[-90.7505,15.9493]],[[-90.689,15.6544],[-90.701,15.6608],[-90.7434,15.6727],[-90.7806,15.6789],[-90.7882,15.6884],[-90.7845,15.6997],[-90.771,15.709],[-90.7767,15.7123],[-90.7915,15.7233],[-90.7915,15.7295],[-90.7865,15.7312],[-90.7821,15.7348],[-90.7772,15.737],[-90.7839,15.7459],[-90.7933,15.7508],[-90.805,15.7521]],[[-90.805,15.7521],[-90.8181,15.7506]],[[-90.5038,15.2622],[-90.4972,15.2709],[-90.4878,15.2876],[-90.4785,15.3106],[-90.4776,15.331],[-90.4935,15.3397],[-90.6508,15.3631],[-90.682,15.375],[-90.7027,15.3944],[-90.7078,15.4084],[-90.7098,15.4266],[-90.7056,15.4423],[-90.6922,15.449],[-90.6522,15.4526],[-90.6401,15.4589],[-90.6481,15.4695],[-90.6481,15.4763],[-90.6201,15.5005],[-90.6145,15.5032],[-90.6037,15.5141],[-90.597,15.526],[-90.6034,15.5315],[-90.6086,15.5408],[-90.6154,15.5613],[-90.6255,15.5821],[-90.6406,15.5924],[-90.6319,15.6086],[-90.6327,15.6229],[-90.6428,15.6358],[-90.6617,15.6476],[-90.6622,15.6523],[-90.6607,15.6536],[-90.6578,15.6536],[-90.6543,15.6544],[-90.6625,15.6592],[-90.6716,15.6608]],[[-90.6716,15.6608],[-90.6808,15.6592],[-90.689,15.6544]]]}},{"type":"Feature","properties":{},"geometry":{"type":"MultiLineString","coordinates":[[[-91.2627,15.627],[-91.2594,15.6276],[-91.2324,15.6461],[-91.2284,15.6516],[-91.2243,15.6525],[-91.2157,15.6533],[-91.2121,15.6547],[-91.21,15.6564],[-91.2108,15.6588],[-91.212,15.6605],[-91.2133,15.6671],[-91.1946,15.6846],[-91.1923,15.6878],[-91.1272,15.816],[-91.1174,15.8343],[-90.9948,16.0699]],[[-91.2691,15.627],[-91.2627,15.627]],[[-91.2975,15.6126],[-91.2937,15.6132],[-91.2895,15.6145],[-91.2772,15.6248],[-91.2749,15.6259],[-91.2722,15.6266],[-91.2691,15.627]],[[-91.3006,15.6129],[-91.2975,15.6126]],[[-91.2539,15.3983],[-91.2596,15.3985],[-91.2636,15.3993],[-91.2824,15.4163],[-91.2886,15.4231],[-91.2944,15.4317],[-91.2986,15.4413],[-91.2998,15.447],[-91.2998,15.4597],[-91.3005,15.4627],[-91.3022,15.4658],[-91.3222,15.4892],[-91.3252,15.4937],[-91.3263,15.4959],[-91.3277,15.498],[-91.3299,15.5025],[-91.3308,15.5052],[-91.3315,15.5078],[-91.3322,15.514],[-91.3322,15.5171],[-91.3318,15.5203],[-91.3311,15.523],[-91.3292,15.5278],[-91.3235,15.5368],[-91.3222,15.56],[-91.3212,15.5636],[-91.3188,15.5694],[-91.3156,15.5742],[-91.3097,15.5854],[-91.3071,15.5948],[-91.3057,15.6069],[-91.3034,15.611],[-91.3006,15.6129]],[[-91.1791,15.2922],[-91.184,15.3123],[-91.1898,15.3272],[-91.1908,15.3329],[-91.1822,15.3688],[-91.1844,15.3868],[-91.212,15.3993],[-91.2247,15.4018]],[[-91.2247,15.4018],[-91.2539,15.3983]]]}},{"type":"Feature","properties":{},"geometry":{"type":"LineString","coordinates":[[-91.1113,14.4304],[-91.0972,14.4676],[-91.0972,14.4807],[-91.0954,14.5032],[-91.0972,14.513],[-91.1008,14.5176],[-91.1072,14.5243],[-91.1141,14.5304]]}},{"type":"Feature","properties":{},"geometry":{"type":"LineString","coordinates":[[-91.5105,14.713],[-91.4697,14.7396]]}},{"type":"Feature","properties":{},"geometry":{"type":"MultiLineString","coordinates":[[[-91.403,14.6065],[-91.4163,14.6101],[-91.4619,14.6162],[-91.4766,14.6299],[-91.4529,14.674],[-91.4481,14.688],[-91.4484,14.6915],[-91.4495,14.6969],[-91.462,14.7291],[-91.4648,14.7338],[-91.4697,14.7396]],[[-91.343,14.6376],[-91.3438,14.6382],[-91.3552,14.6513],[-91.3701,14.6581],[-91.3779,14.6588]],[[-91.3779,14.6588],[-91.384,14.6568],[-91.3875,14.655],[-91.3923,14.6517],[-91.3951,14.649],[-91.3966,14.6462],[-91.3975,14.6434],[-91.3978,14.6405],[-91.3971,14.6279],[-91.398,14.6202],[-91.403,14.6065]],[[-91.2514,14.5539],[-91.2542,14.5554],[-91.2572,14.5574],[-91.2577,14.5603],[-91.2576,14.5633],[-91.2552,14.5746],[-91.2549,14.5777],[-91.2552,14.5869],[-91.2567,14.5951],[-91.2586,14.5993],[-91.2631,14.6045],[-91.2922,14.6295],[-91.3026,14.6405],[-91.3055,14.6413],[-91.3093,14.6419]],[[-91.3093,14.6419],[-91.3206,14.6395],[-91.343,14.6376]],[[-91.1141,14.5304],[-91.1531,14.5595],[-91.1664,14.5676],[-91.1761,14.571],[-91.1819,14.5721],[-91.1923,14.5724]],[[-91.1923,14.5724],[-91.2011,14.5713],[-91.2288,14.5571],[-91.2514,14.5539]]]}},{"type":"Feature","properties":{},"geometry":{"type":"LineString","coordinates":[[-91.5105,14.713],[-91.5406,14.6871],[-91.5632,14.6623],[-91.5659,14.6583],[-91.569,14.6522],[-91.5697,14.6494],[-91.5702,14.6382],[-91.5694,14.6254],[-91.5689,14.6156],[-91.6084,14.5371],[-91.6088,14.5309],[-91.6087,14.5276],[-91.6083,14.5247],[-91.6162,14.4661],[-91.6154,14.4602],[-91.6139,14.4549],[-91.6119,14.4499],[-91.5993,14.428],[-91.5987,14.4206],[-91.6033,14.3555],[-91.6026,14.3422],[-91.6031,14.3357],[-91.6039,14.3311],[-91.6153,14.3147],[-91.6278,14.2778],[-91.6324,14.248],[-91.6344,14.2152],[-91.6356,14.2088],[-91.6367,14.2066],[-91.6652,14.1654],[-91.6593,14.1255],[-91.6585,14.1173]]}},{"type":"Feature","properties":{},"geometry":{"type":"MultiLineString","coordinates":[[[-91.1113,14.4304],[-91.1396,14.374],[-91.1462,14.3569],[-91.1491,14.309],[-91.1501,14.3034],[-91.1515,14.2994],[-91.156,14.2929],[-91.1649,14.276],[-91.1711,14.272]],[[-91.3363,14.2916],[-91.3428,14.2926],[-91.3466,14.2943],[-91.3516,14.2972],[-91.3559,14.3012],[-91.358,14.3043],[-91.359,14.3073],[-91.3593,14.3102],[-91.359,14.3131],[-91.3569,14.3215],[-91.3571,14.3247],[-91.3581,14.3279],[-91.3629,14.3344],[-91.3644,14.3369],[-91.3652,14.3392],[-91.3653,14.342],[-91.3646,14.3446],[-91.3635,14.347],[-91.3563,14.3574],[-91.3564,14.3612],[-91.3583,14.3662],[-91.3647,14.376],[-91.3691,14.3792],[-91.3729,14.3807]],[[-91.3729,14.3807],[-91.3811,14.3782],[-91.3857,14.3758],[-91.4142,14.3554],[-91.4178,14.3518],[-91.4192,14.3498],[-91.4212,14.345],[-91.4233,14.3366],[-91.4236,14.3304],[-91.4231,14.3241],[-91.4214,14.3154],[-91.4194,14.3104],[-91.4146,14.3015],[-91.4137,14.2991],[-91.4134,14.2965],[-91.4154,14.2936],[-91.4188,14.2908],[-91.4258,14.2867],[-91.4299,14.2857]],[[-91.1711,14.272],[-91.2877,14.2804],[-91.2941,14.282],[-91.2891,14.3059],[-91.3,14.3164]],[[-91.3,14.3164],[-91.3182,14.2966],[-91.3263,14.2919],[-91.3363,14.2916]],[[-91.4299,14.2857],[-91.4327,14.2865],[-91.434,14.2887],[-91.4366,14.2964],[-91.4401,14.301],[-91.448,14.3065]],[[-91.448,14.3065],[-91.4583,14.3003],[-91.4599,14.297],[-91.4616,14.2901],[-91.4622,14.2779],[-91.4617,14.2699],[-91.4579,14.2463],[-91.4556,14.206],[-91.4569,14.1899],[-91.4631,14.1819],[-91.4683,14.1768],[-91.473,14.1692],[-91.4812,14.1519],[-91.5298,14.0822],[-91.532,14.0766],[-91.5329,14.072],[-91.5295,14.0565],[-91.5285,14.0483],[-91.5284,14.0471]]]}},{"type":"Feature","properties":{},"geometry":{"type":"LineString","coordinates":[[-114.1475,28.0002],[-114.207,28.0]]}},{"type":"Feature","properties":{},"geometry":{"type":"LineString","coordinates":[[-114.0713,28.0004],[-114.0983,28.0003]]}},{"type":"Feature","properties":{},"geometry":{"type":"LineString","coordinates":[[-88.9297,13.9479],[-88.9445,13.9252],[-88.9457,13.923],[-88.9486,13.9187],[-88.952,13.9152],[-88.9558,13.9121],[-88.9691,13.9046],[-88.9711,13.903],[-88.9727,13.9013],[-88.9742,13.8992],[-88.9752,13.8968],[-88.976,13.894],[-88.9765,13.891],[-88.974,13.8847],[-88.9693,13.8761],[-88.9498,13.8492],[-88.9436,13.8428],[-88.9355,13.8374],[-88.9306,13.8322],[-88.927,13.8244],[-88.9262,13.8199],[-88.925,13.8157],[-88.92,13.807],[-88.9188,13.8032],[-88.9174,13.7967],[-88.915,13.7923],[-88.9109,13.787],[-88.9013,13.7769],[-88.8948,13.7674],[-88.8938,13.7649],[-88.8849,13.7598],[-88.8503,13.7506]]}},{"type":"Feature","properties":{},"geometry":{"type":"LineString","coordinates":[[-89.1413,14.067],[-89.1419,14.0573],[-89.1463,14.0454],[-89.1511,14.0358],[-89.1521,14.0326],[-89.1517,14.0282],[-89.1486,14.0118],[-89.1478,14.0022],[-89.148,14.0003],[-89.148,13.9993],[-89.1485,13.9952],[-89.1499,13.9897],[-89.1508,13.9838],[-89.1515,13.9811],[-89.1524,13.9786],[-89.155,13.9746],[-89.1568,13.973],[-89.1587,13.9715],[-89.1601,13.9701],[-89.1608,13.9686],[-89.1597,13.96],[-89.1577,13.9525],[-89.1482,13.9335],[-89.1274,13.9003],[-89.1212,13.8927],[-89.1203,13.8904],[-89.1221,13.8867],[-89.124,13.8846],[-89.1266,13.8828],[-89.1339,13.8797],[-89.1356,13.878],[-89.1329,13.8704],[-89.1062,13.8297],[-89.0971,13.8195],[-89.0901,13.814],[-89.0837,13.8137],[-89.0808,13.8131],[-89.0783,13.8121],[-89.0763,13.8106],[-89.0637,13.7926],[-89.0595,13.7884],[-89.0557,13.7859],[-89.0531,13.785],[-89.0514,13.7823],[-89.0504,13.7779],[-89.0521,13.7563],[-89.0507,13.7515],[-89.0333,13.7193],[-89.0284,13.7134],[-89.0266,13.7081],[-89.0244,13.7031],[-89.0236,13.6729]]}},{"type":"Feature","properties":{},"geometry":{"type":"MultiLineString","coordinates":[[[-88.874,13.9464],[-88.8604,13.9497],[-88.8453,13.9553],[-88.7838,13.9749],[-88.7719,13.9803],[-88.7651,13.9854],[-88.7576,13.9953],[-88.7369,14.005],[-88.6908,14.0118]],[[-88.9002,13.9487],[-88.874,13.9464]],[[-88.9297,13.9479],[-88.9002,13.9487]]]}},{"type":"Feature","properties":{},"geometry":{"type":"MultiLineString","coordinates":[[[-89.3892,14.1346],[-89.3867,14.1355],[-89.3844,14.1368],[-89.3824,14.1386],[-89.38,14.1418],[-89.3684,14.1625],[-89.3663,14.1643],[-89.3644,14.1655],[-89.362,14.1666],[-89.3593,14.1673],[-89.3567,14.1677],[-89.3464,14.1683],[-89.3433,14.1688],[-89.3405,14.1696],[-89.338,14.1705],[-89.3357,14.1718],[-89.3337,14.1732],[-89.3302,14.1766],[-89.3108,14.2028],[-89.3089,14.2074],[-89.3085,14.2112],[-89.3095,14.2223],[-89.3093,14.2423],[-89.2721,14.257],[-89.2633,14.2665],[-89.2594,14.2866],[-89.2465,14.3228],[-89.2648,14.3341],[-89.2696,14.3404],[-89.2718,14.3421],[-89.2866,14.3497],[-89.2902,14.3524],[-89.2924,14.3546],[-89.2968,14.3619],[-89.3002,14.3694],[-89.3014,14.3713],[-89.3081,14.3785],[-89.3462,14.4131]],[[-89.408,14.1358],[-89.3892,14.1346]],[[-89.3981,14.0374],[-89.413,14.0402],[-89.4241,14.0502],[-89.4272,14.0716],[-89.408,14.1358]],[[-89.3714,14.0406],[-89.3831,14.0375],[-89.3981,14.0374]]]}},{"type":"Feature","properties":{},"geometry":{"type":"MultiLineString","coordinates":[[[-89.1944,14.0682],[-89.1803,14.0574],[-89.169,14.0546]],[[-89.2008,14.0558],[-89.1944,14.0682]],[[-89.169,14.0546],[-89.1413,14.067]],[[-89.2354,14.0648],[-89.2147,14.056],[-89.2008,14.0558]],[[-89.2602,14.0511],[-89.256,14.0531],[-89.2431,14.0622],[-89.2354,14.0648]],[[-89.2673,14.0521],[-89.2602,14.0511]]]}},{"type":"Feature","properties":{},"geometry":{"type":"MultiLineString","coordinates":[[[-89.1237,14.076],[-89.1206,14.0759],[-89.1171,14.0755],[-89.1046,14.0694],[-89.0788,14.0603],[-89.0738,14.0576],[-89.0665,14.0513],[-89.0496,14.0396],[-89.0481,14.0377],[-89.0436,14.0299],[-89.0216,14.0046],[-89.0198,14.0018],[-89.0194,14.0002],[-89.0194,14.0],[-89.0202,13.9957],[-89.0202,13.993],[-89.0198,13.9905],[-89.0192,13.988],[-89.0175,13.9834],[-89.0148,13.978],[-89.0095,13.9703],[-89.005,13.9663],[-89.0012,13.964],[-88.9798,13.9541]],[[-89.1413,14.067],[-89.1237,14.076]],[[-88.9617,13.9556],[-88.9462,13.9497],[-88.9297,13.9479]],[[-88.9798,13.9541],[-88.9617,13.9556]]]}},{"type":"Feature","properties":{},"geometry":{"type":"LineString","coordinates":[[-89.7188,13.909],[-89.6988,13.9758],[-89.6959,13.9937],[-89.6968,13.9961],[-89.699,14.0],[-89.699,14.0002],[-89.7027,14.0038],[-89.7067,14.0069],[-89.7103,14.0103],[-89.7118,14.0125],[-89.7128,14.0149],[-89.715,14.023],[-89.7162,14.0252],[-89.7179,14.0273],[-89.7216,14.0303],[-89.7397,14.0415],[-89.748,14.0449]]}},{"type":"Feature","properties":{},"geometry":{"type":"LineString","coordinates":[[-88.4968,13.8512],[-88.4987,13.8496],[-88.503,13.8457],[-88.4968,13.8333],[-88.4982,13.8214],[-88.5053,13.8114],[-88.516,13.8047],[-88.5139,13.7908],[-88.5232,13.7769],[-88.5324,13.7597],[-88.5323,13.7594]]}},{"type":"Feature","properties":{},"geometry":{"type":"MultiLineString","coordinates":[[[-88.2742,13.9191],[-88.2687,13.9118],[-88.257,13.8848],[-88.2552,13.8768],[-88.2548,13.8735],[-88.2532,13.8691],[-88.2493,13.8616],[-88.2461,13.8533],[-88.2459,13.8472],[-88.2465,13.8445],[-88.2475,13.8419],[-88.2487,13.8397],[-88.2502,13.8377],[-88.2519,13.836],[-88.2541,13.8346],[-88.2559,13.8331],[-88.2589,13.8294],[-88.2601,13.8274],[-88.2607,13.8257],[-88.2612,13.8239],[-88.2622,13.8183],[-88.2617,13.8086],[-88.261,13.8058],[-88.2601,13.8033],[-88.2565,13.7996],[-88.2509,13.7947],[-88.2131,13.7696],[-88.2108,13.767],[-88.2082,13.7631],[-88.2065,13.7572],[-88.2064,13.7535],[-88.2072,13.7506],[-88.2088,13.7487],[-88.2107,13.7471],[-88.213,13.7457],[-88.2207,13.743],[-88.2252,13.7406],[-88.2581,13.7175],[-88.2598,13.7157],[-88.2609,13.7136],[-88.2611,13.7109],[-88.2594,13.6858],[-88.2563,13.6811],[-88.2511,13.6753],[-88.2384,13.6642],[-88.2351,13.6592],[-88.2333,13.6532],[-88.2296,13.6497],[-88.2201,13.6428],[-88.2164,13.6381],[-88.2143,13.6343],[-88.2139,13.6312],[-88.2131,13.6285],[-88.2122,13.6261],[-88.2106,13.6242],[-88.2084,13.6224],[-88.2013,13.618],[-88.199,13.6158],[-88.1974,13.6132],[-88.1976,13.6106],[-88.1986,13.6082],[-88.2045,13.6004],[-88.2057,13.5983],[-88.2056,13.5965],[-88.2039,13.5953]],[[-88.1409,13.6077],[-88.1372,13.6065],[-88.1335,13.6043],[-88.1292,13.5989],[-88.1255,13.5921],[-88.124,13.5869],[-88.1211,13.569],[-88.12,13.5668],[-88.1185,13.5648],[-88.1163,13.5632],[-88.1015,13.5545],[-88.0983,13.5516],[-88.0959,13.5489],[-88.095,13.5469],[-88.0933,13.5441],[-88.0919,13.5425],[-88.087,13.5418]],[[-88.2039,13.5953],[-88.1985,13.5969],[-88.1904,13.6016],[-88.1853,13.6035],[-88.1796,13.6047],[-88.1409,13.6077]],[[-88.0301,13.5549],[-88.0085,13.5514]],[[-88.087,13.5418],[-88.0796,13.5426],[-88.0404,13.5543],[-88.0301,13.5549]]]}},{"type":"Feature","properties":{},"geometry":{"type":"LineString","coordinates":[[-88.0085,13.5514],[-87.9776,13.5837],[-87.9703,13.5945],[-87.9686,13.6133],[-87.9456,13.6711],[-87.9396,13.698],[-87.9367,13.7212],[-87.9364,13.7403],[-87.9374,13.7463],[-87.9381,13.7489],[-87.9391,13.7512],[-87.9405,13.7534],[-87.945,13.7591],[-87.9463,13.7612],[-87.947,13.7639],[-87.9472,13.7672],[-87.9431,13.8279],[-87.945,13.8561],[-87.9494,13.8724],[-87.9526,13.892]]}},{"type":"Feature","properties":{},"geometry":{"type":"MultiLineString","coordinates":[[[-88.0085,13.5514],[-88.0151,13.5429],[-88.0172,13.5302],[-88.0167,13.5],[-88.0128,13.4856],[-88.0128,13.4824],[-88.0138,13.4789],[-88.0175,13.4746],[-88.0203,13.4722],[-88.023,13.4703],[-88.0274,13.4679],[-88.0292,13.4664],[-88.0308,13.4624],[-88.0316,13.456],[-88.0311,13.4303],[-88.0282,13.4127],[-88.0273,13.4102],[-88.026,13.4078],[-88.0167,13.3932],[-88.0155,13.3908],[-88.0146,13.3884],[-88.0142,13.386],[-88.0271,13.314],[-88.0267,13.3099],[-88.0252,13.304],[-88.0259,13.2979],[-88.0389,13.2562],[-88.0413,13.2539],[-88.046,13.2525]],[[-88.046,13.2525],[-88.0493,13.2526],[-88.0526,13.2532],[-88.0631,13.2568],[-88.0717,13.2619],[-88.0799,13.2678],[-88.082,13.2687]],[[-88.082,13.2687],[-88.0846,13.2589],[-88.086,13.2511],[-88.0915,13.1728],[-88.0915,13.1727]]]}},{"type":"Feature","properties":{},"geometry":{"type":"MultiLineString","coordinates":[[[-88.7094,13.8003],[-88.7165,13.8009],[-88.7212,13.8022],[-88.7356,13.8123]],[[-88.7356,13.8123],[-88.7389,13.812],[-88.7425,13.8102],[-88.7475,13.8037],[-88.7508,13.8003],[-88.7543,13.7981]],[[-88.5486,13.7487],[-88.558,13.7512],[-88.5832,13.7542],[-88.5869,13.7554],[-88.5889,13.7571],[-88.5901,13.7593],[-88.5909,13.7617],[-88.5922,13.7671],[-88.5936,13.7694],[-88.5964,13.7708],[-88.6033,13.7726],[-88.6058,13.7737],[-88.6124,13.7776],[-88.6231,13.7812],[-88.6255,13.7824],[-88.6439,13.7956],[-88.6461,13.7967],[-88.6571,13.7987],[-88.6709,13.7994],[-88.6774,13.8006]],[[-88.6774,13.8006],[-88.7094,13.8003]],[[-88.7543,13.7981],[-88.7602,13.7986],[-88.7673,13.8004]],[[-88.7673,13.8004],[-88.7739,13.7986],[-88.805,13.7852],[-88.8147,13.7822],[-88.8216,13.7811]],[[-88.8216,13.7811],[-88.832,13.7845],[-88.8378,13.7858],[-88.8442,13.7861]],[[-88.8442,13.7861],[-88.8471,13.7823],[-88.8489,13.7793],[-88.8503,13.7506]],[[-88.5323,13.7594],[-88.5486,13.7487]]]}},{"type":"Feature","properties":{},"geometry":{"type":"LineString","coordinates":[[-88.8503,13.7506],[-88.8685,13.7032],[-88.8719,13.6892],[-88.8743,13.6846],[-88.8766,13.6813],[-88.8961,13.6626]]}},{"type":"Feature","properties":{},"geometry":{"type":"LineString","coordinates":[[-88.4873,13.6883],[-88.4988,13.7057],[-88.5297,13.7358],[-88.5323,13.7594]]}},{"type":"Feature","properties":{},"geometry":{"type":"MultiLineString","coordinates":[[[-88.4465,13.6928],[-88.4345,13.6921],[-88.4284,13.6846],[-88.4201,13.6717],[-88.4132,13.6654],[-88.4045,13.6594],[-88.3968,13.6568],[-88.3724,13.6538],[-88.3663,13.652],[-88.3629,13.6494],[-88.363,13.6466],[-88.3678,13.6336],[-88.3683,13.6307],[-88.3683,13.6277],[-88.3664,13.6193],[-88.3635,13.6123],[-88.3622,13.6082],[-88.3617,13.6046],[-88.3621,13.6019],[-88.3631,13.5994],[-88.3645,13.5974],[-88.3662,13.5956],[-88.3684,13.5945],[-88.3738,13.5927],[-88.3761,13.5915],[-88.3778,13.5897],[-88.3788,13.5874],[-88.3797,13.5849],[-88.3802,13.5819],[-88.3799,13.576],[-88.3796,13.5731],[-88.3788,13.5704],[-88.3667,13.5455],[-88.3654,13.5418],[-88.3654,13.5394],[-88.3675,13.5316],[-88.3675,13.5274],[-88.3667,13.5222],[-88.3626,13.509],[-88.3622,13.5052],[-88.3625,13.5031],[-88.3638,13.5005],[-88.364,13.5002],[-88.3693,13.4954],[-88.3709,13.4936],[-88.3722,13.4912],[-88.373,13.4886],[-88.3734,13.4856],[-88.3732,13.4795],[-88.3736,13.4732],[-88.3746,13.4707],[-88.376,13.4691]],[[-88.4873,13.6883],[-88.4465,13.6928]],[[-88.376,13.4691],[-88.3778,13.4693],[-88.3795,13.4705],[-88.3808,13.4721],[-88.382,13.473],[-88.3834,13.4736]],[[-88.3834,13.4736],[-88.3853,13.473],[-88.3868,13.4712],[-88.3877,13.4687],[-88.3879,13.4657],[-88.3878,13.4627],[-88.3861,13.4493],[-88.3859,13.4428],[-88.3827,13.4244],[-88.3815,13.4212],[-88.3802,13.4201],[-88.3783,13.4201]],[[-88.3737,13.4217],[-88.3697,13.4204],[-88.3682,13.4178],[-88.3676,13.4147],[-88.3678,13.4083],[-88.3672,13.4023],[-88.3657,13.3947],[-88.3604,13.3767],[-88.355,13.366],[-88.3449,13.3503],[-88.3379,13.3415],[-88.3361,13.3401],[-88.3339,13.3388],[-88.3264,13.3356],[-88.3211,13.3342],[-88.3015,13.332],[-88.297,13.3295],[-88.2919,13.3254],[-88.283,13.3151],[-88.2789,13.3113],[-88.2759,13.3094]],[[-88.3783,13.4201],[-88.3737,13.4217]],[[-88.2734,13.3095],[-88.2706,13.3093],[-88.268,13.3084],[-88.2659,13.307],[-88.2621,13.3038],[-88.26,13.3025],[-88.2574,13.3016],[-88.2547,13.3012]],[[-88.2759,13.3094],[-88.2734,13.3095]],[[-88.2314,13.3093],[-88.2271,13.3088],[-88.2238,13.3053],[-88.2222,13.3023],[-88.2212,13.2992],[-88.2209,13.2963],[-88.2206,13.2815],[-88.2183,13.2778],[-88.2145,13.2749],[-88.2079,13.2715],[-88.2056,13.2683],[-88.205,13.2656],[-88.2125,13.2522],[-88.2135,13.249],[-88.214,13.2457],[-88.2139,13.2408],[-88.2121,13.2388],[-88.2096,13.2382]],[[-88.2547,13.3012],[-88.2518,13.3014],[-88.2489,13.3019],[-88.2439,13.304],[-88.2345,13.309],[-88.2314,13.3093]],[[-88.1824,13.2424],[-88.1793,13.2422],[-88.1764,13.2417],[-88.1738,13.2407],[-88.1125,13.1712],[-88.1125,13.1712]],[[-88.2096,13.2382],[-88.1824,13.2424]]]}},{"type":"Feature","properties":{},"geometry":{"type":"MultiLineString","coordinates":[[[-88.4873,13.6883],[-88.5501,13.6437],[-88.5559,13.626],[-88.5706,13.6061],[-88.5908,13.5937]],[[-88.5908,13.5937],[-88.6128,13.5987]],[[-88.6128,13.5987],[-88.6416,13.5639],[-88.6429,13.5577],[-88.6594,13.555],[-88.6651,13.5471],[-88.6675,13.5167],[-88.6759,13.4872],[-88.7215,13.4025],[-88.7257,13.392],[-88.7281,13.3793],[-88.7294,13.3483],[-88.7319,13.3415],[-88.7494,13.3249],[-88.7587,13.3114],[-88.7648,13.3004],[-88.7741,13.2929],[-88.7938,13.2902],[-88.8056,13.2858],[-88.8132,13.2757],[-88.8172,13.2616],[-88.8171,13.2596],[-88.8171,13.2595]]]}},{"type":"Feature","properties":{},"geometry":{"type":"MultiLineString","coordinates":[[[-89.7188,13.909],[-89.6956,13.9033]],[[-89.6749,13.9054],[-89.6703,13.9032],[-89.6644,13.899],[-89.6482,13.8836],[-89.6452,13.8796],[-89.6421,13.8725],[-89.6399,13.8696],[-89.6367,13.8662],[-89.6306,13.8607],[-89.6262,13.8537],[-89.6251,13.8485],[-89.6253,13.8457],[-89.6261,13.8429],[-89.6274,13.8407],[-89.629,13.8389],[-89.6328,13.8359],[-89.6345,13.8339],[-89.6357,13.8317],[-89.6361,13.8292],[-89.6348,13.8271],[-89.6316,13.8251],[-89.6254,13.824],[-89.6208,13.8194],[-89.6184,13.8161],[-89.6173,13.813],[-89.616,13.8107],[-89.6143,13.8088],[-89.6121,13.8071],[-89.6089,13.8058],[-89.6042,13.8049]],[[-89.6956,13.9033],[-89.6866,13.9036],[-89.6811,13.905],[-89.6781,13.9054],[-89.6749,13.9054]],[[-89.5769,13.8427],[-89.5701,13.8398],[-89.5605,13.8342],[-89.5393,13.8189],[-89.5261,13.8068],[-89.52,13.7922],[-89.5186,13.7901],[-89.517,13.7882],[-89.5043,13.7839],[-89.4566,13.7751]],[[-89.6042,13.8049],[-89.597,13.8066],[-89.5934,13.8084],[-89.5911,13.8106],[-89.5905,13.8131],[-89.5905,13.822],[-89.5892,13.8275],[-89.586,13.8346],[-89.5833,13.8388],[-89.5816,13.8407],[-89.5796,13.8421],[-89.5769,13.8427]]]}},{"type":"Feature","properties":{},"geometry":{"type":"MultiLineString","coordinates":[[[-89.7188,13.909],[-89.7366,13.9017],[-89.7585,13.8958],[-89.7707,13.894],[-89.7735,13.8922],[-89.7756,13.8893],[-89.7766,13.8829],[-89.7769,13.8787],[-89.7745,13.86],[-89.7728,13.8541],[-89.771,13.8496],[-89.7686,13.845],[-89.7677,13.8427],[-89.7683,13.8392],[-89.7887,13.809],[-89.7906,13.8036],[-89.7911,13.7996],[-89.7827,13.7736],[-89.7816,13.768],[-89.783,13.7641],[-89.7859,13.7593],[-89.7935,13.7506],[-89.7965,13.7452],[-89.7981,13.7409],[-89.7986,13.7317],[-89.7994,13.7292],[-89.8123,13.7068],[-89.8141,13.7019],[-89.8198,13.6797],[-89.8248,13.6777],[-89.8331,13.6767]],[[-89.8331,13.6767],[-89.8632,13.6783],[-89.8694,13.6796],[-89.8714,13.681],[-89.8787,13.6877],[-89.8918,13.7024],[-89.8938,13.704],[-89.8979,13.7068],[-89.9003,13.7079],[-89.903,13.7089],[-89.9065,13.7092]],[[-89.9065,13.7092],[-89.9106,13.7092],[-89.9163,13.7082],[-89.9196,13.7071],[-89.9226,13.7058],[-89.925,13.7042],[-89.9278,13.7019],[-89.9353,13.6931],[-89.9512,13.6688],[-89.9535,13.6651]]]}},{"type":"Feature","properties":{},"geometry":{"type":"MultiLineString","coordinates":[[[-89.0236,13.6729],[-89.0597,13.6397],[-89.0898,13.6025],[-89.0949,13.5987]],[[-89.0949,13.5987],[-89.0979,13.5989],[-89.101,13.5994],[-89.117,13.6045],[-89.1201,13.6049]],[[-89.1201,13.6049],[-89.1232,13.6049],[-89.126,13.6044],[-89.1282,13.6031],[-89.1296,13.6],[-89.13,13.5954],[-89.1282,13.5867],[-89.1253,13.5787],[-89.1176,13.5655],[-89.1157,13.5606],[-89.1162,13.5535],[-89.1185,13.5427],[-89.127,13.518],[-89.1321,13.5073],[-89.1392,13.4996],[-89.1422,13.4977],[-89.1444,13.4893]]]}},{"type":"Feature","properties":{},"geometry":{"type":"MultiLineString","coordinates":[[[-88.9434,13.6423],[-88.9622,13.6482],[-88.9796,13.6572],[-89.0236,13.6729]],[[-88.8961,13.6626],[-88.903,13.6585],[-88.9085,13.6567],[-88.9211,13.6552],[-88.9238,13.6544],[-88.926,13.6532],[-88.9276,13.6513],[-88.9298,13.6465],[-88.9313,13.6447],[-88.9335,13.6437],[-88.9355,13.6431],[-88.9399,13.6424],[-88.9434,13.6423]]]}},{"type":"Feature","properties":{},"geometry":{"type":"MultiLineString","coordinates":[[[-88.8961,13.6626],[-88.8886,13.6429],[-88.8882,13.6265],[-88.8893,13.6096],[-88.8883,13.6028],[-88.8864,13.5988],[-88.8833,13.5984]],[[-88.8489,13.6064],[-88.8444,13.6056],[-88.8365,13.6028],[-88.8338,13.5995],[-88.8092,13.5481],[-88.8085,13.5453],[-88.808,13.5424],[-88.8082,13.536],[-88.8095,13.5302],[-88.8172,13.5098],[-88.8177,13.5074],[-88.8186,13.5051],[-88.8192,13.5019],[-88.8194,13.5004],[-88.8194,13.5001],[-88.8234,13.4782],[-88.8236,13.4736],[-88.8221,13.4562],[-88.8208,13.4505],[-88.8194,13.4464],[-88.8128,13.4393],[-88.8068,13.4347],[-88.7981,13.4295],[-88.7912,13.4231],[-88.7845,13.4148],[-88.7823,13.4097],[-88.7813,13.4055],[-88.7816,13.4024],[-88.783,13.3966],[-88.7838,13.3942],[-88.7851,13.3921],[-88.7912,13.3875],[-88.7928,13.3857],[-88.7941,13.3836],[-88.795,13.381],[-88.7954,13.378],[-88.7956,13.3748],[-88.791,13.334],[-88.7913,13.3283],[-88.7926,13.3261],[-88.7942,13.3242],[-88.7962,13.3224],[-88.7983,13.321],[-88.8075,13.3165],[-88.8149,13.3136],[-88.8193,13.3111],[-88.8232,13.308],[-88.8248,13.3061],[-88.8262,13.304],[-88.8274,13.3016],[-88.8284,13.2991],[-88.8291,13.2963],[-88.8315,13.2662],[-88.8316,13.2661]],[[-88.8833,13.5984],[-88.8801,13.5985],[-88.8769,13.5989],[-88.853,13.6062],[-88.8489,13.6064]]]}},{"type":"Feature","properties":{},"geometry":{"type":"MultiLineString","coordinates":[[[-89.3714,14.0406],[-89.3822,13.9853],[-89.3839,13.9708],[-89.3837,13.9677],[-89.3852,13.9486],[-89.3863,13.9454],[-89.3885,13.9427],[-89.3937,13.9405],[-89.3974,13.9403]],[[-89.3974,13.9403],[-89.4007,13.9404]],[[-89.4007,13.9404],[-89.4035,13.9401],[-89.4056,13.939],[-89.4136,13.9265],[-89.4168,13.9245],[-89.4196,13.9241]],[[-89.4196,13.9241],[-89.4221,13.9249],[-89.4248,13.9251]],[[-89.4248,13.9251],[-89.4272,13.9244],[-89.4293,13.9231],[-89.4309,13.9212],[-89.4321,13.9156],[-89.4334,13.8888],[-89.4326,13.8708],[-89.4345,13.8495],[-89.452,13.8029],[-89.4566,13.7751]]]}},{"type":"Feature","properties":{},"geometry":{"type":"MultiLineString","coordinates":[[[-89.2673,14.0521],[-89.2684,14.0184],[-89.2738,13.997],[-89.2741,13.9915],[-89.2733,13.988],[-89.2673,13.9834],[-89.2649,13.9799],[-89.262,13.9747],[-89.257,13.9634],[-89.2541,13.958],[-89.2513,13.9544],[-89.2471,13.9518],[-89.2424,13.9495],[-89.2343,13.9472],[-89.2313,13.947]],[[-89.222,13.9477],[-89.2189,13.9476],[-89.2159,13.9472],[-89.2131,13.9465],[-89.2104,13.9456],[-89.2071,13.9438],[-89.2035,13.9409],[-89.1981,13.9381],[-89.1966,13.936],[-89.1962,13.9344],[-89.1988,13.9278],[-89.2002,13.9222],[-89.2005,13.921],[-89.2014,13.9203]],[[-89.2313,13.947],[-89.222,13.9477]],[[-89.2014,13.9203],[-89.2088,13.9205]],[[-89.2088,13.9205],[-89.2114,13.9198],[-89.2133,13.9181],[-89.2143,13.9148],[-89.2193,13.859],[-89.2208,13.8534],[-89.2219,13.8511],[-89.2239,13.8497],[-89.2291,13.8479],[-89.2313,13.8465],[-89.2333,13.845],[-89.2364,13.8413],[-89.2384,13.8365],[-89.2396,13.8317],[-89.2414,13.8143],[-89.2435,13.8065],[-89.2468,13.7992],[-89.2486,13.79],[-89.2498,13.774],[-89.2507,13.7697],[-89.2514,13.7672],[-89.2583,13.7546],[-89.2627,13.7421],[-89.2624,13.7381],[-89.2606,13.736],[-89.258,13.7353],[-89.2548,13.7351],[-89.2498,13.7287],[-89.2507,13.7187],[-89.2501,13.7092],[-89.249,13.7067],[-89.2476,13.7046],[-89.2459,13.7027],[-89.2421,13.6999],[-89.2402,13.6975],[-89.239,13.6942],[-89.2372,13.6863],[-89.2357,13.682],[-89.2337,13.6791],[-89.2316,13.6775],[-89.2172,13.67],[-89.2155,13.6689],[-89.2112,13.6651],[-89.2045,13.6565],[-89.2035,13.6527],[-89.2038,13.6496],[-89.2071,13.6436],[-89.2094,13.6381],[-89.2093,13.635],[-89.2071,13.6328],[-89.1995,13.6292],[-89.1983,13.6268],[-89.1988,13.6246],[-89.2004,13.6226],[-89.2024,13.6211],[-89.2038,13.6154],[-89.2046,13.606],[-89.2027,13.5647],[-89.2032,13.5615],[-89.2094,13.5457],[-89.2117,13.5371],[-89.212,13.5324],[-89.2114,13.5287],[-89.1954,13.5035],[-89.1898,13.4916],[-89.1883,13.4897],[-89.1861,13.4885],[-89.1832,13.4881]],[[-89.158,13.4937],[-89.1543,13.4932],[-89.1517,13.4925],[-89.1444,13.4893]],[[-89.1832,13.4881],[-89.18,13.4883],[-89.1744,13.4896],[-89.1639,13.493],[-89.158,13.4937]]]}},{"type":"Feature","properties":{},"geometry":{"type":"MultiLineString","coordinates":[[[-89.2673,14.0521],[-89.2768,14.0564],[-89.2801,14.0573],[-89.2964,14.0596],[-89.3144,14.0696],[-89.3248,14.0716]],[[-89.3248,14.0716],[-89.3346,14.0644],[-89.3437,14.0596],[-89.3555,14.0573],[-89.3638,14.0542],[-89.367,14.0474],[-89.3714,14.0406]]]}},{"type":"Feature","properties":{},"geometry":{"type":"LineString","coordinates":[[-89.4566,13.7751],[-89.4452,13.7716],[-89.4428,13.7704],[-89.4407,13.769],[-89.439,13.7674],[-89.4377,13.7653],[-89.4367,13.7629],[-89.4362,13.7601],[-89.4376,13.7564],[-89.4403,13.7524],[-89.4475,13.7463],[-89.4538,13.7418],[-89.4685,13.7335],[-89.474,13.7286],[-89.4858,13.7145],[-89.4898,13.7114],[-89.4938,13.7097],[-89.5008,13.7091],[-89.503,13.7084],[-89.5071,13.7061],[-89.5091,13.7043],[-89.5113,13.7006],[-89.5135,13.6952],[-89.5164,13.6833],[-89.518,13.6717],[-89.5167,13.6497],[-89.517,13.6464],[-89.5197,13.6415],[-89.5246,13.635],[-89.5464,13.6138],[-89.5485,13.6124],[-89.5505,13.6104],[-89.5527,13.6073],[-89.5551,13.6023],[-89.557,13.594],[-89.5583,13.582],[-89.561,13.5779],[-89.5654,13.573],[-89.5907,13.5514],[-89.5961,13.5429],[-89.6067,13.5194],[-89.6094,13.5131]]}},{"type":"Feature","properties":{},"geometry":{"type":"MultiLineString","coordinates":[[[-89.1444,13.4893],[-89.1409,13.473],[-89.1379,13.4688]],[[-89.1355,13.4689],[-89.1313,13.4687],[-89.1257,13.4674],[-89.1159,13.4635],[-89.1127,13.4601],[-89.1119,13.4573],[-89.1144,13.453],[-89.1192,13.4472],[-89.1205,13.4451],[-89.1221,13.4432],[-89.1299,13.4297],[-89.1327,13.4238],[-89.1357,13.4145],[-89.1357,13.4145]],[[-89.1379,13.4688],[-89.1355,13.4689]]]}},{"type":"Feature","properties":{},"geometry":{"type":"LineString","coordinates":[[-70.3923,19.0723],[-70.3809,19.0487],[-70.3718,19.0255],[-70.3671,18.9984],[-70.3418,18.9868],[-70.3327,18.9757],[-70.3296,18.961],[-70.3139,18.9413],[-70.2929,18.9267],[-70.2499,18.8976],[-70.2238,18.8548]]}},{"type":"Feature","properties":{},"geometry":{"type":"MultiLineString","coordinates":[[[-70.5337,18.7879],[-70.4917,18.7647],[-70.4515,18.7366]],[[-70.4023,18.7474],[-70.3756,18.7372],[-70.35,18.7202]],[[-70.4515,18.7366],[-70.4265,18.7392],[-70.4023,18.7474]]]}},{"type":"Feature","properties":{},"geometry":{"type":"MultiLineString","coordinates":[[[-70.3923,19.0723],[-70.3998,19.0983],[-70.4237,19.1117]],[[-70.4237,19.1117],[-70.4434,19.1051],[-70.4542,19.0865],[-70.5018,19.0742],[-70.5226,19.0374],[-70.5235,18.969],[-70.5833,18.9225],[-70.5924,18.8532],[-70.5337,18.7879]]]}},{"type":"Feature","properties":{},"geometry":{"type":"LineString","coordinates":[[-70.2814,19.1464],[-70.2796,19.1437],[-70.2776,19.1411],[-70.2999,19.1333],[-70.3244,19.1212],[-70.3641,19.1033],[-70.3923,19.0723]]}},{"type":"Feature","properties":{},"geometry":{"type":"MultiLineString","coordinates":[[[-70.5337,18.7879],[-70.548,18.7436],[-70.5741,18.712],[-70.5951,18.6936],[-70.6105,18.6774]],[[-70.6105,18.6774],[-70.6547,18.6779]],[[-70.6547,18.6779],[-70.7,18.6768]]]}},{"type":"Feature","properties":{},"geometry":{"type":"LineString","coordinates":[[-70.9162,19.0259],[-70.8997,19.0099],[-70.8912,18.9885]]}},{"type":"Feature","properties":{},"geometry":{"type":"LineString","coordinates":[[-69.2123,19.0171],[-69.2123,19.0174]]}},{"type":"Feature","properties":{},"geometry":{"type":"LineString","coordinates":[[-70.2238,18.8548],[-70.2444,18.833],[-70.2512,18.8017]]}},{"type":"Feature","properties":{},"geometry":{"type":"MultiLineString","coordinates":[[[-69.9203,19.0393],[-69.9353,18.975],[-69.9525,18.91],[-69.9806,18.8894]],[[-69.9806,18.8894],[-70.0131,18.9046],[-70.0331,18.908]],[[-70.0331,18.908],[-70.0454,18.8905]],[[-70.0454,18.8905],[-70.0632,18.8932],[-70.0841,18.8972]],[[-70.0841,18.8972],[-70.1105,18.8911],[-70.1296,18.8749],[-70.172,18.8652],[-70.2238,18.8548]]]}},{"type":"Feature","properties":{},"geometry":{"type":"LineString","coordinates":[[-70.4673,19.3188],[-70.4525,19.285],[-70.4325,19.2533],[-70.4045,19.2276],[-70.3636,19.2249]]}},{"type":"Feature","properties":{},"geometry":{"type":"MultiLineString","coordinates":[[[-70.2664,19.1556],[-70.2471,19.1506],[-70.2261,19.1469]],[[-70.285,19.1498],[-70.2664,19.1556]],[[-70.1612,19.1512],[-70.1174,19.1463],[-70.0891,19.1443],[-70.0631,19.1331],[-70.0405,19.1231],[-70.0169,19.1161],[-69.9861,19.1158],[-69.9538,19.1137],[-69.9291,19.1064],[-69.9078,19.0935],[-69.9112,19.0668],[-69.9203,19.0393]],[[-70.2261,19.1469],[-70.2055,19.1504],[-70.1612,19.1512]],[[-70.2814,19.1464],[-70.2819,19.1507]],[[-70.2819,19.1507],[-70.285,19.1498]]]}},{"type":"Feature","properties":{},"geometry":{"type":"LineString","coordinates":[[-70.2814,19.1464],[-70.3313,19.1776],[-70.3636,19.2249]]}},{"type":"Feature","properties":{},"geometry":{"type":"MultiLineString","coordinates":[[[-69.7558,19.0876],[-69.8213,19.09]],[[-69.8213,19.09],[-69.8749,19.084],[-69.877,19.0728],[-69.8783,19.0573],[-69.8934,19.0383]],[[-69.8934,19.0383],[-69.9203,19.0393]]]}},{"type":"Feature","properties":{},"geometry":{"type":"LineString","coordinates":[[-70.3636,19.2249],[-70.3627,19.2675],[-70.3487,19.3104],[-70.3406,19.3572],[-70.3211,19.3994],[-70.279,19.4188],[-70.2506,19.4417],[-70.2425,19.4737],[-70.2366,19.4992]]}},{"type":"Feature","properties":{},"geometry":{"type":"MultiLineString","coordinates":[[[-70.6825,19.186],[-70.6855,19.2148],[-70.6783,19.2488],[-70.694,19.275],[-70.7246,19.283],[-70.7488,19.3006],[-70.7416,19.3209],[-70.7169,19.3275],[-70.6667,19.3526],[-70.6139,19.3688]],[[-70.7088,19.1908],[-70.6825,19.186]],[[-70.9162,19.0259],[-70.9118,19.0481],[-70.9192,19.0694],[-70.89,19.0831],[-70.8571,19.0966],[-70.7949,19.1251],[-70.7425,19.1628],[-70.7303,19.1897],[-70.7088,19.1908]]]}},{"type":"Feature","properties":{},"geometry":{"type":"MultiLineString","coordinates":[[[-71.0154,19.0256],[-71.0605,19.0389],[-71.1051,19.0661],[-71.1241,19.0823],[-71.1272,19.1071],[-71.1357,19.1219],[-71.1524,19.1301],[-71.1932,19.1491],[-71.2308,19.1702]],[[-70.9162,19.0259],[-70.9421,19.0337],[-70.9681,19.0415]],[[-70.9681,19.0415],[-70.9925,19.0363],[-71.0154,19.0256]]]}},{"type":"Feature","properties":{},"geometry":{"type":"MultiLineString","coordinates":[[[-70.9108,19.5746],[-70.8852,19.5778],[-70.8707,19.6083],[-70.8641,19.6417]],[[-70.9356,19.5912],[-70.9108,19.5746]],[[-70.9295,19.4473],[-70.8856,19.4475],[-70.8816,19.4653],[-70.9044,19.4815],[-70.8975,19.5103],[-70.8965,19.5378],[-70.9114,19.5465],[-70.9258,19.5531],[-70.9339,19.5711],[-70.9356,19.5912]],[[-71.0752,19.4681],[-71.0474,19.4534],[-71.0183,19.4418],[-71.0036,19.4387]],[[-70.9708,19.4641],[-70.9295,19.4473]],[[-71.0036,19.4387],[-70.9892,19.4405],[-70.9797,19.4534],[-70.9708,19.4641]]]}},{"type":"Feature","properties":{},"geometry":{"type":"LineString","coordinates":[[-71.3274,19.1911],[-71.2841,19.1707],[-71.2308,19.1702]]}},{"type":"Feature","properties":{},"geometry":{"type":"MultiLineString","coordinates":[[[-71.0752,19.4681],[-71.0883,19.451],[-71.0905,19.4312],[-71.0773,19.4223],[-71.0687,19.4125],[-71.107,19.4002],[-71.1432,19.3839],[-71.1621,19.3829]],[[-71.1621,19.3829],[-71.1809,19.3848]],[[-71.1809,19.3848],[-71.1963,19.3751],[-71.2086,19.3615],[-71.2269,19.3472],[-71.2409,19.329],[-71.2442,19.2987],[-71.247,19.2679],[-71.2435,19.2469],[-71.2269,19.232],[-71.2255,19.2016],[-71.2308,19.1702]]]}},{"type":"Feature","properties":{},"geometry":{"type":"LineString","coordinates":[[-71.0752,19.4681],[-71.1488,19.4806],[-71.1842,19.5365]]}},{"type":"Feature","properties":{},"geometry":{"type":"MultiLineString","coordinates":[[[-71.535,18.6508],[-71.4879,18.6343],[-71.4385,18.6248],[-71.3935,18.6032],[-71.3449,18.5996]],[[-71.1977,18.6354],[-71.1613,18.6159]],[[-71.2726,18.6173],[-71.2452,18.6219],[-71.1977,18.6354]],[[-71.3002,18.6202],[-71.2726,18.6173]],[[-71.3449,18.5996],[-71.3233,18.6128],[-71.3002,18.6202]]]}},{"type":"Feature","properties":{},"geometry":{"type":"MultiLineString","coordinates":[[[-69.2123,19.0171],[-69.2171,18.9624],[-69.1895,18.9153]],[[-69.1895,18.9153],[-69.272,18.9336]],[[-69.272,18.9336],[-69.3286,18.9241],[-69.2926,18.8545],[-69.2353,18.7979],[-69.2198,18.7578],[-69.2242,18.7151],[-69.2415,18.6771],[-69.2536,18.6402]]]}},{"type":"Feature","properties":{},"geometry":{"type":"LineString","coordinates":[[-69.2117,19.021],[-69.2123,19.0174]]}},{"type":"Feature","properties":{},"geometry":{"type":"LineString","coordinates":[[-69.4591,18.8026],[-69.4413,18.8259],[-69.4205,18.8466],[-69.3999,18.8586],[-69.3809,18.8711],[-69.3993,18.8888],[-69.4356,18.8933],[-69.4845,18.9187],[-69.5347,18.9424],[-69.5917,18.9697],[-69.6378,19.0089]]}},{"type":"Feature","properties":{},"geometry":{"type":"LineString","coordinates":[[-70.4791,18.4132],[-70.5011,18.4547],[-70.5219,18.4887],[-70.5541,18.5045],[-70.5874,18.5252],[-70.6106,18.533],[-70.628,18.5489],[-70.6356,18.5638],[-70.6503,18.5724],[-70.6713,18.623],[-70.7,18.6768]]}},{"type":"Feature","properties":{},"geometry":{"type":"LineString","coordinates":[[-70.7,18.6768],[-70.6858,18.734],[-70.7238,18.7778],[-70.7848,18.8073],[-70.8274,18.8623],[-70.8387,18.9545],[-70.8912,18.9885]]}},{"type":"Feature","properties":{},"geometry":{"type":"MultiLineString","coordinates":[[[-71.0039,18.7531],[-70.9903,18.7656],[-70.9825,18.7826],[-70.9819,18.8341],[-70.9753,18.8837],[-70.9631,18.9087],[-70.9386,18.925],[-70.9245,18.9378],[-70.9205,18.9572],[-70.8996,18.967],[-70.8912,18.9885]],[[-71.0269,18.7761],[-71.0185,18.7588],[-71.0039,18.7531]],[[-71.1613,18.6159],[-71.1174,18.6271],[-71.0911,18.6644],[-71.0747,18.6703],[-71.0558,18.6788],[-71.0581,18.6916],[-71.0647,18.7026],[-71.0543,18.7161],[-71.0531,18.7288],[-71.0594,18.7664],[-71.0269,18.7761]]]}},{"type":"Feature","properties":{},"geometry":{"type":"LineString","coordinates":[[-71.1613,18.6159],[-71.1138,18.5703],[-71.0514,18.5497],[-71.0199,18.5443],[-70.9933,18.5273],[-70.9936,18.5096],[-71.0148,18.502]]}},{"type":"Feature","properties":{},"geometry":{"type":"MultiLineString","coordinates":[[[-70.2512,18.8017],[-70.2854,18.7861],[-70.2996,18.7576],[-70.3131,18.7195]],[[-70.3131,18.7195],[-70.35,18.7202]]]}},{"type":"Feature","properties":{},"geometry":{"type":"LineString","coordinates":[[-70.35,18.7202],[-70.3687,18.6795],[-70.3722,18.6363],[-70.3679,18.601],[-70.3788,18.5657],[-70.3716,18.5333],[-70.3566,18.5036]]}},{"type":"Feature","properties":{},"geometry":{"type":"LineString","coordinates":[[-70.2512,18.8017],[-70.2346,18.7817],[-70.2172,18.7625],[-70.1913,18.7487],[-70.1672,18.7317]]}},{"type":"Feature","properties":{},"geometry":{"type":"LineString","coordinates":[[-70.3566,18.5036],[-70.3781,18.4814],[-70.4031,18.4649],[-70.4521,18.4513],[-70.4791,18.4132]]}},{"type":"Feature","properties":{},"geometry":{"type":"LineString","coordinates":[[-70.4791,18.4132],[-70.4725,18.3948],[-70.4822,18.3765],[-70.49,18.3496],[-70.4874,18.3212],[-70.5237,18.2819],[-70.5793,18.2718],[-70.5794,18.2718]]}},{"type":"Feature","properties":{},"geometry":{"type":"LineString","coordinates":[[-70.3566,18.5036],[-70.3082,18.4836],[-70.2687,18.4472],[-70.237,18.433],[-70.2389,18.4089],[-70.2648,18.3947],[-70.2697,18.3688],[-70.2513,18.3465],[-70.2313,18.324],[-70.2242,18.3112],[-70.2167,18.2987],[-70.2036,18.2865],[-70.1908,18.2759],[-70.1866,18.2534],[-70.1804,18.2341],[-70.1804,18.2341]]}},{"type":"Feature","properties":{},"geometry":{"type":"MultiLineString","coordinates":[[[-70.1672,18.7317],[-70.139,18.722],[-70.1207,18.6907],[-70.0888,18.6795],[-70.0561,18.671],[-70.0088,18.6622]],[[-69.9346,18.7034],[-69.9114,18.7025],[-69.8883,18.7013],[-69.8612,18.6811],[-69.8385,18.6567],[-69.8246,18.6393],[-69.819,18.6194],[-69.798,18.6001],[-69.79,18.5718]],[[-70.0088,18.6622],[-69.9663,18.6809],[-69.9637,18.6901],[-69.9591,18.699],[-69.9473,18.7028],[-69.9346,18.7034]],[[-69.6111,18.6612],[-69.5753,18.6482]],[[-69.79,18.5718],[-69.7439,18.6177],[-69.6857,18.6382],[-69.6639,18.6427],[-69.6451,18.6543],[-69.6111,18.6612]]]}},{"type":"Feature","properties":{},"geometry":{"type":"MultiLineString","coordinates":[[[-70.1672,18.7317],[-70.1664,18.6869],[-70.1393,18.6453],[-70.148,18.6231],[-70.1528,18.5986],[-70.1421,18.5632],[-70.1236,18.5312],[-70.0991,18.5139],[-70.0805,18.4923],[-70.0778,18.4751],[-70.0663,18.4634]],[[-70.0437,18.464],[-70.0212,18.4632],[-70.0085,18.4454],[-70.0077,18.4238],[-70.004,18.4175]],[[-70.0663,18.4634],[-70.0437,18.464]]]}},{"type":"Feature","properties":{},"geometry":{"type":"MultiLineString","coordinates":[[[-69.9245,18.5001],[-69.9435,18.5018],[-69.9558,18.5202],[-69.968,18.5368]],[[-69.968,18.5368],[-69.9948,18.5224],[-69.9974,18.4939],[-69.9752,18.4626],[-69.9809,18.4265],[-69.9809,18.4265]],[[-69.8794,18.4712],[-69.8778,18.501],[-69.9057,18.505]],[[-69.9057,18.505],[-69.9245,18.5001]]]}},{"type":"Feature","properties":{},"geometry":{"type":"MultiLineString","coordinates":[[[-71.0148,18.502],[-71.0344,18.5259]],[[-71.0344,18.5259],[-71.0478,18.4999],[-71.0634,18.4753],[-71.0892,18.4573],[-71.1199,18.4467],[-71.136,18.4342],[-71.1474,18.4177],[-71.1635,18.4071],[-71.1803,18.3971],[-71.1978,18.3708],[-71.2008,18.3384]]]}},{"type":"Feature","properties":{},"geometry":{"type":"LineString","coordinates":[[-71.0148,18.502],[-71.0046,18.4858],[-71.0015,18.4539],[-71.0217,18.4289],[-71.0524,18.4038],[-71.0474,18.3923],[-71.0427,18.3807],[-71.0332,18.3739],[-71.0208,18.3693],[-70.9885,18.3607],[-70.9594,18.354],[-70.9617,18.3396],[-70.9583,18.3183],[-70.9507,18.2861],[-70.9656,18.2621],[-70.9656,18.2621]]}},{"type":"Feature","properties":{},"geometry":{"type":"LineString","coordinates":[[-69.6378,19.0089],[-69.6669,19.0295],[-69.6986,19.0465],[-69.7273,19.0669],[-69.7558,19.0876]]}},{"type":"Feature","properties":{},"geometry":{"type":"MultiLineString","coordinates":[[[-69.7558,19.0876],[-69.7361,19.1054],[-69.7325,19.1367],[-69.719,19.1527],[-69.7033,19.1626],[-69.6767,19.1794],[-69.6768,19.2065],[-69.7373,19.2201]],[[-69.7373,19.2201],[-69.7861,19.1981]]]}},{"type":"Feature","properties":{},"geometry":{"type":"LineString","coordinates":[[-69.6209,19.102],[-69.6216,19.0946],[-69.6186,19.0679],[-69.6245,19.0375],[-69.6378,19.0089]]}},{"type":"Feature","properties":{},"geometry":{"type":"MultiLineString","coordinates":[[[-69.2536,18.6402],[-69.2405,18.6311],[-69.2268,18.6231]],[[-69.21,18.6247],[-69.1937,18.6204],[-69.1694,18.595],[-69.1409,18.5751]],[[-69.2268,18.6231],[-69.21,18.6247]],[[-69.1095,18.5794],[-69.0802,18.5765],[-69.0853,18.5534],[-69.0927,18.5273]],[[-69.1409,18.5751],[-69.1095,18.5794]]]}},{"type":"Feature","properties":{},"geometry":{"type":"LineString","coordinates":[[-69.4591,18.8026],[-69.5183,18.7434],[-69.5753,18.6482]]}},{"type":"Feature","properties":{},"geometry":{"type":"MultiLineString","coordinates":[[[-69.4591,18.8026],[-69.4592,18.7679],[-69.4413,18.7363],[-69.4356,18.6948],[-69.4285,18.6541],[-69.4058,18.6211],[-69.3829,18.5881],[-69.369,18.5547],[-69.3537,18.522]],[[-69.3537,18.522],[-69.3253,18.5538],[-69.3039,18.5802],[-69.2877,18.6176],[-69.2536,18.6402]]]}},{"type":"Feature","properties":{},"geometry":{"type":"MultiLineString","coordinates":[[[-69.5753,18.6482],[-69.5878,18.6352],[-69.5935,18.6198],[-69.5879,18.6194]],[[-69.5825,18.6216],[-69.578,18.5966],[-69.5799,18.5715],[-69.6005,18.5462],[-69.6166,18.52],[-69.577,18.4798],[-69.5183,18.4685],[-69.5247,18.4366],[-69.5281,18.4103],[-69.5281,18.4103]],[[-69.5879,18.6194],[-69.5825,18.6216]]]}},{"type":"Feature","properties":{},"geometry":{"type":"LineString","coordinates":[[-68.9353,18.6657],[-68.979,18.6495],[-69.0042,18.6033],[-69.0425,18.557],[-69.0927,18.5273]]}},{"type":"Feature","properties":{},"geometry":{"type":"LineString","coordinates":[[-69.0927,18.5273],[-69.1087,18.5021],[-69.1218,18.4756],[-69.115,18.4624],[-69.103,18.4526],[-69.0906,18.4238],[-69.0845,18.3959]]}},{"type":"Feature","properties":{},"geometry":{"type":"LineString","coordinates":[[-68.9353,18.6657],[-68.9429,18.6864],[-68.9389,18.7081],[-68.9166,18.7207],[-68.8899,18.7248],[-68.8387,18.7634],[-68.818,18.82],[-68.8452,18.8693],[-68.8374,18.9112],[-68.8317,18.9222],[-68.8324,18.9357],[-68.8038,18.9568],[-68.7851,18.9799]]}},{"type":"Feature","properties":{},"geometry":{"type":"MultiLineString","coordinates":[[[-76.6998,20.7045],[-76.7073,20.7062],[-76.7128,20.7096],[-76.717,20.7145],[-76.7219,20.7223]],[[-76.6182,20.6818],[-76.6279,20.6824],[-76.6354,20.6848],[-76.6499,20.6877],[-76.658,20.691],[-76.6645,20.6961],[-76.6736,20.7107],[-76.6772,20.7132]],[[-76.6772,20.7132],[-76.6804,20.7132],[-76.6899,20.7079],[-76.6998,20.7045]],[[-76.3961,20.5764],[-76.4048,20.5799],[-76.4396,20.5899],[-76.4859,20.6158],[-76.5038,20.6233],[-76.5507,20.6339],[-76.5598,20.6382],[-76.5644,20.6419],[-76.5644,20.6462],[-76.5628,20.6609],[-76.5634,20.6726],[-76.5645,20.6801],[-76.5703,20.6965],[-76.5812,20.6971]],[[-76.5812,20.6971],[-76.6082,20.6838],[-76.6182,20.6818]],[[-76.1797,20.4376],[-76.2043,20.4743],[-76.234,20.5028],[-76.2444,20.5095],[-76.2531,20.5136],[-76.2801,20.5196],[-76.3005,20.5286],[-76.3129,20.5321],[-76.338,20.5364],[-76.3604,20.5446],[-76.3726,20.5458],[-76.3669,20.5669],[-76.3678,20.5719],[-76.3708,20.5787],[-76.3745,20.5813],[-76.3779,20.5824],[-76.3808,20.5827]],[[-76.3808,20.5827],[-76.3853,20.5817],[-76.3873,20.5804],[-76.3901,20.5781],[-76.3931,20.5765],[-76.3961,20.5764]]]}},{"type":"Feature","properties":{},"geometry":{"type":"MultiLineString","coordinates":[[[-78.0818,22.0828],[-78.0835,22.0739],[-78.075,22.0689],[-78.0728,22.0652],[-78.0709,22.0599],[-78.0707,22.0541],[-78.0716,22.0483],[-78.0753,22.0377],[-78.0789,22.033],[-78.0846,22.0294],[-78.098,22.0249],[-78.1096,22.0188],[-78.1274,22.0047],[-78.1516,21.9811],[-78.1627,21.9737],[-78.1713,21.9695],[-78.1836,21.9672],[-78.1991,21.9668],[-78.2154,21.962],[-78.2214,21.961],[-78.2282,21.9608],[-78.2351,21.9576],[-78.2404,21.9547],[-78.2519,21.9256],[-78.2458,21.9081],[-78.2422,21.9046],[-78.1932,21.8662],[-78.1762,21.8498],[-78.1561,21.8181],[-78.1686,21.8096],[-78.183,21.8025],[-78.1861,21.7998],[-78.1876,21.797],[-78.1878,21.793],[-78.1836,21.7726],[-78.1832,21.7692],[-78.1889,21.7672],[-78.2278,21.7623]],[[-78.2278,21.7623],[-78.2415,21.7629],[-78.2519,21.7674],[-78.2672,21.787],[-78.2705,21.7924],[-78.2766,21.7982],[-78.2795,21.8033],[-78.281,21.8081],[-78.281,21.8141],[-78.282,21.8174],[-78.2836,21.8196],[-78.2864,21.8206],[-78.2907,21.8209]],[[-78.2907,21.8209],[-78.2991,21.818],[-78.3094,21.8122],[-78.3244,21.7984],[-78.3305,21.7902],[-78.3338,21.7846],[-78.3305,21.766],[-78.3253,21.7499],[-78.3244,21.7439],[-78.3241,21.736],[-78.3249,21.7298],[-78.3266,21.7261],[-78.329,21.7246],[-78.3343,21.724],[-78.3376,21.7221],[-78.3439,21.7127],[-78.3488,21.7072],[-78.3608,21.6904],[-78.3594,21.6832],[-78.3562,21.6785],[-78.3516,21.6758],[-78.3497,21.6737],[-78.3524,21.6712],[-78.3597,21.6699],[-78.3784,21.6693]],[[-78.3784,21.6693],[-78.3919,21.6716],[-78.4152,21.6731],[-78.4206,21.6741]],[[-78.4206,21.6741],[-78.4295,21.6699],[-78.4394,21.6453],[-78.4508,21.6159],[-78.4539,21.6116],[-78.4594,21.6059]],[[-78.4594,21.6059],[-78.4634,21.6059],[-78.466,21.6071],[-78.468,21.6095],[-78.4699,21.6122],[-78.475,21.6181],[-78.4772,21.6197],[-78.4797,21.6203]],[[-78.4797,21.6203],[-78.4968,21.6154],[-78.5195,21.6056],[-78.5308,21.5993],[-78.5425,21.5893],[-78.5458,21.5852],[-78.5527,21.5796],[-78.6049,21.5489],[-78.6415,21.5339],[-78.6416,21.5339]]]}},{"type":"Feature","properties":{},"geometry":{"type":"MultiLineString","coordinates":[[[-76.2273,20.3933],[-76.2309,20.3975],[-76.2358,20.4107],[-76.2408,20.4202],[-76.2419,20.4256],[-76.2419,20.4318],[-76.241,20.4377],[-76.2409,20.4438],[-76.2432,20.45],[-76.2483,20.4552],[-76.2584,20.4611]],[[-76.2584,20.4611],[-76.266,20.4606],[-76.2703,20.4591],[-76.2713,20.4546],[-76.2675,20.4361],[-76.2673,20.427],[-76.2689,20.4183],[-76.2723,20.4116],[-76.277,20.4056],[-76.283,20.3998],[-76.2865,20.3953],[-76.2882,20.3913],[-76.2891,20.3819],[-76.29,20.3773],[-76.2933,20.3705],[-76.2987,20.3686],[-76.3081,20.3686]],[[-76.1797,20.4376],[-76.2056,20.4044],[-76.2195,20.3939],[-76.2273,20.3933]],[[-76.3081,20.3686],[-76.3298,20.3725],[-76.3396,20.3733]],[[-76.3396,20.3733],[-76.3555,20.3729],[-76.3632,20.3666],[-76.3695,20.3566],[-76.3904,20.2763],[-76.3903,20.2716],[-76.3906,20.2685],[-76.3891,20.2587],[-76.4044,20.2439],[-76.4132,20.2348],[-76.4196,20.2311],[-76.4204,20.226],[-76.4175,20.2191],[-76.4118,20.1895],[-76.4083,20.1053],[-76.4186,20.0867],[-76.4474,20.0611],[-76.4624,20.0512],[-76.4767,20.044],[-76.4887,20.0395],[-76.4984,20.0373],[-76.5054,20.0367]],[[-76.5054,20.0367],[-76.5288,20.0381],[-76.5571,20.0426]],[[-76.5571,20.0426],[-76.5637,20.0388],[-76.5636,20.036],[-76.5622,20.0304],[-76.5543,20.0102],[-76.5556,20.0055],[-76.5625,20.0038]],[[-76.7628,20.0113],[-76.7664,20.0136],[-76.769,20.0164],[-76.7716,20.0183],[-76.7744,20.0194],[-76.7778,20.0202],[-76.7812,20.0212],[-76.7846,20.0232],[-76.7886,20.0268],[-76.7908,20.0293],[-76.8007,20.0379]],[[-76.8007,20.0379],[-76.817,20.0286],[-76.8335,20.0124],[-76.8432,20.0083],[-76.8587,20.0056],[-76.8806,20.0053]],[[-76.6635,19.9992],[-76.6689,19.9998],[-76.6708,20.0008],[-76.6745,20.0022],[-76.691,20.0059],[-76.6989,20.0089],[-76.7052,20.013],[-76.7139,20.0226],[-76.72,20.0273]],[[-76.72,20.0273],[-76.7259,20.0272],[-76.7449,20.0226],[-76.7503,20.0206],[-76.7539,20.0183],[-76.7558,20.015],[-76.7594,20.0114],[-76.7628,20.0113]],[[-76.5625,20.0038],[-76.5904,20.0101],[-76.5986,20.013],[-76.6045,20.0145]],[[-76.6045,20.0145],[-76.6065,20.0129],[-76.61,20.0041],[-76.6135,20.0022],[-76.637,20.0019],[-76.6547,19.9993],[-76.6635,19.9992]],[[-76.8806,20.0053],[-76.8946,20.0064]],[[-76.8946,20.0064],[-76.9185,20.005],[-76.9258,20.0034],[-76.9307,20.0011],[-76.9686,19.953],[-76.9738,19.9496],[-76.9809,19.9475],[-77.0391,19.9415],[-77.0478,19.9389],[-77.0478,19.9359],[-77.0472,19.9328],[-77.0442,19.9281],[-77.0351,19.9106],[-77.0346,19.8878],[-77.0346,19.8878]]]}},{"type":"Feature","properties":{},"geometry":{"type":"MultiLineString","coordinates":[[[-76.0467,20.5736],[-76.033,20.5679],[-75.9856,20.5348],[-75.9762,20.5201],[-75.9805,20.5097],[-75.9772,20.5058],[-75.9698,20.503],[-75.9524,20.5015]],[[-76.1113,20.4006],[-76.0926,20.4175],[-76.0905,20.4206],[-76.0844,20.442],[-76.0817,20.4644],[-76.0883,20.4795],[-76.0903,20.4889],[-76.0929,20.492],[-76.0964,20.4934],[-76.0969,20.496],[-76.0945,20.4994],[-76.079,20.5092],[-76.0663,20.5198],[-76.0613,20.5227],[-76.0434,20.5296],[-76.0411,20.5347],[-76.0419,20.5414],[-76.049,20.5575],[-76.0514,20.5661],[-76.0492,20.5724],[-76.0467,20.5736]],[[-75.5074,20.5518],[-75.5018,20.5505],[-75.4858,20.5385],[-75.4672,20.533]],[[-75.5826,20.4995],[-75.5779,20.5007],[-75.5705,20.5052],[-75.5554,20.5164],[-75.5355,20.5357],[-75.5317,20.5402],[-75.5286,20.5425],[-75.5248,20.5443],[-75.5187,20.5461],[-75.515,20.5482],[-75.5116,20.5509],[-75.5074,20.5518]],[[-75.3927,20.5475],[-75.3907,20.5443],[-75.3901,20.5376],[-75.3934,20.5131],[-75.395,20.5084],[-75.3967,20.507],[-75.4035,20.5043],[-75.4072,20.5023],[-75.4097,20.4994],[-75.4117,20.4958],[-75.4127,20.4924],[-75.4143,20.4891],[-75.4168,20.4856],[-75.4204,20.4827],[-75.4246,20.4804],[-75.4235,20.4768],[-75.4171,20.4689],[-75.4015,20.4561],[-75.3755,20.4229]],[[-75.4672,20.533],[-75.4234,20.5408],[-75.4111,20.5409],[-75.407,20.5416],[-75.4019,20.5432],[-75.3927,20.5475]],[[-75.6092,20.5118],[-75.6018,20.5083],[-75.5954,20.506],[-75.5826,20.4995]],[[-75.7013,20.4379],[-75.6588,20.4415],[-75.6156,20.4698],[-75.6125,20.477],[-75.6096,20.486],[-75.6148,20.4969],[-75.6158,20.5],[-75.6156,20.5031],[-75.6142,20.5071],[-75.6114,20.5106],[-75.6092,20.5118]],[[-75.9401,20.5016],[-75.9333,20.5005],[-75.9308,20.4978],[-75.9317,20.491],[-75.9342,20.4863],[-75.9368,20.4822],[-75.9394,20.4792],[-75.9406,20.4771],[-75.9372,20.4729],[-75.9298,20.4671],[-75.9001,20.4481],[-75.8836,20.444],[-75.8794,20.4278],[-75.8781,20.4244],[-75.8767,20.4217],[-75.873,20.4183],[-75.8563,20.4101],[-75.8247,20.4076]],[[-75.9524,20.5015],[-75.9401,20.5016]],[[-75.7331,20.4421],[-75.7013,20.4379]],[[-75.8247,20.4076],[-75.7524,20.439],[-75.7443,20.4411],[-75.7331,20.4421]],[[-76.1554,20.4389],[-76.1465,20.4386],[-76.1382,20.4369],[-76.1305,20.4342],[-76.1214,20.4298],[-76.1163,20.4285]],[[-76.1797,20.4376],[-76.1554,20.4389]],[[-76.1068,20.4303],[-76.1061,20.4283],[-76.1071,20.4241],[-76.1148,20.4083],[-76.1113,20.4006]],[[-76.1163,20.4285],[-76.1118,20.4288],[-76.1068,20.4303]]]}},{"type":"Feature","properties":{},"geometry":{"type":"MultiLineString","coordinates":[[[-74.7152,20.5561],[-74.7278,20.5499],[-74.7376,20.5425],[-74.7409,20.5407],[-74.744,20.54]],[[-74.744,20.54],[-74.7519,20.5402]],[[-74.7519,20.5402],[-74.756,20.5397],[-74.7596,20.5381],[-74.7672,20.5318],[-74.7725,20.526],[-74.7796,20.5162],[-74.7847,20.5067],[-74.7903,20.491],[-74.7916,20.4716],[-74.7832,20.4448],[-74.8236,20.4292],[-74.8264,20.4273],[-74.8291,20.4244],[-74.8306,20.4214],[-74.8321,20.4174],[-74.8332,20.4117],[-74.8347,20.4085],[-74.8387,20.4068]],[[-74.9822,20.412],[-74.9888,20.4132],[-75.0159,20.4312],[-75.0483,20.4337],[-75.0705,20.4508],[-75.0988,20.4793],[-75.105,20.4842],[-75.1105,20.4847]],[[-75.1105,20.4847],[-75.1169,20.4832],[-75.1399,20.475],[-75.1584,20.4656],[-75.1646,20.4647]],[[-75.1646,20.4647],[-75.1695,20.4657],[-75.1778,20.4723],[-75.183,20.4733]],[[-75.183,20.4733],[-75.1897,20.4717],[-75.2124,20.4592],[-75.2258,20.4477],[-75.2283,20.4421],[-75.2314,20.412],[-75.2405,20.3968]],[[-74.8387,20.4068],[-74.845,20.4082],[-74.8584,20.414],[-74.8686,20.4211],[-74.8796,20.4273],[-74.9162,20.4434],[-74.9498,20.4663],[-74.9595,20.4712],[-74.9688,20.4721]],[[-74.9688,20.4721],[-74.9958,20.4683],[-75.0012,20.4667],[-75.0034,20.4648],[-74.9994,20.457],[-74.9983,20.4541],[-74.9981,20.4515],[-75.0002,20.4444],[-75.0007,20.4413],[-75.0005,20.4397],[-74.9993,20.4394],[-74.9914,20.4386],[-74.9855,20.4339],[-74.9818,20.4296],[-74.9792,20.4251],[-74.978,20.4222],[-74.9773,20.4195],[-74.9773,20.4167],[-74.9782,20.413],[-74.9822,20.412]],[[-75.2867,20.4033],[-75.2911,20.4049],[-75.3,20.4102],[-75.3067,20.4159],[-75.308,20.4176],[-75.3115,20.4231],[-75.317,20.4282],[-75.3265,20.4343],[-75.3307,20.438],[-75.3372,20.4399]],[[-75.3372,20.4399],[-75.3448,20.4386],[-75.3641,20.4258],[-75.3755,20.4229]],[[-75.2405,20.3968],[-75.2551,20.4072],[-75.2565,20.4102],[-75.2602,20.4126]],[[-75.2602,20.4126],[-75.2639,20.4122],[-75.2822,20.4037],[-75.2867,20.4033]]]}},{"type":"Feature","properties":{},"geometry":{"type":"MultiLineString","coordinates":[[[-75.3755,20.4229],[-75.3848,20.4157],[-75.3894,20.4073],[-75.3936,20.4042],[-75.3985,20.4034]],[[-75.3985,20.4034],[-75.4078,20.4065],[-75.4115,20.4081],[-75.4166,20.4091]],[[-75.4166,20.4091],[-75.4192,20.4079],[-75.4209,20.4047],[-75.4216,20.4011],[-75.4218,20.3961],[-75.423,20.3896],[-75.427,20.3815],[-75.437,20.3672],[-75.4486,20.3583],[-75.46,20.3515],[-75.4725,20.3467],[-75.4773,20.3428],[-75.4791,20.34],[-75.4751,20.3315],[-75.4646,20.3111],[-75.4621,20.2946],[-75.4635,20.2623],[-75.4652,20.2569],[-75.4674,20.2548],[-75.4706,20.2524],[-75.4733,20.25],[-75.476,20.2463],[-75.4805,20.2382],[-75.4815,20.2337],[-75.481,20.2273],[-75.4753,20.2034],[-75.4702,20.189],[-75.4678,20.1847],[-75.4627,20.1714],[-75.4619,20.17],[-75.46,20.1679],[-75.4505,20.1615],[-75.4512,20.1349],[-75.4481,20.1235],[-75.4455,20.1214],[-75.4425,20.1207],[-75.4384,20.1203],[-75.4321,20.117],[-75.4296,20.1125],[-75.4288,20.1036],[-75.4305,20.0982],[-75.4333,20.0947],[-75.4569,20.0835],[-75.4688,20.0697],[-75.473,20.0672],[-75.4761,20.0672],[-75.4897,20.0617],[-75.4883,20.0246],[-75.4837,20.0095],[-75.4705,19.9889],[-75.4643,19.9818],[-75.4428,19.9628],[-75.3821,19.8826],[-75.3821,19.8825]]]}},{"type":"Feature","properties":{},"geometry":{"type":"MultiLineString","coordinates":[[[-77.0469,20.7388],[-77.0535,20.7409],[-77.068,20.7506],[-77.1044,20.7634],[-77.2025,20.7661],[-77.2259,20.7722],[-77.2284,20.7782],[-77.2322,20.7842]],[[-77.2322,20.7842],[-77.2386,20.7842],[-77.2462,20.781],[-77.2618,20.7706],[-77.2682,20.7675],[-77.2722,20.7675]],[[-77.2722,20.7675],[-77.2763,20.777],[-77.2817,20.7827]],[[-77.2817,20.7827],[-77.2853,20.7816],[-77.2881,20.7771],[-77.2894,20.7664],[-77.2913,20.7606],[-77.2937,20.7557],[-77.3037,20.745],[-77.3073,20.7393],[-77.3096,20.733],[-77.3108,20.7306],[-77.3127,20.7284],[-77.3169,20.726],[-77.3324,20.7192],[-77.3365,20.7164],[-77.3367,20.7163]],[[-76.9293,20.7465],[-76.971,20.7536]],[[-76.971,20.7536],[-76.9932,20.7465],[-77.0081,20.7445],[-77.0216,20.744],[-77.0381,20.739],[-77.0469,20.7388]],[[-76.8587,20.7431],[-76.9012,20.7479]],[[-76.9012,20.7479],[-76.9212,20.7476],[-76.9293,20.7465]],[[-76.7829,20.691],[-76.7934,20.6953],[-76.812,20.7326],[-76.8213,20.7398],[-76.8361,20.7433]],[[-76.8361,20.7433],[-76.8587,20.7431]],[[-76.7219,20.7223],[-76.7622,20.707],[-76.7663,20.7043],[-76.7829,20.691]]]}},{"type":"Feature","properties":{},"geometry":{"type":"MultiLineString","coordinates":[[[-76.9448,21.4577],[-76.9472,21.4558],[-76.9554,21.4484],[-76.9713,21.4425],[-76.9997,21.4216],[-77.0124,21.4162],[-77.0396,21.4098],[-77.0575,21.409]],[[-77.0575,21.409],[-77.0807,21.4143],[-77.1005,21.4165]],[[-77.1005,21.4165],[-77.1163,21.3707],[-77.1247,21.3615],[-77.1307,21.3485],[-77.1316,21.3391],[-77.1271,21.3227],[-77.1223,21.3168],[-77.1178,21.3139]],[[-77.0795,21.3141],[-77.0737,21.3127],[-77.0717,21.3092],[-77.0732,21.3055],[-77.1297,21.2567],[-77.1348,21.2449],[-77.1355,21.2381],[-77.1311,21.1735],[-77.1676,21.1168],[-77.1741,21.1095],[-77.187,21.099],[-77.1935,21.0971],[-77.2227,21.0912],[-77.2277,21.0892],[-77.2371,21.0836],[-77.2489,21.0784],[-77.263,21.0599],[-77.2918,20.995],[-77.3001,20.9911]],[[-77.1178,21.3139],[-77.0795,21.3141]],[[-77.3566,20.9807],[-77.3666,20.9904],[-77.3698,20.9971],[-77.3697,21.0002],[-77.369,21.0031],[-77.3623,21.0125],[-77.3615,21.0152],[-77.3618,21.0175],[-77.3639,21.0201],[-77.3688,21.0216],[-77.3772,21.023],[-77.3939,21.0242],[-77.4114,21.0285],[-77.4137,21.0305],[-77.4145,21.033],[-77.4141,21.039],[-77.4149,21.0436],[-77.4169,21.0482],[-77.4256,21.0607],[-77.4286,21.0638],[-77.4329,21.0691],[-77.4345,21.0717],[-77.4356,21.0742],[-77.4361,21.0763]],[[-77.4361,21.0763],[-77.4377,21.0761],[-77.4411,21.0739],[-77.4479,21.0661],[-77.4624,21.0594],[-77.466,21.057],[-77.4679,21.0537],[-77.4678,21.0479],[-77.4671,21.0435],[-77.4647,21.036],[-77.4648,21.0346],[-77.4689,21.0258],[-77.47,21.019],[-77.4732,21.012],[-77.4797,21.0041],[-77.4979,21.0007],[-77.5114,20.9994]],[[-77.3001,20.9911],[-77.3083,20.9934],[-77.3143,20.9962],[-77.3243,21.0053],[-77.329,21.0085],[-77.3336,21.0095]],[[-77.3336,21.0095],[-77.3397,21.0066],[-77.3463,21.0015],[-77.3566,20.9807]],[[-77.5114,20.9994],[-77.5242,21.0002]],[[-77.5242,21.0002],[-77.5268,21.0001],[-77.5294,20.9969],[-77.5322,20.9823],[-77.5467,20.9803],[-77.5669,20.9747],[-77.577,20.9694],[-77.5823,20.956],[-77.5823,20.9433],[-77.5842,20.9403],[-77.5874,20.9378]],[[-77.5874,20.9378],[-77.595,20.9386],[-77.6001,20.9398],[-77.6115,20.9405],[-77.617,20.9413],[-77.6208,20.9444],[-77.6259,20.9508],[-77.6298,20.957],[-77.6353,20.964],[-77.6408,20.9662]],[[-77.6408,20.9662],[-77.6474,20.9652],[-77.6551,20.9601],[-77.6552,20.9522],[-77.6535,20.9458],[-77.6526,20.9394],[-77.6533,20.9337],[-77.6575,20.9175],[-77.6585,20.9097],[-77.6587,20.9027],[-77.6581,20.8969],[-77.666,20.8915],[-77.6812,20.8857],[-77.7422,20.8747]],[[-77.7422,20.8747],[-77.7658,20.8762]],[[-77.7658,20.8762],[-77.8177,20.8073],[-77.8311,20.7257],[-77.8311,20.7256]]]}},{"type":"Feature","properties":{},"geometry":{"type":"MultiLineString","coordinates":[[[-76.5276,20.9776],[-76.5208,20.9784],[-76.5172,20.9813],[-76.5144,20.9962],[-76.5025,21.0242],[-76.4836,21.0423],[-76.4588,21.0607],[-76.4531,21.0636],[-76.437,21.0764],[-76.3926,21.1032],[-76.3708,21.1117],[-76.3439,21.1275],[-76.3385,21.1341],[-76.3369,21.1403],[-76.3403,21.1582],[-76.34,21.1645],[-76.3347,21.1711],[-76.3308,21.1744],[-76.3257,21.1776],[-76.3181,21.1943],[-76.3142,21.2507],[-76.3135,21.2519]],[[-76.5384,20.9804],[-76.5326,20.9783],[-76.5276,20.9776]],[[-76.6368,20.9511],[-76.6297,20.9516],[-76.6136,20.9552],[-76.5608,20.9766],[-76.5478,20.9798],[-76.5384,20.9804]],[[-76.6747,20.9703],[-76.6628,20.9653],[-76.6528,20.9569],[-76.6473,20.9533],[-76.6428,20.9516],[-76.6368,20.9511]],[[-76.7219,20.7223],[-76.7124,20.7256],[-76.7022,20.7321],[-76.6995,20.7366],[-76.6988,20.7426],[-76.7025,20.7525],[-76.7078,20.7595],[-76.7187,20.7708],[-76.7209,20.7764],[-76.7211,20.7843],[-76.7197,20.7973],[-76.7168,20.8064],[-76.7096,20.8196],[-76.6913,20.8419],[-76.6879,20.8515],[-76.6863,20.8655],[-76.6873,20.9361],[-76.6747,20.9703]]]}},{"type":"Feature","properties":{},"geometry":{"type":"MultiLineString","coordinates":[[[-82.5387,23.0736],[-82.5387,23.0736],[-82.5344,23.0668],[-82.5172,23.0597]],[[-82.493,23.0716],[-82.485,23.0695],[-82.475,23.0569],[-82.4736,23.0477],[-82.4821,23.036],[-82.502,23.0204],[-82.503,23.0183],[-82.4997,23.0139],[-82.4922,23.0088],[-82.4555,22.9943]],[[-82.5172,23.0597],[-82.5053,23.0654],[-82.4999,23.0699],[-82.493,23.0716]],[[-82.4508,22.9955],[-82.4473,22.993],[-82.4451,22.9906],[-82.4359,22.9573]],[[-82.4555,22.9943],[-82.453,22.9945],[-82.4508,22.9955]]]}},{"type":"Feature","properties":{},"geometry":{"type":"MultiLineString","coordinates":[[[-82.111,23.0676],[-82.1013,23.084],[-82.1,23.1009],[-82.0988,23.1055],[-82.0964,23.1083],[-82.091,23.1125],[-82.09,23.1168],[-82.0928,23.1258],[-82.0932,23.1314],[-82.0908,23.135],[-82.0814,23.1354],[-82.0762,23.1394],[-82.093,23.1589],[-82.0986,23.1679],[-82.0969,23.1779],[-82.1001,23.1876]],[[-82.1608,23.1138],[-82.1519,23.1097],[-82.1461,23.1059],[-82.111,23.0676]],[[-82.1885,23.0791],[-82.1827,23.0827],[-82.1762,23.0884],[-82.1712,23.1009],[-82.1701,23.1062],[-82.1683,23.1095],[-82.1649,23.1125],[-82.1608,23.1138]],[[-82.2046,23.0945],[-82.1991,23.089],[-82.1919,23.0796],[-82.1885,23.0791]],[[-82.2704,22.9693],[-82.2585,22.9694],[-82.2498,22.9726],[-82.2438,22.9803],[-82.2361,22.9932],[-82.2021,23.0281],[-82.2013,23.0318],[-82.2026,23.0366],[-82.211,23.0526],[-82.2126,23.0613],[-82.2122,23.0677],[-82.2098,23.0762],[-82.209,23.0812],[-82.2093,23.0861],[-82.2108,23.0899],[-82.2114,23.0927],[-82.2104,23.0941],[-82.2046,23.0945]],[[-82.3558,22.9767],[-82.3166,22.9733]],[[-82.3888,22.9478],[-82.3819,22.9506],[-82.3687,22.9614],[-82.3648,22.9684],[-82.3558,22.9767]],[[-82.2909,22.9749],[-82.2803,22.9706],[-82.2704,22.9693]],[[-82.3166,22.9733],[-82.2909,22.9749]],[[-82.4121,22.9655],[-82.405,22.9612],[-82.3943,22.949],[-82.3888,22.9478]],[[-82.4359,22.9573],[-82.4197,22.9634],[-82.4121,22.9655]]]}},{"type":"Feature","properties":{},"geometry":{"type":"LineString","coordinates":[[-82.8246,22.6106],[-82.8246,22.6106],[-82.825,22.6145],[-82.828,22.6204],[-82.8358,22.6312],[-82.8689,22.6657],[-82.8734,22.6736],[-82.8932,22.7163],[-82.9006,22.7286],[-82.9071,22.7368],[-82.9127,22.7407],[-82.9219,22.7454],[-82.9254,22.7479],[-82.9376,22.763],[-82.9541,22.7893],[-82.9591,22.7956],[-82.9631,22.7991],[-82.9743,22.8037],[-82.9764,22.8053],[-82.978,22.8071],[-82.9766,22.809],[-82.9719,22.8108],[-82.9476,22.8134],[-82.9397,22.8162],[-82.9345,22.8202],[-82.9159,22.8406],[-82.9147,22.8495],[-82.9192,22.8738],[-82.9444,22.919],[-82.9408,22.9389],[-82.9408,22.9434],[-82.9454,22.9796],[-82.9444,22.9851]]}},{"type":"Feature","properties":{},"geometry":{"type":"MultiLineString","coordinates":[[[-80.5931,23.068],[-80.5993,23.0657],[-80.6153,23.0372],[-80.6182,23.0143],[-80.6174,23.0039],[-80.618,22.9873],[-80.623,22.9794],[-80.6302,22.974],[-80.6403,22.9711],[-80.6461,22.9705]],[[-80.6461,22.9705],[-80.6507,22.9714],[-80.6594,22.977],[-80.6634,22.9788],[-80.6673,22.9794]],[[-80.6673,22.9794],[-80.6727,22.9791],[-80.6775,22.978],[-80.6915,22.9731],[-80.6958,22.9726]],[[-80.6958,22.9726],[-80.7207,22.9733]],[[-80.7207,22.9733],[-80.7259,22.9707],[-80.7294,22.9664],[-80.7321,22.9569],[-80.7328,22.949],[-80.7322,22.9378],[-80.7283,22.9226],[-80.7271,22.9145],[-80.7297,22.9],[-80.7351,22.8928],[-80.7401,22.888],[-80.7472,22.8843],[-80.7484,22.8805],[-80.7468,22.8776],[-80.7431,22.8757],[-80.7393,22.8733],[-80.7374,22.8701],[-80.7363,22.8635],[-80.7344,22.8589],[-80.7309,22.8541],[-80.7207,22.8437],[-80.7144,22.8353],[-80.7114,22.8298],[-80.7085,22.8259],[-80.7044,22.8224],[-80.6877,22.8123],[-80.6675,22.796]],[[-80.595,22.8205],[-80.5877,22.8175],[-80.5849,22.8136],[-80.5808,22.8049],[-80.5796,22.8016],[-80.5752,22.7928],[-80.5681,22.7722],[-80.553,22.7482],[-80.5503,22.7407],[-80.5518,22.7356],[-80.557,22.7327],[-80.5664,22.7289],[-80.572,22.7214],[-80.5731,22.7157],[-80.5714,22.7113],[-80.5642,22.7042],[-80.5596,22.6974],[-80.558,22.6908],[-80.5575,22.6821],[-80.5626,22.6352],[-80.5617,22.6278],[-80.5593,22.6237],[-80.5548,22.619],[-80.5499,22.6112],[-80.5476,22.5915],[-80.5448,22.5814],[-80.5404,22.5714],[-80.5341,22.5651],[-80.5197,22.542]],[[-80.6675,22.796],[-80.6514,22.797],[-80.6441,22.8],[-80.6243,22.8134],[-80.6047,22.8203],[-80.595,22.8205]]]}},{"type":"Feature","properties":{},"geometry":{"type":"MultiLineString","coordinates":[[[-81.6821,23.0641],[-81.6806,23.0645],[-81.6807,23.0715],[-81.6826,23.0842],[-81.6953,23.1365],[-81.6852,23.1487],[-81.6839,23.1569]],[[-81.6943,23.0703],[-81.6847,23.065],[-81.6821,23.0641]],[[-81.6507,22.5751],[-81.6492,22.5772],[-81.6481,22.5788],[-81.6472,22.5795],[-81.6439,22.5809],[-81.6395,22.5839],[-81.6361,22.5868],[-81.6234,22.606],[-81.6148,22.6164],[-81.6091,22.6251],[-81.6059,22.6325],[-81.6039,22.6395],[-81.5962,22.6901],[-81.5981,22.705],[-81.6143,22.7184],[-81.6521,22.7399],[-81.658,22.7494],[-81.6575,22.7646],[-81.6466,22.7899],[-81.6466,22.7961],[-81.6509,22.8017],[-81.6638,22.8102],[-81.6792,22.8236],[-81.6955,22.8506],[-81.6826,22.888],[-81.6801,22.9166],[-81.679,22.9207],[-81.6798,22.9275],[-81.6807,22.9307],[-81.6923,22.9465],[-81.7086,22.966],[-81.7164,22.9728],[-81.7237,22.978],[-81.731,22.9806],[-81.742,22.9819],[-81.7456,22.9836],[-81.7472,22.9868],[-81.7446,22.9946],[-81.743,22.9983],[-81.7419,23.0003],[-81.7414,23.001],[-81.7358,23.0055],[-81.7155,23.0184],[-81.7062,23.0304],[-81.7023,23.032],[-81.6998,23.0348],[-81.7001,23.0377],[-81.7045,23.0431],[-81.7131,23.0495],[-81.7137,23.0533],[-81.7118,23.0583],[-81.7046,23.0674],[-81.6995,23.0701],[-81.6943,23.0703]]]}},{"type":"Feature","properties":{},"geometry":{"type":"MultiLineString","coordinates":[[[-79.4167,22.4725],[-79.4174,22.4714],[-79.4169,22.4484],[-79.4354,22.4165],[-79.4237,22.4081],[-79.4154,22.3955],[-79.3818,22.3333],[-79.3535,22.2968],[-79.3527,22.2895],[-79.3566,22.277],[-79.3591,22.265],[-79.358,22.2492],[-79.3611,22.2312]],[[-79.3611,22.2312],[-79.3869,22.235],[-79.4117,22.2472],[-79.4216,22.2493]],[[-79.4216,22.2493],[-79.4338,22.2485],[-79.4514,22.2424],[-79.4634,22.2366],[-79.4813,22.2194],[-79.4867,22.2016],[-79.4918,22.1889],[-79.4993,22.175],[-79.5077,22.1643],[-79.5167,22.1567],[-79.5279,22.1523],[-79.542,22.1507]],[[-79.6924,22.1588],[-79.7029,22.1613],[-79.7133,22.1698],[-79.7183,22.1766],[-79.722,22.1832],[-79.7336,22.1921],[-79.7666,22.1928]],[[-79.7666,22.1928],[-79.7775,22.1837],[-79.7796,22.1769],[-79.7793,22.1665],[-79.7729,22.1493],[-79.7583,22.1228],[-79.7538,22.1116],[-79.7502,22.105],[-79.7471,22.1021],[-79.7427,22.1012]],[[-79.5988,22.1611],[-79.6397,22.1727],[-79.649,22.1733]],[[-79.649,22.1733],[-79.6622,22.1719],[-79.6766,22.163],[-79.6838,22.1593],[-79.6924,22.1588]],[[-79.542,22.1507],[-79.5562,22.156],[-79.5648,22.1614],[-79.5784,22.1672]],[[-79.5784,22.1672],[-79.5988,22.1611]],[[-79.7377,22.1017],[-79.7318,22.1014],[-79.7275,22.0994],[-79.7236,22.0939],[-79.7245,22.0809],[-79.7298,22.0624],[-79.7463,22.0315],[-79.7659,22.0016],[-79.7907,21.9818]],[[-79.7427,22.1012],[-79.7377,22.1017]],[[-79.7907,21.9818],[-79.8205,21.9839],[-79.8347,21.9909],[-79.8396,21.9944],[-79.8469,21.9973],[-79.905,22.0102]],[[-79.905,22.0102],[-79.9145,22.009],[-79.9247,22.005],[-79.9345,21.9932],[-79.9383,21.9853],[-79.9405,21.9768],[-79.9432,21.9717],[-79.9483,21.9688]],[[-79.9483,21.9688],[-79.9631,21.9698]],[[-79.9631,21.9698],[-79.9699,21.9681],[-79.9886,21.9539],[-80.0241,21.9385]]]}},{"type":"Feature","properties":{},"geometry":{"type":"MultiLineString","coordinates":[[[-80.4546,22.5871],[-80.4462,22.5864],[-80.4411,22.5848],[-80.4172,22.5665]],[[-80.5197,22.542],[-80.4782,22.5645],[-80.4659,22.5775],[-80.4632,22.5814],[-80.4594,22.5846],[-80.4546,22.5871]],[[-80.2575,22.5785],[-80.2554,22.5756],[-80.254,22.569],[-80.254,22.5514],[-80.2555,22.5429],[-80.2579,22.538],[-80.2608,22.5366],[-80.2648,22.5356],[-80.268,22.5342],[-80.2711,22.5316],[-80.2714,22.5265],[-80.2702,22.5178],[-80.2591,22.4936],[-80.2556,22.4885],[-80.2365,22.4785],[-80.2335,22.4683],[-80.2374,22.4596],[-80.239,22.4524],[-80.2385,22.4467],[-80.2344,22.4395],[-80.2272,22.436],[-80.2235,22.4321],[-80.2208,22.4278],[-80.224,22.4147],[-80.243,22.3954],[-80.2425,22.3847],[-80.2391,22.3782],[-80.233,22.3703],[-80.1966,22.3374],[-80.1843,22.3314],[-80.1771,22.3301]],[[-80.2802,22.5688],[-80.2737,22.5689],[-80.2678,22.5699],[-80.2648,22.5717],[-80.2601,22.5766],[-80.2575,22.5785]],[[-80.3923,22.5709],[-80.384,22.5693],[-80.3793,22.564],[-80.3798,22.5495],[-80.3818,22.5401],[-80.3867,22.5267],[-80.3875,22.5224],[-80.3868,22.5196],[-80.3852,22.5174],[-80.3808,22.516]],[[-80.4172,22.5665],[-80.3923,22.5709]],[[-80.2941,22.57],[-80.2802,22.5688]],[[-80.3287,22.5314],[-80.3232,22.5316],[-80.32,22.5333],[-80.318,22.536],[-80.3105,22.5583],[-80.3068,22.5649],[-80.3035,22.5686],[-80.3,22.5699],[-80.2941,22.57]],[[-80.3364,22.5317],[-80.3287,22.5314]],[[-80.3808,22.516],[-80.3754,22.5162],[-80.3641,22.5198],[-80.3576,22.5227],[-80.3465,22.5296],[-80.3418,22.5313],[-80.3364,22.5317]],[[-80.1499,22.3354],[-80.1457,22.3346],[-80.1433,22.3326],[-80.1416,22.3291],[-80.1384,22.3067],[-80.1357,22.2977],[-80.1302,22.2862],[-80.1214,22.2714],[-80.1092,22.2564],[-80.0841,22.2456],[-80.095,22.2134],[-80.0986,22.2076],[-80.1024,22.1993],[-80.1036,22.1902],[-80.0998,22.1516],[-80.1005,22.1319],[-80.0999,22.1234],[-80.0894,22.0838],[-80.0841,22.0703],[-80.0774,22.0579],[-80.0588,22.0434],[-80.0534,22.0365],[-80.0508,22.0283],[-80.0493,22.0018],[-80.0499,21.9868],[-80.0484,21.9772],[-80.045,21.9686],[-80.0247,21.9542],[-80.0233,21.9521],[-80.0241,21.9385]],[[-80.1771,22.3301],[-80.17,22.3306],[-80.155,22.3349],[-80.1499,22.3354]]]}},{"type":"Feature","properties":{},"geometry":{"type":"MultiLineString","coordinates":[[[-80.5197,22.542],[-80.5398,22.5293],[-80.5433,22.5252],[-80.5653,22.4869],[-80.5716,22.4787],[-80.5761,22.4744],[-80.5802,22.4736],[-80.5885,22.4726],[-80.5948,22.4714],[-80.6016,22.4692],[-80.6237,22.4595],[-80.6301,22.4592]],[[-80.7603,22.4702],[-80.7678,22.4706],[-80.8182,22.483],[-80.8293,22.4834]],[[-80.8293,22.4834],[-80.8371,22.482],[-80.8458,22.4765],[-80.8497,22.4735],[-80.8617,22.4666],[-80.8829,22.4574],[-80.889,22.4538],[-80.9008,22.4434],[-80.9038,22.4401],[-80.9091,22.4356],[-80.9212,22.4276],[-80.9287,22.4192],[-80.9284,22.4174],[-80.9254,22.4159],[-80.9203,22.4151],[-80.9164,22.4133],[-80.9148,22.4111],[-80.9154,22.4068],[-80.9217,22.3905],[-80.9251,22.3836],[-80.9407,22.3601],[-80.943,22.3549],[-80.9419,22.3529],[-80.9395,22.3523]],[[-80.6301,22.4592],[-80.6349,22.4598],[-80.6446,22.4628],[-80.7369,22.472]],[[-80.7369,22.472],[-80.7603,22.4702]],[[-80.9228,22.3572],[-80.9199,22.3571],[-80.917,22.3561],[-80.9134,22.3541],[-80.9121,22.3501],[-80.9134,22.3449],[-80.9212,22.334],[-80.9243,22.3281],[-80.9256,22.3228],[-80.9243,22.3188],[-80.9212,22.3122],[-80.9213,22.307],[-80.9226,22.2992],[-80.9279,22.2853],[-80.9299,22.2765],[-80.9309,22.2691],[-80.9299,22.26],[-80.9283,22.2548],[-80.9264,22.2515],[-80.9236,22.2495],[-80.9195,22.2484]],[[-80.9395,22.3523],[-80.9355,22.3526],[-80.9307,22.3541],[-80.926,22.3562],[-80.9228,22.3572]],[[-80.9033,22.2502],[-80.8994,22.2501],[-80.8973,22.249],[-80.8962,22.2467],[-80.8957,22.2421],[-80.8943,22.2384],[-80.8932,22.2301],[-80.8974,22.2115],[-80.8553,22.1838],[-80.843,22.1729],[-80.8323,22.1575],[-80.8008,22.1407],[-80.7659,22.1275],[-80.752,22.1196],[-80.7448,22.1169]],[[-80.9195,22.2484],[-80.9033,22.2502]],[[-80.6963,22.1277],[-80.6912,22.1256],[-80.6848,22.1196],[-80.68,22.1179]],[[-80.7448,22.1169],[-80.7412,22.1169],[-80.7383,22.1194],[-80.7357,22.1224],[-80.7328,22.1246],[-80.7288,22.1259],[-80.7129,22.1265],[-80.7056,22.1275],[-80.6963,22.1277]],[[-80.6356,22.1244],[-80.6247,22.1235],[-80.6182,22.1213],[-80.6111,22.114],[-80.6082,22.11],[-80.6062,22.1055],[-80.6052,22.1002],[-80.6048,22.0828],[-80.603,22.0714],[-80.6008,22.0653],[-80.5934,22.0543],[-80.5934,22.0542]],[[-80.68,22.1179],[-80.6707,22.1183],[-80.6564,22.1219],[-80.6356,22.1244]]]}},{"type":"Feature","properties":{},"geometry":{"type":"LineString","coordinates":[[-80.0241,21.9385],[-80.06,21.9037],[-80.0873,21.8834],[-80.0941,21.8764],[-80.0977,21.8715],[-80.0988,21.8664],[-80.101,21.8248],[-80.101,21.8248]]}},{"type":"Feature","properties":{},"geometry":{"type":"MultiLineString","coordinates":[[[-83.9136,10.199],[-83.9505,10.1951],[-83.9699,10.1704],[-83.976,10.1642],[-83.9808,10.1626],[-84.0029,10.1609],[-84.0223,10.1568],[-84.0664,10.1534],[-84.0714,10.1515],[-84.0706,10.1466],[-84.0671,10.1386],[-84.0441,10.1049],[-84.0309,10.0909],[-84.0283,10.0828],[-84.0266,10.0589],[-84.0185,10.05],[-84.0137,10.0458],[-84.0104,10.0423],[-84.0094,10.0349],[-84.0155,10.0151],[-84.028,9.982],[-84.0475,9.9705],[-84.0739,9.9622],[-84.0842,9.9602]],[[-84.0842,9.9602],[-84.1099,9.9623]],[[-84.1099,9.9623],[-84.1145,9.962],[-84.1513,9.9456]],[[-84.1513,9.9456],[-84.1627,9.9504],[-84.1824,9.9602]],[[-84.1824,9.9602],[-84.2,9.9572]]]}},{"type":"Feature","properties":{},"geometry":{"type":"MultiLineString","coordinates":[[[-83.9122,9.9438],[-83.9085,9.9446],[-83.9052,9.9456],[-83.8927,9.9592],[-83.8806,9.9606],[-83.875,9.9626],[-83.8712,9.9659],[-83.8682,9.9699],[-83.866,9.978],[-83.8704,10.0001],[-83.8724,10.0261],[-83.8751,10.0348],[-83.8788,10.0405],[-83.8988,10.0629],[-83.9009,10.0643],[-83.9054,10.0667],[-83.9139,10.0726],[-83.9226,10.0802],[-83.9264,10.0847],[-83.9286,10.0887],[-83.9427,10.1362]],[[-83.9267,9.9473],[-83.9175,9.9459],[-83.9152,9.9447],[-83.9122,9.9438]],[[-84.0711,9.7555],[-84.0739,9.7556],[-84.0761,9.7567],[-84.0776,9.7586],[-84.0787,9.7611],[-84.0792,9.7638],[-84.0793,9.7669],[-84.0786,9.7713],[-84.0755,9.7778],[-84.0688,9.7887],[-84.0513,9.8044],[-84.0389,9.8127],[-84.0315,9.8207],[-84.0026,9.8668],[-84.0226,9.8755],[-84.0264,9.8777],[-84.0281,9.879],[-84.0263,9.8871],[-84.0,9.9303],[-83.954,9.9465],[-83.953,9.947],[-83.9267,9.9473]],[[-83.8728,9.6565],[-83.8778,9.6576],[-83.8984,9.6677],[-83.9106,9.6721],[-83.9135,9.6728],[-83.9187,9.6775],[-83.9409,9.7061],[-83.9498,9.7209],[-83.9501,9.7228],[-83.9508,9.7251],[-83.9562,9.7298],[-83.9755,9.7361],[-83.9821,9.7482],[-83.9839,9.7533],[-83.986,9.7582],[-83.9882,9.7677],[-83.9964,9.7688]],[[-83.9964,9.7688],[-84.0333,9.7606]],[[-84.0333,9.7606],[-84.0391,9.762],[-84.045,9.7628]],[[-84.045,9.7628],[-84.048,9.7626],[-84.0561,9.7604],[-84.0682,9.7558],[-84.0711,9.7555]],[[-83.7872,9.5933],[-83.8092,9.5979],[-83.8119,9.5988],[-83.815,9.6013],[-83.8183,9.605],[-83.8233,9.6128],[-83.8275,9.6208],[-83.8295,9.6255],[-83.8302,9.6279],[-83.837,9.6422],[-83.8445,9.6545],[-83.8461,9.6564],[-83.8491,9.6584],[-83.8531,9.6598],[-83.8612,9.6607]],[[-83.8612,9.6607],[-83.8653,9.66],[-83.8682,9.6586],[-83.8704,9.6573],[-83.8728,9.6565]],[[-83.712,9.5367],[-83.7142,9.5369],[-83.7159,9.5384],[-83.718,9.5517],[-83.721,9.5623],[-83.722,9.5648],[-83.7248,9.5674],[-83.7293,9.57],[-83.7444,9.575],[-83.7494,9.5781],[-83.752,9.5802],[-83.7633,9.5957]],[[-83.7633,9.5957],[-83.7825,9.5936],[-83.7872,9.5933]],[[-83.4869,9.4676],[-83.5922,9.5308],[-83.5947,9.5317],[-83.6045,9.5364],[-83.6132,9.5435],[-83.6387,9.5699]],[[-83.6387,9.5699],[-83.6506,9.5663],[-83.6546,9.5619],[-83.6595,9.553],[-83.661,9.551],[-83.6629,9.5494],[-83.6648,9.548],[-83.667,9.547],[-83.6695,9.546],[-83.6723,9.5453],[-83.6752,9.5449],[-83.6786,9.5448]],[[-83.6786,9.5448],[-83.6903,9.5459]],[[-83.6903,9.5459],[-83.6932,9.5453],[-83.6982,9.5434],[-83.712,9.5367]]]}},{"type":"Feature","properties":{},"geometry":{"type":"LineString","coordinates":[[-84.2,9.9572],[-84.2018,9.966],[-84.2019,9.9714],[-84.2016,9.9742],[-84.201,9.9772],[-84.196,9.9851],[-84.1776,10.0044],[-84.1774,10.0068],[-84.1658,10.1584],[-84.1642,10.2957],[-84.1627,10.4101],[-84.1605,10.5711],[-84.158,10.7843],[-84.1577,10.7884]]}},{"type":"Feature","properties":{},"geometry":{"type":"MultiLineString","coordinates":[[[-84.3271,9.9115],[-84.3092,9.914],[-84.2424,9.9325],[-84.2147,9.9415],[-84.2,9.9572]],[[-84.3922,9.9256],[-84.3728,9.9201],[-84.353,9.917],[-84.3491,9.9157],[-84.3443,9.9145],[-84.3323,9.9131],[-84.3271,9.9115]],[[-84.5711,9.8245],[-84.5638,9.8247],[-84.5621,9.8266],[-84.5609,9.8342],[-84.5592,9.838],[-84.5407,9.8606],[-84.5403,9.8639],[-84.5405,9.8665],[-84.5376,9.87],[-84.531,9.8749],[-84.5138,9.8837],[-84.5022,9.8951],[-84.5009,9.8975],[-84.4999,9.8989],[-84.4918,9.9038],[-84.461,9.9173],[-84.4166,9.9209],[-84.3922,9.9256]]]}},{"type":"Feature","properties":{},"geometry":{"type":"MultiLineString","coordinates":[[[-84.5711,9.8245],[-84.58,9.8173],[-84.5704,9.813],[-84.5633,9.8091],[-84.5593,9.8061],[-84.5555,9.8027],[-84.5538,9.8007],[-84.5481,9.7928],[-84.5432,9.7836],[-84.5424,9.7797],[-84.5418,9.7742],[-84.5433,9.7659],[-84.5449,9.7619],[-84.5469,9.7594],[-84.5489,9.7581],[-84.5513,9.757],[-84.554,9.7564],[-84.5571,9.756]],[[-84.5571,9.756],[-84.5763,9.757]],[[-84.5763,9.757],[-84.5822,9.7563],[-84.585,9.7555],[-84.5874,9.7542],[-84.5894,9.7526],[-84.5907,9.7506],[-84.5915,9.7482],[-84.5916,9.7455],[-84.5913,9.7429],[-84.5836,9.7177],[-84.5812,9.7056],[-84.5819,9.6863],[-84.5816,9.6832],[-84.5793,9.6773],[-84.5571,9.6387],[-84.5563,9.6364],[-84.5497,9.6032],[-84.547,9.5957],[-84.5426,9.5864],[-84.5364,9.5781],[-84.5293,9.5715],[-84.5261,9.5693],[-84.5158,9.568]],[[-84.3081,9.6388],[-84.2933,9.6374],[-84.2881,9.6327],[-84.2842,9.63],[-84.2774,9.6216],[-84.2759,9.6201],[-84.2652,9.6182]],[[-84.3771,9.6316],[-84.3508,9.6366],[-84.3081,9.6388]],[[-84.3888,9.6318],[-84.3771,9.6316]],[[-84.4309,9.5618],[-84.4281,9.5622],[-84.425,9.5636],[-84.4223,9.566],[-84.4163,9.5781],[-84.4148,9.5802],[-84.4121,9.5828],[-84.4008,9.5918],[-84.3973,9.5952],[-84.3951,9.5982],[-84.3942,9.6008],[-84.3936,9.6067],[-84.3971,9.6265],[-84.397,9.629],[-84.3945,9.6307],[-84.3888,9.6318]],[[-84.2296,9.6191],[-84.2166,9.6135],[-84.2017,9.6123]],[[-84.2652,9.6182],[-84.2296,9.6191]],[[-84.1569,9.6163],[-84.1479,9.6152],[-84.1455,9.6144],[-84.1421,9.6117],[-84.1394,9.6073],[-84.1373,9.5994],[-84.137,9.5948],[-84.1373,9.5908],[-84.1392,9.5825],[-84.1398,9.5761],[-84.1395,9.573],[-84.1378,9.5693],[-84.1343,9.5652],[-84.1267,9.5584],[-84.1191,9.5556],[-84.1144,9.5547]],[[-84.2017,9.6123],[-84.1569,9.6163]],[[-84.4527,9.574],[-84.4496,9.5737],[-84.4473,9.5726],[-84.4451,9.5712],[-84.4403,9.5659],[-84.4384,9.5642],[-84.4362,9.5629],[-84.4338,9.5621],[-84.4309,9.5618]],[[-84.4754,9.5699],[-84.4713,9.5699],[-84.4557,9.5739],[-84.4527,9.574]],[[-84.4849,9.5731],[-84.4778,9.5702],[-84.4754,9.5699]],[[-84.5158,9.568],[-84.4849,9.5731]],[[-84.0923,9.5565],[-84.0832,9.5552],[-84.0781,9.5533],[-84.0757,9.5519],[-84.0734,9.5482],[-84.0714,9.5428],[-84.0694,9.5303],[-84.0694,9.5243],[-84.0701,9.52],[-84.0728,9.5154],[-84.0748,9.5105],[-84.0711,9.5043],[-84.0494,9.4945],[-84.033,9.4634],[-84.0102,9.4414],[-83.9447,9.3982],[-83.9293,9.3933]],[[-84.1144,9.5547],[-84.1054,9.5563],[-84.0923,9.5565]],[[-83.9116,9.4025],[-83.9088,9.402],[-83.9058,9.3997],[-83.9024,9.3962],[-83.8953,9.3835],[-83.8937,9.3796],[-83.8896,9.3603],[-83.8885,9.3578],[-83.8561,9.3253],[-83.8495,9.3166],[-83.8459,9.3102],[-83.8472,9.3004],[-83.8471,9.2943],[-83.8455,9.2833],[-83.8391,9.2632],[-83.8342,9.2535],[-83.8315,9.2495],[-83.8278,9.2452],[-83.8209,9.2391],[-83.7712,9.2169],[-83.7638,9.2149]],[[-83.9293,9.3933],[-83.928,9.3956],[-83.9263,9.3974],[-83.9245,9.3989],[-83.9224,9.4003],[-83.9201,9.4013],[-83.9175,9.4021],[-83.9147,9.4025],[-83.9116,9.4025]],[[-83.4874,9.1852],[-83.4897,9.186],[-83.4916,9.1875],[-83.4932,9.1892],[-83.495,9.1909],[-83.4973,9.192],[-83.506,9.1938],[-83.5082,9.195],[-83.5094,9.197],[-83.5097,9.1996],[-83.4998,9.2501],[-83.499,9.2527],[-83.4957,9.2575],[-83.4684,9.288],[-83.4661,9.2919],[-83.4636,9.2977],[-83.4568,9.322],[-83.4539,9.3272],[-83.4513,9.331],[-83.4294,9.3537]],[[-83.7306,9.2364],[-83.7277,9.236],[-83.725,9.2352],[-83.7153,9.2305],[-83.7014,9.2174],[-83.6786,9.1896],[-83.6751,9.1836],[-83.6748,9.1809],[-83.6743,9.1784],[-83.6667,9.1526],[-83.6656,9.1504],[-83.663,9.1466],[-83.6562,9.1386],[-83.5654,9.0804],[-83.5631,9.0793]],[[-83.7638,9.2149],[-83.761,9.2154],[-83.7585,9.2161],[-83.7566,9.2176],[-83.7549,9.2195],[-83.7462,9.2315],[-83.7443,9.2329],[-83.742,9.2342],[-83.7394,9.2352],[-83.7365,9.236],[-83.7332,9.2364],[-83.7306,9.2364]],[[-83.5148,9.0661],[-83.5122,9.0663],[-83.5099,9.067],[-83.5078,9.0683],[-83.506,9.0701],[-83.4952,9.0851],[-83.4916,9.0884],[-83.4885,9.0905],[-83.4863,9.0915],[-83.4842,9.0929],[-83.4823,9.0946],[-83.481,9.0983],[-83.4803,9.1035],[-83.4831,9.1264],[-83.4825,9.1307],[-83.4809,9.1358],[-83.4732,9.1497],[-83.4713,9.1559],[-83.4719,9.1678],[-83.4731,9.1734],[-83.4746,9.1774],[-83.476,9.1795],[-83.4767,9.1821],[-83.4778,9.1843],[-83.4796,9.1856],[-83.4821,9.1856]],[[-83.4821,9.1856],[-83.4847,9.1852],[-83.4874,9.1852]],[[-83.5411,9.0814],[-83.5376,9.081],[-83.5351,9.0801],[-83.5309,9.077],[-83.5264,9.0716],[-83.5247,9.07],[-83.5203,9.0675],[-83.5175,9.0666],[-83.5148,9.0661]],[[-83.5631,9.0793],[-83.5522,9.0801],[-83.5437,9.0813],[-83.5411,9.0814]]]}},{"type":"Feature","properties":{},"geometry":{"type":"MultiLineString","coordinates":[[[-84.7439,10.2663],[-84.7495,10.2667],[-84.756,10.2709],[-84.7578,10.2724],[-84.7643,10.2801],[-84.7866,10.3153]],[[-84.5881,10.0125],[-84.5914,10.0126],[-84.5935,10.0132],[-84.5944,10.0147],[-84.5958,10.0178],[-84.5964,10.0202],[-84.6027,10.0298],[-84.619,10.0492],[-84.6271,10.0622],[-84.6435,10.0823],[-84.6494,10.0912],[-84.6604,10.1138],[-84.6649,10.1298],[-84.6611,10.1549],[-84.6615,10.1587],[-84.6626,10.1643],[-84.6682,10.1743],[-84.669,10.1784],[-84.669,10.1821],[-84.6632,10.2045],[-84.6602,10.2119],[-84.6496,10.231],[-84.6485,10.2361],[-84.6489,10.2398],[-84.6505,10.2415],[-84.6565,10.2461],[-84.6605,10.2518],[-84.6661,10.2673],[-84.6839,10.2788],[-84.6915,10.2798]],[[-84.6915,10.2798],[-84.6942,10.2789],[-84.6965,10.2779],[-84.703,10.274],[-84.7167,10.2701],[-84.7357,10.2667],[-84.7439,10.2663]],[[-84.5711,9.8245],[-84.5928,9.8531],[-84.6018,9.8601],[-84.6137,9.8624],[-84.6268,9.8632],[-84.6433,9.8676],[-84.6642,9.8759],[-84.6711,9.8806],[-84.6744,9.8844],[-84.673,9.8896],[-84.673,9.8955],[-84.6726,9.8983],[-84.6708,9.9005],[-84.6692,9.902],[-84.6622,9.9051],[-84.6437,9.9339],[-84.636,9.9413],[-84.6249,9.9446],[-84.5757,9.9763],[-84.56,9.9825],[-84.5551,9.9851],[-84.5518,9.9881],[-84.5509,9.9903],[-84.5501,9.9977],[-84.5628,10.0183],[-84.57,10.0217]],[[-84.57,10.0217],[-84.5725,10.0207],[-84.5803,10.0146],[-84.5881,10.0125]]]}},{"type":"Feature","properties":{},"geometry":{"type":"MultiLineString","coordinates":[[[-83.7046,10.6872],[-83.7036,10.6881],[-83.7037,10.6898],[-83.7058,10.693],[-83.7083,10.6958],[-83.712,10.6989],[-83.7206,10.7042],[-83.7246,10.7074],[-83.7279,10.7108],[-83.731,10.7146],[-83.7319,10.7181],[-83.7323,10.723],[-83.7293,10.743],[-83.7294,10.7465],[-83.73,10.7498],[-83.7327,10.7546],[-83.7365,10.7591],[-83.7416,10.764],[-83.7438,10.7656],[-83.7463,10.7671],[-83.7494,10.7683],[-83.7608,10.7715],[-83.7638,10.7737]],[[-83.7128,10.689],[-83.7092,10.6887],[-83.7046,10.6872]],[[-83.9136,10.199],[-83.8665,10.2487],[-83.8634,10.2535],[-83.8511,10.2793],[-83.8484,10.2865],[-83.8472,10.292],[-83.8477,10.2948],[-83.8469,10.3069],[-83.8436,10.3212],[-83.8427,10.3283],[-83.8429,10.3332],[-83.8441,10.3355],[-83.8472,10.3393],[-83.8499,10.3433],[-83.8517,10.3484],[-83.8548,10.3593],[-83.8681,10.3838],[-83.8694,10.3875],[-83.8717,10.4021],[-83.8711,10.408],[-83.8703,10.4123],[-83.8668,10.4195],[-83.8639,10.4236],[-83.8559,10.4388],[-83.8539,10.4412],[-83.8516,10.4423],[-83.849,10.4426],[-83.8462,10.4433],[-83.844,10.4445],[-83.8421,10.446],[-83.838,10.4501],[-83.829,10.4637],[-83.8234,10.4846],[-83.8234,10.4896],[-83.8239,10.4923],[-83.8279,10.5022],[-83.8285,10.5052],[-83.8286,10.5086],[-83.8277,10.5168],[-83.8276,10.5201],[-83.828,10.523],[-83.8292,10.5253],[-83.8306,10.5274],[-83.8338,10.5311],[-83.8352,10.5332],[-83.8362,10.5356],[-83.8363,10.5415],[-83.8307,10.5844],[-83.8314,10.5938],[-83.83,10.6243],[-83.8286,10.6334],[-83.827,10.6392],[-83.8254,10.6411],[-83.8216,10.6443],[-83.8131,10.6497],[-83.8035,10.6546],[-83.7996,10.6576],[-83.7895,10.6683],[-83.7726,10.6791],[-83.7621,10.6826],[-83.7563,10.6837],[-83.7272,10.6862],[-83.7166,10.6889],[-83.7128,10.689]]]}},{"type":"Feature","properties":{},"geometry":{"type":"LineString","coordinates":[[-83.4869,9.4676],[-83.4536,9.3773],[-83.4452,9.3657],[-83.4416,9.3623],[-83.4294,9.3537]]}},{"type":"Feature","properties":{},"geometry":{"type":"LineString","coordinates":[[-83.9427,10.1362],[-83.9291,10.1812],[-83.9225,10.1901],[-83.9136,10.199]]}},{"type":"Feature","properties":{},"geometry":{"type":"LineString","coordinates":[[-83.4869,9.4676],[-83.4904,9.4783],[-83.4968,9.4915],[-83.499,9.4944],[-83.5022,9.4978],[-83.504,9.5005],[-83.5101,9.514],[-83.5121,9.5264],[-83.5143,9.5359],[-83.5109,9.5664],[-83.497,9.5946],[-83.4391,9.6633],[-83.4166,9.7197],[-83.4088,9.7321],[-83.3785,9.7683],[-83.3359,9.821],[-83.3292,9.8383],[-83.3318,9.8565],[-83.3434,9.8919],[-83.3449,9.9139],[-83.3415,9.9316],[-83.3336,9.9479],[-83.3213,9.9657],[-83.3189,9.9696],[-83.339,9.9736],[-83.4449,9.976],[-83.5891,9.9772],[-83.6152,9.9866],[-83.7133,10.0317],[-83.7736,10.06],[-83.8175,10.0804],[-83.9427,10.1362]]}},{"type":"Feature","properties":{},"geometry":{"type":"MultiLineString","coordinates":[[[-83.2153,9.3147],[-83.2206,9.3157],[-83.2277,9.3178],[-83.2433,9.3257],[-83.2529,9.332],[-83.2577,9.3345],[-83.2762,9.3406],[-83.2813,9.3429],[-83.2836,9.3443],[-83.2858,9.3454],[-83.3043,9.3613],[-83.3087,9.3642],[-83.3135,9.3666],[-83.3168,9.3667]],[[-83.3168,9.3667],[-83.3211,9.3659],[-83.3284,9.3621],[-83.3321,9.3597],[-83.3347,9.3573],[-83.3464,9.341],[-83.3481,9.3393],[-83.3523,9.3379],[-83.371,9.3362],[-83.3766,9.3348],[-83.3803,9.3331],[-83.3838,9.3295],[-83.3857,9.328],[-83.388,9.3267],[-83.3901,9.3265]],[[-83.3901,9.3265],[-83.3924,9.3274],[-83.395,9.3351],[-83.3956,9.3384],[-83.3964,9.341],[-83.4,9.3441],[-83.4033,9.3461],[-83.4294,9.3537]],[[-82.9395,9.0706],[-82.9402,9.0712],[-82.9495,9.0789],[-82.9527,9.081],[-82.9688,9.0861],[-82.9858,9.1029],[-82.9909,9.1102],[-82.9972,9.1275],[-83.0025,9.1358],[-83.0066,9.1384],[-83.0129,9.1413],[-83.0473,9.1508],[-83.0503,9.1525],[-83.0531,9.155],[-83.0561,9.1602],[-83.0575,9.1639],[-83.0684,9.2176],[-83.072,9.2274],[-83.0743,9.2318],[-83.0757,9.2338],[-83.0776,9.2354],[-83.0796,9.237],[-83.1154,9.2571],[-83.1194,9.26],[-83.1266,9.2668],[-83.1657,9.3168],[-83.17,9.3181],[-83.1766,9.3188]],[[-83.1766,9.3188],[-83.1981,9.3173],[-83.2119,9.3147],[-83.2153,9.3147]]]}},{"type":"Feature","properties":{},"geometry":{"type":"MultiLineString","coordinates":[[[-85.1674,10.0194],[-85.1775,9.987],[-85.1834,9.9788],[-85.2053,9.9736],[-85.2103,9.9715],[-85.2361,9.9568],[-85.2408,9.9555]],[[-85.2408,9.9555],[-85.2428,9.9565],[-85.2447,9.9582],[-85.2463,9.9599],[-85.2481,9.9615]],[[-85.2481,9.9615],[-85.2549,9.9608],[-85.2653,9.9575],[-85.2899,9.9458],[-85.2991,9.9374],[-85.3033,9.9297],[-85.3016,9.9239],[-85.2982,9.9194],[-85.2944,9.916],[-85.2902,9.9139],[-85.2859,9.9132]],[[-85.2734,9.9145],[-85.2703,9.9144],[-85.2614,9.9128],[-85.259,9.9117],[-85.2547,9.9093],[-85.2522,9.9082],[-85.2494,9.9076]],[[-85.2859,9.9132],[-85.2766,9.9145],[-85.2734,9.9145]],[[-85.2399,9.9077],[-85.2342,9.9065],[-85.2275,9.9028],[-85.2198,9.9001],[-85.2175,9.8989],[-85.2156,9.8973],[-85.2113,9.8914],[-85.2058,9.8865],[-85.2031,9.8823],[-85.202,9.8799],[-85.2007,9.8777],[-85.1986,9.873],[-85.1978,9.8671],[-85.1963,9.8615],[-85.195,9.8595],[-85.1929,9.858],[-85.1903,9.8571],[-85.1757,9.8537],[-85.1738,9.8518],[-85.1734,9.8494],[-85.1763,9.8432],[-85.1801,9.8329],[-85.1904,9.7946],[-85.1907,9.7884],[-85.1893,9.7843],[-85.1864,9.7811],[-85.186,9.7788],[-85.1869,9.777],[-85.1927,9.7724],[-85.1947,9.7694],[-85.1968,9.765],[-85.1997,9.7564],[-85.2018,9.7522],[-85.2043,9.7495],[-85.2068,9.7478],[-85.2098,9.7454],[-85.2162,9.7322],[-85.2186,9.7307],[-85.2207,9.7303],[-85.2266,9.7276],[-85.2292,9.7249],[-85.2293,9.7248]],[[-85.2494,9.9076],[-85.2399,9.9077]]]}},{"type":"Feature","properties":{},"geometry":{"type":"MultiLineString","coordinates":[[[-85.2528,10.7585],[-85.2827,10.7596],[-85.3073,10.8077],[-85.3161,10.8209],[-85.3205,10.8241],[-85.3228,10.8255],[-85.3253,10.8266],[-85.3278,10.8275],[-85.3503,10.8302],[-85.3564,10.8324],[-85.3808,10.8464],[-85.3922,10.8549],[-85.4375,10.9069],[-85.4388,10.9086],[-85.441,10.9128],[-85.4412,10.9154],[-85.4407,10.9177],[-85.437,10.922],[-85.403,10.9245],[-85.3939,10.9284],[-85.391,10.933],[-85.389,10.9374],[-85.3105,10.9902],[-85.2627,11.0434],[-85.259,11.0459],[-85.2563,11.0468],[-85.2523,11.0473],[-85.2463,11.0494],[-85.2388,11.0511],[-85.2365,11.0531]],[[-84.7866,10.3153],[-84.7706,10.3455],[-84.7689,10.3554],[-84.7713,10.3597],[-84.7727,10.3617],[-84.7755,10.3686],[-84.7794,10.3871],[-84.764,10.4422],[-84.7858,10.4851],[-84.7933,10.4966],[-84.8504,10.54],[-84.8685,10.5491],[-84.9234,10.5633],[-84.9373,10.5688],[-84.948,10.5805],[-84.9747,10.6041],[-84.9779,10.6077],[-84.9836,10.6163],[-84.9865,10.6232],[-84.9911,10.6502],[-85.0025,10.6705],[-85.0167,10.6927],[-85.023,10.6993],[-85.0293,10.7032],[-85.0428,10.7089],[-85.054,10.7121],[-85.1071,10.7246],[-85.1227,10.7298],[-85.1289,10.7343],[-85.1363,10.7413],[-85.166,10.7613],[-85.1737,10.7651],[-85.1796,10.7675],[-85.1859,10.768]],[[-85.1859,10.768],[-85.1925,10.7678],[-85.2048,10.7663],[-85.2267,10.761],[-85.2528,10.7585]]]}},{"type":"Feature","properties":{},"geometry":{"type":"MultiLineString","coordinates":[[[-84.7866,10.3153],[-84.8023,10.3278],[-84.8067,10.3298],[-84.8124,10.3317],[-84.8174,10.332]],[[-84.8174,10.332],[-84.8249,10.3317],[-84.8292,10.3308],[-84.8325,10.3297],[-84.8384,10.3257],[-84.8471,10.3165],[-84.8508,10.3134],[-84.8599,10.3088],[-84.8658,10.3048],[-84.8702,10.3003],[-84.873,10.2963],[-84.8748,10.2929],[-84.8754,10.2899],[-84.8754,10.287],[-84.8749,10.2843],[-84.8737,10.2822],[-84.8723,10.2802],[-84.8649,10.2735],[-84.8636,10.2715],[-84.8629,10.2689],[-84.8625,10.2662],[-84.863,10.2636],[-84.8676,10.2503],[-84.8699,10.2311],[-84.8709,10.2281],[-84.877,10.2155],[-84.8779,10.2121],[-84.8779,10.2094],[-84.8771,10.2069],[-84.8762,10.2048],[-84.8748,10.2027],[-84.8716,10.1991],[-84.8702,10.1962],[-84.8695,10.1924],[-84.8701,10.1852],[-84.8717,10.1818],[-84.8738,10.1791],[-84.893,10.1709],[-84.8973,10.1681],[-84.9154,10.1524],[-84.9201,10.1467],[-84.9228,10.1422],[-84.9236,10.1361],[-84.9237,10.133],[-84.9226,10.1273],[-84.9189,10.1166],[-84.9184,10.1128],[-84.9199,10.1112],[-84.9223,10.111]],[[-85.0035,10.155],[-85.0062,10.1556],[-85.0085,10.1566],[-85.0106,10.158],[-85.0144,10.1611],[-85.0166,10.1622],[-85.0192,10.1628]],[[-85.0192,10.1628],[-85.022,10.1627],[-85.0276,10.1617],[-85.0339,10.161]],[[-85.0339,10.161],[-85.0371,10.1611],[-85.0402,10.1617],[-85.0484,10.1618]],[[-85.0484,10.1618],[-85.0684,10.1559],[-85.0686,10.1558]],[[-84.9223,10.111],[-84.925,10.1116],[-84.9276,10.1125],[-84.9369,10.1174],[-84.9447,10.1233],[-84.9484,10.1269],[-84.9606,10.1421],[-84.968,10.1485],[-84.9701,10.15],[-84.9793,10.1549],[-84.9842,10.1568],[-84.9872,10.1575],[-84.9904,10.1576]],[[-84.9904,10.1576],[-84.9944,10.157],[-84.9995,10.1555],[-85.0011,10.1551],[-85.0035,10.155]]]}},{"type":"Feature","properties":{},"geometry":{"type":"MultiLineString","coordinates":[[[-75.1556,2.5237],[-75.1224,2.5341],[-75.0369,2.5999],[-75.0032,2.6382],[-74.9955,2.6553],[-75.0035,2.6851],[-75.0259,2.7091],[-75.0496,2.7244],[-75.0576,2.7489],[-75.0529,2.7682],[-75.0402,2.7993],[-75.0203,2.8354],[-74.9768,2.8922],[-74.9377,2.9276],[-74.9226,2.9417],[-74.9144,2.946],[-74.8975,2.9507]],[[-75.2079,2.5467],[-75.1962,2.5442],[-75.1674,2.5277],[-75.1556,2.5237]],[[-75.5874,2.0],[-75.5512,2.0329],[-75.4755,2.1544],[-75.4441,2.206],[-75.4215,2.2474],[-75.4001,2.265],[-75.3536,2.298],[-75.3435,2.3039],[-75.306,2.3451],[-75.2925,2.3663],[-75.2781,2.3961],[-75.2462,2.5085],[-75.2314,2.5313],[-75.2187,2.5437],[-75.2079,2.5467]]]}},{"type":"Feature","properties":{},"geometry":{"type":"MultiLineString","coordinates":[[[-73.4522,10.8663],[-73.3874,10.8639],[-73.3652,10.8594],[-73.3375,10.8575],[-73.302,10.8511]],[[-73.6058,10.8455],[-73.4522,10.8663]],[[-73.285,10.8525],[-73.2716,10.8434],[-73.2598,10.8267],[-73.2545,10.8101],[-73.2511,10.7831],[-73.2516,10.772],[-73.2561,10.7587],[-73.2576,10.7481],[-73.2499,10.7339],[-73.221,10.7252],[-73.194,10.7093],[-73.1638,10.7015],[-73.1235,10.6785],[-73.0854,10.6459],[-73.0752,10.63],[-73.0865,10.6143],[-73.0918,10.6021],[-73.0997,10.5784],[-73.1136,10.5626],[-73.1251,10.5272],[-73.1383,10.5197],[-73.1586,10.4837],[-73.1701,10.4775],[-73.1768,10.4683],[-73.1813,10.4566],[-73.1626,10.4498],[-73.1515,10.4367],[-73.1447,10.4225],[-73.1396,10.4044],[-73.1307,10.4002]],[[-73.302,10.8511],[-73.285,10.8525]],[[-73.0126,10.4009],[-72.9945,10.4033],[-72.9778,10.4074],[-72.94,10.4234],[-72.9159,10.428],[-72.9152,10.4282]],[[-73.0777,10.4151],[-73.0623,10.4118],[-73.0451,10.4042],[-73.0308,10.4016],[-73.0126,10.4009]],[[-73.1307,10.4002],[-73.1149,10.4048],[-73.0977,10.4121],[-73.0777,10.4151]]]}},{"type":"Feature","properties":{},"geometry":{"type":"MultiLineString","coordinates":[[[-73.4556,8.3241],[-73.462,8.3284],[-73.4666,8.3337],[-73.4687,8.3568],[-73.4847,8.3669],[-73.4901,8.3722],[-73.4974,8.3763],[-73.5042,8.3783],[-73.521,8.3794],[-73.5272,8.3805],[-73.5292,8.3855],[-73.5278,8.3925],[-73.5037,8.4197],[-73.4918,8.4622],[-73.4989,8.4749],[-73.5051,8.4783],[-73.5243,8.5233],[-73.5531,8.5638],[-73.5622,8.5879],[-73.5628,8.5975],[-73.5623,8.6086],[-73.5598,8.6226],[-73.5546,8.6338],[-73.5471,8.645],[-73.54,8.6538],[-73.5263,8.6673],[-73.4894,8.6955],[-73.4795,8.706],[-73.4766,8.7132],[-73.477,8.72],[-73.4795,8.7292],[-73.4764,8.7365],[-73.4704,8.7425],[-73.4454,8.7582],[-73.4312,8.7717],[-73.4267,8.7819],[-73.4268,8.7927],[-73.4346,8.8158],[-73.4478,8.8655],[-73.4409,8.8934],[-73.4409,8.901],[-73.4451,8.9412],[-73.4325,9.0786],[-73.4366,9.1163],[-73.417,9.1507],[-73.4081,9.1547],[-73.3636,9.165]],[[-73.4961,7.6782],[-73.4838,7.6815],[-73.4528,7.6956],[-73.4327,7.7087],[-73.4181,7.7229],[-73.4079,7.7362],[-73.3962,7.7473],[-73.388,7.7631],[-73.3657,7.7923],[-73.3605,7.8007],[-73.3574,7.8106],[-73.3554,7.8314],[-73.3584,7.8669],[-73.3553,7.8848],[-73.3506,7.8965],[-73.3427,7.9025],[-73.3244,7.9096],[-73.3123,7.9192],[-73.3033,7.9291],[-73.2908,7.9459],[-73.287,7.9604],[-73.2858,7.9729],[-73.2869,7.9808],[-73.2893,7.9857],[-73.2933,7.9881],[-73.2971,7.9891],[-73.3061,7.993],[-73.3194,8.0118],[-73.3627,8.0162],[-73.3755,8.0299],[-73.3794,8.0442],[-73.3784,8.0692],[-73.3798,8.0776],[-73.3798,8.0847],[-73.395,8.1188],[-73.4086,8.1276],[-73.4131,8.2062],[-73.4094,8.2276],[-73.4019,8.2478],[-73.391,8.2678],[-73.3828,8.2975],[-73.3671,8.3327],[-73.3533,8.3948],[-73.3567,8.4392],[-73.3631,8.4458],[-73.3745,8.4531],[-73.3971,8.4563],[-73.4115,8.4567]],[[-73.4115,8.4567],[-73.4199,8.4555],[-73.4246,8.4486],[-73.4252,8.4443],[-73.4207,8.4275],[-73.4138,8.4163],[-73.4123,8.4114],[-73.4063,8.3739],[-73.4359,8.3503],[-73.4417,8.3425],[-73.4506,8.3277],[-73.4556,8.3241]],[[-73.6403,7.7452],[-73.6359,7.7448],[-73.5984,7.737],[-73.5887,7.7335],[-73.5803,7.7282],[-73.569,7.7149],[-73.5609,7.7084],[-73.552,7.7053],[-73.5414,7.7033],[-73.5343,7.6996],[-73.5154,7.6841],[-73.505,7.6793],[-73.4961,7.6782]],[[-73.6254,7.7345],[-73.6403,7.7452]]]}},{"type":"Feature","properties":{},"geometry":{"type":"MultiLineString","coordinates":[[[-72.2362,6.4264],[-72.228,6.4318],[-72.2179,6.4427],[-72.2088,6.4551],[-72.1994,6.4622],[-72.1883,6.4664],[-72.1744,6.4676],[-72.1573,6.4747],[-72.1451,6.4893],[-72.1363,6.5044],[-72.1255,6.539],[-72.1017,6.7291],[-72.0948,6.7467],[-72.072,6.7573],[-72.053,6.7824],[-72.0404,6.8252],[-72.0207,6.8609],[-71.9829,6.9574],[-71.9723,6.9776],[-71.9651,7.0014],[-71.964,7.0059]],[[-72.2588,6.4384],[-72.2548,6.4368],[-72.2504,6.4323],[-72.245,6.428],[-72.2362,6.4264]],[[-72.3217,6.3513],[-72.2955,6.3752],[-72.2882,6.3992],[-72.2871,6.4123],[-72.282,6.4222],[-72.2727,6.4321],[-72.2645,6.4371],[-72.2588,6.4384]]]}},{"type":"Feature","properties":{},"geometry":{"type":"MultiLineString","coordinates":[[[-72.1817,7.0401],[-72.1,7.0381],[-72.0721,7.031],[-72.0527,7.024],[-72.0337,7.0137],[-71.9938,7.0129]],[[-72.2515,6.9768],[-72.2421,6.9789],[-72.2327,6.9849],[-72.2234,6.9941],[-72.2171,7.0025],[-72.2139,7.0106],[-72.2128,7.0178],[-72.2091,7.0263],[-72.2024,7.0327],[-72.1817,7.0401]],[[-72.2878,7.0057],[-72.2648,7.0],[-72.2578,6.9814],[-72.2515,6.9768]],[[-72.4013,6.8754],[-72.3832,6.8784],[-72.3657,6.8886],[-72.3384,6.9132],[-72.3264,6.928],[-72.3163,6.9429],[-72.3057,6.9708],[-72.2878,7.0057]],[[-72.5049,6.9151],[-72.48,6.9101],[-72.4228,6.8792],[-72.4013,6.8754]]]}},{"type":"Feature","properties":{},"geometry":{"type":"LineString","coordinates":[[-74.6461,5.7525],[-74.6506,5.7583],[-74.6583,5.7642],[-74.6625,5.7719]]}},{"type":"Feature","properties":{},"geometry":{"type":"MultiLineString","coordinates":[[[-72.3217,6.3513],[-72.347,6.3102],[-72.3506,6.2976],[-72.3509,6.2882],[-72.3454,6.2628],[-72.3233,6.2257],[-72.2841,6.1869],[-72.2598,6.1384],[-72.2455,6.1267],[-72.2279,6.1153],[-72.188,6.0956],[-72.1563,6.074],[-72.1312,6.0691],[-72.115,6.0688]],[[-70.3477,6.279],[-70.3273,6.2773],[-70.2961,6.2675],[-70.2806,6.266]],[[-70.5049,6.2247],[-70.4841,6.2315],[-70.4423,6.2515],[-70.3734,6.2758],[-70.3477,6.279]],[[-71.2071,6.2741],[-71.174,6.2681],[-71.1423,6.2558],[-71.1191,6.2524]],[[-71.2269,6.26],[-71.2071,6.2741]],[[-70.1907,6.2703],[-70.1653,6.2675],[-70.1508,6.2643],[-70.1181,6.25],[-70.1096,6.2427],[-70.0978,6.2258],[-70.0899,6.219],[-70.0602,6.201],[-70.0526,6.1941],[-70.0476,6.1834],[-70.0441,6.1726],[-70.0389,6.1611],[-70.0258,6.1503],[-69.9592,6.1256],[-69.9396,6.1147],[-69.9167,6.0959],[-69.9083,6.0868],[-69.9055,6.0776],[-69.9048,6.0604],[-69.8881,6.0403],[-69.8558,6.0263]],[[-70.2806,6.266],[-70.2541,6.2661],[-70.2253,6.2699],[-70.1907,6.2703]],[[-71.2441,6.2624],[-71.2269,6.26]],[[-71.2599,6.2595],[-71.2441,6.2624]],[[-71.2715,6.2615],[-71.2599,6.2595]],[[-71.488,6.1952],[-71.4623,6.1989],[-71.4233,6.2124],[-71.409,6.2189],[-71.3931,6.2244],[-71.3739,6.2272],[-71.3437,6.2284],[-71.3074,6.2437],[-71.2829,6.2586],[-71.2715,6.2615]],[[-71.0647,6.2538],[-71.0314,6.2478],[-70.9597,6.2223],[-70.8642,6.2153]],[[-71.1191,6.2524],[-71.0647,6.2538]],[[-70.7894,6.2325],[-70.7722,6.2298],[-70.7324,6.2126],[-70.7272,6.2091],[-70.6718,6.2089]],[[-70.8642,6.2153],[-70.8535,6.2163],[-70.8306,6.2245],[-70.8101,6.2297],[-70.7894,6.2325]],[[-70.5426,6.226],[-70.5049,6.2247]],[[-70.6718,6.2089],[-70.5945,6.222],[-70.5426,6.226]],[[-71.6088,6.2104],[-71.599,6.2073],[-71.572,6.1938],[-71.5574,6.1907]],[[-71.8876,6.1517],[-71.8561,6.1545],[-71.7478,6.1939],[-71.722,6.2],[-71.6461,6.2002],[-71.6241,6.2085],[-71.6088,6.2104]],[[-71.5095,6.1985],[-71.488,6.1952]],[[-71.5574,6.1907],[-71.5272,6.1977],[-71.5095,6.1985]],[[-71.9054,6.1544],[-71.8876,6.1517]],[[-72.115,6.0688],[-72.058,6.1102],[-72.004,6.1233],[-71.9465,6.1499],[-71.9259,6.1543],[-71.9054,6.1544]]]}},{"type":"Feature","properties":{},"geometry":{"type":"MultiLineString","coordinates":[[[-72.3265,5.4999],[-72.3193,5.5061],[-72.3063,5.5749],[-72.3026,5.584],[-72.2966,5.5953],[-72.2836,5.6067],[-72.2793,5.6178],[-72.2753,5.6315],[-72.2721,5.6496],[-72.2668,5.6594],[-72.2597,5.6676],[-72.2526,5.6702],[-72.2377,5.6831],[-72.2609,5.7026],[-72.2839,5.7353],[-72.3038,5.7505],[-72.3111,5.774],[-72.3514,5.8031],[-72.4474,5.8542],[-72.4476,5.8743],[-72.4411,5.8821],[-72.4315,5.8902],[-72.4155,5.8964],[-72.3928,5.9009],[-72.3892,5.9089],[-72.3669,5.9826],[-72.358,6.033],[-72.3438,6.0595],[-72.341,6.0789],[-72.3712,6.1091],[-72.3775,6.1218],[-72.3811,6.135],[-72.3874,6.1484],[-72.3931,6.1719],[-72.3988,6.1783],[-72.4143,6.1866],[-72.4166,6.1938],[-72.4157,6.2041],[-72.396,6.2675],[-72.3544,6.3345],[-72.3217,6.3513]],[[-72.3985,5.5643],[-72.3913,5.5591],[-72.3856,5.5507],[-72.3767,5.534],[-72.3701,5.5271],[-72.3481,5.5102],[-72.3347,5.5019],[-72.3265,5.4999]],[[-72.6902,5.2779],[-72.6322,5.3304],[-72.5901,5.3542],[-72.576,5.3758],[-72.5547,5.4121],[-72.4441,5.5305],[-72.4206,5.5577],[-72.409,5.5631],[-72.3985,5.5643]],[[-72.8085,5.384],[-72.7882,5.3751],[-72.7803,5.3664],[-72.7565,5.3316],[-72.7378,5.3163],[-72.7096,5.2795],[-72.6902,5.2779]],[[-72.9737,4.9788],[-72.9501,5.0049],[-72.9331,5.0204],[-72.9273,5.0315],[-72.9217,5.055],[-72.9061,5.083],[-72.9136,5.0957],[-72.9385,5.1154],[-72.9486,5.1323],[-72.9535,5.1467],[-72.9532,5.1605],[-72.9482,5.1826],[-72.9451,5.1914],[-72.9421,5.1972],[-72.9346,5.2052],[-72.9383,5.2405],[-72.93,5.2495],[-72.8743,5.3276],[-72.8576,5.3458],[-72.8424,5.3588],[-72.8315,5.3656],[-72.8085,5.384]],[[-73.0114,4.9949],[-72.9737,4.9788]],[[-73.053,4.7348],[-73.049,4.753],[-73.0686,4.8108],[-73.0663,4.8301],[-73.0495,4.8744],[-73.0465,4.9196],[-73.0309,4.9851],[-73.0252,4.9933],[-73.0114,4.9949]]]}},{"type":"Feature","properties":{},"geometry":{"type":"LineString","coordinates":[[-74.4936,3.704],[-74.4984,3.6752],[-74.5207,3.621],[-74.5426,3.5835],[-74.6159,3.4851],[-74.6279,3.4499],[-74.6333,3.4092],[-74.6369,3.326],[-74.6419,3.2923],[-74.6517,3.26],[-74.6814,3.2104],[-74.6994,3.1947],[-74.7476,3.1635],[-74.7725,3.1376],[-74.8017,3.1235],[-74.8246,3.1074],[-74.8353,3.0933],[-74.8694,3.0343],[-74.8965,2.9571],[-74.8975,2.9507]]}},{"type":"Feature","properties":{},"geometry":{"type":"MultiLineString","coordinates":[[[-71.2151,2.8547],[-71.2251,2.8551],[-71.2375,2.8619],[-71.2471,2.8652],[-71.2647,2.8654],[-71.2738,2.8716],[-71.2809,2.8837],[-71.2851,2.8977],[-71.2934,2.9054]],[[-71.2934,2.9054],[-71.3035,2.9054],[-71.3092,2.8966],[-71.3153,2.8705],[-71.3212,2.8605],[-71.3296,2.8581]],[[-71.1281,2.8644],[-71.1386,2.8667],[-71.1489,2.8754],[-71.1601,2.8827],[-71.1691,2.8841]],[[-71.1691,2.8841],[-71.2032,2.8586],[-71.2151,2.8547]],[[-71.6831,2.8401],[-71.6979,2.8444],[-71.7351,2.8808],[-71.7432,2.882]],[[-71.7432,2.882],[-71.7481,2.8754],[-71.747,2.845],[-71.7511,2.8271],[-71.7593,2.8167]],[[-71.0828,2.8641],[-71.1041,2.8742],[-71.1118,2.877]],[[-71.1118,2.877],[-71.1187,2.8694],[-71.1281,2.8644]],[[-71.3824,2.8459],[-71.4012,2.8543],[-71.4348,2.8759],[-71.4434,2.8763]],[[-71.4434,2.8763],[-71.4559,2.8557],[-71.4687,2.8523]],[[-71.3296,2.8581],[-71.339,2.8675],[-71.3477,2.8744],[-71.3569,2.8753]],[[-71.3569,2.8753],[-71.363,2.8682],[-71.3658,2.8579],[-71.3702,2.8482],[-71.3824,2.8459]],[[-71.0637,2.8686],[-71.0828,2.8641]],[[-72.0056,2.808],[-72.0172,2.8179],[-72.0555,2.8211],[-72.0788,2.8273],[-72.0931,2.8382],[-72.1066,2.8623],[-72.121,2.8671]],[[-72.121,2.8671],[-72.1421,2.8605],[-72.1807,2.8538],[-72.1924,2.8479],[-72.1974,2.8339],[-72.1963,2.8146],[-72.1923,2.7975],[-72.1935,2.773]],[[-71.6226,2.8157],[-71.6437,2.8193],[-71.6485,2.8303],[-71.6462,2.8572],[-71.6495,2.8634]],[[-71.6495,2.8634],[-71.6557,2.8628],[-71.6635,2.8553],[-71.6714,2.8459],[-71.6831,2.8401]],[[-71.4687,2.8523],[-71.4906,2.8593],[-71.5104,2.8631]],[[-71.5104,2.8631],[-71.5366,2.8592],[-71.5505,2.859],[-71.5615,2.8557],[-71.5689,2.8462],[-71.5797,2.8353],[-71.6226,2.8157]],[[-71.7593,2.8167],[-71.7696,2.8219],[-71.7772,2.8513],[-71.7841,2.8601],[-71.792,2.8612]],[[-71.792,2.8612],[-71.8057,2.8531],[-71.8156,2.8414],[-71.8373,2.8309],[-71.9236,2.8146],[-71.9399,2.8117],[-71.9439,2.8108],[-71.9473,2.8073],[-71.9529,2.8055],[-71.9664,2.8031],[-71.9804,2.7991]],[[-71.9804,2.7991],[-71.9928,2.7999],[-72.0013,2.8123]],[[-72.0013,2.8123],[-72.0056,2.808]],[[-72.1935,2.773],[-72.1943,2.7735],[-72.2079,2.7751]],[[-72.2079,2.7751],[-72.221,2.7716],[-72.2341,2.7645],[-72.2478,2.7549],[-72.2504,2.7481],[-72.2484,2.7375],[-72.2484,2.7167],[-72.2523,2.6976]],[[-72.2523,2.6976],[-72.2565,2.7031],[-72.2688,2.7372],[-72.2837,2.7524]],[[-72.2837,2.7524],[-72.2951,2.7508],[-72.3035,2.7375],[-72.3098,2.7167]],[[-72.3098,2.7167],[-72.3488,2.7396]],[[-72.3488,2.7396],[-72.3665,2.7381],[-72.4059,2.7035],[-72.4219,2.6942],[-72.44,2.6903],[-72.4748,2.6879],[-72.484,2.684],[-72.5073,2.6652]],[[-72.5073,2.6652],[-72.5127,2.6653],[-72.5187,2.6681],[-72.5295,2.6689],[-72.5385,2.6711],[-72.5472,2.6752],[-72.5537,2.6754]],[[-72.5537,2.6754],[-72.5562,2.6655],[-72.5538,2.6609],[-72.548,2.6558],[-72.5413,2.6513],[-72.5357,2.6485],[-72.5357,2.6416],[-72.5615,2.6412],[-72.5734,2.6294],[-72.5768,2.6081],[-72.5767,2.5796]],[[-72.5767,2.5796],[-72.5877,2.584],[-72.591,2.5864],[-72.5842,2.5864],[-72.6003,2.6148],[-72.61,2.6205]],[[-72.61,2.6205],[-72.6245,2.6075],[-72.632,2.5659],[-72.642,2.5628]],[[-72.642,2.5628],[-72.6482,2.5665],[-72.6515,2.5741],[-72.6576,2.6078],[-72.6704,2.6139]],[[-72.6704,2.6139],[-72.7033,2.6075],[-72.7149,2.5967],[-72.7238,2.5753],[-72.7372,2.5595]],[[-72.7372,2.5595],[-72.7623,2.5659],[-72.7714,2.5799],[-72.7805,2.5865],[-72.7903,2.601],[-72.8014,2.6025]],[[-72.8014,2.6025],[-72.8199,2.5967],[-72.9062,2.5476],[-72.9144,2.5342],[-72.9197,2.5229],[-72.9376,2.5136],[-72.9424,2.4975],[-72.9368,2.4929],[-72.9314,2.486],[-72.9276,2.4765],[-72.9305,2.4678],[-72.9524,2.4636],[-72.9612,2.4551],[-72.9681,2.4447],[-72.9857,2.4362],[-73.0068,2.4195],[-73.0206,2.4113]],[[-73.0206,2.4113],[-73.0303,2.413],[-73.0365,2.4179],[-73.0458,2.4181]],[[-73.0458,2.4181],[-73.0613,2.4131],[-73.0816,2.3975],[-73.0958,2.3841],[-73.1024,2.3821]],[[-73.1024,2.3821],[-73.1111,2.387],[-73.1167,2.3921],[-73.1244,2.3942]],[[-73.1244,2.3942],[-73.1304,2.3898],[-73.1306,2.3743],[-73.135,2.3661],[-73.1448,2.3617],[-73.1535,2.3611]],[[-73.1985,2.3816],[-73.2153,2.3884]],[[-73.2153,2.3884],[-73.2471,2.3719],[-73.248,2.3659],[-73.2415,2.3586],[-73.2413,2.3503],[-73.2504,2.3438],[-73.2751,2.342],[-73.2925,2.3382]],[[-73.5775,2.3612],[-73.5854,2.3625],[-73.5915,2.3693],[-73.5915,2.3777],[-73.5927,2.3853],[-73.5983,2.3864]],[[-73.5983,2.3864],[-73.6067,2.3826],[-73.6186,2.3746],[-73.6266,2.3664],[-73.6268,2.3556],[-73.6242,2.3478],[-73.6247,2.3396],[-73.6299,2.3317],[-73.6391,2.3208],[-73.6473,2.302],[-73.6546,2.2937],[-73.6603,2.2534],[-73.6581,2.1258],[-73.6589,2.0]],[[-73.4269,2.331],[-73.4315,2.3322],[-73.4351,2.3392],[-73.4355,2.3522],[-73.4334,2.3627],[-73.4447,2.3859]],[[-73.4447,2.3859],[-73.451,2.3538],[-73.4551,2.3472]],[[-73.1535,2.3611],[-73.1615,2.3671],[-73.1635,2.3754],[-73.1672,2.3826],[-73.1732,2.3851]],[[-73.1732,2.3851],[-73.1985,2.3816]],[[-73.5103,2.3524],[-73.5157,2.3587],[-73.526,2.3774],[-73.5304,2.3831],[-73.5366,2.3833]],[[-73.5366,2.3833],[-73.5666,2.3646],[-73.5775,2.3612]],[[-73.4551,2.3472],[-73.4623,2.349],[-73.4688,2.3544],[-73.4778,2.3567]],[[-73.4778,2.3567],[-73.5103,2.3524]],[[-73.3441,2.3286],[-73.3478,2.3346],[-73.3463,2.3491],[-73.3517,2.3543]],[[-73.3517,2.3543],[-73.3634,2.3538],[-73.3686,2.3465],[-73.3728,2.3359],[-73.3767,2.3294]],[[-73.2925,2.3382],[-73.3177,2.3472]],[[-73.3177,2.3472],[-73.326,2.3444],[-73.3302,2.3379],[-73.3364,2.3309],[-73.3441,2.3286]],[[-73.3767,2.3294],[-73.3823,2.33],[-73.3872,2.3392],[-73.3955,2.3441]],[[-73.3955,2.3441],[-73.4125,2.3438],[-73.42,2.3365],[-73.4269,2.331]]]}},{"type":"Feature","properties":{},"geometry":{"type":"LineString","coordinates":[[-74.8975,2.9507],[-74.7978,2.9186],[-74.7503,2.9122],[-74.7302,2.9073],[-74.7126,2.897],[-74.7003,2.8846],[-74.691,2.8696],[-74.6625,2.7956],[-74.6472,2.7735],[-74.628,2.7551],[-74.6087,2.7411],[-74.5964,2.7212],[-74.5961,2.6854],[-74.6516,2.4646],[-74.6582,2.4144],[-74.6594,2.3826],[-74.6554,2.3472],[-74.6459,2.3182],[-74.6297,2.293],[-74.5691,2.2252],[-74.5537,2.203],[-74.5437,2.1819],[-74.5427,2.1616],[-74.5492,2.1429],[-74.5644,2.123],[-74.5867,2.099],[-74.6052,2.0734],[-74.6159,2.0431],[-74.6163,2.0084],[-74.6146,2.0]]}},{"type":"Feature","properties":{},"geometry":{"type":"MultiLineString","coordinates":[[[-71.7879,4.579],[-71.7754,4.58],[-71.6857,4.6077],[-71.6434,4.6285],[-71.565,4.682],[-71.2745,4.8066],[-71.2152,4.8156],[-71.2068,4.824],[-71.1578,4.8618],[-71.1303,4.8784],[-71.1133,4.886],[-71.1001,4.8891],[-71.0873,4.8946],[-71.0603,4.9194]],[[-73.053,4.7348],[-73.0465,4.7053],[-73.0406,4.6943],[-72.9946,4.6496],[-72.9266,4.5253],[-72.8371,4.4303]],[[-71.799,4.5796],[-71.7879,4.579]],[[-72.0498,4.3883],[-72.0122,4.3986],[-71.9737,4.4218],[-71.8974,4.4854],[-71.8195,4.5701],[-71.8094,4.5779],[-71.799,4.5796]],[[-72.1385,4.4509],[-72.1278,4.4471],[-72.0892,4.4227],[-72.081,4.4084],[-72.0699,4.3943],[-72.0498,4.3883]],[[-72.3891,4.3378],[-72.3667,4.3436],[-72.3235,4.41],[-72.3099,4.4161],[-72.1499,4.4507],[-72.1385,4.4509]],[[-72.8222,4.4314],[-72.817,4.43],[-72.8126,4.4263],[-72.8128,4.4218],[-72.8092,4.4138],[-72.7917,4.3946],[-72.7886,4.3866],[-72.7883,4.3799],[-72.782,4.3711],[-72.7827,4.3629],[-72.7842,4.357],[-72.7842,4.3507],[-72.7768,4.3494]],[[-72.8371,4.4303],[-72.8222,4.4314]],[[-72.4333,4.3547],[-72.4146,4.3413],[-72.3891,4.3378]],[[-72.5049,4.3214],[-72.4807,4.3277],[-72.4333,4.3547]],[[-72.5596,4.3547],[-72.5486,4.3532],[-72.5337,4.3492],[-72.5208,4.3437],[-72.5153,4.3374],[-72.5049,4.3214]],[[-72.5955,4.3062],[-72.5876,4.3097],[-72.5653,4.3488],[-72.5596,4.3547]],[[-72.7606,4.3525],[-72.7532,4.3488],[-72.752,4.3407],[-72.748,4.3131],[-72.7256,4.3006],[-72.7181,4.2982]],[[-72.7768,4.3494],[-72.7692,4.3514],[-72.7606,4.3525]],[[-72.6146,4.3206],[-72.6075,4.3172],[-72.6017,4.3105],[-72.5955,4.3062]],[[-72.632,4.3131],[-72.6246,4.3138],[-72.6203,4.3164],[-72.6174,4.3193],[-72.6146,4.3206]],[[-72.6797,4.3206],[-72.6702,4.32],[-72.632,4.3131]],[[-72.7181,4.2982],[-72.7071,4.3001],[-72.7014,4.3041],[-72.6879,4.3172],[-72.6797,4.3206]]]}},{"type":"Feature","properties":{},"geometry":{"type":"MultiLineString","coordinates":[[[-74.1544,4.0072],[-74.2085,4.0199]],[[-74.2085,4.0199],[-74.2236,4.0096],[-74.2433,3.9689],[-74.2564,3.9479],[-74.2815,3.9172],[-74.3004,3.8988],[-74.3096,3.8868],[-74.31,3.8769],[-74.3089,3.8652],[-74.3174,3.8427],[-74.3371,3.8104],[-74.4024,3.7311],[-74.4148,3.7016],[-74.4215,3.6932],[-74.4233,3.6877],[-74.4278,3.6796],[-74.4358,3.6754]],[[-74.4358,3.6754],[-74.4645,3.6776],[-74.4936,3.704]]]}},{"type":"Feature","properties":{},"geometry":{"type":"MultiLineString","coordinates":[[[-73.6254,7.7345],[-73.61,7.7165],[-73.603,7.7099],[-73.593,7.7024],[-73.5688,7.691],[-73.5443,7.6698],[-73.5204,7.6419],[-73.5169,7.6355],[-73.5159,7.6311],[-73.5161,7.6272],[-73.5146,7.6239],[-73.5043,7.6074],[-73.4967,7.6009],[-73.4819,7.5914],[-73.4675,7.5857],[-73.4481,7.5809],[-73.3938,7.5736],[-73.3761,7.5631],[-73.3706,7.5527],[-73.3603,7.5496],[-73.3416,7.5468]],[[-73.2164,7.63],[-73.2039,7.6279],[-73.2006,7.6262],[-73.1951,7.6241],[-73.1892,7.6229]],[[-73.2607,7.5449],[-73.2574,7.5521],[-73.2478,7.5971],[-73.2319,7.6203],[-73.2236,7.6283],[-73.2164,7.63]],[[-73.1706,7.6238],[-73.1382,7.6197]],[[-73.1892,7.6229],[-73.1706,7.6238]],[[-73.0277,7.6212],[-72.9913,7.6132],[-72.9946,7.604],[-72.9954,7.5993],[-72.9954,7.5927],[-72.9892,7.5608],[-72.9839,7.5468],[-72.9752,7.5325],[-72.9031,7.4763],[-72.9013,7.4614],[-72.9034,7.4492],[-72.8976,7.4287],[-72.8684,7.3841],[-72.8573,7.3715],[-72.8573,7.3651],[-72.856,7.3631],[-72.8423,7.3575],[-72.8445,7.301],[-72.8815,7.2564],[-72.8677,7.2374],[-72.8634,7.2325],[-72.8566,7.2217],[-72.853,7.2172],[-72.847,7.2125],[-72.8372,7.2079],[-72.8351,7.2028],[-72.8342,7.1955],[-72.8349,7.1799],[-72.8334,7.1728],[-72.8307,7.1674],[-72.83,7.1621],[-72.8362,7.1491],[-72.8493,7.1321],[-72.8859,7.0738],[-72.8794,7.0599],[-72.8757,7.0567],[-72.8491,7.0448],[-72.8258,7.0415],[-72.8014,7.0352],[-72.793,7.0308],[-72.7826,7.0198],[-72.7711,7.0126],[-72.7448,6.9892]],[[-73.0566,7.6076],[-73.0473,7.6155],[-73.0277,7.6212]],[[-73.1159,7.6197],[-73.1056,7.6183],[-73.0989,7.6161],[-73.0955,7.6144],[-73.0911,7.6136],[-73.0787,7.6134],[-73.0726,7.6126],[-73.0566,7.6076]],[[-73.1382,7.6197],[-73.1159,7.6197]],[[-73.3082,7.5494],[-73.2792,7.5469],[-73.2607,7.5449]],[[-73.3416,7.5468],[-73.3082,7.5494]],[[-72.6888,7.0051],[-72.6821,7.0014],[-72.6774,6.9917],[-72.6727,6.9771],[-72.6701,6.9734]],[[-72.7448,6.9892],[-72.728,6.9977],[-72.7205,7.0017],[-72.7154,7.0033],[-72.7025,7.0034],[-72.6956,7.0047],[-72.6888,7.0051]],[[-72.5758,7.0032],[-72.5669,7.002],[-72.5607,6.9995],[-72.555,6.9916],[-72.5515,6.9804],[-72.5477,6.9573],[-72.5471,6.9412],[-72.5507,6.9114],[-72.5466,6.885]],[[-72.6291,6.9913],[-72.6008,6.9971],[-72.5898,7.0012],[-72.5835,7.0024],[-72.5758,7.0032]],[[-72.6509,6.9954],[-72.6457,6.9945],[-72.638,6.9923],[-72.6291,6.9913]],[[-72.6701,6.9734],[-72.6656,6.9767],[-72.6622,6.9813],[-72.6583,6.9906],[-72.6556,6.9943],[-72.6509,6.9954]],[[-72.5466,6.885],[-72.5274,6.887],[-72.5221,6.8906],[-72.5157,6.8968],[-72.5125,6.9013],[-72.5049,6.9151]]]}},{"type":"Feature","properties":{},"geometry":{"type":"LineString","coordinates":[[-73.6254,7.7345],[-73.7519,7.7409],[-73.7505,7.7701],[-73.7461,7.776],[-73.7404,7.7872],[-73.7409,7.7966],[-73.7424,7.8065],[-73.7462,7.8208],[-73.7442,7.8307],[-73.7394,7.8404],[-73.7228,7.858],[-73.7178,7.8618],[-73.7051,7.8695],[-73.677,7.8934],[-73.67,7.9107],[-73.6703,7.929],[-73.6761,7.9461],[-73.6799,7.9505],[-73.6824,7.9547],[-73.6888,7.9605],[-73.6931,7.9631],[-73.7008,7.9712],[-73.7036,7.9734],[-73.7079,7.9747],[-73.7156,7.9756],[-73.7199,7.9771],[-73.7239,7.9813],[-73.7285,7.9872],[-73.7294,8.0056],[-73.7712,8.0773],[-73.779,8.098],[-73.7798,8.1115],[-73.7856,8.1615]]}},{"type":"Feature","properties":{},"geometry":{"type":"MultiLineString","coordinates":[[[-72.6439,6.4302],[-72.6167,6.4381],[-72.5808,6.4748],[-72.5612,6.4838],[-72.5506,6.4904],[-72.5424,6.5025],[-72.5424,6.5614],[-72.5355,6.5777],[-72.4978,6.6458],[-72.4812,6.7216],[-72.4769,6.7598],[-72.4871,6.794],[-72.4878,6.8092],[-72.4859,6.8223],[-72.478,6.8441],[-72.5049,6.9151]],[[-72.7622,6.5736],[-72.7435,6.5557],[-72.7089,6.5288],[-72.6923,6.5073],[-72.6814,6.4862],[-72.6616,6.4348],[-72.6439,6.4302]],[[-73.0348,5.9407],[-73.0169,5.9407],[-73.007,5.9506],[-72.9924,5.9996],[-72.9173,6.0889],[-72.9067,6.1069],[-72.8937,6.1232],[-72.8661,6.1336],[-72.8357,6.1411],[-72.8174,6.1534],[-72.7993,6.2025],[-72.7815,6.2126],[-72.7703,6.217],[-72.7546,6.2295],[-72.7477,6.2413],[-72.7448,6.2515],[-72.7456,6.27],[-72.7427,6.2889],[-72.7557,6.3197],[-72.7353,6.376],[-72.7402,6.4184],[-72.7334,6.4566],[-72.7375,6.4702],[-72.7445,6.4859],[-72.7534,6.496],[-72.7636,6.5028],[-72.7944,6.5332],[-72.8016,6.5519],[-72.7916,6.5671],[-72.772,6.5736],[-72.7622,6.5736]],[[-74.5194,6.2823],[-74.5146,6.2598],[-74.5134,6.2513],[-74.505,6.2207],[-74.4949,6.2014],[-74.4798,6.1552],[-74.4412,6.0955],[-74.4195,6.0736],[-74.4062,6.0627],[-74.3926,6.0553],[-74.3841,6.0495],[-74.3756,6.045],[-74.3663,6.0411],[-74.3569,6.0391]],[[-73.4993,6.1071],[-73.4838,6.0916],[-73.4381,6.0696],[-73.3975,6.0319],[-73.3854,6.0129],[-73.3819,6.001],[-73.3818,5.9835],[-73.3854,5.9629],[-73.4008,5.9223],[-73.4156,5.8987],[-73.4381,5.8874],[-73.4408,5.8711],[-73.4419,5.8668],[-73.4634,5.8527],[-73.4716,5.8477],[-73.4683,5.8135],[-73.4288,5.7639],[-73.4153,5.7551]],[[-73.6487,5.7154],[-73.6384,5.7227],[-73.6353,5.733],[-73.6332,5.7434],[-73.6331,5.7653],[-73.6237,5.8152],[-73.614,5.8449],[-73.6129,5.8681],[-73.6142,5.8884],[-73.6187,5.9048],[-73.6137,5.9222],[-73.594,5.9522],[-73.5892,5.9889],[-73.5783,6.0072],[-73.5352,6.0421],[-73.5309,6.0527],[-73.4993,6.1071]],[[-74.2903,6.0707],[-74.2792,6.0633],[-74.27,6.0498],[-74.2582,6.0202],[-74.2475,6.0017],[-74.2392,5.9817],[-74.2399,5.9639],[-74.2639,5.9185],[-74.2696,5.8985],[-74.2704,5.8832],[-74.2575,5.8482],[-74.2407,5.8451]],[[-74.3569,6.0391],[-74.3427,6.0427],[-74.3172,6.062],[-74.3032,6.069],[-74.2903,6.0707]],[[-73.1954,5.9911],[-73.1841,5.9882],[-73.1594,5.9719],[-73.127,5.9555],[-73.0348,5.9407]],[[-73.3116,5.8534],[-73.2862,5.8559],[-73.2368,5.9325],[-73.2192,5.9825],[-73.2009,5.9907],[-73.1954,5.9911]],[[-74.1745,5.9008],[-74.1533,5.882],[-74.1108,5.8706],[-74.097,5.8559],[-74.088,5.8241],[-74.0698,5.824],[-74.0591,5.8215],[-74.0487,5.8137],[-74.0312,5.7805],[-74.0084,5.7521],[-73.9732,5.7326]],[[-74.2407,5.8451],[-74.2338,5.8463],[-74.2218,5.8541],[-74.2078,5.866],[-74.1945,5.8881],[-74.1745,5.9008]],[[-73.3452,5.8634],[-73.3116,5.8534]],[[-73.4153,5.7551],[-73.403,5.7562],[-73.3898,5.7914],[-73.3694,5.8109],[-73.3586,5.8357],[-73.3552,5.8583],[-73.3513,5.8625],[-73.3452,5.8634]],[[-73.7371,5.7611],[-73.7146,5.7587],[-73.6943,5.752],[-73.6764,5.7412],[-73.6569,5.7245],[-73.6487,5.7154]],[[-73.8785,5.7114],[-73.8339,5.7391],[-73.7687,5.7556],[-73.7371,5.7611]],[[-73.9044,5.7487],[-73.894,5.7473],[-73.8837,5.7426],[-73.8774,5.7371],[-73.8785,5.7114]],[[-73.9732,5.7326],[-73.9617,5.7333],[-73.95,5.7383],[-73.9418,5.7399],[-73.9216,5.7471],[-73.9044,5.7487]]]}},{"type":"Feature","properties":{},"geometry":{"type":"MultiLineString","coordinates":[[[-74.9661,3.2788],[-74.9089,3.2899],[-74.8553,3.3438],[-74.8176,3.3988],[-74.7971,3.4234],[-74.7771,3.4414],[-74.7713,3.4535],[-74.7723,3.4642],[-74.7772,3.4765],[-74.7788,3.4912],[-74.7745,3.5148],[-74.7685,3.5261],[-74.7594,3.5339],[-74.7499,3.5392],[-74.7378,3.5524],[-74.7339,3.5603],[-74.7343,3.5699],[-74.7369,3.5783],[-74.7379,3.5897],[-74.7342,3.5989],[-74.728,3.6087],[-74.723,3.6131],[-74.7169,3.6149],[-74.7101,3.6184],[-74.7022,3.6267],[-74.6917,3.6485],[-74.6831,3.6614],[-74.6715,3.6749],[-74.631,3.7013],[-74.5683,3.7576],[-74.5635,3.7721]],[[-75.0356,3.4342],[-75.041,3.423],[-75.0471,3.4008],[-75.0483,3.3902],[-75.0514,3.3817],[-75.059,3.3705],[-75.0608,3.3643],[-75.0628,3.3467],[-75.0654,3.3343],[-75.0695,3.3223],[-75.072,3.311],[-75.0678,3.3014],[-75.0597,3.2944],[-75.0137,3.2831],[-74.9661,3.2788]],[[-75.178,3.3887],[-75.1776,3.4055],[-75.1679,3.4166],[-75.1566,3.422],[-75.1501,3.4293],[-75.1426,3.4321],[-75.1343,3.4335],[-75.0356,3.4342]],[[-75.3265,3.4132],[-75.3161,3.4118],[-75.3061,3.4064],[-75.2863,3.3924],[-75.2726,3.3847],[-75.2578,3.3736]],[[-75.4458,3.3586],[-75.4372,3.3589],[-75.4255,3.3618],[-75.4158,3.3698],[-75.407,3.3734],[-75.387,3.3787],[-75.3796,3.3841],[-75.3738,3.3913],[-75.3668,3.4019],[-75.3609,3.4066],[-75.3553,3.4087],[-75.3265,3.4132]],[[-75.2133,3.4101],[-75.2046,3.408],[-75.1997,3.4021],[-75.1973,3.397],[-75.178,3.3887]],[[-75.2578,3.3736],[-75.2537,3.3763],[-75.2459,3.384],[-75.2389,3.394],[-75.2244,3.4078],[-75.2133,3.4101]],[[-75.4663,3.3633],[-75.4554,3.3614],[-75.4458,3.3586]],[[-75.8267,2.8892],[-75.8125,2.8919],[-75.8038,2.9037],[-75.7816,2.9482],[-75.7437,2.9881],[-75.646,3.0685],[-75.6275,3.0903],[-75.6204,3.1231],[-75.5953,3.1486],[-75.5916,3.1871],[-75.5696,3.2333],[-75.5417,3.2788],[-75.5116,3.3172],[-75.4923,3.3473],[-75.4776,3.3605],[-75.4663,3.3633]],[[-75.9891,2.9506],[-75.974,2.9482],[-75.9663,2.9401],[-75.9539,2.9295],[-75.9339,2.919],[-75.8547,2.8909],[-75.8267,2.8892]],[[-76.0312,2.9295],[-76.0011,2.9499],[-75.9891,2.9506]]]}},{"type":"Feature","properties":{},"geometry":{"type":"MultiLineString","coordinates":[[[-74.7592,5.2879],[-74.7975,5.3044],[-74.8331,5.3144]],[[-74.8331,5.3144],[-74.842,5.3141],[-74.8629,5.31],[-74.8821,5.3017]],[[-74.8821,5.3017],[-74.9203,5.3097]],[[-74.9203,5.3097],[-74.941,5.3095],[-74.9774,5.297],[-74.9987,5.2941],[-75.0128,5.2939],[-75.0301,5.2866],[-75.0381,5.2802],[-75.0628,5.2689],[-75.068,5.2515],[-75.11,5.1897],[-75.1159,5.1781],[-75.1174,5.1724],[-75.1199,5.1674],[-75.1251,5.1637],[-75.1343,5.1608]],[[-74.7487,5.2908],[-74.7592,5.2879]],[[-75.1343,5.1608],[-75.1488,5.164],[-75.1706,5.1737]],[[-75.1706,5.1737],[-75.1997,5.1609],[-75.2087,5.1512],[-75.2233,5.1425],[-75.2416,5.1363],[-75.2555,5.1363]],[[-75.2555,5.1363],[-75.2675,5.14]],[[-75.2675,5.14],[-75.2795,5.1387],[-75.2944,5.1318],[-75.3159,5.1122],[-75.3389,5.0858],[-75.3485,5.0602],[-75.3309,5.0511],[-75.3173,5.0275],[-75.3486,4.9666],[-75.3522,4.9521],[-75.3539,4.9391],[-75.3382,4.9088],[-75.3293,4.894],[-75.3307,4.8789],[-75.3375,4.8633],[-75.3557,4.8386],[-75.378,4.8001]]]}},{"type":"Feature","properties":{},"geometry":{"type":"LineString","coordinates":[[-75.7622,4.0785],[-75.7106,4.1374],[-75.6937,4.165],[-75.6865,4.1806],[-75.6657,4.2081],[-75.6592,4.2258],[-75.6371,4.243],[-75.6132,4.2779],[-75.6014,4.2965],[-75.5895,4.359],[-75.5821,4.4271],[-75.5591,4.4758],[-75.5296,4.512],[-75.5126,4.5594],[-75.505,4.5703],[-75.4825,4.5944],[-75.4345,4.6196],[-75.4284,4.6268],[-75.4221,4.637],[-75.4167,4.6607],[-75.3896,4.7091],[-75.3904,4.7168]]}},{"type":"Feature","properties":{},"geometry":{"type":"LineString","coordinates":[[-74.5635,3.7721],[-74.5305,3.7311],[-74.4936,3.704]]}},{"type":"Feature","properties":{},"geometry":{"type":"MultiLineString","coordinates":[[[-74.3475,5.8264],[-74.3391,5.8257],[-74.3326,5.8192],[-74.33,5.813],[-74.3283,5.8077],[-74.3264,5.803],[-74.3231,5.7994],[-74.3193,5.7972],[-74.315,5.7955],[-74.3128,5.7932],[-74.3122,5.7895],[-74.3134,5.784],[-74.3135,5.7742],[-74.3116,5.7646],[-74.3042,5.7547],[-74.3027,5.7469],[-74.3017,5.7343],[-74.3028,5.7168],[-74.2977,5.7013],[-74.2901,5.6908],[-74.2884,5.6816],[-74.2913,5.6693],[-74.3009,5.6579],[-74.3133,5.6361],[-74.315,5.6239],[-74.3135,5.6138],[-74.2998,5.586],[-74.2569,5.5447],[-74.2493,5.5243],[-74.2495,5.5175],[-74.2515,5.4992],[-74.2499,5.4908],[-74.2439,5.4839]],[[-74.4406,5.7672],[-74.4161,5.7745],[-74.4067,5.7819],[-74.392,5.7911],[-74.3618,5.817],[-74.3475,5.8264]],[[-74.5339,5.7906],[-74.516,5.7876],[-74.5012,5.7809],[-74.4875,5.7769],[-74.4406,5.7672]],[[-74.6461,5.7525],[-74.6304,5.7597],[-74.5758,5.7693],[-74.5524,5.7798],[-74.5406,5.7891],[-74.5339,5.7906]],[[-73.8029,5.5641],[-73.7983,5.564],[-73.7915,5.5586],[-73.7915,5.508],[-73.7393,5.4827]],[[-74.0001,5.3743],[-73.9348,5.4342],[-73.9067,5.442],[-73.8991,5.4637],[-73.8992,5.4819],[-73.8438,5.539],[-73.8216,5.5585],[-73.8126,5.562],[-73.8029,5.5641]],[[-73.7181,5.4876],[-73.6954,5.4662],[-73.6798,5.4602],[-73.6678,5.46]],[[-73.7393,5.4827],[-73.7181,5.4876]],[[-74.2313,5.485],[-74.2088,5.4842],[-74.1769,5.4662],[-74.1585,5.4567],[-74.1475,5.4529]],[[-74.2439,5.4839],[-74.2313,5.485]],[[-73.6599,5.4624],[-73.6538,5.4617],[-73.6518,5.4516],[-73.6417,5.4307],[-73.6,5.3937],[-73.5911,5.3871],[-73.5901,5.3856],[-73.5901,5.3778],[-73.5828,5.3675],[-73.5889,5.3553],[-73.5936,5.3409],[-73.5937,5.3305],[-73.5903,5.3164],[-73.5848,5.3046],[-73.5583,5.2839],[-73.5419,5.2702],[-73.5369,5.264],[-73.5216,5.2373],[-73.5251,5.211],[-73.5177,5.184],[-73.4931,5.1418],[-73.4898,5.1304],[-73.4945,5.1157],[-73.4915,5.0942],[-73.4759,5.0659],[-73.4784,5.0525],[-73.5176,5.0238],[-73.5143,4.9912],[-73.5453,4.9324],[-73.5453,4.9194],[-73.5233,4.8884],[-73.4409,4.8867],[-73.4117,4.8777],[-73.4027,4.8715],[-73.3876,4.8474],[-73.3731,4.8312],[-73.3658,4.8198],[-73.3699,4.8043],[-73.3683,4.7977],[-73.3291,4.7838],[-73.3093,4.7489],[-73.3044,4.7379],[-73.2964,4.7298],[-73.2845,4.7284]],[[-73.6678,5.46],[-73.6599,5.4624]],[[-74.098,5.4556],[-74.0989,5.4352],[-74.0887,5.4197],[-74.0779,5.411],[-74.0623,5.4018],[-74.0471,5.4004],[-74.0001,5.3743]],[[-74.1475,5.4529],[-74.098,5.4556]],[[-73.1545,4.6608],[-73.1132,4.664],[-73.1003,4.6712],[-73.0925,4.6787],[-73.0894,4.6867],[-73.0773,4.7068],[-73.0744,4.7129],[-73.074,4.7181],[-73.0754,4.7234],[-73.0733,4.7285],[-73.068,4.7345],[-73.053,4.7348]],[[-73.2569,4.7343],[-73.2468,4.7337],[-73.2375,4.7303],[-73.2284,4.7236],[-73.2245,4.6953],[-73.2181,4.6776],[-73.1956,4.6769],[-73.1545,4.6608]],[[-73.2845,4.7284],[-73.2666,4.7339],[-73.2569,4.7343]]]}},{"type":"Feature","properties":{},"geometry":{"type":"LineString","coordinates":[[-74.6461,5.7525],[-74.6461,5.7184],[-74.6449,5.7143],[-74.6424,5.7099],[-74.6393,5.7062],[-74.6318,5.7025],[-74.6337,5.6976],[-74.6377,5.6918],[-74.6435,5.6791],[-74.6499,5.6689],[-74.6519,5.66],[-74.643,5.6563],[-74.6374,5.6442],[-74.6433,5.6172],[-74.6604,5.5744],[-74.6448,5.5698],[-74.6407,5.5629],[-74.6473,5.5567],[-74.6638,5.5539],[-74.6776,5.5494],[-74.6801,5.5396],[-74.6736,5.5299],[-74.6604,5.526],[-74.6668,5.5108],[-74.6684,5.4923],[-74.666,5.4738],[-74.6604,5.4583],[-74.675,5.4558],[-74.678,5.4492],[-74.6734,5.427],[-74.6767,5.4215],[-74.6839,5.4166],[-74.6912,5.41],[-74.6988,5.3837],[-74.7176,5.3502],[-74.7218,5.3304],[-74.7251,5.3253],[-74.7407,5.3106],[-74.746,5.3075],[-74.7505,5.3024],[-74.7487,5.2908]]}},{"type":"Feature","properties":{},"geometry":{"type":"MultiLineString","coordinates":[[[-73.053,4.7348],[-73.0627,4.7171],[-73.0969,4.4801],[-73.1301,4.2637],[-73.1328,4.2396],[-73.1377,4.2298],[-73.1443,4.2263]],[[-73.6546,4.4896],[-73.6653,4.4986],[-73.6691,4.5049],[-73.6763,4.5122],[-73.687,4.5181],[-73.6973,4.5213]],[[-73.6973,4.5213],[-73.7096,4.5179],[-73.7196,4.5089],[-73.7339,4.4859],[-73.7402,4.4731],[-73.7622,4.461],[-73.7868,4.4495],[-73.7941,4.4444],[-73.8045,4.4312],[-73.8107,4.421],[-73.8126,4.4],[-73.7993,4.3862],[-73.7877,4.3323],[-73.7901,4.3137],[-73.7892,4.3038],[-73.7874,4.2935],[-73.7718,4.2775],[-73.764,4.2615],[-73.7634,4.2467],[-73.7617,4.2353],[-73.7519,4.2022],[-73.7805,4.2016]],[[-73.4869,4.2857],[-73.5008,4.2884],[-73.5124,4.2942],[-73.5277,4.2999],[-73.539,4.3065],[-73.5476,4.3142],[-73.5522,4.3207],[-73.5533,4.3327],[-73.5748,4.3803],[-73.5803,4.4083],[-73.5811,4.4213],[-73.5851,4.4302],[-73.5988,4.4492],[-73.6111,4.4631],[-73.6224,4.4838],[-73.6313,4.4882],[-73.6405,4.4903]],[[-73.6405,4.4903],[-73.6546,4.4896]],[[-73.1443,4.2263],[-73.1597,4.233],[-73.1858,4.251],[-73.198,4.2574],[-73.2025,4.2612],[-73.2085,4.274],[-73.2206,4.283],[-73.2428,4.2916],[-73.3657,4.3223]],[[-73.3657,4.3223],[-73.4287,4.3157],[-73.4546,4.2951],[-73.4711,4.2883],[-73.4869,4.2857]],[[-73.7805,4.2016],[-73.7917,4.2041]],[[-73.7917,4.2041],[-73.8144,4.204],[-73.8241,4.1969],[-73.8331,4.1882],[-73.901,4.1583],[-73.9192,4.1543],[-73.9412,4.1425],[-73.9505,4.1232],[-73.9599,4.1114],[-73.9772,4.1071],[-73.991,4.1062],[-74.006,4.103],[-74.0226,4.0941],[-74.0388,4.077],[-74.075,4.0529],[-74.1233,4.0051]],[[-74.1233,4.0051],[-74.1544,4.0072]]]}},{"type":"Feature","properties":{},"geometry":{"type":"MultiLineString","coordinates":[[[-74.0673,4.8293],[-74.0814,4.8355]],[[-74.0814,4.8355],[-74.0852,4.833],[-74.0825,4.8284],[-74.0815,4.8247],[-74.0818,4.8133],[-74.0847,4.8066],[-74.0905,4.7986],[-74.104,4.7918],[-74.1111,4.7843],[-74.1315,4.7362],[-74.1343,4.7309],[-74.1509,4.7264],[-74.1569,4.7114],[-74.1749,4.699],[-74.1732,4.691],[-74.1735,4.6873],[-74.1744,4.6831],[-74.1725,4.682]],[[-74.0143,4.6309],[-74.0291,4.643],[-74.0312,4.6506],[-74.0299,4.6582],[-74.026,4.6639],[-74.0162,4.6714],[-74.0136,4.6815],[-74.0163,4.691],[-74.0188,4.7722],[-74.0172,4.7912],[-74.0107,4.8154],[-74.0392,4.8271],[-74.0576,4.8299]],[[-74.0576,4.8299],[-74.0673,4.8293]],[[-74.1642,4.6832],[-74.1618,4.6804],[-74.1614,4.6759],[-74.1661,4.6676],[-74.1721,4.6618],[-74.1984,4.6496],[-74.2247,4.629],[-74.212,4.6064],[-74.2066,4.6006],[-74.2009,4.5973],[-74.1945,4.5919],[-74.1888,4.582],[-74.1774,4.5405],[-74.1793,4.5008],[-74.2164,4.3992]],[[-74.1725,4.682],[-74.1688,4.6829],[-74.1642,4.6832]],[[-74.1544,4.0072],[-74.1363,4.0565],[-74.1335,4.0879],[-74.1293,4.0968],[-74.1223,4.103],[-74.1126,4.1093],[-74.1042,4.1179],[-74.095,4.132],[-74.0939,4.142],[-74.1037,4.163],[-74.1154,4.1812],[-74.1393,4.2091],[-74.153,4.2487],[-74.1524,4.2639],[-74.1493,4.2771],[-74.1077,4.3422],[-74.103,4.3724],[-74.1069,4.3796],[-74.1162,4.4047],[-74.1164,4.4303],[-74.1127,4.4435],[-74.1062,4.4533],[-74.0884,4.4671],[-74.0767,4.4879],[-74.0645,4.5048],[-74.035,4.5534],[-74.0287,4.5592],[-74.0137,4.5665],[-73.995,4.6322]],[[-73.995,4.6322],[-74.0143,4.6309]],[[-74.1955,4.401],[-74.1915,4.3943],[-74.1918,4.3768],[-74.2033,4.3402],[-74.2114,4.2879],[-74.2117,4.2715],[-74.214,4.2561],[-74.2198,4.2408],[-74.231,4.2196],[-74.2506,4.1965],[-74.2499,4.1531],[-74.2625,4.1095],[-74.2666,4.1012],[-74.2727,4.0985]],[[-74.2164,4.3992],[-74.1955,4.401]],[[-74.2727,4.0985],[-74.2972,4.1057],[-74.3079,4.1111],[-74.3281,4.1261]],[[-74.3281,4.1261],[-74.3369,4.1196],[-74.342,4.1125],[-74.3716,4.0335],[-74.3705,4.0123],[-74.3712,4.0023],[-74.3696,3.987],[-74.3626,3.9674],[-74.3615,3.9572],[-74.3613,3.9452],[-74.3642,3.9289],[-74.3701,3.9091],[-74.3956,3.8514],[-74.4214,3.805],[-74.4936,3.704]]]}},{"type":"Feature","properties":{},"geometry":{"type":"MultiLineString","coordinates":[[[-74.8807,4.2691],[-74.8912,4.2796],[-74.8873,4.3096],[-74.8164,4.4663],[-74.8058,4.5046],[-74.8047,4.5448],[-74.818,4.5875],[-74.8044,4.5915],[-74.8061,4.5977],[-74.818,4.608],[-74.8113,4.6205],[-74.7942,4.6407],[-74.7907,4.6524],[-74.7933,4.6598],[-74.7995,4.6625],[-74.8064,4.6646],[-74.8112,4.6701],[-74.8126,4.6772],[-74.8119,4.6826],[-74.8109,4.6866],[-74.8112,4.6899],[-74.8254,4.7113],[-74.8279,4.7222],[-74.8214,4.7346],[-74.8103,4.7416],[-74.7978,4.7455],[-74.7875,4.7509],[-74.7833,4.7619],[-74.7805,4.7724],[-74.7672,4.7869],[-74.7628,4.7998],[-74.7704,4.8481],[-74.7708,4.8631],[-74.7683,4.876],[-74.7617,4.8853],[-74.7497,4.8891],[-74.7543,4.8977],[-74.753,4.905],[-74.7501,4.9129],[-74.7497,4.9233],[-74.7615,4.9574],[-74.7628,4.9642],[-74.7566,4.9697],[-74.734,4.9798],[-74.7286,4.9854],[-74.7316,4.9919],[-74.7459,5.0151],[-74.7497,5.0263],[-74.7489,5.0466],[-74.7355,5.1082],[-74.7423,5.2696],[-74.7487,5.2906],[-74.7487,5.2908]],[[-74.7492,4.2425],[-74.7553,4.257],[-74.7594,4.2598],[-74.7825,4.2721],[-74.784,4.2836]],[[-74.784,4.2836],[-74.8086,4.2793],[-74.8306,4.2775],[-74.8594,4.2708],[-74.8807,4.2691]],[[-74.5635,3.7721],[-74.5513,3.8456],[-74.5246,3.8942],[-74.5157,3.9186],[-74.5114,3.937],[-74.5121,3.9495],[-74.5318,3.9843],[-74.5199,4.0226],[-74.5268,4.0394],[-74.5248,4.0522],[-74.5206,4.0646],[-74.5142,4.077],[-74.5008,4.0911],[-74.4953,4.0958],[-74.4829,4.1105],[-74.4802,4.1334],[-74.4865,4.1583],[-74.4881,4.17],[-74.4948,4.185],[-74.5016,4.1946],[-74.5239,4.2425],[-74.5417,4.2564],[-74.55,4.2641],[-74.5553,4.2693],[-74.5652,4.2744]],[[-74.5652,4.2744],[-74.5713,4.2742],[-74.5814,4.2726],[-74.6082,4.2622],[-74.617,4.2569],[-74.6225,4.2506],[-74.6275,4.2359],[-74.631,4.2301],[-74.636,4.2255],[-74.6441,4.2148],[-74.6493,4.211],[-74.6546,4.2092]],[[-74.6769,4.212],[-74.6884,4.2144],[-74.6993,4.2186],[-74.7321,4.2479]],[[-74.7321,4.2479],[-74.7492,4.2425]],[[-74.6546,4.2092],[-74.6604,4.2127],[-74.6665,4.2137]],[[-74.6665,4.2137],[-74.6769,4.212]]]}},{"type":"Feature","properties":{},"geometry":{"type":"MultiLineString","coordinates":[[[-75.8392,5.3609],[-75.8564,5.3742],[-75.8563,5.3783],[-75.8575,5.3876],[-75.8566,5.3988],[-75.8578,5.4894]],[[-75.6925,5.257],[-75.6749,5.2638],[-75.6675,5.2657],[-75.6481,5.2941],[-75.6437,5.3044],[-75.6552,5.3167],[-75.6611,5.3248],[-75.6639,5.3378],[-75.6637,5.3446],[-75.6692,5.3526],[-75.6986,5.3827],[-75.7097,5.3914],[-75.7188,5.3963],[-75.7242,5.3964]],[[-75.7242,5.3964],[-75.729,5.3945],[-75.7401,5.386],[-75.7445,5.3842]],[[-75.7445,5.3842],[-75.756,5.3843]],[[-75.756,5.3843],[-75.7953,5.3665],[-75.8027,5.365],[-75.8392,5.3609]],[[-75.7932,5.2883],[-75.7863,5.2871],[-75.7685,5.2789]],[[-75.8379,5.1111],[-75.8301,5.1486],[-75.8083,5.1921],[-75.8053,5.2004],[-75.8041,5.2084],[-75.8049,5.2281],[-75.8068,5.2338],[-75.8141,5.2386],[-75.8181,5.2431],[-75.8201,5.2505],[-75.8218,5.2615],[-75.8173,5.2723],[-75.7981,5.2878],[-75.7932,5.2883]],[[-75.752,5.2837],[-75.7375,5.2696],[-75.7335,5.2674],[-75.7245,5.2638],[-75.6925,5.257]],[[-75.7685,5.2789],[-75.752,5.2837]],[[-75.8794,5.1255],[-75.8614,5.1245],[-75.8553,5.1222],[-75.8379,5.1111]],[[-75.8188,4.9202],[-75.8401,4.9245],[-75.8585,4.9323],[-75.862,4.94],[-75.8852,4.958],[-75.8959,4.9732],[-75.9025,4.9883],[-75.9042,4.9944],[-75.9052,5.0018],[-75.9058,5.0178],[-75.914,5.0316],[-75.9268,5.0435],[-75.9045,5.0999],[-75.8921,5.1207],[-75.8876,5.1244],[-75.8794,5.1255]],[[-75.688,4.9435],[-75.6981,4.9455],[-75.7056,4.9491],[-75.7092,4.9526],[-75.7137,4.9622],[-75.7484,5.0451]],[[-75.7484,5.0451],[-75.7547,5.0448],[-75.7834,5.0003],[-75.7861,4.992],[-75.7878,4.9584],[-75.7905,4.948],[-75.796,4.9389],[-75.8112,4.9242],[-75.8188,4.9202]],[[-75.5847,4.9301],[-75.6107,4.9337],[-75.6147,4.9397],[-75.6148,4.9448],[-75.6167,4.9511],[-75.6262,4.9672],[-75.6342,4.9718],[-75.6381,4.9735]],[[-75.6381,4.9735],[-75.6404,4.9723],[-75.6403,4.9706],[-75.6411,4.9688],[-75.6615,4.9504],[-75.667,4.947],[-75.6743,4.9448],[-75.688,4.9435]],[[-75.378,4.8001],[-75.4031,4.8252],[-75.4331,4.8487],[-75.4503,4.866],[-75.4638,4.8827],[-75.4834,4.9126],[-75.4924,4.9194],[-75.503,4.9222],[-75.524,4.9237],[-75.5507,4.931],[-75.5618,4.932]],[[-75.5618,4.932],[-75.5847,4.9301]]]}},{"type":"Feature","properties":{},"geometry":{"type":"LineString","coordinates":[[-75.3904,4.7168],[-75.378,4.8001]]}},{"type":"Feature","properties":{},"geometry":{"type":"MultiLineString","coordinates":[[[-75.703,4.7202],[-75.6954,4.7198],[-75.6884,4.7165],[-75.6684,4.7049],[-75.6594,4.7029]],[[-75.714,4.7129],[-75.703,4.7202]],[[-75.4846,4.6714],[-75.4786,4.6749],[-75.4712,4.6778],[-75.4555,4.6803],[-75.4472,4.6825],[-75.4414,4.6852],[-75.4354,4.6902],[-75.4315,4.6922],[-75.4231,4.6952],[-75.4168,4.6988],[-75.4123,4.7029],[-75.3904,4.7168]],[[-75.5705,4.704],[-75.5327,4.6991],[-75.4973,4.6728],[-75.4916,4.6718],[-75.4846,4.6714]],[[-75.6594,4.7029],[-75.5705,4.704]]]}},{"type":"Feature","properties":{},"geometry":{"type":"MultiLineString","coordinates":[[[-71.041,2.8732],[-71.0226,2.8617],[-71.0058,2.86],[-70.9865,2.8547],[-70.9835,2.8472],[-70.9841,2.838],[-70.9867,2.8266],[-70.9858,2.8179],[-70.9801,2.813]],[[-71.0637,2.8686],[-71.041,2.8732]],[[-70.6845,2.8694],[-70.6746,2.8626],[-70.6502,2.8323]],[[-70.7348,2.7825],[-70.6931,2.8146],[-70.6864,2.8234],[-70.6863,2.8333],[-70.6901,2.8442],[-70.6963,2.855],[-70.6979,2.8633],[-70.6948,2.8694],[-70.6845,2.8694]],[[-70.9617,2.866],[-70.9445,2.8536],[-70.9325,2.8344],[-70.9236,2.8285]],[[-70.9801,2.813],[-70.9735,2.816],[-70.969,2.8245],[-70.9695,2.8379],[-70.9729,2.8538],[-70.9699,2.8654],[-70.9617,2.866]],[[-70.9041,2.8576],[-70.8908,2.8458],[-70.8894,2.8324],[-70.8912,2.8216],[-70.8896,2.8159]],[[-70.9236,2.8285],[-70.9182,2.8342],[-70.9187,2.8474],[-70.9125,2.8568],[-70.9041,2.8576]],[[-70.6302,2.8458],[-70.6094,2.8452],[-70.5928,2.8419],[-70.4997,2.7845]],[[-70.6502,2.8323],[-70.6415,2.8333],[-70.6302,2.8458]],[[-70.8486,2.8288],[-70.833,2.8185],[-70.821,2.7965],[-70.8113,2.792]],[[-70.8896,2.8159],[-70.8634,2.8285],[-70.8486,2.8288]],[[-70.7558,2.8153],[-70.7482,2.8139],[-70.7442,2.8054],[-70.7431,2.7942],[-70.7406,2.7839],[-70.7348,2.7825]],[[-70.8113,2.792],[-70.795,2.7956],[-70.7806,2.8028],[-70.7668,2.8122],[-70.7558,2.8153]]]}},{"type":"Feature","properties":{},"geometry":{"type":"MultiLineString","coordinates":[[[-69.5719,6.0542],[-69.5324,6.0623],[-69.432,6.1222]],[[-69.7849,6.0621],[-69.5719,6.0542]],[[-69.8558,6.0263],[-69.846,6.0368],[-69.8171,6.0548],[-69.7849,6.0621]]]}},{"type":"Feature","properties":{},"geometry":{"type":"LineString","coordinates":[[-71.0603,4.9194],[-71.0486,4.9301],[-71.0271,4.9592],[-70.9603,5.1177],[-70.9448,5.1352],[-70.9053,5.1459],[-70.8879,5.155],[-70.7119,5.3073],[-70.6957,5.3137],[-70.6873,5.3234],[-70.6832,5.3712],[-70.6787,5.3894],[-70.6621,5.4046],[-70.6189,5.4222],[-70.6001,5.4335],[-70.58,5.4493],[-70.5135,5.485],[-70.4488,5.5331],[-70.4285,5.5403],[-70.4056,5.5434],[-70.3429,5.5682],[-70.3059,5.5749],[-70.2266,5.579],[-70.1852,5.5874],[-70.1562,5.6004],[-70.1228,5.6209],[-70.0914,5.6453],[-70.0685,5.6693],[-70.0344,5.7215],[-70.0287,5.7361],[-69.9866,5.7792],[-69.9694,5.8083],[-69.8986,5.9708],[-69.8761,6.0043],[-69.8558,6.0263]]}},{"type":"Feature","properties":{},"geometry":{"type":"LineString","coordinates":[[-71.0603,4.9194],[-71.0637,3.3619],[-71.0637,2.8686]]}},{"type":"Feature","properties":{},"geometry":{"type":"MultiLineString","coordinates":[[[-76.0312,2.9295],[-76.0244,2.9119],[-75.9191,2.8202],[-75.8928,2.7971],[-75.8662,2.7661],[-75.8533,2.7545],[-75.837,2.7477],[-75.819,2.7349],[-75.806,2.72],[-75.7944,2.6925],[-75.781,2.6696],[-75.8024,2.5989],[-75.8211,2.5594],[-75.8234,2.5304],[-75.7953,2.4747],[-75.8193,2.4613],[-75.8315,2.4492],[-75.8445,2.4281],[-75.8775,2.4266]],[[-75.8775,2.4266],[-75.8972,2.4365],[-75.9303,2.4657],[-75.9662,2.491]],[[-75.9662,2.491],[-75.9794,2.4865],[-76.0036,2.4585],[-76.0264,2.4382],[-76.0501,2.4206],[-76.1219,2.3851],[-76.1544,2.3727],[-76.2337,2.3518]],[[-76.2337,2.3518],[-76.2582,2.3524],[-76.2777,2.3563],[-76.3329,2.3987],[-76.3487,2.4132],[-76.3789,2.42]],[[-76.3789,2.42],[-76.3926,2.3668],[-76.3565,2.2875],[-76.3573,2.2715],[-76.3652,2.2602],[-76.3684,2.25],[-76.3828,2.212],[-76.3965,2.1862],[-76.4082,2.1807],[-76.4215,2.1638],[-76.4217,2.156],[-76.4203,2.1462],[-76.4175,2.1381],[-76.4168,2.1314],[-76.4194,2.1262],[-76.4267,2.1211],[-76.4406,2.116],[-76.4554,2.1128]],[[-76.4925,2.1162],[-76.5079,2.1186],[-76.5199,2.1253],[-76.5366,2.1291]],[[-76.5366,2.1291],[-76.5508,2.1216],[-76.567,2.1],[-76.5657,2.054],[-76.5623,2.0241],[-76.565,2.0145],[-76.5805,2.0]],[[-76.4554,2.1128],[-76.4747,2.1163]],[[-76.4747,2.1163],[-76.4925,2.1162]]]}},{"type":"Feature","properties":{},"geometry":{"type":"LineString","coordinates":[[-76.0312,2.9295],[-76.0302,2.9958],[-76.0446,3.0355],[-76.066,3.0543],[-76.0792,3.0736],[-76.0936,3.0793],[-76.1128,3.0951],[-76.113,3.1059],[-76.1117,3.1177],[-76.1081,3.1259],[-76.0987,3.1359],[-76.0918,3.1632],[-76.0954,3.1809],[-76.0915,3.2032],[-76.0758,3.2133]]}},{"type":"Feature","properties":{},"geometry":{"type":"MultiLineString","coordinates":[[[-77.721,2.1419],[-77.7438,2.1445],[-77.7797,2.1566],[-77.8106,2.1638],[-77.8401,2.1772],[-77.8494,2.1866],[-77.8534,2.1949],[-77.8564,2.2278],[-77.8594,2.2374],[-77.9316,2.3413],[-77.9488,2.382],[-77.9504,2.3913],[-77.95,2.4007],[-77.9478,2.4099],[-77.9352,2.4442],[-77.9322,2.4562],[-77.9317,2.467],[-77.9334,2.4775],[-77.9457,2.5131],[-77.9508,2.5363],[-77.9527,2.5557],[-77.9839,2.5869],[-78.0739,2.6468]],[[-77.2403,2.0],[-77.2435,2.0012],[-77.2577,2.0087],[-77.3173,2.0531],[-77.3264,2.0622],[-77.3301,2.0704],[-77.3274,2.0788],[-77.3244,2.0858],[-77.3196,2.1014],[-77.305,2.1252],[-77.3013,2.1548],[-77.313,2.1714],[-77.402,2.2127],[-77.4205,2.2191],[-77.4314,2.221],[-77.4463,2.2214]],[[-77.4463,2.2214],[-77.4587,2.2205],[-77.4759,2.2171],[-77.4815,2.2152],[-77.4862,2.2127],[-77.4955,2.2052],[-77.4983,2.2016],[-77.5165,2.1951],[-77.5441,2.193],[-77.5717,2.1873],[-77.5793,2.1828],[-77.5953,2.1701],[-77.6246,2.1578]],[[-77.6246,2.1578],[-77.6556,2.1595]],[[-77.6556,2.1595],[-77.7027,2.1426],[-77.721,2.1419]]]}},{"type":"Feature","properties":{},"geometry":{"type":"LineString","coordinates":[[-75.7622,4.0785],[-75.7456,4.0522],[-75.7454,4.0415],[-75.7767,4.0276],[-75.7882,4.0198],[-75.7961,4.0081],[-75.8093,3.9691],[-75.8198,3.9541],[-75.8347,3.9257],[-75.8577,3.8699],[-75.9243,3.7695],[-75.9353,3.7441],[-75.9388,3.7378],[-75.9568,3.7165],[-75.9617,3.7122],[-75.9717,3.6766],[-75.9796,3.6655],[-75.9888,3.6468],[-75.9963,3.5912],[-75.9957,3.5722],[-75.9968,3.5592],[-76.0049,3.546],[-76.0109,3.5326],[-76.0218,3.5168],[-76.0286,3.5028],[-76.0324,3.4869],[-76.0431,3.4625],[-76.0494,3.4424],[-76.0498,3.4094],[-76.0527,3.385],[-76.065,3.3578],[-76.0533,3.3335],[-76.0466,3.3244],[-76.0439,3.3141],[-76.0478,3.3076],[-76.0548,3.3025],[-76.0607,3.2947],[-76.0642,3.282],[-76.066,3.2272],[-76.0758,3.2133]]}},{"type":"Feature","properties":{},"geometry":{"type":"MultiLineString","coordinates":[[[-75.756,4.6539],[-75.7459,4.6582],[-75.716,4.6588],[-75.7115,4.6624],[-75.7081,4.6679],[-75.7095,4.6838],[-75.714,4.7129]],[[-75.8248,4.6644],[-75.756,4.6539]],[[-75.7622,4.0785],[-75.7806,4.086],[-75.7998,4.0986],[-75.8299,4.1094],[-75.8347,4.1141],[-75.8382,4.1218],[-75.8389,4.1376],[-75.8379,4.1542],[-75.8319,4.1673],[-75.8303,4.1744],[-75.8292,4.1826],[-75.8298,4.2007],[-75.8281,4.2103],[-75.8242,4.221],[-75.8191,4.2315],[-75.8059,4.251],[-75.7903,4.2884],[-75.7891,4.2939],[-75.7905,4.3076],[-75.7895,4.3474],[-75.7879,4.3508],[-75.8091,4.3975],[-75.8535,4.4153],[-75.8726,4.4158],[-75.8904,4.4236],[-75.8841,4.4444],[-75.8813,4.4477],[-75.8782,4.4509],[-75.8669,4.4582],[-75.8751,4.4767],[-75.8768,4.5526],[-75.8698,4.578],[-75.8685,4.5859],[-75.8624,4.5947],[-75.8605,4.6],[-75.8621,4.6129],[-75.8248,4.6644]]]}},{"type":"Feature","properties":{},"geometry":{"type":"MultiLineString","coordinates":[[[-75.9639,4.8646],[-75.9739,4.868],[-75.9811,4.8726],[-75.9866,4.8822],[-75.9863,4.9111],[-75.9941,4.9175],[-76.0224,4.9415],[-76.0346,4.9611],[-76.0398,4.9736],[-76.0685,5.0276],[-76.0759,5.0357]],[[-75.8943,4.7608],[-75.9086,4.7632],[-75.9193,4.7701],[-75.9241,4.7749],[-75.9255,4.7796],[-75.9249,4.7829],[-75.9241,4.7858],[-75.9248,4.7931],[-75.9319,4.8072],[-75.9403,4.822],[-75.9298,4.83],[-75.9236,4.8426],[-75.9216,4.8649],[-75.9222,4.8724]],[[-75.9222,4.8724],[-75.9254,4.8724],[-75.9385,4.8652],[-75.9639,4.8646]],[[-75.8536,4.732],[-75.8453,4.7524],[-75.8453,4.7607],[-75.8478,4.7724],[-75.8519,4.7766],[-75.8567,4.7778]],[[-75.8567,4.7778],[-75.8657,4.7764],[-75.8702,4.7747],[-75.8739,4.7707],[-75.8788,4.7663],[-75.885,4.7618],[-75.8943,4.7608]],[[-75.714,4.7129],[-75.7831,4.723],[-75.8213,4.7345],[-75.8313,4.7361]],[[-75.8313,4.7361],[-75.8536,4.732]]]}},{"type":"Feature","properties":{},"geometry":{"type":"MultiLineString","coordinates":[[[-76.0758,3.2133],[-76.1133,3.227],[-76.1766,3.2411],[-76.192,3.2473],[-76.2285,3.2743],[-76.2559,3.2829],[-76.354,3.2902],[-76.3981,3.2993],[-76.416,3.308],[-76.4367,3.3179]],[[-76.4367,3.3179],[-76.4589,3.2923],[-76.4628,3.2853],[-76.4598,3.2764],[-76.4456,3.263],[-76.4424,3.2549],[-76.4436,3.2196],[-76.4476,3.204],[-76.456,3.1891],[-76.4668,3.1786],[-76.4775,3.174],[-76.5027,3.1689],[-76.5155,3.1631],[-76.5219,3.1559],[-76.5314,3.1343],[-76.5378,3.1255],[-76.5533,3.1101]],[[-77.3643,3.1653],[-77.3724,3.1697],[-77.3851,3.1902],[-77.388,3.1975],[-77.3888,3.2047],[-77.3904,3.2117],[-77.3946,3.2214],[-77.405,3.2333],[-77.4188,3.2587],[-77.4241,3.2624],[-77.4649,3.3016]],[[-76.8696,3.0929],[-76.8874,3.095],[-76.9164,3.1048],[-76.9744,3.1357],[-76.9852,3.14],[-76.9875,3.1424],[-76.9888,3.1452],[-76.9913,3.1488],[-77.0077,3.1641],[-77.0146,3.1682],[-77.0632,3.1833],[-77.1096,3.1919]],[[-77.1096,3.1919],[-77.128,3.1885],[-77.1487,3.1813],[-77.1656,3.1692],[-77.1718,3.1688]],[[-76.6595,3.106],[-76.6728,3.1078],[-76.6912,3.1168],[-76.7133,3.136],[-76.7659,3.1718],[-76.7786,3.1839]],[[-76.7786,3.1839],[-76.811,3.1249],[-76.829,3.1054],[-76.8363,3.1006],[-76.8431,3.098],[-76.8533,3.095],[-76.8696,3.0929]],[[-77.289,3.1435],[-77.2964,3.1492],[-77.2975,3.1529],[-77.2961,3.1562],[-77.293,3.1587],[-77.2945,3.1641],[-77.3192,3.1755]],[[-77.3192,3.1755],[-77.3271,3.1755],[-77.3314,3.1743],[-77.3348,3.1723],[-77.341,3.1695],[-77.3488,3.1672],[-77.3643,3.1653]],[[-77.1718,3.1688],[-77.1799,3.1709]],[[-77.1799,3.1709],[-77.186,3.1694],[-77.1938,3.162],[-77.1981,3.1587],[-77.2064,3.1498],[-77.2164,3.1409],[-77.2206,3.1378],[-77.2286,3.1296],[-77.2342,3.1254],[-77.2448,3.122]],[[-77.2615,3.124],[-77.2771,3.1426],[-77.2846,3.1443]],[[-77.2846,3.1443],[-77.289,3.1435]],[[-77.2448,3.122],[-77.2522,3.1243],[-77.2565,3.1289],[-77.2586,3.1292]],[[-77.2586,3.1292],[-77.2615,3.124]],[[-76.6089,3.0982],[-76.6166,3.1009],[-76.6246,3.1103],[-76.6323,3.1246]],[[-76.6323,3.1246],[-76.6387,3.1241],[-76.6427,3.1204],[-76.6464,3.115],[-76.6516,3.1101],[-76.6595,3.106]],[[-76.5533,3.1101],[-76.5655,3.1188],[-76.5703,3.122],[-76.5767,3.124]],[[-76.5767,3.124],[-76.5842,3.122],[-76.5891,3.119],[-76.5928,3.1154],[-76.5949,3.1123],[-76.5969,3.1102],[-76.5986,3.1079],[-76.6007,3.1013],[-76.6036,3.0985],[-76.6089,3.0982]]]}},{"type":"Feature","properties":{},"geometry":{"type":"LineString","coordinates":[[-70.3492,2.0],[-70.3394,2.0012],[-70.3043,2.0134],[-70.2596,2.0242],[-70.2017,2.0312],[-70.1841,2.039],[-70.1714,2.0482],[-70.1481,2.0711],[-70.105,2.1012]]}},{"type":"Feature","properties":{},"geometry":{"type":"MultiLineString","coordinates":[[[-70.4929,2.2448],[-70.4946,2.2649],[-70.5029,2.2759],[-70.5124,2.2805],[-70.5194,2.2812],[-70.5402,2.2875],[-70.5907,2.3014],[-70.6092,2.3145],[-70.6223,2.3276],[-70.6352,2.3579],[-70.6761,2.4379],[-70.7253,2.5077],[-70.7471,2.529],[-70.7687,2.5416],[-70.7932,2.5482],[-70.8433,2.5741],[-70.8998,2.5925],[-70.9094,2.6019],[-70.9085,2.6108],[-70.8957,2.6209],[-70.4997,2.7845]],[[-70.105,2.1012],[-70.103,2.1222],[-70.0732,2.1474],[-70.0333,2.1724],[-70.0255,2.1822],[-69.9999,2.1977],[-69.9945,2.2134],[-69.9951,2.2196],[-69.9999,2.2264],[-70.02,2.2484],[-70.0373,2.2774],[-70.0514,2.2868],[-70.0626,2.2874]],[[-70.0626,2.2874],[-70.0745,2.2785],[-70.09,2.2737]],[[-70.09,2.2737],[-70.1206,2.2753]],[[-70.1206,2.2753],[-70.1323,2.2728],[-70.135,2.2677],[-70.1364,2.2629],[-70.1424,2.2604]],[[-70.2134,2.2514],[-70.2238,2.2555],[-70.2304,2.2616],[-70.2373,2.2656]],[[-70.2373,2.2656],[-70.2499,2.2645],[-70.2676,2.2585],[-70.2846,2.2583],[-70.2914,2.2555],[-70.2927,2.2494],[-70.2911,2.2407],[-70.2942,2.2314],[-70.3043,2.2264]],[[-70.3043,2.2264],[-70.3177,2.2321],[-70.3412,2.246],[-70.3537,2.2463],[-70.4073,2.2633],[-70.422,2.2641]],[[-70.422,2.2641],[-70.4355,2.2605],[-70.4493,2.2556],[-70.4561,2.2506],[-70.4929,2.2448]],[[-70.1424,2.2604],[-70.1504,2.2618]],[[-70.1504,2.2618],[-70.1601,2.2602],[-70.1899,2.2519],[-70.2134,2.2514]]]}},{"type":"Feature","properties":{},"geometry":{"type":"MultiLineString","coordinates":[[[-67.7169,4.0399],[-67.7176,4.0396],[-67.7353,4.032],[-67.7491,4.0216],[-67.7971,3.9538],[-67.8385,3.9243],[-67.877,3.9227]],[[-68.2524,3.9432],[-68.2604,3.9581],[-68.2617,3.9813],[-68.2679,4.0027],[-68.2902,4.0121],[-68.3336,4.0189],[-68.3555,4.0199]],[[-68.3555,4.0199],[-68.3697,4.0121],[-68.3684,3.9949],[-68.3561,3.9795],[-68.3514,3.9685],[-68.362,3.9558],[-68.3685,3.9395],[-68.3725,3.9236],[-68.3813,3.9172],[-68.4241,3.9165],[-68.4449,3.9126],[-68.4513,3.9002],[-68.4486,3.8872],[-68.4385,3.8731]],[[-68.0487,3.9559],[-68.068,3.9705],[-68.0826,3.9962],[-68.0927,4.0054]],[[-68.0927,4.0054],[-68.1056,4.0016],[-68.1144,3.9901],[-68.1256,3.9648],[-68.1332,3.9538],[-68.1566,3.9277],[-68.1694,3.9197]],[[-67.9875,3.9348],[-67.9991,3.9364],[-68.0065,3.9486],[-68.0083,3.9836],[-68.0134,3.9985]],[[-68.0134,3.9985],[-68.0353,3.9618],[-68.0487,3.9559]],[[-68.1694,3.9197],[-68.1835,3.9221],[-68.1894,3.9306],[-68.1866,3.9403],[-68.1806,3.9505],[-68.1773,3.9609],[-68.1881,3.9732]],[[-68.1881,3.9732],[-68.2124,3.9646],[-68.2524,3.9432]],[[-67.877,3.9227],[-67.9139,3.9376],[-67.9507,3.9575]],[[-67.9507,3.9575],[-67.9744,3.9414],[-67.9875,3.9348]],[[-68.4385,3.8731],[-68.4467,3.8735]],[[-68.4467,3.8735],[-68.4578,3.8702],[-68.4687,3.8624],[-68.4733,3.8513],[-68.4799,3.8497],[-68.4906,3.8481],[-68.5049,3.8445],[-68.5206,3.8323],[-68.5332,3.8161],[-68.5398,3.8009],[-68.5464,3.7959]],[[-68.5464,3.7959],[-68.5564,3.7996],[-68.5672,3.8069],[-68.5796,3.8081]],[[-68.5796,3.8081],[-68.5891,3.8017],[-68.5989,3.7912],[-68.6121,3.7845],[-68.6432,3.7818]],[[-68.6432,3.7818],[-68.6596,3.7864],[-68.6763,3.7944],[-68.6888,3.7978]],[[-68.6888,3.7978],[-68.7105,3.7787],[-68.7311,3.7747],[-68.7396,3.7725],[-68.741,3.761],[-68.7408,3.7475],[-68.7442,3.7362],[-68.7567,3.7316]],[[-68.7567,3.7316],[-68.7679,3.7325],[-68.7875,3.7368],[-68.7977,3.7378]],[[-68.7977,3.7378],[-68.8101,3.728],[-68.8055,3.7076],[-68.8045,3.6901],[-68.8278,3.6894]],[[-69.2397,3.7005],[-69.251,3.7012],[-69.2585,3.7097],[-69.2662,3.7223],[-69.2795,3.7289]],[[-69.2795,3.7289],[-69.2924,3.7266],[-69.3003,3.715],[-69.3015,3.7001],[-69.309,3.6994]],[[-69.4307,3.6861],[-69.4398,3.6902],[-69.4479,3.7004],[-69.4587,3.7111],[-69.4743,3.7157]],[[-69.4743,3.7157],[-69.4938,3.7103],[-69.523,3.6969],[-69.5464,3.6931],[-69.5685,3.6925]],[[-69.309,3.6994],[-69.326,3.7115],[-69.3463,3.7128]],[[-69.3463,3.7128],[-69.3845,3.7],[-69.406,3.6959],[-69.4221,3.6909],[-69.4307,3.6861]],[[-68.8278,3.6894],[-68.8392,3.7035],[-68.8483,3.7098]],[[-68.8483,3.7098],[-68.8594,3.7067],[-68.8935,3.6894],[-68.9073,3.6886]],[[-68.9073,3.6886],[-68.9109,3.6894],[-68.916,3.6926],[-68.917,3.697],[-68.9168,3.7011],[-68.9184,3.7036],[-68.9263,3.7067],[-68.9321,3.7082]],[[-68.9321,3.7082],[-68.9378,3.7073],[-68.9451,3.7036],[-68.9516,3.6889],[-68.9501,3.6491],[-68.9624,3.6409]],[[-69.1835,3.6521],[-69.1854,3.6556],[-69.1848,3.6685],[-69.1862,3.6754],[-69.1911,3.6799],[-69.2091,3.687],[-69.2208,3.7004],[-69.2282,3.7018]],[[-69.2282,3.7018],[-69.2397,3.7005]],[[-69.5685,3.6925],[-69.5842,3.6939]],[[-69.5842,3.6939],[-69.6032,3.692],[-69.6124,3.6863],[-69.616,3.6758],[-69.6089,3.6679],[-69.606,3.6582],[-69.6114,3.6188],[-69.6292,3.6046],[-69.6419,3.6045],[-69.6487,3.5947],[-69.6525,3.5421],[-69.6581,3.5325]],[[-69.0903,3.6094],[-69.0986,3.6147],[-69.1035,3.6232],[-69.1089,3.6279],[-69.1058,3.6558],[-69.113,3.6561],[-69.1224,3.6641],[-69.1307,3.6697],[-69.1401,3.6745]],[[-69.1401,3.6745],[-69.1522,3.6707],[-69.1757,3.6537],[-69.1835,3.6521]],[[-68.9624,3.6409],[-69.0281,3.6501],[-69.0406,3.6552]],[[-69.0406,3.6552],[-69.0525,3.6457],[-69.0661,3.6229],[-69.0748,3.6143],[-69.0903,3.6094]],[[-69.6581,3.5325],[-69.6687,3.5373],[-69.6849,3.5528],[-69.7058,3.5682],[-69.722,3.5686]],[[-69.722,3.5686],[-69.7395,3.5628],[-69.7641,3.559]],[[-69.8667,3.5306],[-69.8699,3.5357],[-69.8722,3.5414],[-69.878,3.5519],[-69.8859,3.562],[-69.8941,3.5664]],[[-69.8941,3.5664],[-69.9134,3.5636],[-69.9263,3.5559],[-69.9358,3.545],[-69.963,3.505]],[[-69.7641,3.559],[-69.8332,3.561]],[[-69.8332,3.561],[-69.8494,3.559],[-69.8596,3.5396],[-69.8667,3.5306]],[[-69.963,3.505],[-69.9732,3.5064],[-69.9855,3.51],[-69.9959,3.5154],[-70.0002,3.5218],[-70.0109,3.5286],[-70.0355,3.5312]],[[-70.0355,3.5312],[-70.063,3.53],[-70.0828,3.5255],[-70.0768,3.5149],[-70.0549,3.4845],[-70.0599,3.4685],[-70.0686,3.4246],[-70.0794,3.4156]],[[-70.0794,3.4156],[-70.1197,3.4166]],[[-70.1197,3.4166],[-70.1208,3.3915],[-70.1254,3.3864],[-70.13,3.3741],[-70.1368,3.3629],[-70.1511,3.3479],[-70.1497,3.3342],[-70.1413,3.321],[-70.1279,3.3107],[-70.119,3.2986],[-70.116,3.2902],[-70.1179,3.2851],[-70.1238,3.2849],[-70.134,3.283],[-70.1416,3.2764],[-70.1436,3.258],[-70.1272,3.2306],[-70.1254,3.2165],[-70.1293,3.2043],[-70.1389,3.1987]],[[-70.1389,3.1987],[-70.1446,3.202],[-70.1484,3.2102],[-70.1512,3.2202],[-70.1549,3.2265],[-70.1599,3.2277]],[[-70.1599,3.2277],[-70.1637,3.2228],[-70.1645,3.2102],[-70.1615,3.1977],[-70.164,3.1863],[-70.1762,3.1808]],[[-70.1762,3.1808],[-70.1858,3.1837],[-70.1989,3.196],[-70.203,3.1962]],[[-70.203,3.1962],[-70.2076,3.1923],[-70.211,3.1841],[-70.2345,3.1708],[-70.2485,3.1594],[-70.2703,3.1327],[-70.2868,3.1027],[-70.2958,3.0953],[-70.3045,3.0894],[-70.3085,3.0839],[-70.305,3.078],[-70.2959,3.0756],[-70.2822,3.0735],[-70.2725,3.0702],[-70.2634,3.0629],[-70.2619,3.0537],[-70.2656,3.0451],[-70.2769,3.0392],[-70.2878,3.0356],[-70.2916,3.0303],[-70.2892,3.0206],[-70.2807,3.0041],[-70.276,2.9837],[-70.2751,2.9604],[-70.2815,2.942],[-70.3333,2.91],[-70.3413,2.8987],[-70.345,2.887],[-70.3474,2.8746],[-70.3591,2.8608],[-70.3834,2.8468],[-70.4666,2.8111],[-70.4997,2.7845]]]}},{"type":"Feature","properties":{},"geometry":{"type":"LineString","coordinates":[[-70.105,2.1012],[-70.1083,2.0588],[-70.119,2.0071],[-70.1219,2.0]]}},{"type":"Feature","properties":{},"geometry":{"type":"MultiLineString","coordinates":[[[-77.2852,4.2113],[-77.2852,4.2113],[-77.2844,4.2042],[-77.2833,4.1969],[-77.2837,4.193],[-77.287,4.1876],[-77.2918,4.1827],[-77.2986,4.1788],[-77.3047,4.1768]],[[-77.3047,4.1768],[-77.3122,4.1786],[-77.3169,4.1818],[-77.3285,4.1937],[-77.3379,4.1966]],[[-77.3379,4.1966],[-77.3502,4.1947],[-77.3946,4.1597],[-77.4342,4.1528],[-77.4351,4.1528]],[[-77.4351,4.1528],[-77.4352,4.1528]]]}},{"type":"Feature","properties":{},"geometry":{"type":"LineString","coordinates":[[-73.7856,8.1615],[-73.7844,8.1709],[-73.7874,8.1805],[-73.7907,8.1979],[-73.7955,8.2069],[-73.7964,8.2129],[-73.7941,8.2182],[-73.7848,8.2263],[-73.7827,8.2297],[-73.7807,8.2403],[-73.7717,8.2607],[-73.7697,8.271],[-73.7691,8.2978],[-73.7697,8.3011],[-73.7659,8.3098],[-73.7574,8.3225],[-73.7554,8.329],[-73.7585,8.3403],[-73.7649,8.349],[-73.7674,8.3586],[-73.7588,8.3731],[-73.7547,8.3887],[-73.7622,8.4594],[-73.7694,8.4823],[-73.7916,8.5222],[-73.7964,8.545],[-73.7964,8.5795],[-73.7999,8.5912],[-73.8174,8.613],[-73.8243,8.6238],[-73.8296,8.6436],[-73.8311,8.7092],[-73.8269,8.73],[-73.8079,8.7667],[-73.8032,8.7883],[-73.8076,8.8166],[-73.8201,8.8356],[-73.8547,8.8668],[-73.8704,8.8877]]}},{"type":"Feature","properties":{},"geometry":{"type":"LineString","coordinates":[[-73.7856,8.1615],[-73.7964,8.1503],[-73.8069,8.1469],[-73.8162,8.1384],[-73.8225,8.1273],[-73.8311,8.1161],[-73.8353,8.1151],[-73.8554,8.1054],[-73.8547,8.1031],[-73.8653,8.0758],[-73.8723,8.0449],[-73.8737,8.0259],[-73.8721,8.0069],[-73.8549,7.9516],[-73.8578,7.9386],[-73.8437,7.8791],[-73.8342,7.8703],[-73.8291,7.8611],[-73.8169,7.8014],[-73.8155,7.7795],[-73.8243,7.7229],[-73.8278,7.7108],[-73.8339,7.703],[-73.836,7.6948],[-73.8277,7.6816],[-73.8233,7.672],[-73.825,7.6626],[-73.829,7.6533],[-73.8311,7.6444],[-73.8305,7.6101],[-73.8352,7.5953],[-73.8482,7.5891],[-73.8519,7.5797],[-73.9075,7.5099],[-73.9132,7.4949],[-73.9131,7.4557],[-73.9109,7.446],[-73.9015,7.4322],[-73.8994,7.4213],[-73.901,7.4117],[-73.9131,7.3837],[-73.9243,7.3421],[-73.9302,7.3008]]}},{"type":"Feature","properties":{},"geometry":{"type":"LineString","coordinates":[[-76.0759,5.0357],[-76.075,5.0843],[-76.0897,5.1099],[-76.0881,5.1387],[-76.0976,5.175],[-76.1799,5.3087],[-76.1829,5.3519],[-76.1656,5.4087],[-76.1454,5.4252],[-76.0933,5.4554],[-76.0815,5.5109],[-76.0802,5.5376],[-76.0425,5.5773]]}},{"type":"Feature","properties":{},"geometry":{"type":"MultiLineString","coordinates":[[[-76.0759,5.0357],[-76.1058,5.0066],[-76.1163,5.0001],[-76.132,4.9828],[-76.1411,4.97],[-76.1667,4.8971],[-76.1695,4.8894],[-76.2104,4.8432],[-76.2912,4.7732],[-76.2985,4.7641],[-76.3066,4.7513],[-76.3118,4.7375],[-76.3129,4.7258],[-76.3068,4.7156],[-76.3033,4.6999],[-76.3169,4.679],[-76.3474,4.6481],[-76.3737,4.6294],[-76.4273,4.5817],[-76.4357,4.5658],[-76.4503,4.5143],[-76.451,4.5025],[-76.4438,4.4848],[-76.4423,4.4664],[-76.4557,4.4207],[-76.4696,4.4089],[-76.4754,4.4052],[-76.4838,4.4022],[-76.4934,4.3999],[-76.5037,4.3962],[-76.5227,4.3921],[-76.5303,4.392]],[[-76.5303,4.392],[-76.5421,4.3948]],[[-76.5421,4.3948],[-76.5457,4.3948],[-76.5471,4.3917],[-76.5456,4.3844],[-76.5283,4.3529],[-76.5186,4.3403],[-76.5094,4.3315],[-76.5015,4.3259],[-76.496,4.32],[-76.4942,4.3115],[-76.5009,4.2627],[-76.4965,4.2376],[-76.4549,4.2162],[-76.4396,4.2006],[-76.4433,4.1883],[-76.4462,4.182],[-76.4733,4.1559],[-76.4974,4.149],[-76.5208,4.137],[-76.5459,4.1105],[-76.569,4.0793],[-76.573,4.0691],[-76.5736,4.0615],[-76.575,4.0558],[-76.5823,4.0517],[-76.5941,4.0505]],[[-77.2145,4.1664],[-77.2212,4.1681],[-77.2308,4.1741],[-77.2387,4.1826],[-77.2445,4.1909],[-77.247,4.2003],[-77.2469,4.2266],[-77.253,4.2412],[-77.2544,4.2421],[-77.2544,4.2422]],[[-77.0658,4.1039],[-77.07,4.1068],[-77.0818,4.1224],[-77.1248,4.1665],[-77.1372,4.1691],[-77.1555,4.1829],[-77.1649,4.1851]],[[-77.1649,4.1851],[-77.1748,4.1841],[-77.1973,4.1771],[-77.2025,4.1742],[-77.2073,4.17],[-77.2145,4.1664]],[[-76.9666,4.1217],[-76.9799,4.1243]],[[-76.9799,4.1243],[-76.9873,4.124],[-76.992,4.1209],[-77.0011,4.1094],[-77.0085,4.1043],[-77.0182,4.1016],[-77.0282,4.1009]],[[-76.8681,4.03],[-76.8927,4.0419],[-76.9337,4.1057],[-76.9457,4.1171],[-76.9568,4.1226]],[[-76.9568,4.1226],[-76.9666,4.1217]],[[-77.0282,4.1009],[-77.0496,4.104]],[[-77.0496,4.104],[-77.0658,4.1039]],[[-76.5941,4.0505],[-76.6431,4.0637]],[[-76.6431,4.0637],[-76.6543,4.0633],[-76.6657,4.0579],[-76.6803,4.0437],[-76.6971,4.0308],[-76.7304,3.9986],[-76.7432,3.9946]],[[-76.7432,3.9946],[-76.7614,3.9959],[-76.7934,4.0102],[-76.8061,4.0135],[-76.8162,4.0194],[-76.8197,4.0231],[-76.8211,4.027],[-76.8226,4.0298],[-76.836,4.0339]],[[-76.836,4.0339],[-76.8681,4.03]]]}},{"type":"Feature","properties":{},"geometry":{"type":"LineString","coordinates":[[-73.6058,10.8455],[-73.6276,10.9196],[-73.6322,10.9608],[-73.6377,10.9731],[-73.6497,10.9919],[-73.651,10.9998],[-73.6501,11.0098],[-73.6445,11.0342],[-73.6383,11.0492],[-73.6364,11.1013],[-73.6341,11.1139],[-73.6349,11.1246],[-73.6378,11.1392],[-73.6358,11.1452],[-73.6319,11.1493],[-73.6233,11.1521],[-73.6171,11.1548],[-73.6118,11.159],[-73.5992,11.1757],[-73.5948,11.1792],[-73.587,11.1832],[-73.5818,11.1915],[-73.5633,11.2486],[-73.5651,11.2739],[-73.5656,11.2771]]}},{"type":"Feature","properties":{},"geometry":{"type":"MultiLineString","coordinates":[[[-73.6375,10.7672],[-73.6456,10.7711],[-73.6398,10.7862],[-73.607,10.835],[-73.6058,10.8455]],[[-73.8087,10.3799],[-73.7705,10.3912],[-73.7343,10.4173],[-73.7207,10.4201],[-73.705,10.4271],[-73.6914,10.4435],[-73.6809,10.448],[-73.6692,10.448],[-73.6554,10.4501],[-73.6474,10.4565],[-73.6414,10.4732],[-73.6375,10.4811],[-73.6298,10.4843],[-73.6012,10.4927],[-73.5778,10.5032],[-73.5709,10.5124],[-73.5717,10.5225],[-73.5799,10.5305],[-73.5891,10.5358],[-73.5949,10.5414],[-73.5976,10.549],[-73.5941,10.5647],[-73.5937,10.5796],[-73.5996,10.6166],[-73.6048,10.6315],[-73.6141,10.6505],[-73.5863,10.6996],[-73.5757,10.7108],[-73.5618,10.7309],[-73.5637,10.744],[-73.5744,10.7557],[-73.5897,10.7633],[-73.6069,10.7673],[-73.6231,10.7683]],[[-73.6231,10.7683],[-73.6375,10.7672]],[[-73.8348,10.3842],[-73.8273,10.3829],[-73.8194,10.3805],[-73.8087,10.3799]],[[-73.8007,9.5778],[-73.7842,9.5975],[-73.8167,9.6934],[-73.8427,9.7398],[-73.8364,9.7565],[-73.837,9.7634],[-73.8418,9.7899],[-73.8846,9.8301],[-73.8948,9.8373],[-73.9526,9.9152],[-73.9698,9.9295],[-73.9843,9.939],[-73.9977,9.946],[-74.008,9.9583],[-74.034,10.0001],[-74.0662,10.0538],[-74.0682,10.065],[-74.0691,10.0795],[-74.0652,10.0905],[-74.0574,10.1221],[-74.0505,10.1699],[-74.0333,10.1926],[-74.0228,10.2143],[-74.0122,10.2254],[-73.9975,10.2475],[-73.9667,10.2797],[-73.9567,10.2939],[-73.9473,10.3202],[-73.9391,10.3373],[-73.9202,10.3572],[-73.9064,10.3679],[-73.8935,10.3733],[-73.8575,10.3801],[-73.8443,10.3841],[-73.8348,10.3842]],[[-73.8186,9.5979],[-73.8129,9.5953],[-73.8088,9.5899],[-73.8064,9.5854],[-73.8007,9.5778]],[[-73.8761,9.5693],[-73.8678,9.5727],[-73.8258,9.5972],[-73.8186,9.5979]],[[-74.0044,9.5933],[-73.9974,9.5926],[-73.9887,9.591],[-73.9786,9.5875],[-73.9623,9.5865],[-73.9543,9.5845],[-73.9403,9.575],[-73.9312,9.5706],[-73.8947,9.5704],[-73.8877,9.5694],[-73.8761,9.5693]],[[-73.9026,9.1825],[-73.9412,9.1908],[-73.9535,9.1964],[-73.9585,9.2029],[-73.9616,9.2098],[-73.9628,9.2148],[-73.9629,9.2196],[-73.9617,9.2241],[-73.9579,9.2295],[-73.9537,9.2337],[-73.9518,9.2381],[-73.9513,9.243],[-73.9518,9.2506],[-73.9533,9.2594],[-73.9557,9.295],[-73.9595,9.3024],[-73.9657,9.3081],[-73.9746,9.3141],[-73.9838,9.3217],[-73.9947,9.3423],[-74.001,9.3991],[-74.0186,9.4151],[-74.0393,9.426],[-74.0819,9.4667],[-74.1371,9.4982],[-74.1081,9.5191],[-74.0595,9.5744],[-74.0421,9.585],[-74.0271,9.5912],[-74.0044,9.5933]],[[-73.8704,8.8877],[-73.8442,8.9694],[-73.8343,8.9876],[-73.8236,9.017],[-73.7998,9.0556],[-73.8247,9.0891],[-73.855,9.118],[-73.8672,9.1395],[-73.8722,9.1592],[-73.8738,9.1783],[-73.8787,9.1845],[-73.8857,9.185]],[[-73.8857,9.185],[-73.8936,9.1831],[-73.9026,9.1825]]]}},{"type":"Feature","properties":{},"geometry":{"type":"MultiLineString","coordinates":[[[-74.7998,9.4486],[-74.8058,9.4868],[-74.7907,9.576],[-74.7791,9.6163],[-74.7813,9.6313],[-74.7938,9.648],[-74.82,9.6718],[-74.8285,9.6858],[-74.8317,9.7063],[-74.8275,9.725],[-74.8196,9.7472],[-74.8152,9.7687],[-74.8214,9.7851],[-74.856,9.817],[-74.8652,9.8292],[-74.8741,9.849],[-74.878,9.8699],[-74.8789,9.9155],[-74.8768,9.9375],[-74.8705,9.9507],[-74.8599,9.9591],[-74.8247,9.9768],[-74.8123,9.9855],[-74.8061,9.9995],[-74.8044,10.0253],[-74.8076,10.0345],[-74.8146,10.0391],[-74.8216,10.0419],[-74.8249,10.0455],[-74.8379,10.0762],[-74.847,10.0879],[-74.8527,10.0931],[-74.859,10.0973],[-74.8887,10.1033],[-74.8965,10.107],[-74.9157,10.1198],[-74.9321,10.126],[-74.9435,10.1375],[-74.9477,10.1656],[-74.9446,10.1866],[-74.931,10.2196],[-74.9243,10.2542],[-74.9175,10.2674]],[[-74.7423,9.4183],[-74.7624,9.4449],[-74.7702,9.4531]],[[-74.7702,9.4531],[-74.7998,9.4486]],[[-74.6712,9.3925],[-74.6771,9.3947],[-74.6811,9.4003],[-74.686,9.4149],[-74.6908,9.422],[-74.7032,9.4296],[-74.7165,9.4301]],[[-74.7165,9.4301],[-74.7298,9.4256],[-74.7423,9.4183]],[[-74.5232,9.2395],[-74.5327,9.243],[-74.5415,9.2502],[-74.548,9.26],[-74.5571,9.2921],[-74.5727,9.3086],[-74.6051,9.3302],[-74.6132,9.337],[-74.62,9.3453],[-74.6246,9.3554],[-74.6262,9.3674],[-74.6293,9.3759],[-74.6365,9.3822],[-74.6529,9.3916],[-74.6582,9.3932]],[[-74.6582,9.3932],[-74.6712,9.3925]],[[-74.4007,9.2213],[-74.4133,9.2265],[-74.4189,9.2355],[-74.4263,9.262],[-74.4307,9.2675],[-74.4631,9.2706]],[[-74.4631,9.2706],[-74.4788,9.2693],[-74.4953,9.2613],[-74.5017,9.254],[-74.5062,9.2464],[-74.5122,9.2408],[-74.5232,9.2395]],[[-74.0908,9.0292],[-74.1249,9.0373],[-74.1533,9.049],[-74.1415,9.0583],[-74.1551,9.07],[-74.197,9.0931],[-74.2122,9.1126],[-74.238,9.1543],[-74.2563,9.1651],[-74.295,9.1665],[-74.3018,9.175],[-74.3035,9.2029],[-74.3117,9.2139],[-74.331,9.2241],[-74.3536,9.2312],[-74.3718,9.2333]],[[-74.3718,9.2333],[-74.3831,9.2295],[-74.3917,9.224],[-74.4007,9.2213]],[[-73.8704,8.8877],[-73.8824,8.9142],[-73.8849,8.9436],[-73.8721,8.9733],[-73.9001,8.9855],[-73.9841,8.9893],[-74.0161,9.0074],[-74.0104,9.023],[-74.0192,9.0345],[-74.0332,9.0444],[-74.0434,9.0552]],[[-74.0434,9.0552],[-74.0605,9.0325],[-74.0908,9.0292]]]}},{"type":"Feature","properties":{},"geometry":{"type":"MultiLineString","coordinates":[[[-75.2563,10.7093],[-75.2573,10.7079],[-75.2627,10.6984],[-75.2637,10.6942],[-75.2646,10.6854],[-75.2643,10.6797],[-75.2629,10.674],[-75.2571,10.6673],[-75.2374,10.6513],[-75.234,10.647],[-75.2313,10.6426],[-75.2288,10.6359],[-75.2271,10.6283],[-75.2281,10.6072],[-75.2304,10.6005],[-75.2343,10.5959],[-75.2439,10.5909],[-75.2534,10.5827],[-75.2549,10.5691],[-75.2653,10.5357],[-75.2664,10.5307],[-75.2636,10.5177],[-75.2541,10.5013],[-75.2538,10.4974],[-75.2498,10.4922],[-75.2435,10.4885],[-75.2048,10.4853],[-75.1876,10.4823],[-75.1749,10.4786],[-75.1713,10.4764],[-75.1691,10.4718],[-75.1688,10.469],[-75.1768,10.4566],[-75.1618,10.448],[-75.1327,10.4026]],[[-75.0765,10.4144],[-75.0308,10.3703],[-75.0148,10.3665],[-75.0085,10.364],[-74.9827,10.3428],[-74.9378,10.2918],[-74.9175,10.2674]],[[-75.1327,10.4026],[-75.0765,10.4144]]]}},{"type":"Feature","properties":{},"geometry":{"type":"LineString","coordinates":[[-75.2297,10.7634],[-75.2296,10.7636],[-75.2216,10.7795],[-75.2252,10.8039],[-75.2287,10.8108],[-75.2287,10.8109]]}},{"type":"Feature","properties":{},"geometry":{"type":"LineString","coordinates":[[-74.9175,10.2674],[-74.8644,10.3699],[-74.8484,10.3882],[-74.8361,10.4061],[-74.8303,10.4279],[-74.8249,10.4741],[-74.8067,10.5103],[-74.7481,10.5503],[-74.7286,10.584],[-74.7258,10.6051],[-74.7286,10.6693],[-74.7218,10.7546],[-74.7226,10.7748],[-74.7243,10.7832],[-74.741,10.8283],[-74.7423,10.8409],[-74.7381,10.8638],[-74.7301,10.8827],[-74.7247,10.9003],[-74.7286,10.9191],[-74.7387,10.9315],[-74.7499,10.9412],[-74.759,10.9544],[-74.766,10.9953],[-74.7743,11.01],[-74.7969,11.0358],[-74.8376,11.0732],[-74.8475,11.0877]]}},{"type":"Feature","properties":{},"geometry":{"type":"LineString","coordinates":[[-74.6625,5.7719],[-74.6495,5.7988],[-74.6399,5.8618],[-74.6324,5.876],[-74.6207,5.8919],[-74.6073,5.9048],[-74.5949,5.9102],[-74.5908,5.9182],[-74.606,5.9598],[-74.6051,5.9784],[-74.5996,5.9827],[-74.5829,5.9893],[-74.5778,5.9927],[-74.5743,6.0016],[-74.5747,6.0088],[-74.5767,6.0154],[-74.5778,6.0228],[-74.576,6.064],[-74.5777,6.0788],[-74.5846,6.0951],[-74.599,6.1114],[-74.6044,6.121],[-74.6051,6.1361],[-74.6008,6.1496],[-74.5875,6.1728],[-74.5798,6.216],[-74.5667,6.2412],[-74.5472,6.2627],[-74.5194,6.2823]]}},{"type":"Feature","properties":{},"geometry":{"type":"MultiLineString","coordinates":[[[-74.6711,5.7667],[-74.6743,5.7694],[-74.6825,5.7775],[-74.6861,5.7791]],[[-74.6861,5.7791],[-74.6896,5.7791],[-74.6985,5.7765]],[[-74.6985,5.7765],[-74.7038,5.7768]],[[-74.7038,5.7768],[-74.7118,5.7749],[-74.7151,5.7728],[-74.7176,5.7695],[-74.7187,5.7615],[-74.7226,5.7548],[-74.7265,5.7445],[-74.7313,5.7231],[-74.7437,5.6996],[-74.7773,5.6897]],[[-74.6625,5.7719],[-74.6711,5.7667]],[[-74.7773,5.6897],[-74.7872,5.6943],[-74.8284,5.7213],[-74.8389,5.7311],[-74.8418,5.7347],[-74.8466,5.7382],[-74.8668,5.7438]],[[-74.8668,5.7438],[-74.8898,5.7397],[-74.9269,5.7325],[-74.9909,5.7139],[-74.997,5.7033],[-75.0011,5.6981],[-75.0045,5.6918],[-75.0092,5.6861],[-75.0144,5.6812],[-75.0215,5.6765],[-75.0339,5.67],[-75.054,5.6631],[-75.0912,5.6596],[-75.0938,5.6334],[-75.0926,5.6046],[-75.0917,5.6005],[-75.0917,5.5963],[-75.1002,5.5809],[-75.1337,5.5436],[-75.1344,5.5354],[-75.1375,5.5328],[-75.143,5.5301],[-75.1679,5.5276],[-75.1717,5.5267],[-75.1809,5.5232],[-75.195,5.5164],[-75.2158,5.503],[-75.2256,5.4953],[-75.2317,5.4893],[-75.2418,5.471],[-75.2459,5.4654],[-75.25,5.461],[-75.2536,5.456],[-75.2649,5.4371],[-75.2713,5.4347],[-75.2761,5.4336]],[[-75.4765,5.6694],[-75.4867,5.6697],[-75.4929,5.6737],[-75.5306,5.6881],[-75.5359,5.6922],[-75.5396,5.6969],[-75.5407,5.7008],[-75.5421,5.7044],[-75.5447,5.7082],[-75.545,5.7113],[-75.5561,5.721],[-75.5692,5.723],[-75.6011,5.7351],[-75.6132,5.7352]],[[-75.6132,5.7352],[-75.6125,5.732],[-75.6125,5.7008],[-75.6069,5.6883],[-75.5925,5.6832],[-75.5978,5.6524],[-75.598,5.6378],[-75.5824,5.5829],[-75.58,5.5623],[-75.5812,5.5424],[-75.5857,5.5188]],[[-75.318,5.4636],[-75.3135,5.4999],[-75.314,5.5057],[-75.3162,5.5171],[-75.3399,5.5866],[-75.3471,5.5975],[-75.3533,5.6009],[-75.3603,5.6029],[-75.3673,5.6076],[-75.3775,5.6192],[-75.3792,5.6286],[-75.3775,5.6392],[-75.3763,5.6585],[-75.379,5.6683],[-75.3846,5.6742],[-75.3999,5.679],[-75.4067,5.6823],[-75.4117,5.686],[-75.4155,5.6898],[-75.4261,5.6943]],[[-75.4261,5.6943],[-75.4705,5.6704],[-75.4765,5.6694]],[[-75.6779,5.5267],[-75.6874,5.529],[-75.6986,5.5406],[-75.7099,5.548],[-75.7247,5.5589]],[[-75.7247,5.5589],[-75.7389,5.5572],[-75.8044,5.5112],[-75.8578,5.4894]],[[-75.6354,5.5249],[-75.6566,5.5276]],[[-75.6566,5.5276],[-75.6779,5.5267]],[[-75.5857,5.5188],[-75.6006,5.5227],[-75.6123,5.5266]],[[-75.6123,5.5266],[-75.6354,5.5249]],[[-75.2761,5.4336],[-75.2914,5.4738]],[[-75.2914,5.4738],[-75.318,5.4636]]]}},{"type":"Feature","properties":{},"geometry":{"type":"MultiLineString","coordinates":[[[-74.4026,6.3994],[-74.3922,6.4026],[-74.3839,6.4115],[-74.3792,6.4235],[-74.3806,6.4341],[-74.387,6.4445],[-74.4034,6.462],[-74.4058,6.4753],[-74.4088,6.5671],[-74.4071,6.5749],[-74.3945,6.6038],[-74.3928,6.6125],[-74.3864,6.6263],[-74.3706,6.6316],[-74.3308,6.6364],[-74.2927,6.6544],[-74.1086,6.7903],[-74.0954,6.8082],[-74.0639,6.8691],[-74.0221,6.9126],[-74.0161,6.9278],[-74.007,6.9348],[-73.9251,6.9745],[-73.9008,6.9929],[-73.8878,7.0199],[-73.8926,7.0609],[-73.9008,7.076],[-73.9123,7.0899],[-73.9224,7.1055],[-73.9267,7.1261],[-73.9371,7.2539],[-73.9308,7.2971],[-73.9302,7.3008]],[[-74.4133,6.4042],[-74.4026,6.3994]],[[-74.5194,6.2823],[-74.485,6.3067],[-74.4595,6.3335],[-74.4133,6.4042]]]}},{"type":"Feature","properties":{},"geometry":{"type":"MultiLineString","coordinates":[[[-76.0425,5.5773],[-76.0131,5.5626],[-76.0009,5.5393],[-75.9826,5.5211],[-75.9605,5.507],[-75.9254,5.4939],[-75.8794,5.4872]],[[-75.8794,5.4872],[-75.8578,5.4894]]]}},{"type":"Feature","properties":{},"geometry":{"type":"MultiLineString","coordinates":[[[-74.4891,7.3578],[-74.508,7.3628],[-74.5287,7.3817],[-74.5626,7.4236],[-74.5818,7.4668],[-74.5861,7.4926],[-74.5869,7.524],[-74.5736,7.606],[-74.5606,7.6308],[-74.5393,7.6475],[-74.5172,7.6611],[-74.499,7.6781],[-74.4835,7.7065],[-74.4809,7.7242],[-74.4859,7.7367],[-74.4976,7.745],[-74.5104,7.7522],[-74.5223,7.7715],[-74.5312,7.8008],[-74.5425,7.9006],[-74.5525,7.9292],[-74.5632,7.9411],[-74.5814,7.9671],[-74.5995,7.9982],[-74.8349,8.1887]],[[-74.3006,6.9973],[-74.3196,7.0003],[-74.3439,7.0104],[-74.3542,7.025],[-74.3589,7.0468],[-74.3617,7.0688],[-74.3724,7.0972],[-74.3811,7.1287],[-74.3983,7.1686],[-74.4051,7.2],[-74.406,7.2243],[-74.3961,7.2581],[-74.3959,7.2984],[-74.4002,7.3219],[-74.3965,7.3434],[-74.3894,7.3575],[-74.368,7.3797],[-74.3583,7.3919],[-74.3522,7.4082],[-74.3474,7.4329],[-74.3644,7.4888]],[[-74.3644,7.4888],[-74.4044,7.4574],[-74.4159,7.4395],[-74.4327,7.3965],[-74.446,7.3809],[-74.4687,7.3614],[-74.4891,7.3578]],[[-73.9302,7.3008],[-74.2529,6.9961]],[[-74.2529,6.9961],[-74.2716,7.0]],[[-74.2716,7.0],[-74.3006,6.9973]]]}},{"type":"Feature","properties":{},"geometry":{"type":"MultiLineString","coordinates":[[[-77.0934,7.8371],[-77.0705,7.8525],[-77.0511,7.8731],[-77.0348,7.8833],[-77.0217,7.8985],[-77.0035,7.9994],[-76.9971,8.0149],[-76.9887,8.0244],[-76.9696,8.037],[-76.9668,8.0551],[-76.9599,8.0652],[-76.9539,8.0865],[-76.9605,8.1696],[-76.966,8.1886],[-76.973,8.2049],[-76.9843,8.2533],[-76.9855,8.2562]],[[-77.1202,7.8424],[-77.0934,7.8371]],[[-77.1202,7.8014],[-77.1202,7.8424]],[[-77.1133,7.7884],[-77.1141,7.7935],[-77.1163,7.7987],[-77.1188,7.8021]],[[-77.1188,7.8021],[-77.1202,7.8014]],[[-77.1151,7.7888],[-77.1133,7.7884]],[[-76.5461,6.991],[-76.5126,7.0463],[-76.5094,7.0552],[-76.5053,7.0744],[-76.5083,7.1863],[-76.5296,7.2487],[-76.5429,7.267],[-76.5867,7.3044],[-76.5979,7.3122],[-76.612,7.3173],[-76.6462,7.3213],[-76.6725,7.3385],[-76.6925,7.3544],[-76.7729,7.4534],[-76.8769,7.5654],[-76.9809,7.6392],[-77.1091,7.7545],[-77.1188,7.7674],[-77.1264,7.7809],[-77.1237,7.785],[-77.1192,7.7876],[-77.1151,7.7888]],[[-76.704,7.0267],[-76.6834,7.026],[-76.6005,7.0061],[-76.5833,6.9999],[-76.5696,6.9931],[-76.5461,6.991]],[[-76.8362,6.8406],[-76.827,6.8445],[-76.8235,6.8514],[-76.811,6.8626],[-76.8018,6.8745],[-76.7972,6.8893],[-76.8023,6.9268],[-76.8064,6.9432],[-76.8119,6.9539],[-76.8189,6.959],[-76.8241,6.9616],[-76.8275,6.9653],[-76.8331,6.9778],[-76.8356,6.986],[-76.8314,6.9997],[-76.8166,7.0083],[-76.7969,7.0157],[-76.7683,7.0215],[-76.704,7.0267]],[[-76.8833,6.8446],[-76.8362,6.8406]],[[-76.9609,6.7039],[-76.9699,6.7047],[-76.9515,6.7255],[-76.9488,6.732],[-76.9521,6.7414],[-76.9666,6.7524],[-76.9699,6.7633],[-76.9706,6.8006],[-76.9728,6.8102],[-76.9579,6.8152],[-76.9288,6.824],[-76.9152,6.8257],[-76.8833,6.8446]],[[-76.9215,6.6711],[-76.9322,6.6724],[-76.9384,6.6763],[-76.9413,6.6835],[-76.942,6.6947],[-76.9449,6.7022],[-76.9518,6.7042]],[[-76.9518,6.7042],[-76.9609,6.7039]],[[-76.8742,6.6247],[-76.8686,6.625],[-76.8663,6.6398],[-76.8709,6.6451],[-76.8934,6.6474],[-76.9011,6.65],[-76.9077,6.6613],[-76.9069,6.6703],[-76.9033,6.6786],[-76.9011,6.6879],[-76.9057,6.6936]],[[-76.9057,6.6936],[-76.9153,6.687],[-76.9228,6.6766],[-76.9215,6.6711]],[[-76.8874,6.6302],[-76.8811,6.6294],[-76.8742,6.6247]],[[-76.8932,6.5822],[-76.8982,6.5946],[-76.8961,6.6145],[-76.8874,6.6302]],[[-76.8255,6.5087],[-76.8341,6.517],[-76.8417,6.5301],[-76.8526,6.5402],[-76.8521,6.5577],[-76.8568,6.5715],[-76.8663,6.5818],[-76.8806,6.5886]],[[-76.8806,6.5886],[-76.8932,6.5822]],[[-76.6492,6.1586],[-76.6738,6.1617],[-76.7001,6.1687],[-76.7137,6.1784],[-76.7154,6.1816],[-76.7228,6.1912],[-76.7264,6.2109],[-76.7368,6.2291],[-76.7645,6.259],[-76.7667,6.2647],[-76.7707,6.2869],[-76.7757,6.2899],[-76.783,6.2911],[-76.7911,6.2936],[-76.798,6.3006],[-76.8015,6.3168],[-76.799,6.3362],[-76.7925,6.3534],[-76.7844,6.3627],[-76.7936,6.3679],[-76.798,6.3689],[-76.7872,6.3844],[-76.7887,6.3957],[-76.7967,6.4072],[-76.8055,6.4235],[-76.7966,6.4245],[-76.7908,6.4268],[-76.7872,6.4311],[-76.7844,6.4378],[-76.8009,6.4414],[-76.8033,6.4515],[-76.7971,6.4642],[-76.7878,6.4753],[-76.7881,6.4835],[-76.8117,6.5129]],[[-76.8117,6.5129],[-76.8255,6.5087]],[[-76.0425,5.5773],[-76.0819,5.6175],[-76.088,5.6249],[-76.0979,5.6434],[-76.0963,5.6596],[-76.0845,5.7022],[-76.0876,5.7278],[-76.0956,5.742],[-76.1236,5.7886],[-76.1302,5.8106],[-76.1356,5.8372],[-76.1331,5.8615],[-76.1051,5.93],[-76.1113,5.9756],[-76.1371,5.988],[-76.1638,5.9887],[-76.1887,5.9985],[-76.217,6.0348],[-76.2403,6.0969],[-76.2492,6.1577],[-76.2582,6.174],[-76.2772,6.1873],[-76.312,6.1921],[-76.3498,6.1922]],[[-76.3498,6.1922],[-76.3886,6.1884],[-76.4211,6.1812],[-76.4688,6.1761],[-76.5251,6.1709],[-76.5692,6.1617],[-76.6492,6.1586]]]}},{"type":"Feature","properties":{},"geometry":{"type":"MultiLineString","coordinates":[[[-75.5098,10.0325],[-75.5241,10.033],[-75.5336,10.0375],[-75.5365,10.0472],[-75.532,10.0632],[-75.4856,10.1431]],[[-75.4856,10.1431],[-75.5816,10.092]],[[-75.3612,9.8752],[-75.3751,9.8776],[-75.4549,9.9045],[-75.4782,9.9154],[-75.4846,9.9261],[-75.4827,9.9356],[-75.4677,9.9551],[-75.4639,9.9651],[-75.4643,9.974],[-75.4726,9.9927],[-75.4747,10.0047],[-75.4757,10.0396]],[[-75.4757,10.0396],[-75.4933,10.038],[-75.5098,10.0325]],[[-75.3745,9.6403],[-75.3653,9.6846],[-75.3576,9.6967],[-75.3551,9.711],[-75.3541,9.7293],[-75.3499,9.7474],[-75.3396,9.7784],[-75.337,9.794],[-75.3414,9.8183],[-75.333,9.8498],[-75.3267,9.866],[-75.3272,9.8814],[-75.3484,9.8831]],[[-75.3484,9.8831],[-75.3612,9.8752]],[[-75.2218,9.6473],[-75.2354,9.6489],[-75.2651,9.67],[-75.2832,9.6762],[-75.2979,9.6777]],[[-75.2979,9.6777],[-75.3109,9.6721],[-75.318,9.6643],[-75.3351,9.6491]],[[-75.3351,9.6491],[-75.3563,9.6573]],[[-75.3563,9.6573],[-75.3745,9.6403]],[[-74.9847,9.458],[-75.0049,9.4614],[-75.0205,9.4683],[-75.0273,9.4747],[-75.0295,9.4831],[-75.0084,9.5313],[-75.0382,9.539],[-75.0678,9.5398],[-75.0795,9.5477],[-75.1218,9.5854],[-75.1427,9.6108],[-75.1828,9.6432],[-75.1977,9.6493],[-75.2096,9.6504]],[[-75.2096,9.6504],[-75.2218,9.6473]],[[-74.5744,8.401],[-74.5675,8.4131],[-74.5532,8.4511],[-74.5505,8.4628],[-74.5525,8.4805],[-74.5615,8.5151],[-74.5645,8.5438],[-74.5642,8.5655],[-74.5623,8.5705],[-74.5746,8.5818],[-74.5858,8.6118],[-74.603,8.7271],[-74.5938,8.748],[-74.5681,8.7698],[-74.5552,8.7937],[-74.5477,8.8004],[-74.5421,8.8067],[-74.5422,8.8145],[-74.5481,8.8247],[-74.5615,8.8381],[-74.6121,8.9138],[-74.6592,8.9657],[-74.7552,9.0384],[-74.7825,9.0489],[-74.8254,9.0765],[-74.8442,9.1123],[-74.8628,9.1493],[-74.8807,9.1644],[-74.8899,9.1687],[-74.9004,9.1769],[-74.9052,9.1861],[-74.9079,9.2002],[-74.9082,9.2133],[-74.9177,9.2563],[-74.9311,9.2848],[-74.9357,9.3035],[-74.9367,9.3152],[-74.9312,9.3343],[-74.9408,9.3467],[-74.9377,9.3569],[-74.9169,9.4025],[-74.9041,9.424],[-74.8992,9.4302],[-74.904,9.4374],[-74.9127,9.4417],[-74.933,9.4555],[-74.9403,9.4648],[-74.942,9.4693]],[[-74.942,9.4693],[-74.9498,9.4684],[-74.9622,9.4634],[-74.9847,9.458]],[[-74.6,8.4059],[-74.5912,8.4026],[-74.5744,8.401]],[[-74.7063,8.3084],[-74.6802,8.3098],[-74.6571,8.3175],[-74.636,8.3319],[-74.6209,8.3491],[-74.6103,8.3725],[-74.607,8.3974],[-74.6037,8.405],[-74.6,8.4059]],[[-74.74,8.3113],[-74.7063,8.3084]],[[-74.805,8.2799],[-74.7801,8.2846],[-74.7712,8.2904],[-74.7502,8.308],[-74.74,8.3113]]]}},{"type":"Feature","properties":{},"geometry":{"type":"LineString","coordinates":[[-74.805,8.2799],[-74.8014,8.2624],[-74.7993,8.257],[-74.801,8.2496],[-74.8159,8.2343],[-74.8218,8.2262],[-74.827,8.2168],[-74.8278,8.2042],[-74.8349,8.1887]]}},{"type":"Feature","properties":{},"geometry":{"type":"MultiLineString","coordinates":[[[-75.8681,7.3642],[-75.9662,7.3684],[-76.0317,7.3705],[-76.4078,7.3804],[-76.4347,7.4652],[-76.4976,7.6],[-76.5051,7.645],[-76.5051,7.7407],[-76.4683,7.8748],[-76.4326,7.9313],[-76.4195,7.9791],[-76.4169,8.0059],[-76.4194,8.0987],[-76.4004,8.1321],[-76.3702,8.1772],[-76.3179,8.2809],[-76.27,8.3486],[-76.2173,8.4102],[-76.2137,8.4529],[-76.216,8.4958],[-76.2291,8.5776],[-76.2451,8.6016],[-76.2614,8.6266],[-76.2775,8.6415],[-76.3318,8.6603],[-76.3463,8.6748],[-76.3641,8.705],[-76.3888,8.7389],[-76.4051,8.8194],[-76.4123,8.8395],[-76.4391,8.8662],[-76.4448,8.8698],[-76.4448,8.8699]],[[-74.8349,8.1887],[-74.8525,8.1835],[-74.8691,8.1716],[-74.8862,8.1542],[-74.9117,8.1131],[-74.9426,8.0726]],[[-74.9426,8.0726],[-74.9977,8.0755]],[[-74.9977,8.0755],[-75.0174,8.0747],[-75.0328,8.0712],[-75.0475,8.0632],[-75.0609,8.0591]],[[-75.0609,8.0591],[-75.0742,8.0608],[-75.0917,8.0661],[-75.1144,8.0676]],[[-75.1144,8.0676],[-75.189,8.0598],[-75.2145,8.0525],[-75.2288,8.046],[-75.2502,8.015],[-75.2632,7.9957],[-75.3247,7.931],[-75.3617,7.8838],[-75.3902,7.8598],[-75.4414,7.8243],[-75.4586,7.8078],[-75.4903,7.7386],[-75.516,7.7227],[-75.5336,7.7068],[-75.5467,7.6895],[-75.5654,7.6063],[-75.59,7.5695],[-75.6088,7.557],[-75.6459,7.543],[-75.7048,7.5317],[-75.7404,7.52],[-75.7694,7.4989],[-75.8399,7.4006],[-75.8441,7.3845],[-75.8446,7.375],[-75.857,7.3673],[-75.8681,7.3642]]]}},{"type":"Feature","properties":{},"geometry":{"type":"MultiLineString","coordinates":[[[-75.5032,9.2486],[-75.5071,9.251],[-75.5113,9.2599],[-75.5485,9.2679],[-75.5663,9.2875],[-75.5809,9.3058],[-75.6337,9.3317],[-75.6644,9.339],[-75.6726,9.3448],[-75.6991,9.3541],[-75.6983,9.4145],[-75.6983,9.4169]],[[-75.1835,8.4019],[-75.2205,8.4401],[-75.2537,8.4621],[-75.2951,8.4806],[-75.3053,8.4912],[-75.3126,8.5039],[-75.3191,8.5213],[-75.3247,8.5722],[-75.325,8.6147],[-75.3445,8.6786],[-75.3467,8.7003],[-75.3468,8.7152],[-75.3408,8.7413],[-75.3599,8.8034],[-75.3566,8.8418],[-75.3503,8.8518],[-75.3413,8.8594],[-75.331,8.8662],[-75.3105,8.8864],[-75.2968,8.8967],[-75.2855,8.9006],[-75.2704,8.9021],[-75.2204,8.9163],[-75.2092,8.9238],[-75.2058,8.972],[-75.2019,8.9768],[-75.1977,8.9834],[-75.2007,8.9894],[-75.2193,9.0151],[-75.2224,9.0231],[-75.2128,9.0416],[-75.2563,9.0725],[-75.4302,9.1528],[-75.458,9.1949],[-75.4653,9.238],[-75.4825,9.2472],[-75.4955,9.2489]],[[-75.4955,9.2489],[-75.5032,9.2486]],[[-74.805,8.2799],[-74.8041,8.3355],[-74.8094,8.3507],[-74.8221,8.3639],[-74.8353,8.3737],[-74.8579,8.3951],[-74.886,8.4413],[-74.9233,8.4694],[-74.9433,8.4863],[-74.9572,8.487]],[[-74.9572,8.487],[-74.9797,8.4853],[-75.0348,8.4654],[-75.0781,8.4531],[-75.1835,8.4019]]]}},{"type":"Feature","properties":{},"geometry":{"type":"MultiLineString","coordinates":[[[-66.8436,47.9967],[-66.8677,47.9977]],[[-66.8677,47.9977],[-66.8942,47.9921],[-66.9191,47.9815],[-66.9385,47.9678],[-66.9494,47.9486],[-66.9457,47.9321],[-66.9392,47.9171],[-66.9419,47.9023],[-66.9616,47.8945]],[[-67.3637,47.8393],[-67.3913,47.8499],[-67.3962,47.8557],[-67.3989,47.8633],[-67.4017,47.871],[-67.4071,47.8771],[-67.4149,47.8813],[-67.4229,47.8841],[-67.4314,47.8863],[-67.4398,47.8884],[-67.4545,47.8933],[-67.4686,47.8996],[-67.4827,47.9061],[-67.4971,47.9119],[-67.5212,47.9198],[-67.5439,47.9257],[-67.5669,47.9304],[-67.5916,47.9343],[-67.606,47.9381],[-67.6089,47.9433],[-67.6068,47.9509],[-67.6058,47.9618],[-67.607,47.9688],[-67.6092,47.9809],[-67.6115,47.9924],[-67.6128,47.9975]],[[-67.6128,47.9975],[-67.6281,47.9975],[-67.6888,47.9975],[-67.7494,47.9975],[-67.8101,47.9975],[-67.8708,47.9975],[-67.9314,47.9975],[-67.9921,47.9975],[-68.0528,47.9975],[-68.1135,47.9975],[-68.1135,47.9889],[-68.1135,47.9802],[-68.1135,47.9716],[-68.1135,47.963],[-68.1135,47.9543],[-68.1135,47.9457],[-68.1135,47.937],[-68.1135,47.9283],[-68.1465,47.9283],[-68.1796,47.9283],[-68.2126,47.9283],[-68.2457,47.9283],[-68.2787,47.9283],[-68.3118,47.9283],[-68.3448,47.9283],[-68.3779,47.9283],[-68.3779,47.8909],[-68.3779,47.8536],[-68.3779,47.8162],[-68.3779,47.7788],[-68.3779,47.7414],[-68.3779,47.704],[-68.3779,47.6666],[-68.3779,47.6292],[-68.3779,47.6081],[-68.3792,47.5879],[-68.3868,47.5583],[-68.4081,47.5363],[-68.4363,47.5184],[-68.465,47.501],[-68.493,47.4801],[-68.5223,47.4574],[-68.5527,47.4369],[-68.5838,47.4222],[-68.6291,47.4073],[-68.6743,47.3924],[-68.7194,47.3776],[-68.7646,47.3626],[-68.8364,47.3438],[-68.91,47.3299],[-68.9833,47.3152],[-69.0544,47.2942],[-69.0636,47.2908]],[[-66.843,47.9968],[-66.8436,47.9967]],[[-66.9616,47.8945],[-66.9874,47.9034],[-67.0123,47.9179],[-67.0297,47.927],[-67.0504,47.9291]],[[-67.0504,47.9291],[-67.0731,47.9266],[-67.0952,47.921],[-67.1138,47.9134],[-67.1245,47.9074],[-67.1339,47.9017],[-67.1441,47.8964],[-67.1576,47.8916],[-67.1733,47.8875],[-67.188,47.885]],[[-67.2727,47.8909],[-67.2884,47.8926],[-67.3044,47.8958],[-67.3199,47.8961]],[[-67.3199,47.8961],[-67.3336,47.8889],[-67.3438,47.8698],[-67.3509,47.8496],[-67.3637,47.8393]],[[-67.188,47.885],[-67.2029,47.8853],[-67.2187,47.8894],[-67.2342,47.8937],[-67.246,47.8941]],[[-67.246,47.8941],[-67.2577,47.8924],[-67.2727,47.8909]]]}},{"type":"Feature","properties":{},"geometry":{"type":"MultiLineString","coordinates":[[[-79.5208,51.4667],[-79.5208,51.3648],[-79.5208,51.2521],[-79.5208,51.1395],[-79.5208,51.0268],[-79.5208,50.9658],[-79.5208,50.9654]],[[-79.5208,50.9429],[-79.5208,50.9142],[-79.5208,50.8015],[-79.5208,50.6888],[-79.5208,50.5762],[-79.5208,50.4635],[-79.5208,50.3509],[-79.5208,50.2382],[-79.5208,50.1256],[-79.5208,50.0129],[-79.5208,49.9003],[-79.5208,49.7876],[-79.5208,49.675],[-79.5208,49.5623],[-79.5208,49.4496],[-79.5208,49.337],[-79.5208,49.2243],[-79.5208,49.1117],[-79.5208,48.999],[-79.5208,48.8864],[-79.5208,48.7737],[-79.5208,48.6611],[-79.5208,48.5484],[-79.5208,48.4358],[-79.5208,48.3231],[-79.5208,48.2104],[-79.5208,48.0978],[-79.5208,47.9851],[-79.5208,47.8725],[-79.5208,47.8195],[-79.5174,47.7634],[-79.5163,47.7377],[-79.5162,47.7118],[-79.5166,47.6858],[-79.5166,47.66],[-79.5146,47.6297],[-79.5129,47.5968],[-79.5165,47.5657],[-79.5305,47.5403],[-79.5542,47.5136],[-79.5728,47.484],[-79.5803,47.4518],[-79.5713,47.4176],[-79.5541,47.3916],[-79.528,47.3657],[-79.5048,47.3409],[-79.4826,47.3185],[-79.4689,47.3049],[-79.456,47.2904],[-79.4454,47.2747],[-79.4388,47.2572],[-79.4364,47.2251],[-79.44,47.1936],[-79.4451,47.1625],[-79.4472,47.1317],[-79.4313,47.087],[-79.3963,47.0499],[-79.3565,47.0152],[-79.3258,46.9775],[-79.2921,46.9289],[-79.2505,46.8896],[-79.2046,46.8548],[-79.1636,46.8239],[-79.0962,46.7043],[-79.0734,46.6764],[-79.034,46.6538],[-79.0138,46.6383],[-79.0051,46.6184],[-79.0013,46.5958],[-78.9916,46.5734],[-78.9641,46.533],[-78.9317,46.4997],[-78.8912,46.4701],[-78.7541,46.4014],[-78.7373,46.3857],[-78.7308,46.3648],[-78.7198,46.3471],[-78.694,46.3365],[-78.4223,46.2935]],[[-78.3728,46.2938],[-78.3451,46.289],[-78.3329,46.2758],[-78.3207,46.266],[-78.2929,46.2656]],[[-78.4223,46.2935],[-78.3728,46.2938]],[[-78.2435,46.2723],[-78.1108,46.2626],[-78.0455,46.2382],[-77.9209,46.2356],[-77.7224,46.1937],[-77.682,46.1867]],[[-78.2929,46.2656],[-78.2435,46.2723]],[[-77.6839,46.1873],[-77.6584,46.1839],[-77.469,46.1151],[-77.4082,46.0781],[-77.3975,46.0731],[-77.3729,46.0638],[-77.358,46.0588],[-77.3468,46.0476],[-77.3353,46.0368],[-77.307,46.0198],[-77.2894,46.0003],[-77.285,45.9822],[-77.2848,45.9647],[-77.2825,45.9473],[-77.2719,45.9292],[-77.251,45.9094],[-77.2265,45.8908],[-77.2007,45.8738],[-77.176,45.8586],[-77.1385,45.8398],[-77.0978,45.8244],[-77.0564,45.8105],[-77.0166,45.7962],[-76.9935,45.7902],[-76.9637,45.7884]],[[-77.682,46.1867],[-77.6839,46.1873]],[[-76.8775,45.8959],[-76.857,45.8947],[-76.8177,45.8859],[-76.7973,45.8755],[-76.786,45.8617],[-76.7811,45.8437],[-76.7784,45.7995],[-76.7734,45.7794],[-76.7654,45.7601],[-76.7545,45.7411],[-76.7387,45.7376],[-76.7258,45.7315],[-76.7153,45.722],[-76.7069,45.708],[-76.7025,45.6918],[-76.6984,45.6615],[-76.6902,45.6479],[-76.6724,45.6302],[-76.6663,45.6213],[-76.655,45.592],[-76.6475,45.5808],[-76.6372,45.5724],[-76.6229,45.565],[-76.5962,45.5557],[-76.4996,45.5382],[-76.4617,45.5264],[-76.4396,45.5238],[-76.4328,45.5222],[-76.4116,45.5123],[-76.4036,45.5112],[-76.4018,45.503],[-76.3901,45.4985],[-76.3678,45.4831],[-76.3559,45.4769],[-76.3435,45.4736],[-76.3147,45.4711]],[[-76.9637,45.7884],[-76.9358,45.7944],[-76.918,45.8115],[-76.9174,45.824],[-76.9218,45.8393],[-76.9271,45.8549],[-76.9295,45.8684],[-76.9233,45.8838],[-76.9089,45.8902],[-76.9024,45.8925],[-76.8775,45.8959]],[[-74.6652,45.6563],[-74.6437,45.6561],[-74.6229,45.648],[-74.5856,45.6261],[-74.5453,45.6088],[-74.5044,45.5975],[-74.4572,45.595],[-74.3965,45.5748],[-74.3935,45.5727],[-74.4018,45.5476],[-74.4092,45.5252],[-74.4232,45.4828],[-74.4412,45.4285],[-74.4558,45.384],[-74.4681,45.3467],[-74.478,45.3169],[-74.4501,45.2959],[-74.4258,45.2777],[-74.3881,45.2495],[-74.356,45.2257],[-74.3478,45.2193],[-74.3478,45.2193]],[[-74.7751,45.6325],[-74.7142,45.6414],[-74.6967,45.6417],[-74.691,45.6427],[-74.6843,45.6457],[-74.6718,45.6537],[-74.6652,45.6563]],[[-74.9375,45.6377],[-74.7751,45.6325]],[[-75.841,45.3872],[-75.7755,45.3938],[-75.7613,45.4],[-75.7524,45.4075],[-75.729,45.4353],[-75.7072,45.4555],[-75.6833,45.4685],[-75.6564,45.4755],[-75.5928,45.4797],[-75.3604,45.5437],[-75.3105,45.5681],[-75.2836,45.5767],[-75.053,45.596],[-75.0243,45.6067],[-74.9939,45.6228],[-74.9664,45.6332],[-74.9375,45.6377]],[[-76.1284,45.5296],[-76.0488,45.5155],[-76.0231,45.5054],[-76.0097,45.488],[-75.9988,45.4864],[-75.9695,45.4744],[-75.9594,45.4687],[-75.9394,45.4517],[-75.9296,45.4413],[-75.9251,45.4335],[-75.9127,45.427],[-75.882,45.3995],[-75.8694,45.3926],[-75.8555,45.3886],[-75.841,45.3872]],[[-76.3147,45.4711],[-76.301,45.4717],[-76.2887,45.4741],[-76.2604,45.4843],[-76.2499,45.4911],[-76.2466,45.4954],[-76.24,45.5077],[-76.2354,45.5129],[-76.2285,45.5178],[-76.2232,45.52],[-76.1549,45.5295],[-76.1284,45.5296]]]}},{"type":"Feature","properties":{},"geometry":{"type":"MultiLineString","coordinates":[[[-64.0427,45.992],[-64.0513,45.9768],[-64.0733,45.9732]],[[-64.0733,45.9732],[-64.0993,45.975],[-64.1197,45.9764]],[[-64.1197,45.9764],[-64.141,45.9725],[-64.1595,45.9638],[-64.1751,45.95],[-64.187,45.9313],[-64.1985,45.9157],[-64.2136,45.904],[-64.2298,45.8935],[-64.2447,45.8813],[-64.2524,45.8697],[-64.2581,45.8566],[-64.2642,45.8445],[-64.273,45.8359],[-64.2733,45.8358],[-64.2734,45.8357]]]}},{"type":"Feature","properties":{},"geometry":{"type":"MultiLineString","coordinates":[[[-120.0,60.0],[-120.0,59.9174],[-120.0,59.8346],[-120.0,59.7519],[-120.0,59.6691],[-120.0,59.5863],[-120.0,59.5036],[-120.0,59.4209],[-120.0,59.3381],[-120.0,59.0665],[-120.0,58.7948],[-120.0,58.5231],[-120.0,58.2515],[-120.0,57.9798],[-120.0,57.7082],[-120.0,57.4364],[-120.0,57.1648],[-120.0,56.8742],[-120.0,56.5836],[-120.0,56.293],[-120.0,56.0023],[-120.0,55.7117],[-120.0,55.4211],[-120.0,55.1898],[-120.0,54.9584],[-120.0,54.8399],[-120.0,54.6479],[-120.0,54.4558],[-120.0,54.2638],[-120.0,54.0718],[-120.0,54.0201],[-120.0,53.9685],[-120.0,53.917],[-120.0,53.8653],[-120.001,53.8428],[-120.001,53.8228],[-119.9958,53.8054],[-119.9809,53.7906],[-119.9621,53.7852],[-119.9398,53.7848],[-119.9189,53.7834],[-119.9044,53.7753],[-119.9032,53.7677],[-119.9067,53.7591],[-119.9116,53.7512],[-119.9147,53.7456],[-119.9184,53.736],[-119.9215,53.7295],[-119.9212,53.7236],[-119.9147,53.7159],[-119.9029,53.7109],[-119.8896,53.7109],[-119.8762,53.7098],[-119.8643,53.702],[-119.8545,53.6979]],[[-119.818,53.7093],[-119.8077,53.7047],[-119.8014,53.6975],[-119.7962,53.6892],[-119.7897,53.6812],[-119.7745,53.671],[-119.754,53.6581],[-119.7371,53.6421],[-119.7325,53.6231],[-119.7537,53.6048],[-119.7937,53.6027]],[[-119.8545,53.6979],[-119.8427,53.7017],[-119.83,53.7075],[-119.818,53.7093]],[[-119.7937,53.6027],[-119.8365,53.6084],[-119.8659,53.6138],[-119.8808,53.6157],[-119.9054,53.6173]],[[-119.9054,53.6173],[-119.9265,53.6149],[-119.9309,53.6051],[-119.9218,53.5946],[-119.9097,53.5857],[-119.8972,53.5769],[-119.887,53.5666],[-119.8859,53.5568],[-119.894,53.5496],[-119.9042,53.5421],[-119.9091,53.532],[-119.9049,53.5219],[-119.8949,53.5128],[-119.8826,53.5071]],[[-119.8481,53.5133],[-119.8274,53.5081],[-119.8087,53.4934],[-119.7908,53.4709],[-119.7797,53.4526],[-119.7689,53.4332],[-119.7567,53.4146],[-119.7416,53.3995],[-119.7185,53.3854],[-119.6932,53.3741],[-119.667,53.364],[-119.6416,53.3538]],[[-119.8826,53.5071],[-119.8718,53.5074],[-119.8481,53.5133]],[[-119.5889,53.3788],[-119.57,53.3747],[-119.5509,53.3692],[-119.5333,53.3655],[-119.5141,53.3623],[-119.4953,53.3584],[-119.4764,53.3567]],[[-119.6416,53.3538],[-119.6317,53.3546],[-119.6227,53.3625],[-119.6143,53.3722],[-119.6061,53.3781],[-119.5889,53.3788]],[[-119.4081,53.3678],[-119.3933,53.3645],[-119.3809,53.356],[-119.3776,53.3473],[-119.3777,53.337],[-119.3755,53.3234],[-119.3713,53.3133],[-119.3652,53.3012],[-119.3589,53.2901],[-119.3541,53.2834],[-119.3363,53.2648],[-119.3169,53.2452],[-119.2969,53.2258],[-119.2778,53.2082],[-119.2634,53.1983],[-119.2514,53.1953],[-119.2387,53.1953],[-119.2222,53.1942],[-119.209,53.1909],[-119.1992,53.187],[-119.1879,53.1842]],[[-119.4764,53.3567],[-119.4573,53.3595],[-119.4429,53.3635],[-119.4256,53.3669],[-119.4081,53.3678]],[[-118.9784,53.238],[-118.9629,53.2333],[-118.9485,53.225],[-118.9341,53.2159],[-118.92,53.2094],[-118.9061,53.2054],[-118.8921,53.202],[-118.8775,53.1971],[-118.8502,53.1833],[-118.8257,53.1668],[-118.8019,53.1491],[-118.7775,53.1321],[-118.7663,53.1262],[-118.757,53.1215],[-118.7514,53.1151],[-118.7511,53.104],[-118.7566,53.0951],[-118.7664,53.0865],[-118.7758,53.0776],[-118.7802,53.0676],[-118.7766,53.0532],[-118.766,53.0515]],[[-119.0288,53.1346],[-119.0153,53.1422],[-119.0144,53.1499],[-119.0186,53.1583],[-119.0238,53.1669],[-119.0255,53.1756],[-119.0219,53.1828],[-119.0162,53.1872],[-119.0109,53.1928],[-119.0086,53.2035],[-119.0094,53.2138],[-119.0098,53.2233],[-119.0066,53.2311],[-118.9967,53.2365],[-118.9784,53.238]],[[-119.1705,53.1845],[-119.1564,53.1825],[-119.1469,53.1754],[-119.1379,53.1671],[-119.1255,53.1615],[-119.1132,53.1598],[-119.1018,53.1589],[-119.0901,53.1573],[-119.0767,53.1535],[-119.0631,53.1467],[-119.0459,53.1383],[-119.0288,53.1346]],[[-119.1879,53.1842],[-119.1705,53.1845]],[[-118.7379,53.0616],[-118.726,53.0612],[-118.7207,53.0545],[-118.7176,53.0457],[-118.7125,53.0392],[-118.6977,53.0368]],[[-118.766,53.0515],[-118.7519,53.0563],[-118.7379,53.0616]],[[-118.684,53.0381],[-118.6722,53.0341],[-118.6633,53.0156],[-118.665,52.9943],[-118.6733,52.9797],[-118.6737,52.966],[-118.6512,52.9477],[-118.6371,52.9298],[-118.6315,52.907],[-118.6243,52.887],[-118.605,52.8775]],[[-118.6977,53.0368],[-118.684,53.0381]],[[-118.5153,52.9001],[-118.4982,52.8997],[-118.4829,52.8926],[-118.4767,52.883],[-118.4746,52.8721],[-118.4709,52.8624],[-118.4604,52.8562],[-118.4435,52.8525],[-118.4298,52.8481],[-118.4206,52.8403],[-118.4172,52.8262],[-118.42,52.8152],[-118.4259,52.8065],[-118.4313,52.7988],[-118.4325,52.7909],[-118.4231,52.7786],[-118.4066,52.771],[-118.3883,52.766],[-118.3736,52.7614],[-118.3553,52.7484],[-118.3451,52.7321],[-118.3369,52.7141],[-118.3247,52.6956],[-118.3147,52.6864],[-118.3062,52.6775],[-118.305,52.6672],[-118.3166,52.6539],[-118.3274,52.648],[-118.3425,52.6392],[-118.3524,52.6285],[-118.348,52.6164],[-118.3424,52.6099],[-118.3384,52.6024],[-118.3345,52.595],[-118.3291,52.5881],[-118.3167,52.5813],[-118.3008,52.576],[-118.2864,52.5694],[-118.2786,52.5592],[-118.2787,52.5498],[-118.2818,52.5419],[-118.2842,52.534],[-118.2825,52.524],[-118.2759,52.5159],[-118.2647,52.5065],[-118.2528,52.498],[-118.2438,52.4929],[-118.2345,52.4912],[-118.2192,52.4882],[-118.2074,52.4821],[-118.2086,52.4709],[-118.2205,52.4633],[-118.2359,52.4599],[-118.2503,52.4556],[-118.2589,52.4453],[-118.2584,52.4308],[-118.2508,52.4196],[-118.2406,52.4097],[-118.2324,52.3992],[-118.2307,52.3924],[-118.2299,52.3837],[-118.2289,52.3756],[-118.2266,52.3703],[-118.2113,52.3667]],[[-118.605,52.8775],[-118.5935,52.8795],[-118.578,52.8843],[-118.562,52.8897],[-118.5493,52.8932],[-118.5328,52.8968],[-118.5153,52.9001]],[[-118.0119,52.4851],[-117.992,52.4847],[-117.9709,52.4718],[-117.9508,52.4547],[-117.9336,52.4415],[-117.8908,52.4255],[-117.8468,52.4197],[-117.8024,52.4157],[-117.7583,52.4051],[-117.7363,52.3913],[-117.727,52.373],[-117.7294,52.352],[-117.7422,52.3301],[-117.7646,52.3144],[-117.7969,52.2971],[-117.8218,52.2795],[-117.8218,52.2627],[-117.7995,52.2401],[-117.7779,52.2176],[-117.7537,52.2003],[-117.7235,52.1931],[-117.6903,52.1903],[-117.6645,52.1815],[-117.6415,52.1653],[-117.6164,52.1403],[-117.5908,52.1304]],[[-118.0955,52.3976],[-118.0636,52.3989],[-118.0433,52.4081],[-118.0392,52.4162],[-118.0386,52.4239],[-118.0409,52.4318],[-118.0452,52.4399],[-118.0452,52.4447],[-118.0408,52.4485],[-118.0352,52.4519],[-118.0316,52.4551],[-118.0281,52.4629],[-118.0239,52.4717],[-118.0185,52.4797],[-118.0119,52.4851]],[[-118.1296,52.3986],[-118.0955,52.3976]],[[-118.2113,52.3667],[-118.1923,52.3747],[-118.1729,52.3868],[-118.1558,52.3959],[-118.1296,52.3986]],[[-117.3189,52.182],[-117.3121,52.1766],[-117.3063,52.1671],[-117.3019,52.1565],[-117.2991,52.1478],[-117.2974,52.1366],[-117.2978,52.1258],[-117.2986,52.1154],[-117.298,52.105],[-117.294,52.0915],[-117.288,52.0821],[-117.2801,52.0735],[-117.2705,52.0626],[-117.2699,52.0589],[-117.271,52.0541],[-117.2717,52.0492],[-117.2699,52.0451],[-117.2663,52.0432],[-117.2616,52.0424],[-117.257,52.0416],[-117.2533,52.0398],[-117.2497,52.0371],[-117.2453,52.0344],[-117.2408,52.0318],[-117.2369,52.0295],[-117.2246,52.0199],[-117.2121,52.0079],[-117.1989,51.9963],[-117.1845,51.9877],[-117.1669,51.9823],[-117.1474,51.9779],[-117.1284,51.9728],[-117.1119,51.965],[-117.1016,51.9571],[-117.0925,51.9485],[-117.0833,51.9398],[-117.0724,51.9314],[-117.0602,51.9238],[-117.0474,51.9152],[-117.0368,51.9046],[-117.0316,51.8912],[-117.0313,51.8822],[-117.0311,51.8723],[-117.0299,51.8627],[-117.0266,51.8545],[-117.0175,51.8475],[-117.005,51.842],[-116.9944,51.8354],[-116.9905,51.8253],[-116.9902,51.8146],[-116.9872,51.805],[-116.9825,51.7959],[-116.9765,51.7869],[-116.9647,51.7649],[-116.9531,51.7406],[-116.9377,51.7199],[-116.9144,51.7084],[-116.8878,51.7057]],[[-117.3762,52.1341],[-117.3457,52.1482],[-117.3403,52.1596],[-117.3371,52.1724],[-117.3315,52.1817],[-117.3189,52.182]],[[-117.493,52.1495],[-117.4597,52.1421],[-117.4175,52.1345],[-117.3762,52.1341]],[[-117.5908,52.1304],[-117.5585,52.1367],[-117.5243,52.1471],[-117.493,52.1495]],[[-116.685,51.8094],[-116.6716,51.8059],[-116.6595,51.7986],[-116.6511,51.789],[-116.6479,51.7777],[-116.648,51.7675],[-116.6461,51.7585],[-116.6366,51.7506],[-116.6282,51.7448],[-116.6223,51.7381],[-116.6159,51.7311],[-116.6063,51.7241],[-116.5961,51.709],[-116.5958,51.6877],[-116.5933,51.6646],[-116.5764,51.6442],[-116.5567,51.6358],[-116.5352,51.6308],[-116.5138,51.6256],[-116.4947,51.6167],[-116.4842,51.6074],[-116.4805,51.5995],[-116.4785,51.5913],[-116.473,51.5806],[-116.4609,51.5687],[-116.4483,51.5639],[-116.434,51.5609],[-116.4169,51.5545],[-116.405,51.5472],[-116.4004,51.5405],[-116.3995,51.5317],[-116.3988,51.5181],[-116.3881,51.4951],[-116.366,51.481],[-116.3393,51.4726],[-116.315,51.4663],[-116.2958,51.4507],[-116.2961,51.4274],[-116.3021,51.4018],[-116.2999,51.3792],[-116.2951,51.3742],[-116.2886,51.3702],[-116.2818,51.366],[-116.2766,51.3604],[-116.275,51.3539],[-116.2756,51.3471],[-116.2762,51.3402],[-116.2747,51.3337],[-116.2672,51.3231],[-116.2575,51.3144],[-116.2462,51.3076],[-116.2339,51.3031],[-116.2172,51.3019]],[[-116.8878,51.7057],[-116.8535,51.7064],[-116.8227,51.713],[-116.8066,51.7286],[-116.8089,51.7334],[-116.8152,51.7365],[-116.8199,51.7405],[-116.8177,51.748],[-116.8135,51.7523],[-116.8081,51.7561],[-116.8025,51.7596],[-116.7974,51.7631],[-116.7876,51.7717],[-116.776,51.7823],[-116.7637,51.7919],[-116.7522,51.7979],[-116.7383,51.8005],[-116.7258,51.8011],[-116.7127,51.8025],[-116.6974,51.8075],[-116.685,51.8094]],[[-116.1808,51.3038],[-116.1658,51.299],[-116.1588,51.2909],[-116.1553,51.2812],[-116.152,51.2714],[-116.1458,51.2632],[-116.1178,51.2524],[-116.0838,51.2486],[-116.0513,51.2412],[-116.0275,51.2197],[-116.0222,51.2004],[-116.0222,51.1801],[-116.0225,51.1602],[-116.0181,51.1424],[-116.0032,51.129],[-115.9771,51.1146],[-115.9494,51.1018],[-115.9297,51.0935],[-115.9037,51.0875],[-115.8736,51.086]],[[-116.2172,51.3019],[-116.1987,51.3035],[-116.1808,51.3038]],[[-115.843,51.086],[-115.8158,51.0842],[-115.8062,51.0822],[-115.792,51.0781],[-115.7786,51.073],[-115.7716,51.0672],[-115.7694,51.0582],[-115.7675,51.0491],[-115.764,51.0409],[-115.7569,51.0343],[-115.7371,51.0266],[-115.7158,51.0226],[-115.695,51.0176],[-115.6768,51.0069],[-115.6714,50.9996],[-115.6688,50.9923],[-115.6656,50.9855],[-115.6588,50.9793],[-115.6458,50.9754],[-115.632,50.9743],[-115.6204,50.9702],[-115.6134,50.9575],[-115.6109,50.9461],[-115.6078,50.9377],[-115.603,50.9299],[-115.5952,50.9204],[-115.5873,50.9148],[-115.5768,50.9078],[-115.5719,50.9003],[-115.5808,50.8928],[-115.5959,50.89],[-115.6149,50.8882],[-115.6329,50.8842],[-115.6452,50.8748],[-115.6467,50.852],[-115.6234,50.8445],[-115.5928,50.8422],[-115.5726,50.8348],[-115.5636,50.822],[-115.5537,50.8099],[-115.5421,50.7997],[-115.528,50.7925],[-115.5149,50.7893],[-115.499,50.786],[-115.4844,50.7806],[-115.4751,50.7712],[-115.4644,50.7605],[-115.4496,50.7589]],[[-115.8736,51.086],[-115.843,51.086]],[[-115.4335,50.7592],[-115.4191,50.7542],[-115.4123,50.7443],[-115.4085,50.7327],[-115.4032,50.7224],[-115.3913,50.7164]],[[-115.4496,50.7589],[-115.4335,50.7592]],[[-115.3574,50.7329],[-115.3433,50.7305],[-115.3347,50.7252],[-115.3259,50.7187],[-115.3174,50.7118],[-115.31,50.7052],[-115.3043,50.6982],[-115.2968,50.6867],[-115.2901,50.6748],[-115.2872,50.6664],[-115.2883,50.6557],[-115.2932,50.6528],[-115.3022,50.6523],[-115.3155,50.649],[-115.3125,50.636],[-115.2867,50.6149],[-115.2562,50.594],[-115.239,50.5819],[-115.2315,50.5704],[-115.227,50.5594],[-115.2206,50.5504],[-115.2074,50.5448],[-115.1984,50.5447]],[[-115.3913,50.7164],[-115.379,50.719],[-115.3684,50.7268],[-115.3574,50.7329]],[[-115.096,50.5892],[-115.0741,50.5864],[-115.0587,50.5825],[-115.0431,50.581],[-115.0276,50.5787],[-115.0126,50.5723],[-114.9997,50.5629],[-114.9883,50.5525],[-114.9777,50.5412],[-114.9674,50.5291],[-114.9483,50.5067],[-114.9303,50.4874],[-114.9111,50.4691],[-114.8883,50.4498],[-114.8795,50.4411],[-114.874,50.4327],[-114.8696,50.4246],[-114.8641,50.4165],[-114.856,50.4077],[-114.8495,50.4035],[-114.842,50.4003],[-114.8308,50.3945],[-114.8139,50.3842],[-114.7913,50.3689],[-114.7751,50.3541],[-114.7773,50.3455],[-114.7905,50.3381],[-114.7898,50.3278],[-114.7815,50.3161],[-114.7719,50.3045],[-114.7634,50.2933],[-114.76,50.2879],[-114.759,50.2816],[-114.7575,50.2681],[-114.7557,50.2541],[-114.7536,50.2423],[-114.7496,50.2311],[-114.7419,50.219],[-114.7326,50.2035],[-114.7306,50.1918],[-114.732,50.1794],[-114.7328,50.1617],[-114.7314,50.1516],[-114.7285,50.1387],[-114.7244,50.126],[-114.7194,50.1165],[-114.7159,50.1135],[-114.7117,50.1115],[-114.7076,50.1096],[-114.7041,50.1068],[-114.6991,50.0994],[-114.6942,50.0907],[-114.6895,50.0824],[-114.6847,50.0759],[-114.6796,50.0733],[-114.673,50.0724],[-114.6669,50.0716],[-114.663,50.0695],[-114.6611,50.0643],[-114.6621,50.0606],[-114.6637,50.0568],[-114.6635,50.0515],[-114.6621,50.0421],[-114.6619,50.033],[-114.6617,50.0239],[-114.6602,50.0151],[-114.6559,50.0057],[-114.6494,49.9943],[-114.6438,49.9825],[-114.6427,49.9729],[-114.6501,49.963],[-114.6611,49.9623]],[[-115.1984,50.5447],[-115.1881,50.5477],[-115.1791,50.5539],[-115.1744,50.5636],[-115.1593,50.5787],[-115.1288,50.5869],[-115.096,50.5892]],[[-114.6611,49.9623],[-114.673,49.9636]],[[-114.673,49.9636],[-114.6833,49.9594],[-114.6881,49.9464],[-114.6886,49.9271],[-114.6864,49.9071],[-114.6827,49.892],[-114.6705,49.87],[-114.6542,49.849],[-114.6383,49.8271],[-114.6278,49.8023],[-114.6248,49.7893],[-114.6248,49.7802],[-114.6295,49.7735],[-114.6407,49.7675],[-114.6451,49.7654],[-114.6485,49.7627],[-114.6501,49.7591],[-114.649,49.7544],[-114.6438,49.7458],[-114.6388,49.7381],[-114.6364,49.7298],[-114.6394,49.7198],[-114.6442,49.7143],[-114.6504,49.7099],[-114.6569,49.7061],[-114.6628,49.7017],[-114.6662,49.6966],[-114.6654,49.6927],[-114.6634,49.6893],[-114.663,49.6859],[-114.666,49.6757],[-114.6672,49.669],[-114.67,49.6622],[-114.6779,49.6512],[-114.681,49.6428],[-114.6809,49.6357],[-114.6839,49.6311],[-114.6967,49.63],[-114.7089,49.6291],[-114.7205,49.625],[-114.7307,49.618],[-114.7383,49.6087],[-114.7441,49.5961],[-114.7439,49.5876],[-114.7383,49.5809],[-114.7277,49.5737],[-114.7215,49.5708],[-114.7146,49.5689],[-114.7075,49.5674],[-114.7008,49.5651],[-114.6979,49.5616],[-114.6964,49.5563],[-114.6942,49.5509],[-114.6894,49.5473]],[[-114.5874,49.5567],[-114.5763,49.5562],[-114.5637,49.5389],[-114.5687,49.5139],[-114.5814,49.4889],[-114.5915,49.4713],[-114.5979,49.4441],[-114.5925,49.4178],[-114.578,49.3945],[-114.5572,49.3762],[-114.5506,49.374],[-114.5441,49.3738],[-114.5377,49.3721],[-114.5316,49.3655],[-114.5294,49.3624],[-114.5266,49.3593],[-114.5235,49.3564],[-114.5205,49.3538],[-114.5083,49.3477],[-114.4953,49.3455],[-114.4823,49.3424],[-114.4702,49.3337],[-114.4682,49.329],[-114.466,49.3215],[-114.4636,49.3134],[-114.4608,49.307],[-114.4569,49.3034],[-114.4513,49.3],[-114.4454,49.2965],[-114.4408,49.2923],[-114.4372,49.2847],[-114.4359,49.277],[-114.4333,49.27],[-114.4262,49.2641],[-114.4134,49.2618],[-114.3958,49.2607],[-114.3798,49.2579],[-114.3722,49.2503],[-114.3748,49.2414],[-114.3818,49.2361],[-114.3877,49.2296],[-114.3866,49.2167],[-114.3764,49.2046],[-114.3601,49.1985],[-114.3422,49.1968]],[[-114.6226,49.5434],[-114.6103,49.5456],[-114.5987,49.5515],[-114.5874,49.5567]],[[-114.6594,49.5531],[-114.6507,49.5517],[-114.6413,49.5487],[-114.6318,49.5455],[-114.6226,49.5434]],[[-114.6894,49.5473],[-114.6846,49.5479],[-114.6757,49.55],[-114.6662,49.5521],[-114.6594,49.5531]],[[-114.3116,49.1985],[-114.3003,49.1958],[-114.2896,49.1915],[-114.2764,49.1876],[-114.2582,49.1864]],[[-114.3422,49.1968],[-114.3269,49.198],[-114.3116,49.1985]],[[-114.2415,49.1873],[-114.2254,49.1859],[-114.209,49.1776],[-114.1974,49.1708],[-114.1792,49.1614],[-114.1621,49.1529],[-114.1541,49.1482],[-114.1527,49.1378],[-114.1566,49.128],[-114.1598,49.117],[-114.1566,49.1036],[-114.1477,49.0938],[-114.1321,49.0802],[-114.1156,49.0675],[-114.1038,49.0601],[-114.0865,49.0564],[-114.0663,49.0546],[-114.0483,49.0491],[-114.0375,49.0343],[-114.0375,49.0227],[-114.0433,49.0152],[-114.0518,49.0086],[-114.0602,49.0001],[-114.0637,48.9929],[-114.0638,48.9925]],[[-114.2582,49.1864],[-114.2415,49.1873]]]}},{"type":"Feature","properties":{},"geometry":{"type":"LineString","coordinates":[[-110.0,60.0],[-110.0,59.6564],[-110.0,59.3126],[-110.0,58.9688],[-110.0,58.6251],[-110.0,58.2813],[-110.0,57.9376],[-110.0,57.5938],[-110.0,57.2501],[-110.0,56.9063],[-110.0,56.5625],[-110.0,56.2188],[-110.0,55.8751],[-110.0,55.5313],[-110.0,55.1876],[-110.0,54.8438],[-110.0,54.5],[-110.0,54.1563],[-110.0,53.8126],[-110.0,53.4688],[-110.0,53.1251],[-110.0,52.7813],[-110.0,52.4376],[-110.0,52.0938],[-110.0,51.7501],[-110.0,51.4063],[-110.0,51.0626],[-110.0,50.7188],[-110.0,50.3751],[-110.0,50.0313],[-110.0,49.6876],[-110.0,49.3438],[-110.0,49.0001],[-109.9994,48.993],[-109.9993,48.9926]]}},{"type":"Feature","properties":{},"geometry":{"type":"LineString","coordinates":[[-88.947,56.8532],[-89.2303,56.6813],[-89.4809,56.5267],[-89.7312,56.3716],[-89.9805,56.2151],[-90.3313,55.9923],[-90.6815,55.7686],[-91.0306,55.5433],[-91.3784,55.316],[-91.6863,55.1106],[-91.9923,54.9022],[-92.2967,54.6915],[-92.6002,54.4796],[-92.7693,54.3604],[-92.938,54.2404],[-93.1063,54.1199],[-93.2746,53.9993],[-93.3895,53.9148],[-93.504,53.8296],[-93.6202,53.7469],[-93.7402,53.67],[-93.9755,53.5302],[-94.2108,53.3904],[-94.4461,53.2506],[-94.6813,53.1108],[-94.7335,53.0799],[-94.7856,53.0492],[-94.8376,53.0181],[-94.8894,52.9866],[-94.9466,52.9515],[-95.0037,52.9163],[-95.0609,52.8811],[-95.118,52.8459],[-95.1538,52.8214],[-95.1533,52.7666],[-95.1536,52.3732],[-95.1538,51.9797],[-95.1539,51.5863],[-95.1541,51.1928],[-95.1541,50.8921],[-95.1541,50.5912],[-95.1541,50.2904],[-95.1541,49.9896],[-95.1541,49.8794],[-95.1541,49.7692],[-95.1554,49.696],[-95.1567,49.6228],[-95.1584,49.5334],[-95.1604,49.4168],[-95.1612,49.3739],[-95.1606,49.3695]]}},{"type":"Feature","properties":{},"geometry":{"type":"LineString","coordinates":[[-102.0016,60.0],[-102.0016,59.8864],[-102.0016,59.7728],[-102.0016,59.6593],[-102.0016,59.5457],[-102.0015,58.978],[-102.0014,58.4102],[-102.0013,57.8425],[-102.0013,57.2747],[-102.0012,56.9102],[-102.0011,56.5456],[-102.0011,56.181],[-102.0011,55.8165],[-101.981,55.6022],[-101.9611,55.3879],[-101.9411,55.1737],[-101.9211,54.9594],[-101.9011,54.7451],[-101.8811,54.5309],[-101.8611,54.3166],[-101.8411,54.1023],[-101.8211,53.8881],[-101.8011,53.6738],[-101.7811,53.4595],[-101.7612,53.2453],[-101.7411,53.031],[-101.7212,52.8167],[-101.7012,52.6025],[-101.6812,52.3882],[-101.6612,52.1739],[-101.6412,51.9597],[-101.6212,51.7454],[-101.6012,51.5311],[-101.5812,51.3169],[-101.5612,51.1026],[-101.5412,50.8883],[-101.5212,50.6741],[-101.5013,50.4598],[-101.4812,50.2455],[-101.4613,50.0313],[-101.4413,49.817],[-101.4213,49.6027],[-101.4013,49.3885],[-101.3813,49.1742],[-101.3644,48.9931],[-101.3643,48.9927]]}},{"type":"Feature","properties":{},"geometry":{"type":"MultiLineString","coordinates":[[[-63.3865,2.2359],[-63.3796,2.2289],[-63.3335,2.1816],[-63.3046,2.1641],[-63.2889,2.1592],[-63.2645,2.1564]],[[-63.1718,2.1795],[-63.1481,2.1775],[-63.1359,2.1706],[-63.1302,2.161],[-63.1311,2.1397],[-63.1287,2.1277],[-63.1225,2.1143],[-63.1047,2.0976],[-63.0707,2.0591],[-63.0491,2.0416],[-63.0306,2.0317],[-63.0039,2.0208],[-62.9882,2.0185]],[[-63.2645,2.1564],[-63.253,2.1567],[-63.2413,2.1588],[-63.2302,2.162],[-63.1997,2.1742],[-63.187,2.1773],[-63.1718,2.1795]],[[-62.9424,2.0257],[-62.929,2.025],[-62.9095,2.02],[-62.8961,2.0182]],[[-62.9882,2.0185],[-62.9749,2.0194],[-62.9545,2.0249],[-62.9424,2.0257]],[[-62.8612,2.0201],[-62.8484,2.0191],[-62.8217,2.0073],[-62.8092,2.0]],[[-62.8961,2.0182],[-62.8612,2.0201]]]}},{"type":"Feature","properties":{},"geometry":{"type":"LineString","coordinates":[[-54.7755,2.4573],[-54.7752,2.4571],[-54.7431,2.4291],[-54.7347,2.4147],[-54.733,2.3891],[-54.7335,2.3692],[-54.7178,2.2952],[-54.7157,2.2774],[-54.7161,2.266],[-54.7274,2.25],[-54.7322,2.2411],[-54.7455,2.1996],[-54.7505,2.1907],[-54.7536,2.1869],[-54.7574,2.1843],[-54.7618,2.1826],[-54.7748,2.1824],[-54.7795,2.1772],[-54.7838,2.1681],[-54.7882,2.1474],[-54.7886,2.1365],[-54.7874,2.1284],[-54.7848,2.1243],[-54.7814,2.1209],[-54.7778,2.1177],[-54.7654,2.1093],[-54.7613,2.104],[-54.7576,2.0967],[-54.7533,2.0823],[-54.753,2.0739],[-54.754,2.0669],[-54.7565,2.0625],[-54.7594,2.0586],[-54.7627,2.0551],[-54.7864,2.0377],[-54.7906,2.0338],[-54.7943,2.0285],[-54.7979,2.02],[-54.7976,2.0141],[-54.7949,2.0102],[-54.7796,2.0051],[-54.7758,2.003],[-54.772,2.0]]}},{"type":"Feature","properties":{},"geometry":{"type":"LineString","coordinates":[[-88.2894,17.1357],[-88.3025,17.1225],[-88.323,17.115],[-88.3282,17.1121],[-88.3375,17.1092],[-88.6024,17.1045]]}},{"type":"Feature","properties":{},"geometry":{"type":"MultiLineString","coordinates":[[[-88.6702,16.6918],[-88.6476,16.6892],[-88.6329,16.686],[-88.5981,16.6673],[-88.5931,16.663],[-88.5901,16.6583],[-88.5872,16.6499],[-88.5846,16.6457],[-88.5843,16.6416],[-88.5847,16.6374],[-88.5885,16.6283],[-88.5881,16.6233],[-88.5837,16.6177],[-88.5715,16.6048],[-88.5682,16.5996],[-88.5651,16.5957],[-88.5631,16.5919],[-88.5602,16.5879],[-88.5581,16.5834],[-88.5555,16.5797],[-88.5514,16.5721],[-88.5495,16.5671],[-88.5493,16.5634],[-88.5497,16.5599],[-88.5511,16.5537],[-88.5524,16.5372],[-88.553,16.5339],[-88.5531,16.5297],[-88.5552,16.5258],[-88.5572,16.5233],[-88.5588,16.519],[-88.5528,16.5165],[-88.5122,16.5111]],[[-88.7742,16.681],[-88.7452,16.6901],[-88.6702,16.6918]],[[-88.5031,16.5121],[-88.4637,16.5097]],[[-88.5122,16.5111],[-88.506,16.5113],[-88.5031,16.5121]],[[-88.4184,16.5116],[-88.4084,16.5109],[-88.4043,16.5099],[-88.4016,16.5022],[-88.3901,16.4977]],[[-88.4391,16.5083],[-88.4184,16.5116]],[[-88.4595,16.5102],[-88.4492,16.5098],[-88.4437,16.5086],[-88.4391,16.5083]],[[-88.4637,16.5097],[-88.4595,16.5102]]]}},{"type":"Feature","properties":{},"geometry":{"type":"LineString","coordinates":[[-88.2843,17.9723],[-88.1669,17.9599]]}},{"type":"Feature","properties":{},"geometry":{"type":"LineString","coordinates":[[-88.2843,17.9723],[-88.5062,17.9176],[-88.5591,17.8887],[-88.5654,17.8714],[-88.5676,17.8627],[-88.5686,17.8526],[-88.568,17.8454],[-88.5644,17.832],[-88.5636,17.8259],[-88.5639,17.813],[-88.57,17.7865],[-88.5705,17.7821],[-88.5704,17.7765],[-88.5673,17.7542],[-88.5671,17.7485],[-88.5701,17.7247],[-88.5696,17.7177],[-88.5646,17.7047],[-88.5634,17.6995],[-88.5639,17.693],[-88.5685,17.6884],[-88.5767,17.6849],[-88.5869,17.6821],[-88.6163,17.6689],[-88.6277,17.6519],[-88.6406,17.6168],[-88.6413,17.5988],[-88.6289,17.454]]}},{"type":"Feature","properties":{},"geometry":{"type":"LineString","coordinates":[[-88.2843,17.9723],[-88.4218,18.0914],[-88.4944,18.186],[-88.5402,18.2181],[-88.6039,18.245],[-88.6141,18.247]]}},{"type":"Feature","properties":{},"geometry":{"type":"LineString","coordinates":[[-88.585,17.4899],[-88.5812,17.484],[-88.5788,17.4703],[-88.5687,17.271],[-88.5687,17.2704]]}},{"type":"Feature","properties":{},"geometry":{"type":"MultiLineString","coordinates":[[[-88.7742,16.681],[-88.791,16.6801],[-88.7988,16.6761],[-88.8016,16.6739],[-88.8074,16.6682],[-88.8182,16.655],[-88.8208,16.6502],[-88.8216,16.646],[-88.8173,16.6292],[-88.8166,16.6239],[-88.8194,16.6136],[-88.8395,16.5937],[-88.8557,16.5818],[-88.8601,16.5798],[-88.8682,16.5776],[-88.8752,16.5741],[-88.902,16.5543],[-88.9109,16.549],[-88.917,16.5474]],[[-88.917,16.5474],[-88.9218,16.5482]],[[-88.9218,16.5482],[-88.9278,16.547],[-88.9391,16.542],[-88.9447,16.5383],[-88.949,16.5344],[-88.9536,16.528],[-88.9537,16.5245],[-88.9524,16.5163],[-88.9565,16.5133],[-88.9959,16.4989],[-89.0014,16.4977],[-89.0057,16.4977]],[[-89.0057,16.4977],[-89.009,16.4996],[-89.0157,16.5065],[-89.019,16.5093],[-89.0222,16.5114],[-89.0269,16.5129]],[[-89.0269,16.5129],[-89.0295,16.5115],[-89.0359,16.5043],[-89.0563,16.4852],[-89.0641,16.4798],[-89.0706,16.4766],[-89.0874,16.4748],[-89.0946,16.4725],[-89.0985,16.4717],[-89.1116,16.4707],[-89.1468,16.4568],[-89.1513,16.4539],[-89.1556,16.449],[-89.1589,16.4443],[-89.1595,16.4423],[-89.1603,16.4371],[-89.1619,16.4333],[-89.1648,16.4288],[-89.1715,16.4208],[-89.1765,16.4158],[-89.1822,16.4089],[-89.1931,16.3926]]]}},{"type":"Feature","properties":{},"geometry":{"type":"LineString","coordinates":[[-88.6024,17.1045],[-88.6059,17.0946],[-88.6021,17.0863],[-88.5878,17.0636],[-88.5738,17.052],[-88.5671,17.0451],[-88.5674,17.0366],[-88.5721,17.032],[-88.5776,17.0283],[-88.581,17.0239],[-88.5913,17.0036],[-88.5972,16.9876],[-88.6036,16.9762],[-88.6097,16.9677],[-88.6212,16.9596],[-88.6261,16.9552],[-88.6331,16.9437],[-88.6631,16.9119],[-88.6648,16.907],[-88.6649,16.9026],[-88.6639,16.8985],[-88.6641,16.8926],[-88.6664,16.879],[-88.6667,16.8739],[-88.6651,16.8613],[-88.6661,16.8563],[-88.6678,16.852],[-88.6704,16.8487],[-88.6738,16.8461],[-88.6833,16.8418],[-88.689,16.8366],[-88.6907,16.8334],[-88.6899,16.8297],[-88.6767,16.8207],[-88.6729,16.8165],[-88.6734,16.8134],[-88.6764,16.8109],[-88.6805,16.8097],[-88.6984,16.8069],[-88.7176,16.8004],[-88.7229,16.797],[-88.7278,16.7924],[-88.7554,16.7516],[-88.7613,16.7366],[-88.7719,16.7177],[-88.7776,16.6979],[-88.7775,16.6938],[-88.7742,16.681]]}},{"type":"Feature","properties":{},"geometry":{"type":"MultiLineString","coordinates":[[[-88.6289,17.454],[-88.643,17.4584]],[[-88.643,17.4584],[-88.6506,17.4565],[-88.6709,17.4468],[-88.6826,17.445],[-88.6996,17.439],[-88.7291,17.4201],[-88.7469,17.4139],[-88.7697,17.4111]],[[-88.8449,17.4105],[-88.8626,17.4118],[-88.8776,17.4142]],[[-88.8776,17.4142],[-88.8843,17.4119],[-88.8916,17.4041],[-88.8975,17.396],[-88.9079,17.389],[-88.9218,17.3846],[-89.038,17.372]],[[-88.7697,17.4111],[-88.7965,17.4122]],[[-88.7965,17.4122],[-88.811,17.4108]],[[-88.811,17.4108],[-88.8213,17.4115]],[[-88.8213,17.4115],[-88.8449,17.4105]],[[-89.038,17.372],[-89.046,17.3738],[-89.0539,17.3768]],[[-89.0539,17.3768],[-89.0649,17.3763],[-89.079,17.3713],[-89.1205,17.3449],[-89.1507,17.321]]]}},{"type":"Feature","properties":{},"geometry":{"type":"MultiLineString","coordinates":[[[-59.5458,13.2438],[-59.5458,13.2438],[-59.5482,13.2433],[-59.5608,13.2374],[-59.5638,13.2367]],[[-59.5638,13.2367],[-59.5651,13.2372],[-59.5654,13.2375],[-59.5657,13.238],[-59.5659,13.2382],[-59.5662,13.2384],[-59.5666,13.2384]],[[-59.5666,13.2384],[-59.567,13.2384],[-59.5675,13.2382],[-59.5707,13.2333],[-59.581,13.2098]]]}},{"type":"Feature","properties":{},"geometry":{"type":"LineString","coordinates":[[-59.5402,13.1825],[-59.5393,13.1982],[-59.539,13.1996],[-59.5386,13.2014],[-59.5377,13.2014],[-59.5373,13.2015],[-59.5368,13.2016],[-59.5204,13.2165],[-59.5181,13.2175]]}},{"type":"Feature","properties":{},"geometry":{"type":"LineString","coordinates":[[-59.5087,13.1458],[-59.5172,13.1614],[-59.5192,13.1636],[-59.5402,13.1825]]}},{"type":"Feature","properties":{},"geometry":{"type":"LineString","coordinates":[[-59.5402,13.1825],[-59.5409,13.1825],[-59.5543,13.1801]]}},{"type":"Feature","properties":{},"geometry":{"type":"MultiLineString","coordinates":[[[-59.5891,13.217],[-59.5856,13.2157],[-59.581,13.2098]],[[-59.601,13.2164],[-59.5891,13.217]]]}},{"type":"Feature","properties":{},"geometry":{"type":"LineString","coordinates":[[-59.5543,13.1801],[-59.5628,13.1968],[-59.5655,13.2],[-59.5669,13.2012],[-59.581,13.2098]]}},{"type":"Feature","properties":{},"geometry":{"type":"LineString","coordinates":[[-59.5543,13.1801],[-59.5615,13.1716],[-59.5635,13.1704],[-59.5871,13.1613]]}},{"type":"Feature","properties":{},"geometry":{"type":"MultiLineString","coordinates":[[[-59.5765,13.2889],[-59.5707,13.2891],[-59.569,13.2897]],[[-59.578,13.2893],[-59.5779,13.2892],[-59.5765,13.2889]],[[-59.5804,13.2878],[-59.5798,13.2878],[-59.5782,13.2893],[-59.578,13.2893]],[[-59.5826,13.2885],[-59.5821,13.2883],[-59.5816,13.2881],[-59.5812,13.2881],[-59.5809,13.2878],[-59.5804,13.2878]],[[-59.5945,13.2817],[-59.593,13.2819],[-59.5906,13.2828],[-59.5863,13.2868],[-59.5841,13.2881],[-59.5826,13.2885]],[[-59.602,13.2833],[-59.6017,13.2832],[-59.6014,13.2831],[-59.6011,13.2828],[-59.6005,13.2824],[-59.5998,13.2822],[-59.5989,13.2819]],[[-59.606,13.2421],[-59.6055,13.2758],[-59.6041,13.2784],[-59.6032,13.2828],[-59.6026,13.283],[-59.6022,13.2832],[-59.602,13.2833]],[[-59.5954,13.2822],[-59.595,13.2821],[-59.5945,13.2817]],[[-59.5963,13.2821],[-59.596,13.2821],[-59.5957,13.2822],[-59.5954,13.2822]],[[-59.5971,13.2822],[-59.5963,13.2821]],[[-59.5989,13.2819],[-59.5984,13.2819],[-59.5979,13.2821],[-59.5975,13.2822],[-59.5971,13.2822]]]}},{"type":"Feature","properties":{},"geometry":{"type":"LineString","coordinates":[[-59.5131,13.1294],[-59.5705,13.1082]]}},{"type":"Feature","properties":{},"geometry":{"type":"LineString","coordinates":[[-59.5087,13.1458],[-59.4954,13.163],[-59.4882,13.1658],[-59.4815,13.1699],[-59.4802,13.1711],[-59.4692,13.1842],[-59.4677,13.1865],[-59.4677,13.1865]]}},{"type":"Feature","properties":{},"geometry":{"type":"LineString","coordinates":[[-59.5131,13.1294],[-59.5087,13.1458]]}},{"type":"Feature","properties":{},"geometry":{"type":"LineString","coordinates":[[-59.5131,13.1294],[-59.5038,13.1266],[-59.5023,13.1251],[-59.5006,13.1225],[-59.4989,13.1116],[-59.4987,13.1108],[-59.4928,13.101],[-59.4915,13.0982],[-59.4916,13.0978],[-59.4906,13.097],[-59.4889,13.0965],[-59.4832,13.0943],[-59.4807,13.0931],[-59.4758,13.0865]]}},{"type":"Feature","properties":{},"geometry":{"type":"LineString","coordinates":[[-59.5871,13.1613],[-59.5705,13.1082]]}},{"type":"Feature","properties":{},"geometry":{"type":"LineString","coordinates":[[-59.6111,13.1503],[-59.5951,13.1535],[-59.5936,13.1541],[-59.5871,13.1613]]}},{"type":"Feature","properties":{},"geometry":{"type":"LineString","coordinates":[[-59.6002,13.0841],[-59.5693,13.1002],[-59.5688,13.1002],[-59.569,13.1016],[-59.5705,13.1082]]}},{"type":"Feature","properties":{},"geometry":{"type":"LineString","coordinates":[[-59.5759,13.3044],[-59.5768,13.3038],[-59.6305,13.2868],[-59.649,13.2747],[-59.6529,13.2739],[-59.6529,13.2739]]}},{"type":"Feature","properties":{},"geometry":{"type":"LineString","coordinates":[[-59.601,13.2164],[-59.606,13.2421]]}},{"type":"Feature","properties":{},"geometry":{"type":"MultiLineString","coordinates":[[[-59.6079,13.2079],[-59.6064,13.2093],[-59.601,13.2164]],[[-59.6083,13.208],[-59.6081,13.208],[-59.6079,13.2079]],[[-59.609,13.2075],[-59.6088,13.2076],[-59.6086,13.2078],[-59.6084,13.208],[-59.6083,13.208]],[[-59.6097,13.2076],[-59.6095,13.2076]],[[-59.6111,13.1503],[-59.6169,13.1749],[-59.6235,13.1822],[-59.6248,13.1829],[-59.6253,13.1834],[-59.625,13.1836],[-59.6248,13.1842],[-59.6244,13.1851],[-59.6242,13.1854],[-59.6238,13.1857],[-59.6228,13.186],[-59.6218,13.188],[-59.6204,13.1913],[-59.6177,13.2026],[-59.6171,13.2043],[-59.6153,13.205],[-59.6148,13.2053],[-59.6146,13.2053],[-59.6144,13.2053],[-59.614,13.2053],[-59.6139,13.2054],[-59.6137,13.2054],[-59.6135,13.2056],[-59.6131,13.2058],[-59.612,13.2067],[-59.6119,13.2067],[-59.6117,13.2067],[-59.6114,13.2069],[-59.6112,13.207],[-59.6105,13.2074],[-59.6103,13.2076],[-59.6101,13.2076],[-59.6097,13.2076]],[[-59.6093,13.2076],[-59.609,13.2075]],[[-59.6095,13.2076],[-59.6093,13.2076]]]}},{"type":"Feature","properties":{},"geometry":{"type":"MultiLineString","coordinates":[[[-59.606,13.2421],[-59.6277,13.2449]],[[-59.6277,13.2449],[-59.6445,13.2372]],[[-59.6445,13.2372],[-59.6508,13.2388],[-59.6508,13.2388]]]}},{"type":"Feature","properties":{},"geometry":{"type":"MultiLineString","coordinates":[[[-59.6111,13.1503],[-59.6217,13.1422],[-59.6226,13.1413],[-59.6244,13.1399],[-59.6293,13.1378],[-59.6314,13.1366],[-59.6314,13.1364]],[[-59.6314,13.1364],[-59.6327,13.1371],[-59.6378,13.1418]],[[-59.6378,13.1418],[-59.6405,13.1416],[-59.6406,13.1416]]]}},{"type":"Feature","properties":{},"geometry":{"type":"MultiLineString","coordinates":[[[-79.2393,9.3205],[-79.2204,9.3356],[-79.1927,9.3527],[-79.1762,9.3602],[-79.1571,9.3666],[-79.1481,9.372],[-79.1421,9.3779],[-79.1391,9.3835],[-79.1373,9.3899],[-79.1356,9.4055],[-79.1322,9.4152],[-79.1209,9.4315],[-79.1126,9.4395],[-79.1022,9.4459],[-79.0955,9.4477],[-79.087,9.4488],[-79.0789,9.451],[-79.075,9.4573],[-79.0745,9.5413],[-79.0745,9.562]],[[-79.247,9.3307],[-79.2435,9.3206],[-79.2393,9.3205]]]}},{"type":"Feature","properties":{},"geometry":{"type":"MultiLineString","coordinates":[[[-80.1922,9.0475],[-80.1782,9.0218],[-80.1773,9.0108],[-80.1705,8.9763],[-80.1642,8.9657],[-80.1575,8.9595],[-80.1498,8.9545],[-80.1375,8.9492]],[[-80.3555,8.8719],[-80.3417,8.8766],[-80.3255,8.8888],[-80.2465,8.9635],[-80.2328,8.9733],[-80.2221,8.9784],[-80.2146,8.9858],[-80.2076,8.9984],[-80.2024,9.0273],[-80.1922,9.0475]],[[-80.5156,8.9266],[-80.4245,8.8927],[-80.4114,8.8846],[-80.3897,8.8783],[-80.3648,8.8747],[-80.3555,8.8719]],[[-80.6008,8.7693],[-80.5861,8.7697],[-80.5694,8.7746],[-80.5551,8.7816],[-80.5425,8.791],[-80.5359,8.8059],[-80.5327,8.8212],[-80.5347,8.8524],[-80.5379,8.8613],[-80.5414,8.8665],[-80.5434,8.8708],[-80.5422,8.8806],[-80.531,8.917],[-80.5239,8.9249],[-80.5156,8.9266]],[[-80.6304,8.7739],[-80.612,8.7703],[-80.6008,8.7693]],[[-80.7158,8.6138],[-80.7057,8.6299],[-80.695,8.6418],[-80.6926,8.652],[-80.6948,8.6633],[-80.6961,8.6754],[-80.6949,8.6938],[-80.6853,8.7151],[-80.6775,8.7383],[-80.667,8.7523],[-80.6517,8.767],[-80.6402,8.7721],[-80.6304,8.7739]],[[-80.7394,8.6152],[-80.7158,8.6138]]]}},{"type":"Feature","properties":{},"geometry":{"type":"MultiLineString","coordinates":[[[-80.5495,8.1061],[-80.5585,8.1128],[-80.5773,8.1328],[-80.5912,8.1385]],[[-80.5912,8.1385],[-80.6097,8.1373],[-80.6464,8.1253],[-80.6627,8.1241]],[[-80.6627,8.1241],[-80.687,8.1326]],[[-80.4785,8.0914],[-80.4914,8.0952],[-80.5146,8.1105],[-80.5264,8.1164]],[[-80.5264,8.1164],[-80.5322,8.1153],[-80.5436,8.1067],[-80.5495,8.1061]]]}},{"type":"Feature","properties":{},"geometry":{"type":"MultiLineString","coordinates":[[[-80.4275,7.9312],[-80.4147,7.934],[-80.4045,7.9419],[-80.3931,7.9569],[-80.3887,7.9752],[-80.382,7.9835],[-80.3755,7.9972],[-80.3755,7.9972]],[[-80.459,7.9326],[-80.4275,7.9312]],[[-80.7197,7.5296],[-80.6646,7.5832],[-80.6139,7.6631],[-80.6081,7.6682],[-80.5953,7.6697],[-80.5881,7.6725],[-80.5799,7.6789],[-80.5674,7.6908],[-80.5568,7.7089],[-80.5529,7.7221],[-80.5531,7.7336],[-80.5543,7.7412],[-80.5576,7.7489],[-80.5705,7.7661],[-80.5733,7.7735],[-80.5748,7.7825],[-80.5745,7.7897],[-80.5754,7.8053],[-80.58,7.8113],[-80.5788,7.8153],[-80.5738,7.8215],[-80.5607,7.8295],[-80.5462,7.8413],[-80.5345,7.8558],[-80.5042,7.9112],[-80.4914,7.9234],[-80.459,7.9326]]]}},{"type":"Feature","properties":{},"geometry":{"type":"LineString","coordinates":[[-80.7394,8.6152],[-80.7239,8.6461],[-80.7258,8.653],[-80.7279,8.6586],[-80.7334,8.6644],[-80.7381,8.6725],[-80.742,8.6908],[-80.7386,8.7028],[-80.7329,8.7149],[-80.7282,8.7301],[-80.7335,8.7446],[-80.7404,8.7557],[-80.7615,8.7795],[-80.769,8.7841],[-80.7803,8.7889],[-80.7978,8.7946],[-80.8151,8.8026],[-80.8334,8.8146],[-80.8407,8.8209],[-80.8512,8.8327],[-80.8568,8.8441],[-80.8603,8.8536],[-80.8617,8.8742],[-80.862,8.8769],[-80.8626,8.8851]]}},{"type":"Feature","properties":{},"geometry":{"type":"LineString","coordinates":[[-80.7394,8.6152],[-80.7513,8.5864],[-80.7787,8.5533],[-80.8103,8.5483],[-80.8221,8.5377],[-80.8005,8.5186],[-80.7801,8.4914],[-80.7567,8.4502],[-80.718,8.3489],[-80.6935,8.3093],[-80.6974,8.2772],[-80.7119,8.2271],[-80.7381,8.1807],[-80.7341,8.1635],[-80.687,8.1326]]}},{"type":"Feature","properties":{},"geometry":{"type":"LineString","coordinates":[[-80.7197,7.5296],[-80.7221,7.5017],[-80.7151,7.4589],[-80.6993,7.4107],[-80.6735,7.376],[-80.6671,7.3525],[-80.6666,7.3378],[-80.6688,7.3273],[-80.6681,7.3228],[-80.6534,7.318],[-80.6442,7.3126],[-80.6235,7.2972],[-80.6133,7.2858],[-80.6068,7.2718],[-80.6041,7.2367]]}},{"type":"Feature","properties":{},"geometry":{"type":"MultiLineString","coordinates":[[[-80.7097,8.1307],[-80.7188,8.133],[-80.7324,8.1334]],[[-80.7324,8.1334],[-80.742,8.1298],[-80.7647,8.1026],[-80.781,8.088],[-80.817,8.0736],[-80.8536,8.0599],[-80.838,8.0159],[-80.8392,8.0004],[-80.8499,7.9808],[-80.8578,7.9696],[-80.8863,7.9443],[-80.9074,7.9219],[-80.9329,7.9154],[-80.9377,7.9111],[-80.9434,7.9015],[-80.947,7.7884],[-80.9428,7.7658]],[[-80.687,8.1326],[-80.7097,8.1307]],[[-80.9195,7.7718],[-80.9095,7.7677],[-80.9048,7.7633],[-80.8976,7.7532],[-80.8917,7.7374],[-80.8849,7.7087],[-80.8792,7.6953],[-80.8021,7.5812],[-80.7723,7.5636],[-80.7519,7.5592],[-80.7457,7.5557],[-80.7197,7.5296]],[[-80.9428,7.7658],[-80.9195,7.7718]]]}},{"type":"Feature","properties":{},"geometry":{"type":"MultiLineString","coordinates":[[[-78.6101,9.3178],[-78.6277,9.3214],[-78.6418,9.3302],[-78.6771,9.3571],[-78.6989,9.3708],[-78.7097,9.3742]],[[-78.7097,9.3742],[-78.7149,9.3712],[-78.717,9.3538],[-78.721,9.347],[-78.7282,9.3445]],[[-78.7282,9.3445],[-78.7418,9.3508],[-78.7588,9.3686],[-78.7654,9.3715]],[[-78.7654,9.3715],[-78.7706,9.3715],[-78.7778,9.3706],[-78.7816,9.3682],[-78.7875,9.3634],[-78.7959,9.3587],[-78.809,9.3567]],[[-78.809,9.3567],[-78.84,9.3611]],[[-78.84,9.3611],[-78.857,9.3609],[-78.8714,9.3594],[-78.8783,9.3557],[-78.8908,9.3445],[-78.9001,9.3412],[-78.9154,9.3411]],[[-78.4864,9.3087],[-78.4908,9.3117],[-78.4951,9.3289],[-78.5002,9.338],[-78.5129,9.3497],[-78.5218,9.3512]],[[-78.5218,9.3512],[-78.5284,9.348],[-78.5372,9.335],[-78.542,9.3314],[-78.5945,9.3192],[-78.6101,9.3178]],[[-78.9154,9.3411],[-78.9263,9.3452],[-78.9328,9.3463]],[[-78.9328,9.3463],[-78.9372,9.3445],[-78.9379,9.3403],[-78.9377,9.3334],[-78.9394,9.3278],[-78.9457,9.3247]],[[-79.2721,9.2795],[-79.2801,9.2865],[-79.281,9.293],[-79.279,9.3034],[-79.2725,9.3143],[-79.2661,9.3216],[-79.247,9.3307]],[[-78.9457,9.3247],[-78.9561,9.328],[-78.9647,9.3289]],[[-78.9647,9.3289],[-78.9727,9.3277],[-78.9971,9.3172],[-79.0028,9.3127],[-79.0056,9.3064],[-79.0042,9.2999],[-79.0006,9.2941],[-78.9982,9.2884],[-78.9982,9.2842],[-79.0022,9.2805],[-79.0111,9.2776],[-79.0568,9.2764]],[[-78.3949,9.2406],[-78.4087,9.2436],[-78.4143,9.2479],[-78.4168,9.2548],[-78.4158,9.2619],[-78.4165,9.2695],[-78.4197,9.2789],[-78.4247,9.2874],[-78.4303,9.2919],[-78.4377,9.2946],[-78.4417,9.2984],[-78.4453,9.3044],[-78.449,9.3122],[-78.4577,9.3204],[-78.4651,9.321]],[[-78.4651,9.321],[-78.472,9.3172],[-78.4795,9.3113],[-78.4864,9.3087]],[[-79.0568,9.2764],[-79.0718,9.2774],[-79.0782,9.2822],[-79.085,9.2898],[-79.0936,9.2975],[-79.1154,9.3063],[-79.1287,9.3091],[-79.1433,9.3101]],[[-79.1433,9.3101],[-79.1567,9.3099],[-79.1705,9.3078],[-79.2392,9.2864],[-79.2721,9.2795]],[[-78.257,9.1909],[-78.2647,9.1961],[-78.2708,9.2049],[-78.2804,9.2316],[-78.2849,9.2486],[-78.2891,9.2557],[-78.2956,9.2573]],[[-78.2956,9.2573],[-78.3312,9.24],[-78.339,9.2375]],[[-78.339,9.2375],[-78.3469,9.238],[-78.3661,9.2418]],[[-78.3661,9.2418],[-78.3949,9.2406]],[[-78.0425,9.0732],[-78.065,9.1078],[-78.0724,9.1128],[-78.0833,9.1187],[-78.1523,9.135],[-78.1588,9.14],[-78.1608,9.1454],[-78.1505,9.1612],[-78.1458,9.1728],[-78.1508,9.1943],[-78.1587,9.203],[-78.1656,9.2057]],[[-78.1656,9.2057],[-78.1696,9.2023],[-78.1713,9.1977],[-78.174,9.1927],[-78.1784,9.1901],[-78.1867,9.1894]],[[-78.1867,9.1894],[-78.2091,9.1927],[-78.2347,9.1931]],[[-78.2347,9.1931],[-78.257,9.1909]]]}},{"type":"Feature","properties":{},"geometry":{"type":"MultiLineString","coordinates":[[[-79.4408,9.479],[-79.4161,9.4725],[-79.3997,9.4661],[-79.3912,9.4595],[-79.3846,9.4509],[-79.3812,9.4453],[-79.3712,9.4325],[-79.3697,9.4283],[-79.3714,9.4254],[-79.376,9.4229],[-79.3884,9.4176],[-79.3938,9.4142],[-79.3973,9.409],[-79.3988,9.403],[-79.3961,9.3959],[-79.3914,9.394]],[[-79.7562,9.1092],[-79.7047,9.11],[-79.6879,9.116],[-79.6698,9.1282],[-79.6416,9.1626],[-79.6352,9.1899],[-79.6293,9.1936],[-79.6223,9.199],[-79.6047,9.2071],[-79.5877,9.2121],[-79.5737,9.2182],[-79.5688,9.2239],[-79.5675,9.231],[-79.5719,9.2488],[-79.57,9.2636],[-79.5651,9.2846],[-79.5519,9.3183],[-79.5475,9.3339],[-79.5472,9.3445],[-79.5499,9.3483],[-79.5506,9.3556],[-79.5485,9.3659],[-79.5225,9.4543],[-79.4852,9.4694],[-79.4408,9.479]],[[-79.2902,9.4151],[-79.2669,9.4073],[-79.2567,9.4024],[-79.2521,9.3966],[-79.2538,9.3913],[-79.2615,9.381],[-79.2616,9.3757],[-79.2571,9.3722],[-79.2481,9.3689],[-79.2427,9.3636],[-79.2393,9.3567],[-79.2381,9.3497],[-79.2387,9.3441],[-79.2398,9.3397],[-79.247,9.3307]],[[-79.3349,9.4023],[-79.3286,9.4039],[-79.3182,9.4122],[-79.3078,9.4149],[-79.2902,9.4151]],[[-79.3588,9.4025],[-79.3349,9.4023]],[[-79.3914,9.394],[-79.3845,9.3949],[-79.3681,9.4006],[-79.3588,9.4025]],[[-79.8893,9.194],[-79.858,9.1793],[-79.83,9.1732],[-79.8191,9.1679],[-79.8086,9.1581],[-79.7895,9.1262],[-79.7782,9.1144],[-79.7562,9.1092]],[[-80.0222,8.9662],[-79.9854,8.9778],[-79.9559,8.997],[-79.9506,9.008],[-79.9452,9.0237],[-79.9455,9.0391],[-79.949,9.0507],[-79.9573,9.0662],[-79.9627,9.0835],[-79.9207,9.1752],[-79.9059,9.1906],[-79.8893,9.194]],[[-80.0927,8.9837],[-80.0502,8.9683],[-80.0222,8.9662]],[[-80.1375,8.9492],[-80.0927,8.9837]]]}},{"type":"Feature","properties":{},"geometry":{"type":"LineString","coordinates":[[-80.1375,8.9492],[-80.1331,8.9222],[-80.1557,8.8889],[-80.1618,8.8723],[-80.1645,8.8544],[-80.1637,8.8307],[-80.1376,8.7554],[-80.1125,8.643],[-80.1068,8.6264],[-80.1031,8.5919],[-80.1044,8.583],[-80.1047,8.5513],[-80.0956,8.5266],[-80.092,8.4709],[-80.0865,8.4553],[-80.0817,8.4456],[-80.0408,8.398]]}},{"type":"Feature","properties":{},"geometry":{"type":"LineString","coordinates":[[-77.4694,8.5378],[-77.4698,8.5383],[-77.4959,8.5701],[-77.5084,8.5737],[-77.5463,8.5901],[-77.5589,8.6065],[-77.5688,8.6399],[-77.5792,8.6548],[-77.6098,8.6842],[-77.6262,8.7066],[-77.6536,8.7305],[-77.6788,8.7488],[-77.6861,8.7579],[-77.6916,8.7669]]}},{"type":"Feature","properties":{},"geometry":{"type":"MultiLineString","coordinates":[[[-77.6948,8.7861],[-77.7011,8.8003],[-77.7124,8.8139],[-77.752,8.8501],[-77.7642,8.8591],[-77.7792,8.8665],[-77.8067,8.8857],[-77.8237,8.8934],[-77.8337,8.9004],[-77.8404,8.9113],[-77.8465,8.9243],[-77.8567,8.9413],[-77.9119,8.997],[-77.9421,9.0207],[-78.0153,9.0732]],[[-78.0153,9.0732],[-78.0425,9.0732]]]}},{"type":"Feature","properties":{},"geometry":{"type":"MultiLineString","coordinates":[[[-78.0425,9.0732],[-78.0482,9.0613],[-78.0685,9.0346],[-78.0753,9.0198],[-78.0799,9.0011],[-78.0821,8.9767],[-78.0817,8.9587],[-78.0792,8.9437],[-78.0841,8.9344],[-78.0948,8.9278],[-78.1197,8.9221],[-78.1372,8.9143],[-78.154,8.8997],[-78.1671,8.8777],[-78.175,8.872],[-78.1859,8.8693]],[[-78.1859,8.8693],[-78.205,8.8709]],[[-78.205,8.8709],[-78.2219,8.8703],[-78.2427,8.866],[-78.2713,8.8527],[-78.281,8.8426],[-78.2847,8.833],[-78.2858,8.8246],[-78.2903,8.816],[-78.2996,8.8091],[-78.309,8.8067]],[[-78.309,8.8067],[-78.3217,8.8121],[-78.3317,8.8274],[-78.3382,8.833],[-78.3623,8.8417],[-78.379,8.8448],[-78.393,8.8454]],[[-78.393,8.8454],[-78.4389,8.83],[-78.446,8.8254],[-78.4512,8.8197],[-78.4484,8.8059],[-78.4369,8.7483],[-78.4334,8.7384],[-78.4288,8.7145],[-78.4282,8.7026],[-78.4317,8.6872],[-78.4356,8.6764],[-78.4415,8.6651],[-78.4451,8.6536],[-78.4481,8.6387],[-78.4521,8.5981],[-78.4578,8.5686],[-78.4585,8.5604],[-78.4549,8.5566],[-78.4513,8.5537],[-78.4479,8.5463],[-78.4491,8.5335],[-78.4452,8.5083],[-78.4324,8.4777],[-78.4296,8.4556],[-78.4132,8.3976],[-78.4097,8.353]]]}},{"type":"Feature","properties":{},"geometry":{"type":"MultiLineString","coordinates":[[[-77.7017,8.7717],[-77.7227,8.7766]],[[-77.7227,8.7766],[-77.7472,8.7734],[-77.7693,8.7623],[-77.7783,8.7494],[-77.7901,8.7401],[-77.8063,8.7373],[-77.8218,8.7329],[-77.8358,8.7161],[-77.8473,8.6948],[-77.8775,8.6527],[-77.8971,8.6416],[-77.9086,8.6217],[-77.9053,8.6011],[-77.8985,8.5838],[-77.8858,8.5684],[-77.8722,8.5559],[-77.8695,8.5374],[-77.876,8.5258],[-77.8758,8.5233],[-77.8758,8.5216],[-77.8734,8.5177],[-77.8609,8.5055],[-77.8513,8.5018],[-77.8401,8.4986],[-77.8371,8.4921],[-77.8401,8.4872],[-77.8402,8.4818],[-77.8152,8.4558],[-77.8104,8.446],[-77.8089,8.435],[-77.8124,8.4243],[-77.8158,8.4173],[-77.817,8.4097],[-77.8174,8.4013],[-77.8001,8.3749],[-77.7973,8.3613],[-77.7933,8.3483],[-77.787,8.3401],[-77.7775,8.3313],[-77.7715,8.3245],[-77.7643,8.3137],[-77.7627,8.3102],[-77.763,8.3047],[-77.7566,8.2957],[-77.7465,8.2908],[-77.7405,8.29],[-77.7352,8.2876],[-77.7349,8.2801],[-77.7358,8.2722],[-77.7317,8.2583],[-77.7208,8.251],[-77.6916,8.2439],[-77.6635,8.2305],[-77.6255,8.1997],[-77.6073,8.157],[-77.6112,8.1408],[-77.6014,8.1254],[-77.5811,8.1193],[-77.5719,8.1106],[-77.5526,8.0848],[-77.5386,8.0817]],[[-77.6925,8.7724],[-77.7017,8.7717]],[[-77.4864,8.0929],[-77.4632,8.0967],[-77.4525,8.1011],[-77.4452,8.11],[-77.4391,8.119],[-77.4253,8.1276],[-77.4045,8.1333],[-77.3834,8.1367],[-77.27,8.1675],[-77.2694,8.1677]],[[-77.499,8.096],[-77.4928,8.094],[-77.4864,8.0929]],[[-77.5386,8.0817],[-77.52,8.0927],[-77.499,8.096]]]}},{"type":"Feature","properties":{},"geometry":{"type":"MultiLineString","coordinates":[[[-78.0831,7.9177],[-78.0919,7.9726],[-78.1018,7.9782],[-78.1116,7.9867],[-78.1182,8.0162],[-78.1274,8.0292],[-78.1372,8.0398],[-78.1673,8.0819],[-78.1834,8.0936]],[[-78.1834,8.0936],[-78.2001,8.0807],[-78.2255,8.0693],[-78.2277,8.0502],[-78.2128,8.0425],[-78.2103,8.034],[-78.2119,8.0246],[-78.2058,8.0128],[-78.202,8.0012],[-78.2257,7.9844]],[[-78.2257,7.9844],[-78.2574,7.9961]],[[-78.2574,7.9961],[-78.2781,7.9827],[-78.2958,7.9658],[-78.3134,7.9645],[-78.3293,7.9597],[-78.3345,7.9451],[-78.3296,7.9361],[-78.3325,7.916],[-78.3311,7.8929],[-78.3272,7.8798],[-78.3212,7.8679],[-78.3109,7.862],[-78.3039,7.8597],[-78.2846,7.8194],[-78.2695,7.7721],[-78.2451,7.7309],[-78.197,7.6779],[-78.1796,7.6653]],[[-77.9909,7.5903],[-77.9684,7.6016],[-77.9497,7.6188],[-77.9448,7.6516],[-77.9559,7.7392],[-77.9522,7.7488],[-77.9485,7.762],[-77.953,7.7792],[-77.9617,7.7944],[-77.971,7.7979],[-77.981,7.804],[-77.9853,7.8356],[-78.0162,7.9314],[-78.035,7.9509]],[[-78.035,7.9509],[-78.0592,7.9313],[-78.0831,7.9177]],[[-78.1383,7.6773],[-78.1212,7.6678],[-78.106,7.6565],[-78.09,7.6521],[-78.0812,7.6449],[-78.0724,7.6015],[-78.0483,7.5899]],[[-78.1796,7.6653],[-78.1383,7.6773]],[[-78.0189,7.6177],[-78.0046,7.6058],[-77.9909,7.5903]],[[-78.0483,7.5899],[-78.0382,7.6074],[-78.0189,7.6177]]]}},{"type":"Feature","properties":{},"geometry":{"type":"MultiLineString","coordinates":[[[-81.192,8.4894],[-81.1836,8.4894],[-81.1561,8.4955],[-81.1716,8.511],[-81.1803,8.5266],[-81.1838,8.5357],[-81.1883,8.5441],[-81.1959,8.5523],[-81.2045,8.5653],[-81.2105,8.5863],[-81.2145,8.6232],[-81.2112,8.6838],[-81.2227,8.7578],[-81.2159,8.7829],[-81.2159,8.7882],[-81.2162,8.7917]],[[-81.4886,8.5969],[-81.4632,8.584],[-81.4324,8.5767],[-81.4212,8.5719],[-81.4152,8.5681],[-81.4105,8.5585],[-81.3635,8.555]],[[-81.3375,8.5602],[-81.3285,8.5581],[-81.2823,8.5222],[-81.2656,8.5116],[-81.2251,8.501],[-81.2033,8.4922],[-81.192,8.4894]],[[-81.3635,8.555],[-81.3375,8.5602]]]}},{"type":"Feature","properties":{},"geometry":{"type":"MultiLineString","coordinates":[[[-82.3234,9.1275],[-82.314,9.1256],[-82.3103,9.1144],[-82.3159,9.0994],[-82.3084,9.0919],[-82.2878,9.0844],[-82.2803,9.0806],[-82.2896,9.0675],[-82.3027,9.0506],[-82.3178,9.0394],[-82.3234,9.0244],[-82.3215,9.0094],[-82.3009,9.0019],[-82.2803,8.9981],[-82.2728,8.9869],[-82.2615,8.9775],[-82.2259,8.97],[-82.2015,8.955],[-82.1959,8.9419],[-82.1996,8.925],[-82.2109,8.9175],[-82.209,8.8987],[-82.1959,8.8912],[-82.1921,8.8819],[-82.1865,8.8556],[-82.179,8.8444]],[[-82.363,8.8088],[-82.3553,8.8275],[-82.3478,8.8575],[-82.3384,8.8894],[-82.3309,8.9044],[-82.3346,8.925],[-82.3478,8.9494],[-82.3703,8.9681],[-82.4078,8.9812],[-82.4284,8.9888],[-82.4396,9.0],[-82.4265,9.0131],[-82.3928,9.0262],[-82.3796,9.0394],[-82.3534,9.0619],[-82.3515,9.0862],[-82.3384,9.1125],[-82.3234,9.1275]],[[-82.179,8.8444],[-82.1696,8.8481],[-82.164,8.8706],[-82.1509,8.8912],[-82.1321,8.9006],[-82.1021,8.9025],[-82.0609,8.9025],[-82.0346,8.9081],[-82.0159,8.9194],[-82.0084,8.9419],[-82.0068,8.9465],[-82.0067,8.9466]]]}},{"type":"Feature","properties":{},"geometry":{"type":"LineString","coordinates":[[-82.363,8.8088],[-82.4459,8.8465]]}},{"type":"Feature","properties":{},"geometry":{"type":"LineString","coordinates":[[-81.5193,8.3417],[-81.5132,8.3107],[-81.5105,8.2812],[-81.5131,8.251],[-81.5155,8.2461],[-81.5171,8.2438],[-81.523,8.239],[-81.5732,8.1761],[-81.5979,8.1521],[-81.6019,8.1451],[-81.6061,8.1349],[-81.6318,8.035],[-81.6338,8.0227],[-81.638,8.0112],[-81.6425,8.003],[-81.6626,7.9977],[-81.6636,7.9973]]}},{"type":"Feature","properties":{},"geometry":{"type":"MultiLineString","coordinates":[[[-82.2235,8.7689],[-82.2509,8.7723],[-82.2817,8.777],[-82.2998,8.7821],[-82.3178,8.7911],[-82.3611,8.808],[-82.363,8.8088]],[[-82.1549,8.7626],[-82.1962,8.7716],[-82.204,8.7724]],[[-82.204,8.7724],[-82.2181,8.7703],[-82.2235,8.7689]]]}},{"type":"Feature","properties":{},"geometry":{"type":"MultiLineString","coordinates":[[[-82.6928,8.8943],[-82.7145,8.9162],[-82.7202,8.9202]],[[-82.4459,8.8465],[-82.4923,8.8613],[-82.5297,8.863],[-82.5408,8.8848],[-82.5516,8.8937],[-82.5677,8.8997],[-82.625,8.9028]],[[-82.625,8.9028],[-82.6928,8.8943]]]}},{"type":"Feature","properties":{},"geometry":{"type":"LineString","coordinates":[[-81.5267,8.4292],[-81.5257,8.4439],[-81.5225,8.4605],[-81.4993,8.5161],[-81.4903,8.5559],[-81.4886,8.5969]]}},{"type":"Feature","properties":{},"geometry":{"type":"MultiLineString","coordinates":[[[-82.1532,8.7626],[-82.1396,8.7037],[-82.149,8.6194],[-82.1565,8.5898],[-82.1528,8.5687],[-82.1429,8.5573],[-82.1753,8.4825],[-82.1802,8.4579],[-82.164,8.4487]],[[-82.074,8.4675],[-82.0645,8.4615],[-82.0534,8.4468],[-82.0367,8.418],[-82.0215,8.4019],[-82.0178,8.3709],[-81.9971,8.34],[-81.9491,8.3278],[-81.8565,8.3269],[-81.83,8.3184],[-81.8134,8.2875],[-81.7843,8.264],[-81.7321,8.2622]],[[-82.164,8.4487],[-82.1328,8.4492],[-82.1003,8.4581],[-82.0837,8.4643],[-82.074,8.4675]],[[-81.5478,8.3857],[-81.5225,8.3793]],[[-81.6805,8.2774],[-81.6559,8.2818],[-81.6336,8.2971],[-81.624,8.3137],[-81.6098,8.3478],[-81.5921,8.3719],[-81.5478,8.3857]],[[-81.6896,8.2969],[-81.6805,8.2774]],[[-81.7321,8.2622],[-81.7159,8.2781],[-81.7046,8.295],[-81.6896,8.2969]]]}},{"type":"Feature","properties":{},"geometry":null},{"type":"Feature","properties":{},"geometry":{"type":"LineString","coordinates":[[-98.6409,19.4619],[-98.65,19.4518],[-98.6563,19.4404],[-98.661,19.428],[-98.6656,19.4151],[-98.6717,19.3899],[-98.6675,19.3601],[-98.6586,19.3301],[-98.651,19.3043],[-98.6505,19.3019],[-98.6501,19.2996],[-98.6497,19.2973],[-98.6491,19.295],[-98.6466,19.2811],[-98.644,19.2672],[-98.6413,19.2533],[-98.6388,19.2394],[-98.6373,19.227],[-98.6358,19.2145],[-98.6343,19.2021],[-98.6328,19.1896],[-98.6393,19.1844],[-98.6463,19.1779],[-98.6512,19.1698],[-98.6516,19.1595],[-98.6519,19.1506],[-98.6522,19.1417],[-98.6525,19.1327],[-98.6528,19.1238],[-98.6539,19.1111],[-98.6554,19.0959],[-98.6549,19.0814],[-98.6505,19.0706],[-98.6443,19.063],[-98.6405,19.0556],[-98.6398,19.0475],[-98.6428,19.038],[-98.6438,19.0344],[-98.6446,19.0308],[-98.6455,19.0272],[-98.6464,19.0236]]}},{"type":"Feature","properties":{},"geometry":{"type":"MultiLineString","coordinates":[[[-98.6464,19.0236],[-98.6476,19.0077],[-98.6489,18.9919],[-98.6502,18.9759],[-98.6514,18.96],[-98.6551,18.9461],[-98.6616,18.9453]],[[-98.6616,18.9453],[-98.6693,18.9472]],[[-98.6693,18.9472],[-98.6767,18.9414],[-98.6763,18.9215],[-98.6642,18.9054],[-98.6582,18.8912],[-98.676,18.8776],[-98.6935,18.8631],[-98.7067,18.8464],[-98.7189,18.8289],[-98.7334,18.8119],[-98.7281,18.8082],[-98.7224,18.8045],[-98.7164,18.8015],[-98.7102,18.7994],[-98.7105,18.7969],[-98.7108,18.7944],[-98.7112,18.7919],[-98.7115,18.7893],[-98.7137,18.7823],[-98.7137,18.7759],[-98.7115,18.7702],[-98.7068,18.7653],[-98.7039,18.7629],[-98.7009,18.7605],[-98.6979,18.7579],[-98.6951,18.7555],[-98.6859,18.7433],[-98.6776,18.7303],[-98.6706,18.7165],[-98.6656,18.7023],[-98.6651,18.697],[-98.6661,18.6923],[-98.6687,18.6882],[-98.6727,18.6847],[-98.6914,18.6831]],[[-98.6914,18.6831],[-98.7112,18.6851],[-98.731,18.6887],[-98.75,18.6919]],[[-98.75,18.6919],[-98.7488,18.6819],[-98.7474,18.6719],[-98.7457,18.6619],[-98.7434,18.6519],[-98.7386,18.6373],[-98.7353,18.6222],[-98.7329,18.6069],[-98.73,18.5918],[-98.7289,18.5894],[-98.7278,18.5869],[-98.7267,18.5846],[-98.7254,18.5822],[-98.7125,18.5638],[-98.7031,18.541],[-98.6958,18.5171],[-98.6895,18.4954],[-98.685,18.4805],[-98.6793,18.4596],[-98.6757,18.4397],[-98.6769,18.4275],[-98.6959,18.4229]],[[-98.6959,18.4229],[-98.7179,18.4346],[-98.7394,18.453],[-98.7566,18.4684],[-98.7708,18.4803],[-98.7883,18.4897],[-98.8072,18.4948]],[[-98.8072,18.4948],[-98.8257,18.494],[-98.8384,18.4903],[-98.8525,18.4879],[-98.8663,18.4851],[-98.8778,18.4805],[-98.8863,18.4723],[-98.8924,18.4628],[-98.8996,18.4545],[-98.9114,18.45],[-98.9122,18.4499],[-98.9128,18.4497],[-98.9135,18.4495],[-98.9142,18.4492],[-98.9292,18.4371],[-98.9341,18.4201],[-98.9403,18.4036],[-98.9588,18.393],[-98.9855,18.3865],[-99.0074,18.3781],[-99.0278,18.3663],[-99.0497,18.3499]]]}},{"type":"Feature","properties":{},"geometry":{"type":"MultiLineString","coordinates":[[[-99.0434,21.2683],[-99.0442,21.262],[-99.0449,21.2554],[-99.0455,21.2487],[-99.0459,21.2422],[-99.0456,21.221],[-99.0452,21.198],[-99.0423,21.1758]],[[-99.0423,21.1758],[-99.0519,21.1762],[-99.0665,21.1801]],[[-99.0665,21.1801],[-99.0741,21.1778],[-99.0809,21.1734],[-99.0893,21.1702],[-99.0978,21.1696]],[[-99.0978,21.1696],[-99.1221,21.1713]],[[-99.1221,21.1713],[-99.1521,21.1612],[-99.1974,21.1241],[-99.2279,21.1188]],[[-99.2279,21.1188],[-99.2465,21.1258],[-99.2824,21.1469],[-99.3027,21.1475]],[[-99.3027,21.1475],[-99.3109,21.1431],[-99.328,21.1228],[-99.3376,21.1178],[-99.3561,21.1141],[-99.3641,21.1112],[-99.3804,21.096],[-99.3791,21.0808],[-99.3552,21.043],[-99.3543,21.0278],[-99.3625,21.0127],[-99.383,20.9855],[-99.3883,20.9677],[-99.3915,20.9308],[-99.3979,20.9142],[-99.4061,20.9039],[-99.4155,20.8961],[-99.4715,20.8623],[-99.492,20.8344],[-99.5046,20.8014],[-99.5214,20.7355],[-99.5222,20.7259],[-99.5191,20.7049],[-99.5108,20.6867],[-99.4995,20.6725],[-99.4929,20.6674],[-99.49,20.6611],[-99.5054,20.6589],[-99.5167,20.653],[-99.526,20.6455],[-99.5359,20.6388],[-99.5415,20.6369],[-99.5498,20.6347],[-99.5577,20.6326],[-99.562,20.6308],[-99.5661,20.6241],[-99.5691,20.616],[-99.5725,20.6087],[-99.5777,20.6045]],[[-99.5777,20.6045],[-99.5825,20.6053],[-99.5877,20.6084],[-99.5928,20.6113],[-99.5973,20.6114]],[[-99.5973,20.6114],[-99.6052,20.6056],[-99.6117,20.5983],[-99.6171,20.59],[-99.6216,20.5811],[-99.6308,20.5698],[-99.645,20.562],[-99.6606,20.5598]],[[-99.6606,20.5598],[-99.6741,20.5652]],[[-99.6741,20.5652],[-99.6753,20.5637],[-99.6769,20.562],[-99.6783,20.5605],[-99.6798,20.5591],[-99.7136,20.5542],[-99.75,20.5416],[-99.7862,20.5261],[-99.8195,20.5125],[-99.8194,20.5071],[-99.8192,20.5017],[-99.8192,20.4965],[-99.819,20.4912],[-99.8211,20.4685],[-99.8241,20.4458],[-99.8273,20.4231],[-99.8306,20.4006],[-99.8339,20.3776],[-99.8373,20.3547],[-99.8407,20.3318],[-99.8441,20.3089]]]}},{"type":"Feature","properties":{},"geometry":{"type":"LineString","coordinates":[[-99.8441,20.3089],[-99.8675,20.2948],[-99.8909,20.2806],[-99.9143,20.2665],[-99.9377,20.2523],[-99.9246,20.2373],[-99.9121,20.2222],[-99.9001,20.2067],[-99.8885,20.1905],[-99.9161,20.1893],[-99.9351,20.1833],[-99.9509,20.1709],[-99.9693,20.1502],[-99.9805,20.1369],[-99.9916,20.1236],[-100.0028,20.1103],[-100.014,20.097],[-100.0285,20.0744],[-100.0432,20.0511],[-100.059,20.0288],[-100.077,20.0091],[-100.079,20.0069],[-100.081,20.0046],[-100.0829,20.0023],[-100.0847,20.0],[-100.095,19.9849],[-100.1042,19.9692],[-100.113,19.9534],[-100.1228,19.938]]}},{"type":"Feature","properties":{},"geometry":{"type":"MultiLineString","coordinates":[[[-99.7906,21.4191],[-99.7913,21.4054],[-99.7952,21.3927],[-99.7979,21.3803],[-99.7947,21.3669],[-99.7887,21.3527],[-99.7888,21.3438],[-99.792,21.3353],[-99.7954,21.3224],[-99.7925,21.2914],[-99.7752,21.2774],[-99.749,21.2728],[-99.7197,21.2701],[-99.7086,21.2603],[-99.7075,21.2469],[-99.7139,21.2338],[-99.7255,21.2243],[-99.7385,21.2195],[-99.7507,21.215],[-99.7619,21.2096],[-99.7716,21.202],[-99.7787,21.1916],[-99.7821,21.1823],[-99.7878,21.174],[-99.8014,21.1661],[-99.8269,21.1583],[-99.8566,21.1546]],[[-99.8566,21.1546],[-99.8838,21.1595],[-99.902,21.1774],[-99.9141,21.188],[-99.9283,21.1948],[-99.9439,21.1989],[-99.9598,21.2012]],[[-99.9598,21.2012],[-99.9859,21.2004],[-100.0126,21.1928],[-100.036,21.1786],[-100.0525,21.1582],[-100.0658,21.1249],[-100.0727,21.0888],[-100.0757,21.0517],[-100.0771,21.0158],[-100.0779,20.9926],[-100.0809,20.9684],[-100.087,20.945],[-100.0972,20.9244],[-100.1058,20.9167],[-100.1148,20.9141],[-100.124,20.913],[-100.1329,20.9096],[-100.1403,20.9021],[-100.146,20.893],[-100.1524,20.8846],[-100.1619,20.8788]],[[-100.3222,20.8963],[-100.342,20.8969],[-100.3622,20.9003],[-100.3829,20.9036],[-100.4115,20.9122],[-100.4206,20.9308],[-100.4249,20.9523],[-100.4391,20.9698]],[[-100.4391,20.9698],[-100.4597,20.9675],[-100.4739,20.9506],[-100.4849,20.9283],[-100.4957,20.91],[-100.5104,20.896],[-100.5157,20.8811],[-100.5162,20.8644],[-100.5165,20.8453],[-100.5201,20.8284],[-100.5269,20.8126],[-100.5354,20.7974],[-100.5442,20.7825],[-100.5652,20.7398],[-100.5688,20.6987],[-100.5584,20.6581],[-100.5373,20.6168],[-100.525,20.5988],[-100.5131,20.5807],[-100.5018,20.5624],[-100.4911,20.5434],[-100.4871,20.5069],[-100.4878,20.4708],[-100.4846,20.4356],[-100.4688,20.4019],[-100.4651,20.3974],[-100.4613,20.3928],[-100.4576,20.3882],[-100.4539,20.3836],[-100.4346,20.3633],[-100.4131,20.3434],[-100.3947,20.3217],[-100.3849,20.2961],[-100.374,20.2725],[-100.3558,20.2621],[-100.3377,20.2526],[-100.3274,20.2313],[-100.316,20.2268],[-100.3037,20.2249],[-100.2929,20.2217],[-100.286,20.2134]],[[-100.1619,20.8788],[-100.1832,20.879],[-100.1988,20.891],[-100.2114,20.9084],[-100.2235,20.9249],[-100.2261,20.927],[-100.2288,20.9289],[-100.2318,20.9302],[-100.2349,20.9314],[-100.2538,20.9325]],[[-100.2538,20.9325],[-100.271,20.9245],[-100.2871,20.9126],[-100.3028,20.902],[-100.3222,20.8963]]]}},{"type":"Feature","properties":{},"geometry":{"type":"MultiLineString","coordinates":[[[-100.8284,24.565],[-100.7908,24.5223],[-100.7552,24.4775],[-100.7204,24.4319],[-100.6857,24.3867],[-100.669,24.3692],[-100.6494,24.3501],[-100.6311,24.3305],[-100.6181,24.311],[-100.6103,24.2833],[-100.6076,24.2504],[-100.607,24.2167],[-100.6057,24.187],[-100.6051,24.1343],[-100.6055,24.0801],[-100.6039,24.0262],[-100.5972,23.9744],[-100.5798,23.9305],[-100.5514,23.8924],[-100.5185,23.857],[-100.4876,23.8215],[-100.4803,23.7885],[-100.4779,23.758],[-100.4807,23.728],[-100.4891,23.6968],[-100.4943,23.6616],[-100.489,23.6252],[-100.4783,23.5891],[-100.4676,23.5545],[-100.4635,23.5415],[-100.4587,23.5275],[-100.4548,23.5134],[-100.453,23.4999],[-100.4557,23.4826],[-100.4623,23.466],[-100.4691,23.4496],[-100.4728,23.433],[-100.4709,23.4178],[-100.4657,23.4034],[-100.4598,23.3888],[-100.456,23.3736],[-100.4548,23.3562],[-100.4551,23.3389],[-100.4559,23.3216],[-100.4568,23.3043],[-100.4567,23.2983],[-100.4564,23.2923],[-100.4559,23.2863],[-100.4553,23.2803],[-100.4541,23.2746],[-100.453,23.269],[-100.4518,23.2632],[-100.4506,23.2576],[-100.4393,23.229],[-100.4222,23.2109],[-100.3988,23.2004],[-100.3687,23.195],[-100.3544,23.1922],[-100.34,23.1896]],[[-100.3268,23.2541],[-100.2598,23.2528],[-100.1915,23.2524],[-100.1234,23.2496],[-100.0573,23.2411]],[[-100.34,23.1896],[-100.3291,23.1915],[-100.3251,23.2022],[-100.3253,23.2152],[-100.3256,23.2283],[-100.3261,23.2413],[-100.3268,23.2541]]]}},{"type":"Feature","properties":{},"geometry":{"type":"MultiLineString","coordinates":[[[-102.1138,23.3453],[-102.0938,23.3469],[-102.0726,23.3546],[-102.0521,23.3651],[-102.0344,23.3758],[-101.9997,23.3989],[-101.9675,23.4251],[-101.9385,23.4544],[-101.9132,23.4876],[-101.8888,23.5214],[-101.8604,23.5532],[-101.8283,23.5812],[-101.7927,23.6032],[-101.7767,23.6079],[-101.7596,23.6096],[-101.7429,23.6118],[-101.7279,23.6179],[-101.716,23.6308],[-101.7092,23.6464],[-101.7036,23.6627],[-101.6954,23.6778],[-101.6635,23.7071],[-101.6239,23.7307],[-101.5818,23.751],[-101.5425,23.7702],[-101.4945,23.8013],[-101.4504,23.8336],[-101.4093,23.8694],[-101.37,23.9109],[-101.3536,23.9309],[-101.3358,23.9516],[-101.316,23.9696],[-101.2931,23.9817],[-101.2672,23.9881],[-101.2455,23.9927],[-101.227,24.0027],[-101.2105,24.0252],[-101.1663,24.1051],[-101.117,24.1834],[-101.0659,24.2608],[-101.0166,24.3381],[-100.9942,24.3714],[-100.9704,24.4025],[-100.9423,24.4287],[-100.9069,24.4475],[-100.8697,24.4671],[-100.8516,24.4912],[-100.8416,24.5228],[-100.8284,24.565]],[[-102.1549,23.4081],[-102.1378,23.4057],[-102.1264,23.3953],[-102.127,23.3814],[-102.1321,23.3661],[-102.1313,23.3529],[-102.1138,23.3453]],[[-102.2599,23.265],[-102.2431,23.2655],[-102.2308,23.2779],[-102.2234,23.2979],[-102.2188,23.3198],[-102.2146,23.3382],[-102.2108,23.3529],[-102.2052,23.3749],[-102.1981,23.395],[-102.1904,23.4042],[-102.1738,23.4065],[-102.1549,23.4081]],[[-102.2755,23.2701],[-102.2599,23.265]],[[-101.7617,22.4495],[-101.7901,22.4525],[-101.8132,22.4647],[-101.8327,22.4821],[-101.85,22.5022],[-101.8664,22.5227],[-101.8678,22.5244],[-101.8692,22.5261],[-101.8705,22.5278],[-101.8719,22.5294],[-101.8943,22.5662],[-101.9214,22.6097],[-101.9532,22.6476],[-101.9903,22.667],[-102.0021,22.6674],[-102.0129,22.6709],[-102.0227,22.677],[-102.0314,22.685],[-102.0747,22.7218],[-102.1169,22.757],[-102.1544,22.7959],[-102.1828,22.8437],[-102.1927,22.8671],[-102.2037,22.8906],[-102.215,22.9139],[-102.2267,22.9365],[-102.2399,22.9606],[-102.251,22.9837],[-102.2546,23.0069],[-102.2451,23.0311],[-102.2304,23.0564],[-102.2253,23.0781],[-102.228,23.1008],[-102.2371,23.129],[-102.2414,23.1476],[-102.2461,23.1688],[-102.253,23.189],[-102.2635,23.2049],[-102.2775,23.2139],[-102.291,23.2206],[-102.2997,23.2309],[-102.299,23.2504],[-102.2889,23.269],[-102.2755,23.2701]],[[-101.5205,21.8409],[-101.4792,21.8928],[-101.4377,21.9448],[-101.3964,21.9966],[-101.3549,22.0485],[-101.3453,22.0596],[-101.3341,22.0731],[-101.3252,22.0876],[-101.3224,22.1016],[-101.3257,22.1327],[-101.3291,22.1635],[-101.3324,22.1945],[-101.3358,22.2254],[-101.3456,22.26],[-101.3579,22.2935],[-101.37,22.3269],[-101.3794,22.3608],[-101.3786,22.3824],[-101.373,22.4006],[-101.3619,22.4161],[-101.3453,22.4292],[-101.3267,22.4384],[-101.309,22.4474],[-101.2987,22.4602],[-101.3015,22.4809],[-101.3134,22.5083],[-101.3253,22.5359],[-101.3379,22.5632],[-101.3519,22.5896],[-101.3674,22.604],[-101.3882,22.6091]],[[-101.3882,22.6091],[-101.4109,22.609],[-101.4325,22.6079]],[[-101.4325,22.6079],[-101.4678,22.6084],[-101.512,22.6087]],[[-101.512,22.6087],[-101.5543,22.6031],[-101.5839,22.586],[-101.5987,22.5568],[-101.6115,22.5237],[-101.6302,22.498],[-101.6625,22.4911]],[[-101.6625,22.4911],[-101.6702,22.4914]],[[-101.6702,22.4914],[-101.6779,22.4911],[-101.6854,22.49],[-101.6929,22.4883],[-101.7176,22.4744],[-101.739,22.4591],[-101.7617,22.4495]]]}},{"type":"Feature","properties":{},"geometry":{"type":"MultiLineString","coordinates":[[[-98.5923,21.2122],[-98.5862,21.2454],[-98.5856,21.2806],[-98.5876,21.3161],[-98.5893,21.3498],[-98.5899,21.3631],[-98.5896,21.3715],[-98.5852,21.377],[-98.574,21.3816],[-98.5593,21.3863],[-98.5445,21.3911],[-98.5298,21.3954],[-98.5151,21.3988]],[[-98.9644,21.2977],[-98.9391,21.2912],[-98.9335,21.2855],[-98.9287,21.279],[-98.9247,21.2718],[-98.9215,21.2643],[-98.917,21.2524],[-98.9144,21.2395],[-98.9115,21.2269],[-98.9056,21.2161],[-98.8959,21.2086],[-98.8832,21.2027],[-98.8697,21.1975],[-98.8583,21.1928],[-98.8402,21.184],[-98.8236,21.1769],[-98.8068,21.1743]],[[-99.0434,21.2683],[-99.0251,21.2869],[-98.9959,21.2965],[-98.9644,21.2977]],[[-98.6125,21.2174],[-98.6027,21.2165],[-98.5923,21.2122]],[[-98.6516,21.2012],[-98.6438,21.2013],[-98.6362,21.2034],[-98.6291,21.2071],[-98.6213,21.2144],[-98.6125,21.2174]],[[-98.6898,21.212],[-98.6822,21.21],[-98.6747,21.2078],[-98.6671,21.2053],[-98.6596,21.2028],[-98.6516,21.2012]],[[-98.8068,21.1743],[-98.788,21.1786],[-98.7642,21.1895],[-98.7402,21.2],[-98.7156,21.2082],[-98.6898,21.212]]]}},{"type":"Feature","properties":{},"geometry":{"type":"MultiLineString","coordinates":[[[-99.1975,21.6455],[-99.1961,21.6408],[-99.1947,21.636],[-99.1932,21.6312],[-99.1917,21.6264],[-99.1843,21.6018],[-99.1769,21.5773],[-99.1694,21.5527],[-99.1619,21.5281],[-99.1534,21.5024],[-99.1439,21.4774],[-99.1335,21.4527],[-99.1225,21.4278],[-99.1155,21.4147],[-99.1063,21.3981],[-99.0988,21.3815],[-99.097,21.3679],[-99.1008,21.3485],[-99.1047,21.3291],[-99.1085,21.3097],[-99.1123,21.2903]],[[-99.2849,21.5297],[-99.2771,21.5325],[-99.266,21.5385],[-99.2566,21.5476],[-99.2558,21.558],[-99.2575,21.569],[-99.2558,21.5796],[-99.2398,21.594],[-99.2164,21.6072],[-99.1983,21.6231],[-99.1975,21.6455]],[[-99.3148,21.5388],[-99.3098,21.5384],[-99.3038,21.5358],[-99.2927,21.5306],[-99.2849,21.5297]],[[-99.3932,21.4308],[-99.3812,21.4326],[-99.3753,21.4373],[-99.37,21.4445],[-99.3655,21.4522],[-99.3616,21.4588],[-99.3576,21.4659],[-99.3531,21.4745],[-99.3478,21.4825],[-99.3419,21.4873],[-99.3354,21.4957],[-99.334,21.5088],[-99.3324,21.5228],[-99.3252,21.5339],[-99.3197,21.5373],[-99.3148,21.5388]],[[-99.7201,21.5147],[-99.7076,21.5079],[-99.693,21.501],[-99.6794,21.4928],[-99.67,21.4827],[-99.6641,21.4754],[-99.657,21.471],[-99.6496,21.4672],[-99.6427,21.4614],[-99.6365,21.4504],[-99.6322,21.4378],[-99.6268,21.4267],[-99.6169,21.4199],[-99.607,21.4149],[-99.5993,21.4074],[-99.5917,21.3998],[-99.5823,21.3942],[-99.5702,21.3924]],[[-99.7906,21.4191],[-99.7783,21.447],[-99.766,21.479],[-99.7484,21.505],[-99.7201,21.5147]],[[-99.4189,21.4347],[-99.4059,21.433],[-99.3932,21.4308]],[[-99.5009,21.4026],[-99.4761,21.407],[-99.4625,21.4243],[-99.4552,21.4271],[-99.4477,21.4291],[-99.4399,21.4306],[-99.4321,21.4316],[-99.4189,21.4347]],[[-99.551,21.4042],[-99.5286,21.404],[-99.5009,21.4026]],[[-99.5702,21.3924],[-99.5634,21.3957],[-99.5582,21.4008],[-99.551,21.4042]],[[-99.0936,21.2923],[-99.0753,21.2882],[-99.0584,21.2796],[-99.0434,21.2683]],[[-99.1123,21.2903],[-99.0936,21.2923]]]}},{"type":"Feature","properties":{},"geometry":{"type":"MultiLineString","coordinates":[[[-101.2016,21.7537],[-101.2365,21.7584],[-101.2481,21.7641],[-101.2597,21.772],[-101.2705,21.7811],[-101.2795,21.7906],[-101.2857,21.8039],[-101.2863,21.8185],[-101.2857,21.8332],[-101.2884,21.8473],[-101.3043,21.8668],[-101.326,21.8729]],[[-101.326,21.8729],[-101.3503,21.8696],[-101.3739,21.8609],[-101.3763,21.8596],[-101.3787,21.8584],[-101.3811,21.8571],[-101.3834,21.8558],[-101.4195,21.8343],[-101.4494,21.8221]],[[-101.4494,21.8221],[-101.4806,21.8231],[-101.5205,21.8409]],[[-100.6273,21.4918],[-100.6488,21.5053],[-100.6697,21.5217],[-100.6903,21.5391],[-100.7103,21.5558],[-100.7573,21.5903],[-100.8045,21.6247],[-100.8515,21.6593],[-100.8978,21.6947],[-100.9132,21.7091],[-100.9287,21.7238],[-100.9447,21.7378],[-100.9615,21.7504],[-100.9916,21.7611],[-101.0251,21.7678],[-101.0593,21.7712],[-101.0912,21.7725]],[[-101.0912,21.7725],[-101.1271,21.7681],[-101.1645,21.7593],[-101.2016,21.7537]],[[-99.9154,21.455],[-99.9586,21.4591],[-99.9997,21.4889],[-100.0387,21.5266],[-100.0761,21.5543],[-100.0784,21.5553],[-100.0808,21.5564],[-100.0831,21.5574],[-100.0853,21.5584],[-100.1185,21.5692],[-100.1514,21.5795],[-100.1845,21.5892],[-100.2179,21.5985],[-100.2304,21.6013],[-100.2427,21.6051],[-100.2544,21.6101],[-100.2655,21.6165],[-100.2839,21.6244],[-100.3034,21.6312],[-100.3225,21.6383],[-100.34,21.6469],[-100.3522,21.6534],[-100.3619,21.6568],[-100.3714,21.6592],[-100.3831,21.6629],[-100.3906,21.6679],[-100.3962,21.6738],[-100.404,21.6777]],[[-100.404,21.6777],[-100.4182,21.677],[-100.4287,21.6727],[-100.4391,21.6653],[-100.4485,21.6565],[-100.4557,21.6481],[-100.4632,21.6366],[-100.4691,21.6238],[-100.474,21.6107],[-100.4785,21.5977],[-100.4833,21.5774],[-100.4871,21.5544],[-100.4917,21.5319],[-100.4992,21.5136],[-100.5225,21.497],[-100.5563,21.492]],[[-100.5563,21.492],[-100.5936,21.4924]],[[-100.5936,21.4924],[-100.6273,21.4918]],[[-99.7906,21.4191],[-99.8208,21.4319],[-99.8485,21.4461],[-99.8785,21.4558]],[[-99.8785,21.4558],[-99.9154,21.455]]]}},{"type":"Feature","properties":{},"geometry":{"type":"MultiLineString","coordinates":[[[-96.7281,18.4102],[-96.7322,18.3902],[-96.7395,18.3741],[-96.7492,18.3582],[-96.7601,18.3388],[-96.7688,18.3186],[-96.7775,18.2997],[-96.7895,18.2837],[-96.8087,18.2722],[-96.8146,18.2681],[-96.8208,18.2646],[-96.8273,18.2616],[-96.8341,18.2592],[-96.8498,18.2545],[-96.8659,18.2502],[-96.8811,18.244],[-96.8942,18.2341],[-96.898,18.2311],[-96.9017,18.2279],[-96.9048,18.2243],[-96.9076,18.2204],[-96.9126,18.2161],[-96.9174,18.2118],[-96.9222,18.2074],[-96.927,18.203],[-96.9315,18.197],[-96.936,18.1911],[-96.9405,18.1852],[-96.945,18.1794],[-96.9462,18.1781],[-96.9473,18.1767],[-96.9484,18.1751],[-96.9492,18.1736],[-96.9531,18.1659],[-96.9574,18.1585],[-96.9621,18.1514],[-96.9672,18.1445],[-96.9946,18.1235],[-97.0257,18.1223]],[[-97.4531,17.9783],[-97.4679,17.9802],[-97.4814,17.9853],[-97.493,17.9937],[-97.502,18.0058],[-97.509,18.0175],[-97.5174,18.0283],[-97.5257,18.0391],[-97.532,18.0508],[-97.5344,18.0655],[-97.5343,18.0809],[-97.5363,18.0948],[-97.5453,18.1055],[-97.5542,18.111],[-97.563,18.1166],[-97.5717,18.1224],[-97.58,18.1286],[-97.5964,18.1372],[-97.6131,18.1459],[-97.6283,18.1565],[-97.6402,18.1705],[-97.6425,18.2022],[-97.6321,18.2442],[-97.6171,18.2868],[-97.6056,18.3204],[-97.6061,18.3604]],[[-97.6061,18.3604],[-97.6353,18.3475],[-97.6729,18.3185],[-97.6986,18.3107]],[[-97.6986,18.3107],[-97.712,18.3147]],[[-97.712,18.3147],[-97.7249,18.3022],[-97.736,18.2832],[-97.7443,18.2675],[-97.7546,18.2512],[-97.7641,18.2345],[-97.7736,18.2176],[-97.7837,18.2011],[-97.7902,18.189],[-97.7977,18.1776],[-97.8054,18.1664],[-97.8125,18.1547],[-97.8178,18.137],[-97.8137,18.1201],[-97.8027,18.1058],[-97.7876,18.0954],[-97.7849,18.0939],[-97.7823,18.0923],[-97.7798,18.0904],[-97.7776,18.0882],[-97.7667,18.0783],[-97.7564,18.0674],[-97.7472,18.0555],[-97.7395,18.043],[-97.7363,18.0337],[-97.734,18.0242],[-97.7327,18.0145],[-97.7325,18.0048],[-97.7385,17.9943],[-97.7463,17.9855],[-97.7553,17.9779],[-97.765,17.9707],[-97.7747,17.9605],[-97.785,17.9511],[-97.7961,17.9427],[-97.8081,17.9352],[-97.8205,17.9306],[-97.8329,17.9258],[-97.8452,17.9208],[-97.8576,17.9155]],[[-97.0257,18.1223],[-97.0591,18.1312],[-97.0932,18.141],[-97.095,18.1412],[-97.0969,18.1415],[-97.0987,18.1417],[-97.1006,18.1419],[-97.1185,18.1465],[-97.1347,18.1521],[-97.1503,18.1593],[-97.1668,18.1682],[-97.1879,18.1763],[-97.208,18.1769]],[[-97.208,18.1769],[-97.2285,18.1735],[-97.2509,18.1697],[-97.2533,18.1691],[-97.2556,18.1683],[-97.258,18.1675],[-97.2602,18.1666],[-97.3136,18.1446],[-97.3556,18.111],[-97.3881,18.0677],[-97.4134,18.0166],[-97.4186,18.0025],[-97.427,17.9901],[-97.4385,17.9814],[-97.4531,17.9783]],[[-97.8576,17.9155],[-97.8736,17.9165],[-97.8841,17.9246],[-97.8907,17.9374],[-97.8952,17.9526],[-97.8975,17.9596],[-97.8992,17.9667],[-97.9006,17.9738],[-97.9014,17.9812],[-97.9026,17.9932],[-97.9045,18.0083],[-97.9081,18.0226],[-97.9144,18.032],[-97.9251,18.0358]],[[-97.9251,18.0358],[-97.9368,18.035],[-97.9488,18.0322],[-97.9601,18.0302],[-97.9691,18.0283],[-97.978,18.0264],[-97.987,18.0248],[-97.996,18.0233],[-98.0055,18.0227],[-98.0148,18.0224],[-98.0242,18.0224]],[[-98.0242,18.0224],[-98.0337,18.0226],[-98.0501,18.0233],[-98.0664,18.024],[-98.0829,18.0247],[-98.0993,18.0254],[-98.1082,18.0256],[-98.1172,18.0258],[-98.1261,18.0261],[-98.1351,18.0263]],[[-98.1351,18.0263],[-98.149,18.0263],[-98.1621,18.0239],[-98.1731,18.0175],[-98.1811,18.0059],[-98.1951,17.9731],[-98.2156,17.9384],[-98.2428,17.9138],[-98.2773,17.9111]],[[-98.2773,17.9111],[-98.2855,17.9137],[-98.2936,17.9167],[-98.3017,17.9199],[-98.3098,17.923]],[[-98.3098,17.923],[-98.3141,17.9193],[-98.3183,17.9157],[-98.3226,17.9119],[-98.3269,17.9083],[-98.3322,17.9043],[-98.3374,17.9003],[-98.3426,17.8963],[-98.3478,17.8922]]]}},{"type":"Feature","properties":{},"geometry":{"type":"MultiLineString","coordinates":[[[-102.2863,21.6701],[-102.2589,21.6707],[-102.2312,21.6777],[-102.207,21.6915],[-102.1867,21.709],[-102.1674,21.7275],[-102.1458,21.7443],[-102.1217,21.754],[-102.099,21.7589],[-102.0799,21.7679],[-102.0668,21.7901],[-102.0625,21.8165],[-102.0591,21.8433],[-102.0491,21.8659],[-102.025,21.8797],[-101.998,21.8878],[-101.982,21.9039],[-101.9676,21.921],[-101.9458,21.9319],[-101.9136,21.9413],[-101.8917,21.9557],[-101.8741,21.9762],[-101.8547,22.0043],[-101.8527,22.0078],[-101.8504,22.0112],[-101.848,22.0144],[-101.8454,22.0175]],[[-102.6614,21.7778],[-102.6303,21.773],[-102.589,21.7528],[-102.5524,21.728],[-102.5142,21.7061],[-102.468,21.6946],[-102.4368,21.6908],[-102.4055,21.686],[-102.3742,21.681],[-102.3429,21.6767],[-102.3141,21.6731],[-102.2863,21.6701]],[[-102.7605,21.7488],[-102.7304,21.7593],[-102.6961,21.7711],[-102.6614,21.7778]]]}},{"type":"Feature","properties":{},"geometry":{"type":"MultiLineString","coordinates":[[[-103.8521,22.1794],[-103.8608,22.1884],[-103.8714,22.2074],[-103.8804,22.2298],[-103.8845,22.2489],[-103.8875,22.2676],[-103.8901,22.2861],[-103.8919,22.3047],[-103.8924,22.3237],[-103.889,22.3445],[-103.8818,22.3595],[-103.8735,22.3737],[-103.8668,22.3919],[-103.8664,22.4087],[-103.8718,22.4234],[-103.8799,22.4373],[-103.8874,22.4519],[-103.8874,22.4671],[-103.8772,22.4767],[-103.8636,22.4838],[-103.8537,22.4914],[-103.8479,22.5057],[-103.8474,22.5204],[-103.8496,22.5355],[-103.8525,22.5508],[-103.8513,22.5685],[-103.8426,22.5802],[-103.8284,22.5894],[-103.8111,22.5998],[-103.795,22.624],[-103.7867,22.6612],[-103.7827,22.7014],[-103.7788,22.7347],[-103.8298,22.7439],[-103.881,22.7531],[-103.9321,22.7623],[-103.9832,22.7716]],[[-103.9832,22.7716],[-103.9847,22.7357],[-103.9863,22.6999],[-103.9879,22.6641],[-103.9894,22.6282],[-103.9918,22.5969],[-103.9918,22.5743],[-103.9838,22.556],[-103.9619,22.5374],[-103.9377,22.5203],[-103.9269,22.507],[-103.9261,22.4902],[-103.9314,22.4622],[-103.9356,22.4414],[-103.9398,22.4206],[-103.944,22.3997],[-103.9482,22.3788],[-103.9522,22.3695],[-103.9588,22.3648],[-103.968,22.3623],[-103.9793,22.3596],[-104.0296,22.3512],[-104.0811,22.3484],[-104.1318,22.3434],[-104.1801,22.3288],[-104.2175,22.3125],[-104.2551,22.2974],[-104.2926,22.2819],[-104.3298,22.2644]],[[-103.6982,22.591],[-103.7122,22.5919],[-103.7188,22.597],[-103.7227,22.6038],[-103.728,22.6064]],[[-103.728,22.6064],[-103.7388,22.5989],[-103.7611,22.5596],[-103.775,22.5104],[-103.7844,22.4595],[-103.7932,22.4149],[-103.8069,22.3605],[-103.8207,22.3061],[-103.8345,22.2517],[-103.8482,22.1973],[-103.8492,22.1929],[-103.8502,22.1884],[-103.8511,22.1839],[-103.8521,22.1794]],[[-103.6421,22.1128],[-103.6582,22.1172],[-103.6783,22.1369],[-103.6778,22.1647],[-103.6724,22.1842],[-103.6631,22.22],[-103.6633,22.2394],[-103.6662,22.2589],[-103.6714,22.2779],[-103.6786,22.2958],[-103.6832,22.3101],[-103.683,22.322],[-103.6796,22.3342],[-103.6743,22.3493],[-103.6654,22.3829],[-103.6504,22.4345],[-103.6311,22.48],[-103.6092,22.4948],[-103.6085,22.5038],[-103.6075,22.5142],[-103.608,22.5244],[-103.6111,22.5326],[-103.618,22.5359],[-103.6282,22.5371],[-103.6383,22.5387],[-103.645,22.5434],[-103.6458,22.5544],[-103.6416,22.5663],[-103.639,22.5781],[-103.6449,22.5889],[-103.6569,22.5913],[-103.6772,22.5915]],[[-103.6772,22.5915],[-103.6982,22.591]],[[-103.1891,22.3222],[-103.1867,22.3354],[-103.1829,22.3537],[-103.1812,22.3709],[-103.1852,22.3805],[-103.2008,22.389],[-103.216,22.3985],[-103.2309,22.4085],[-103.2458,22.4182],[-103.2784,22.442],[-103.3105,22.466],[-103.3419,22.4908],[-103.3728,22.5168]],[[-103.3728,22.5168],[-103.3756,22.5133],[-103.3784,22.5096],[-103.381,22.5056],[-103.3829,22.5015],[-103.3936,22.4845],[-103.4033,22.4668],[-103.4123,22.4488],[-103.4213,22.4307],[-103.4271,22.4176],[-103.4268,22.4101],[-103.4202,22.4055],[-103.4066,22.4012],[-103.3986,22.3945],[-103.3959,22.3847],[-103.3924,22.3761],[-103.382,22.3725],[-103.3702,22.3715],[-103.3604,22.3675],[-103.3557,22.3601],[-103.3586,22.3488],[-103.3668,22.3438],[-103.3751,22.3392],[-103.3832,22.3343],[-103.3908,22.3287],[-103.4015,22.306],[-103.4023,22.2799],[-103.4064,22.259],[-103.4268,22.2517],[-103.4476,22.2418],[-103.4616,22.2161],[-103.4717,22.1856],[-103.4808,22.1619],[-103.4886,22.1349],[-103.4999,22.1243]],[[-103.0924,22.2983],[-103.097,22.3112],[-103.0982,22.3219],[-103.1022,22.3307],[-103.1151,22.3378],[-103.1318,22.3383]],[[-103.1318,22.3383],[-103.1516,22.3333],[-103.1717,22.3265],[-103.1891,22.3222]],[[-103.205,21.9774],[-103.1863,21.9801],[-103.1695,21.987],[-103.1561,21.9984],[-103.1474,22.0148],[-103.1384,22.0416],[-103.1293,22.0567],[-103.1147,22.0657],[-103.0895,22.0746],[-103.0847,22.086],[-103.0826,22.0989],[-103.083,22.1121],[-103.0859,22.1246],[-103.1036,22.1348],[-103.119,22.1354],[-103.1292,22.1403],[-103.1307,22.1634],[-103.1271,22.1741],[-103.1167,22.1775],[-103.1033,22.1785],[-103.0908,22.182],[-103.079,22.1928],[-103.0691,22.2076],[-103.0607,22.2237],[-103.0528,22.2379],[-103.0457,22.2515],[-103.0394,22.2694],[-103.0377,22.2874],[-103.0442,22.3015],[-103.055,22.306]],[[-103.055,22.306],[-103.0671,22.3042],[-103.0798,22.3002],[-103.0924,22.2983]],[[-103.5347,22.1454],[-103.5694,22.1517]],[[-103.5694,22.1517],[-103.5784,22.1485],[-103.5946,22.1303],[-103.6031,22.1232],[-103.6166,22.1175],[-103.6421,22.1128]],[[-103.4999,22.1243],[-103.5032,22.1344],[-103.5097,22.1423],[-103.52,22.1465]],[[-103.52,22.1465],[-103.5347,22.1454]],[[-103.2638,21.9882],[-103.2352,21.9809],[-103.205,21.9774]],[[-103.6439,21.4868],[-103.6261,21.4984],[-103.6125,21.5177],[-103.6016,21.5395],[-103.5919,21.5587],[-103.569,21.5756],[-103.5407,21.5866],[-103.5193,21.6003],[-103.5167,21.6253],[-103.5172,21.657],[-103.5176,21.6972],[-103.5219,21.7359],[-103.5345,21.7635],[-103.5424,21.7897],[-103.5268,21.8172],[-103.5008,21.8426],[-103.4773,21.8626],[-103.4583,21.8793],[-103.4393,21.896],[-103.4202,21.9126],[-103.4007,21.9288],[-103.3891,21.9335],[-103.377,21.9366],[-103.3646,21.9381],[-103.3521,21.9381],[-103.3397,21.9391],[-103.328,21.9429],[-103.3178,21.9496],[-103.3096,21.9589],[-103.289,21.9855],[-103.2638,21.9882]],[[-102.7605,21.7488],[-102.7629,21.7373],[-102.7654,21.7258],[-102.7678,21.7143],[-102.7702,21.7028],[-102.776,21.6808],[-102.7825,21.6538],[-102.7844,21.6275],[-102.7762,21.6078],[-102.7562,21.6023],[-102.7413,21.595],[-102.7275,21.5866],[-102.7107,21.5772],[-102.6931,21.574]],[[-102.655,21.5757],[-102.6405,21.5683],[-102.6341,21.5342],[-102.6471,21.4873],[-102.6673,21.4408],[-102.6825,21.4075],[-102.6839,21.4041],[-102.6857,21.401],[-102.6878,21.398],[-102.6902,21.3953],[-102.6992,21.3868],[-102.7101,21.3828],[-102.7219,21.3805],[-102.7336,21.376],[-102.74,21.3703],[-102.7449,21.3634],[-102.7502,21.3566],[-102.7578,21.3511],[-102.7686,21.3387],[-102.771,21.3219],[-102.774,21.3056],[-102.7866,21.295],[-102.8083,21.2929]],[[-102.6931,21.574],[-102.6736,21.5756],[-102.655,21.5757]],[[-103.7339,21.5249],[-103.7126,21.5143],[-103.6896,21.4996],[-103.6663,21.4879],[-103.6439,21.4868]],[[-103.7362,21.2272],[-103.747,21.2284],[-103.7499,21.2411],[-103.7484,21.2651],[-103.7484,21.2862],[-103.7465,21.2973],[-103.7396,21.305],[-103.7243,21.3162],[-103.7139,21.3295],[-103.708,21.3475],[-103.7052,21.3669],[-103.7043,21.3842],[-103.7075,21.4209],[-103.7143,21.4556],[-103.7235,21.4898],[-103.7339,21.5249]],[[-102.8083,21.2929],[-102.8106,21.3026],[-102.8049,21.3172],[-102.8026,21.3298],[-102.8147,21.3415]],[[-102.8147,21.3415],[-102.8321,21.338],[-102.8498,21.3264],[-102.8627,21.3141],[-102.8863,21.2949],[-102.9149,21.2823],[-102.9458,21.2766]],[[-102.9458,21.2766],[-102.9764,21.278],[-102.9993,21.2847],[-103.0241,21.2914]],[[-103.0241,21.2914],[-103.045,21.2883],[-103.0559,21.2658],[-103.0554,21.2493],[-103.0547,21.2329],[-103.0541,21.2164],[-103.0535,21.1999],[-103.0504,21.1675],[-103.0464,21.1203],[-103.0475,21.074],[-103.0596,21.0445],[-103.083,21.0418]],[[-103.5914,21.193],[-103.6113,21.1978],[-103.6256,21.2089],[-103.6294,21.2217],[-103.6306,21.2368],[-103.6371,21.2546],[-103.6534,21.2647]],[[-103.6534,21.2647],[-103.6744,21.2603],[-103.696,21.2487],[-103.7136,21.2379],[-103.7362,21.2272]],[[-103.4491,21.1587],[-103.4649,21.1621],[-103.4803,21.1741],[-103.4934,21.1867],[-103.508,21.1961],[-103.5279,21.1983]],[[-103.5279,21.1983],[-103.5481,21.1966],[-103.5699,21.1937],[-103.5914,21.193]],[[-103.1942,21.0678],[-103.2317,21.0791],[-103.2684,21.0988],[-103.2997,21.1165],[-103.307,21.1203],[-103.3144,21.124],[-103.3217,21.1278],[-103.3291,21.1316],[-103.3463,21.141],[-103.3638,21.1504],[-103.382,21.158],[-103.401,21.1624]],[[-103.401,21.1624],[-103.4173,21.1621],[-103.4332,21.1597],[-103.4491,21.1587]],[[-103.083,21.0418],[-103.1094,21.057],[-103.1363,21.0738],[-103.1607,21.0757]],[[-103.1607,21.0757],[-103.1942,21.0678]]]}},{"type":"Feature","properties":{},"geometry":{"type":"MultiLineString","coordinates":[[[-101.7386,21.9571],[-101.7642,21.9628],[-101.7866,21.9775],[-101.8079,21.9954],[-101.83,22.0111],[-101.8339,22.0127],[-101.8377,22.0143],[-101.8415,22.0159],[-101.8454,22.0175]],[[-101.5599,21.8777],[-101.5779,21.8809],[-101.5926,21.8961],[-101.6069,21.9153],[-101.6231,21.9307],[-101.6363,21.9392],[-101.6501,21.9484],[-101.6644,21.9565],[-101.6789,21.9621],[-101.6935,21.9634]],[[-101.6935,21.9634],[-101.7085,21.9615],[-101.7237,21.9587],[-101.7386,21.9571]],[[-101.5205,21.8409],[-101.5233,21.8636],[-101.5288,21.8765],[-101.5399,21.8809]],[[-101.5399,21.8809],[-101.5599,21.8777]]]}},{"type":"Feature","properties":{},"geometry":{"type":"MultiLineString","coordinates":[[[-101.5205,21.8409],[-101.539,21.8233],[-101.5614,21.8018],[-101.5797,21.7785],[-101.5862,21.7551],[-101.5788,21.7311],[-101.5643,21.7098],[-101.5476,21.6896],[-101.5334,21.6684],[-101.5383,21.6369],[-101.5733,21.6107],[-101.6151,21.5847],[-101.6401,21.5534],[-101.6369,21.5167],[-101.6184,21.485],[-101.5944,21.4552],[-101.5746,21.4243],[-101.5682,21.4057],[-101.5665,21.3863],[-101.5682,21.3667],[-101.5727,21.3476],[-101.5903,21.3185],[-101.6114,21.2942],[-101.6356,21.2723],[-101.6621,21.2511],[-101.6744,21.2426],[-101.6875,21.2361],[-101.7015,21.232],[-101.7162,21.2307]],[[-101.7162,21.2307],[-101.7322,21.2316],[-101.7525,21.2323]],[[-101.7525,21.2323],[-101.7719,21.2301],[-101.7854,21.2218],[-101.7925,21.2105],[-101.7989,21.1989],[-101.8054,21.1873],[-101.813,21.1763],[-101.8261,21.1653],[-101.8412,21.1574],[-101.855,21.1484],[-101.8644,21.134],[-101.8686,21.1246],[-101.8729,21.1154],[-101.8777,21.1065],[-101.8832,21.0981],[-101.9175,21.0613],[-101.9482,21.0215],[-101.9769,20.98],[-102.005,20.938],[-102.0151,20.9216],[-102.0253,20.9052],[-102.0355,20.8889],[-102.0456,20.8725],[-102.0487,20.8668],[-102.0517,20.8611],[-102.0548,20.8554],[-102.0578,20.8497],[-102.0733,20.8217],[-102.0879,20.7907],[-102.0944,20.759],[-102.0851,20.7293],[-102.0618,20.7046],[-102.0346,20.6845],[-102.0072,20.6645],[-101.9834,20.6404],[-101.9816,20.6376],[-101.9799,20.6347],[-101.9783,20.6316],[-101.9769,20.6286],[-101.9675,20.5874],[-101.9806,20.5553],[-102.0064,20.5277],[-102.035,20.5],[-102.0607,20.4683],[-102.0807,20.4364],[-102.0971,20.4027],[-102.0997,20.3868]]]}},{"type":"Feature","properties":{},"geometry":{"type":"MultiLineString","coordinates":[[[-100.6236,18.8706],[-100.5848,18.8591],[-100.5474,18.8497],[-100.5094,18.8441]],[[-100.4693,18.8441],[-100.4552,18.8436],[-100.4479,18.8386],[-100.4451,18.8284],[-100.4445,18.812],[-100.441,18.8022],[-100.4339,18.7948],[-100.4276,18.7867],[-100.4268,18.775],[-100.4379,18.7548],[-100.4465,18.7367],[-100.448,18.718],[-100.4379,18.696],[-100.4318,18.6836],[-100.431,18.6723],[-100.4324,18.6608],[-100.4329,18.6474],[-100.4299,18.6365],[-100.4235,18.6264],[-100.4153,18.6173],[-100.4071,18.6093],[-100.3897,18.5927],[-100.3711,18.5749],[-100.356,18.5551],[-100.3495,18.5327],[-100.3519,18.5073],[-100.3612,18.4804],[-100.3665,18.4554],[-100.3565,18.4361],[-100.3486,18.4291],[-100.3408,18.4205],[-100.3335,18.4113],[-100.3269,18.4028],[-100.3164,18.3944],[-100.3025,18.39],[-100.2878,18.3893]],[[-100.5094,18.8441],[-100.4693,18.8441]],[[-99.6603,18.7638],[-99.6398,18.7559],[-99.6214,18.7357],[-99.6034,18.7178],[-99.5908,18.7138],[-99.5838,18.7068],[-99.5793,18.6974],[-99.5743,18.6864],[-99.56,18.676],[-99.5368,18.6703],[-99.5127,18.6696]],[[-99.7848,18.6218],[-99.7685,18.6368],[-99.7578,18.6476],[-99.7555,18.6581],[-99.7559,18.6691],[-99.7536,18.6815],[-99.7473,18.6918],[-99.7394,18.6989],[-99.7305,18.7054],[-99.7211,18.7134],[-99.7119,18.7212],[-99.7026,18.7289],[-99.6935,18.7368],[-99.6844,18.7447],[-99.6603,18.7638]],[[-99.5127,18.6696],[-99.4955,18.6741]],[[-99.8497,18.6633],[-99.8344,18.66],[-99.8187,18.6485],[-99.8068,18.6341],[-99.7966,18.6231],[-99.7848,18.6218]],[[-100.2878,18.3893],[-100.2748,18.392],[-100.2637,18.3999],[-100.2567,18.41],[-100.249,18.419],[-100.2361,18.4234],[-100.2142,18.4405],[-100.192,18.4568],[-100.1699,18.4734],[-100.1479,18.4913],[-100.1258,18.5141],[-100.1086,18.5391],[-100.0939,18.5662],[-100.0797,18.5952],[-100.0781,18.599],[-100.0759,18.6031],[-100.0734,18.6067],[-100.0712,18.6096],[-100.051,18.6124],[-100.0308,18.6159],[-100.0109,18.6202],[-99.9912,18.6259],[-99.9712,18.6333],[-99.9508,18.6395],[-99.9302,18.6452],[-99.9097,18.6513],[-99.9045,18.6534],[-99.899,18.6551],[-99.8934,18.6563],[-99.8877,18.6571],[-99.8666,18.6612],[-99.8497,18.6633]]]}},{"type":"Feature","properties":{},"geometry":{"type":"MultiLineString","coordinates":[[[-99.4955,18.6741],[-99.5042,18.6562],[-99.5107,18.6382],[-99.5074,18.6241],[-99.4868,18.6179],[-99.4676,18.6147],[-99.4631,18.5983],[-99.4578,18.5808],[-99.4363,18.5744],[-99.4298,18.5641],[-99.4234,18.5522],[-99.4169,18.5399],[-99.41,18.5281],[-99.4012,18.5163],[-99.3903,18.5058],[-99.3776,18.4991],[-99.3632,18.4989],[-99.3446,18.498],[-99.3391,18.4817],[-99.3379,18.4624],[-99.3314,18.4529],[-99.3096,18.4521],[-99.2879,18.4515]],[[-99.1967,18.5579],[-99.1702,18.5559],[-99.1615,18.5529],[-99.1546,18.5492],[-99.1505,18.543],[-99.1492,18.5329],[-99.1465,18.5202],[-99.1448,18.5079],[-99.1415,18.4966],[-99.1342,18.4869],[-99.1269,18.4804],[-99.1213,18.4739],[-99.1173,18.4663],[-99.1151,18.4564],[-99.1025,18.4286],[-99.0802,18.4077],[-99.059,18.3846],[-99.0497,18.3499]],[[-99.2879,18.4515],[-99.2664,18.4519],[-99.2447,18.4539],[-99.2406,18.4639],[-99.238,18.4762],[-99.2363,18.4894],[-99.2347,18.502],[-99.2283,18.5262],[-99.2159,18.5464],[-99.1967,18.5579]]]}},{"type":"Feature","properties":{},"geometry":{"type":"MultiLineString","coordinates":[[[-99.0497,18.3499],[-99.0466,18.334],[-99.047,18.319],[-99.0482,18.3043],[-99.0473,18.2889],[-99.0424,18.2759],[-99.0356,18.2647],[-99.0307,18.2527],[-99.0314,18.2377]],[[-99.0017,18.243],[-99.0027,18.2295],[-99.0007,18.2165],[-98.9954,18.2047],[-98.9861,18.1949],[-98.9692,18.1855]],[[-99.0314,18.2377],[-99.024,18.239],[-99.0166,18.2404],[-99.0091,18.2417],[-99.0017,18.243]],[[-98.9425,18.2005],[-98.9301,18.1951],[-98.9283,18.1757],[-98.9266,18.1561],[-98.9205,18.1399],[-98.9055,18.1309],[-98.8876,18.1286],[-98.8626,18.1259],[-98.84,18.1219],[-98.8295,18.1163],[-98.8156,18.0696],[-98.7884,18.0342],[-98.7505,18.0085],[-98.7051,17.9907],[-98.6848,17.9854],[-98.6647,17.9811],[-98.6444,17.9771],[-98.624,17.9729],[-98.615,17.9685],[-98.6057,17.9645],[-98.5963,17.9612],[-98.5867,17.9584],[-98.5552,17.9519],[-98.5218,17.9498]],[[-98.9692,18.1855],[-98.9551,18.1923],[-98.9425,18.2005]],[[-98.4273,17.964],[-98.417,17.9603],[-98.4043,17.9494],[-98.3902,17.9352],[-98.3761,17.9208],[-98.3619,17.9066],[-98.3478,17.8922]],[[-98.5218,17.9498],[-98.4884,17.9521],[-98.457,17.9592],[-98.4394,17.9629],[-98.4273,17.964]]]}},{"type":"Feature","properties":{},"geometry":{"type":"MultiLineString","coordinates":[[[-98.3478,17.8922],[-98.3314,17.8727],[-98.328,17.858],[-98.3338,17.8419],[-98.3448,17.8185],[-98.3516,17.8003],[-98.3572,17.7815],[-98.3618,17.7624],[-98.3656,17.7433],[-98.3691,17.7302],[-98.3729,17.7173],[-98.3764,17.7044],[-98.3792,17.6912],[-98.3845,17.6663],[-98.3887,17.6406],[-98.3865,17.6172],[-98.3723,17.5991],[-98.3658,17.5945],[-98.3623,17.5897],[-98.3625,17.5845],[-98.3669,17.579],[-98.3772,17.5682],[-98.3802,17.5555],[-98.3784,17.5416],[-98.374,17.5278],[-98.3709,17.5249],[-98.3679,17.522],[-98.3649,17.5191],[-98.3618,17.5163],[-98.3598,17.5143],[-98.3577,17.5123],[-98.3556,17.5103],[-98.3535,17.5084],[-98.3467,17.5013],[-98.3401,17.494],[-98.3338,17.4865],[-98.3277,17.4788],[-98.3237,17.4648],[-98.325,17.4508],[-98.329,17.437],[-98.3327,17.4242],[-98.3317,17.4223],[-98.3306,17.4205],[-98.3293,17.4187],[-98.3279,17.4171],[-98.3177,17.3967],[-98.3202,17.3776],[-98.3273,17.3583],[-98.3308,17.3372],[-98.3248,17.3175],[-98.3111,17.3071],[-98.2927,17.3011],[-98.2722,17.2945],[-98.2583,17.2732],[-98.2445,17.2453],[-98.2276,17.2229],[-98.2046,17.2182]],[[-98.176,17.2198],[-98.1619,17.2191],[-98.1496,17.2151],[-98.1461,17.2114],[-98.1427,17.2078],[-98.1392,17.2041],[-98.1358,17.2004],[-98.1029,17.1634],[-98.0721,17.1249],[-98.0425,17.0856],[-98.0131,17.0456],[-98.0069,17.0362],[-98.003,17.0259],[-98.0017,17.015],[-98.0033,17.004],[-98.0056,16.9931],[-98.0091,16.9824],[-98.0134,16.9721],[-98.0184,16.9621],[-98.0262,16.9483],[-98.0347,16.935],[-98.0439,16.9224],[-98.054,16.9101],[-98.059,16.9004],[-98.0589,16.8909],[-98.0576,16.8806],[-98.059,16.8686],[-98.0617,16.8505],[-98.0646,16.8325],[-98.0676,16.8145],[-98.07,16.7964],[-98.0729,16.7791],[-98.0787,16.7663],[-98.0882,16.7559],[-98.1026,16.7464],[-98.1046,16.7425],[-98.1066,16.7387],[-98.1089,16.735],[-98.1112,16.7313],[-98.1163,16.7272],[-98.1219,16.7236],[-98.1279,16.7206],[-98.1342,16.7183],[-98.148,16.7108],[-98.1606,16.7053],[-98.1738,16.703]],[[-98.2046,17.2182],[-98.1906,17.2189],[-98.176,17.2198]],[[-98.1738,16.703],[-98.1895,16.7052],[-98.2028,16.7081],[-98.2152,16.7089]],[[-98.2152,16.7089],[-98.2274,16.7071],[-98.2402,16.7026],[-98.2334,16.674],[-98.2239,16.6461],[-98.2197,16.6181],[-98.2284,16.5891],[-98.2302,16.5864],[-98.232,16.5836],[-98.2338,16.581],[-98.2356,16.5783],[-98.256,16.5711]],[[-98.256,16.5711],[-98.2723,16.5726],[-98.2882,16.5767],[-98.3074,16.5777]],[[-98.3074,16.5777],[-98.3332,16.5661],[-98.3459,16.5473],[-98.3455,16.5245],[-98.3317,16.501],[-98.3153,16.4675],[-98.3219,16.4372],[-98.3426,16.4097],[-98.3685,16.3852],[-98.3933,16.3721],[-98.4189,16.3686],[-98.4456,16.3684],[-98.4737,16.3658],[-98.4992,16.3594],[-98.5194,16.3507],[-98.537,16.3381],[-98.5525,16.3217],[-98.5545,16.3183]]]}},{"type":"Feature","properties":{},"geometry":{"type":"MultiLineString","coordinates":[[[-100.1228,19.938],[-100.1249,19.9252],[-100.127,19.9123],[-100.1295,19.8996],[-100.1326,19.8871],[-100.1374,19.8704],[-100.1423,19.8537],[-100.1471,19.837],[-100.152,19.8203],[-100.1568,19.8043],[-100.1616,19.7883],[-100.1665,19.7723],[-100.1712,19.7563],[-100.172,19.7441],[-100.1686,19.7323],[-100.165,19.7211],[-100.1655,19.7106],[-100.1698,19.6994],[-100.174,19.6881],[-100.1782,19.6768],[-100.1825,19.6655],[-100.1854,19.6576],[-100.1883,19.6497],[-100.1911,19.6417],[-100.194,19.6338],[-100.1991,19.6166],[-100.2043,19.5994],[-100.2095,19.5822],[-100.2145,19.565],[-100.2117,19.5563],[-100.2084,19.5474],[-100.205,19.5386],[-100.2015,19.5299],[-100.2003,19.5266],[-100.199,19.5234],[-100.1978,19.5202],[-100.1964,19.517],[-100.1901,19.4994],[-100.1834,19.4811],[-100.1748,19.4641],[-100.1627,19.4502],[-100.1464,19.4358],[-100.1586,19.4198],[-100.1822,19.406],[-100.2,19.3976],[-100.2259,19.3829],[-100.2518,19.3682],[-100.2776,19.3535],[-100.3035,19.3388],[-100.3102,19.3348],[-100.3168,19.3309],[-100.3234,19.3268],[-100.3301,19.3229],[-100.3242,19.3139],[-100.3183,19.3048],[-100.3124,19.2958],[-100.3065,19.2867],[-100.3052,19.2848],[-100.3039,19.2829],[-100.3027,19.281],[-100.3014,19.2791],[-100.296,19.2681],[-100.2988,19.2585],[-100.3065,19.2493],[-100.3154,19.2395],[-100.3281,19.2238],[-100.3407,19.2081],[-100.3534,19.1924],[-100.3661,19.1767],[-100.3739,19.1667],[-100.3817,19.1567],[-100.3896,19.1468],[-100.3974,19.1369],[-100.408,19.1234],[-100.4186,19.1098],[-100.4292,19.0963],[-100.4398,19.0827],[-100.4499,19.0706],[-100.4602,19.059],[-100.4706,19.0475],[-100.4809,19.0357],[-100.4927,19.0265],[-100.5057,19.0156],[-100.5167,19.0035],[-100.5229,18.9907],[-100.5237,18.9766],[-100.5236,18.9619],[-100.5273,18.9494],[-100.5394,18.9417],[-100.5511,18.937],[-100.5649,18.9285],[-100.5774,18.918],[-100.5855,18.907],[-100.5905,18.8991],[-100.5952,18.8978]],[[-100.5952,18.8978],[-100.6003,18.8986]],[[-100.6003,18.8986],[-100.6069,18.8969],[-100.6122,18.8908],[-100.6137,18.8836],[-100.6159,18.8765],[-100.6236,18.8706]]]}},{"type":"Feature","properties":{},"geometry":{"type":"LineString","coordinates":[[-100.1228,19.938],[-100.1469,19.9474],[-100.1658,19.96],[-100.1767,19.9785],[-100.1769,20.0053],[-100.1766,20.0119],[-100.1764,20.0184],[-100.1761,20.0249],[-100.1759,20.0314],[-100.1765,20.0862],[-100.1978,20.1439],[-100.2357,20.1909],[-100.286,20.2134]]}},{"type":"Feature","properties":{},"geometry":{"type":"MultiLineString","coordinates":[[[-102.0061,20.3349],[-102.0161,20.3442],[-102.0118,20.3653],[-101.9956,20.4031]],[[-101.9956,20.4031],[-102.0997,20.3868]],[[-101.869,20.1983],[-101.8932,20.1989],[-101.9051,20.2033],[-101.9116,20.2155],[-101.9199,20.2393],[-101.9236,20.244],[-101.9283,20.247],[-101.9325,20.2519],[-101.9425,20.3434],[-101.9493,20.366],[-101.9649,20.3759]],[[-101.9649,20.3759],[-101.9821,20.3695],[-101.9918,20.3413],[-102.0061,20.3349]],[[-101.4803,20.3311],[-101.5158,20.3351]],[[-101.5158,20.3351],[-101.5363,20.3349],[-101.5458,20.332],[-101.5654,20.3232],[-101.5745,20.3212],[-101.6078,20.3203],[-101.6155,20.3178],[-101.6191,20.3099],[-101.6194,20.2997],[-101.6186,20.2892],[-101.6189,20.2803],[-101.6223,20.2708],[-101.6308,20.2573],[-101.6325,20.2493],[-101.6384,20.2344],[-101.6655,20.2046],[-101.6735,20.1909]],[[-101.3932,20.0393],[-101.4197,20.0536],[-101.421,20.0787],[-101.4123,20.1082],[-101.4088,20.1359],[-101.4103,20.1421],[-101.4128,20.1486],[-101.4164,20.1546],[-101.4208,20.1591],[-101.425,20.1642],[-101.4232,20.1678],[-101.4194,20.1713],[-101.4173,20.1757],[-101.416,20.1819],[-101.4133,20.1871],[-101.4115,20.1928],[-101.4126,20.2001],[-101.4182,20.2073],[-101.4253,20.2112],[-101.4314,20.2157],[-101.4341,20.2248],[-101.4234,20.2389],[-101.4049,20.2473],[-101.3865,20.2557],[-101.3769,20.2697],[-101.3828,20.287],[-101.4009,20.2982],[-101.4232,20.3043],[-101.4416,20.3066],[-101.4543,20.3071],[-101.4622,20.3124],[-101.4654,20.3219],[-101.4612,20.3349]],[[-101.4612,20.3349],[-101.4803,20.3311]],[[-100.286,20.2134],[-100.3018,20.1992],[-100.3108,20.1878],[-100.3175,20.1755],[-100.3255,20.1586],[-100.3307,20.1487],[-100.3394,20.1348],[-100.3493,20.1224],[-100.3584,20.1176]],[[-101.7424,20.2046],[-101.7707,20.2111],[-101.7799,20.212]],[[-101.7799,20.212],[-101.7885,20.2099],[-101.7984,20.2005],[-101.8076,20.1983]],[[-101.8076,20.1983],[-101.8127,20.2005],[-101.8286,20.2099],[-101.838,20.212]],[[-101.838,20.212],[-101.8477,20.2098],[-101.8595,20.2005],[-101.869,20.1983]],[[-101.6735,20.1909],[-101.6896,20.2012],[-101.7079,20.2046]],[[-101.7079,20.2046],[-101.7424,20.2046]],[[-100.3584,20.1176],[-100.3642,20.1187],[-100.3726,20.1201],[-100.3809,20.1206]],[[-100.3809,20.1206],[-100.3868,20.119],[-100.3912,20.1127],[-100.39,20.1076],[-100.3869,20.1036],[-100.3859,20.1005],[-100.3897,20.0941],[-100.3948,20.0849],[-100.3988,20.0743],[-100.3988,20.0639],[-100.3874,20.0406],[-100.3789,20.0057],[-100.3795,19.975],[-100.396,19.9643],[-100.4196,19.9631],[-100.4437,19.962],[-100.4674,19.9594],[-100.4902,19.9538],[-100.5038,19.9415],[-100.5106,19.9238],[-100.5179,19.9089],[-100.5324,19.9054]],[[-101.1055,20.086],[-101.1181,20.0895],[-101.1296,20.0976],[-101.1396,20.1076]],[[-101.1396,20.1076],[-101.1634,20.1016],[-101.1739,20.0794],[-101.181,20.0532],[-101.1941,20.0348],[-101.2132,20.0295]],[[-100.9311,19.9243],[-100.9477,19.9268],[-100.9639,19.9324],[-100.9883,19.9403],[-101.0172,19.9513],[-101.0397,19.9677],[-101.045,19.9922],[-101.0286,20.0068],[-101.0053,20.0144],[-100.9864,20.0234],[-100.9829,20.043],[-100.9869,20.0468],[-100.9909,20.0508],[-100.9947,20.0548],[-100.9981,20.0587],[-100.9957,20.0673],[-100.9942,20.0755],[-100.9948,20.0832],[-100.9989,20.09],[-101.0207,20.097],[-101.0454,20.0998]],[[-101.0454,20.0998],[-101.0701,20.0977],[-101.0916,20.0901],[-101.1055,20.086]],[[-101.3243,20.0409],[-101.3326,20.0431],[-101.3406,20.0479],[-101.3477,20.0527],[-101.3534,20.0547]],[[-101.3534,20.0547],[-101.363,20.052],[-101.3724,20.0465],[-101.3823,20.0413],[-101.3932,20.0393]],[[-101.2132,20.0295],[-101.2348,20.0304],[-101.2558,20.036],[-101.2732,20.0451],[-101.2862,20.047]],[[-101.2862,20.047],[-101.2985,20.0444],[-101.3108,20.0412],[-101.3243,20.0409]],[[-100.7333,19.9077],[-100.7569,19.9087],[-100.7746,19.9105],[-100.7872,19.9185],[-100.7955,19.9381],[-100.8017,19.9494],[-100.8112,19.9561],[-100.8215,19.9633],[-100.8296,19.9756]],[[-100.8296,19.9756],[-100.8447,19.9573],[-100.8586,19.9446],[-100.8749,19.9359],[-100.8979,19.9295],[-100.9145,19.9252],[-100.9311,19.9243]],[[-100.5324,19.9054],[-100.543,19.9111],[-100.5435,19.9203],[-100.5419,19.9312],[-100.5457,19.9421],[-100.5608,19.9472]],[[-100.5608,19.9472],[-100.5846,19.9469],[-100.6091,19.9443],[-100.6257,19.9425],[-100.6432,19.942],[-100.6608,19.9415],[-100.6784,19.941],[-100.6959,19.9403],[-100.7162,19.9399],[-100.7267,19.9371],[-100.7311,19.9278],[-100.7333,19.9077]]]}},{"type":"Feature","properties":{},"geometry":{"type":"MultiLineString","coordinates":[[[-102.0997,20.3868],[-102.1185,20.3838],[-102.1831,20.3548],[-102.1999,20.3506],[-102.2178,20.3492],[-102.2323,20.3423],[-102.2428,20.3404]],[[-102.2428,20.3404],[-102.2609,20.3503],[-102.2878,20.3602],[-102.2973,20.3622]],[[-102.2973,20.3622],[-102.3167,20.3608],[-102.3537,20.3514],[-102.4006,20.3473],[-102.4213,20.3426],[-102.4983,20.3147],[-102.5117,20.3048],[-102.517,20.2902],[-102.528,20.2841],[-102.5921,20.2666],[-102.6278,20.2354],[-102.6498,20.2232],[-102.6778,20.2182],[-102.7298,20.2174],[-102.7535,20.2117],[-102.7696,20.1983],[-102.7814,20.1874],[-102.7937,20.1845],[-102.8061,20.1816],[-102.8103,20.1806],[-102.8146,20.1795],[-102.8189,20.1785],[-102.8231,20.1775],[-102.8616,20.1682],[-102.9,20.1589],[-102.9384,20.1497],[-102.9768,20.1404],[-102.9791,20.1398],[-102.9814,20.1391],[-102.9836,20.1384],[-102.9859,20.1376],[-103.0128,20.1307],[-103.0482,20.1204],[-103.0775,20.1048],[-103.0857,20.0817],[-103.0842,20.0576],[-103.0816,20.0255],[-103.0738,19.9973],[-103.0568,19.9852],[-103.0478,19.983],[-103.0425,19.9781],[-103.0393,19.973],[-103.0364,19.9704],[-103.0228,19.9697]],[[-102.9339,19.9904],[-102.9188,19.9829],[-102.9053,19.971],[-102.888,19.9616],[-102.876,19.961],[-102.8627,19.9604]],[[-103.0228,19.9697],[-103.0091,19.9717],[-102.9954,19.9752],[-102.9821,19.9786],[-102.9756,19.9805],[-102.9692,19.9826],[-102.9626,19.9846],[-102.9561,19.9866],[-102.9339,19.9904]],[[-102.823,19.9626],[-102.8068,19.9592],[-102.7898,19.956]],[[-102.8627,19.9604],[-102.8496,19.9605],[-102.8379,19.9621],[-102.823,19.9626]],[[-102.7726,19.9571],[-102.7671,19.9554],[-102.7629,19.9524],[-102.7602,19.9479],[-102.7588,19.9421],[-102.7587,19.9297],[-102.7602,19.9135],[-102.7605,19.8989],[-102.7572,19.891],[-102.7434,19.8852],[-102.7302,19.8791],[-102.7179,19.8717],[-102.7068,19.8615],[-102.7114,19.855],[-102.7165,19.8491],[-102.7223,19.8437],[-102.7286,19.8389],[-102.7562,19.8294],[-102.7865,19.8286],[-102.8098,19.8209],[-102.8166,19.7905],[-102.8158,19.771],[-102.8139,19.751],[-102.8104,19.7313],[-102.8048,19.7127],[-102.8008,19.701],[-102.7965,19.6887],[-102.7911,19.6772],[-102.7832,19.6681],[-102.7782,19.6651],[-102.7722,19.6621],[-102.7665,19.6589],[-102.7625,19.6548],[-102.7583,19.6435],[-102.7574,19.6331],[-102.7552,19.6229],[-102.7472,19.6122],[-102.7387,19.5984],[-102.7375,19.5823],[-102.74,19.5654],[-102.743,19.5492],[-102.7442,19.5417],[-102.7456,19.5342],[-102.7468,19.5266],[-102.7481,19.5191],[-102.7457,19.4756],[-102.7074,19.468]],[[-102.7898,19.956],[-102.7726,19.9571]],[[-102.6142,19.4909],[-102.6071,19.4897],[-102.6016,19.4864],[-102.5978,19.481],[-102.5959,19.4738],[-102.5929,19.4604],[-102.5884,19.4422],[-102.5825,19.4246],[-102.5753,19.4127],[-102.5639,19.4077],[-102.5518,19.4051],[-102.5447,19.4],[-102.5486,19.3869],[-102.5615,19.3763],[-102.5755,19.3657],[-102.5883,19.3539],[-102.5977,19.3401],[-102.5982,19.3335],[-102.5958,19.3267],[-102.5941,19.3199],[-102.5964,19.313],[-102.6019,19.3058],[-102.6075,19.2986],[-102.6131,19.2915],[-102.6186,19.2844],[-102.6289,19.2693],[-102.6425,19.249],[-102.6575,19.2311],[-102.6719,19.223]],[[-102.7074,19.468],[-102.656,19.479],[-102.6142,19.4909]],[[-102.6719,19.223],[-102.6783,19.2248],[-102.6809,19.2297],[-102.6826,19.2357],[-102.6864,19.2408],[-102.7055,19.2508],[-102.728,19.2575],[-102.751,19.2589]],[[-102.751,19.2589],[-102.7712,19.2527],[-102.7771,19.2466],[-102.7821,19.2382],[-102.7867,19.2307],[-102.7914,19.2275],[-102.8046,19.2264],[-102.8172,19.2237],[-102.8297,19.2203],[-102.8428,19.2172],[-102.8638,19.2108],[-102.8844,19.2025],[-102.9036,19.1916],[-102.9202,19.1772],[-102.9366,19.153],[-102.9461,19.1249],[-102.9545,19.0973],[-102.9671,19.0744],[-102.9883,19.0584],[-103.0153,19.0474],[-103.0438,19.0393],[-103.0694,19.0322],[-103.0828,19.026],[-103.096,19.0196],[-103.1091,19.0128],[-103.1223,19.0061],[-103.1259,18.9999],[-103.1277,18.9889],[-103.129,18.9769],[-103.1315,18.9679],[-103.1491,18.9538]],[[-103.2423,19.0129],[-103.2562,19.029],[-103.2681,19.0468],[-103.2817,19.053]],[[-103.2817,19.053],[-103.2963,19.0477],[-103.311,19.0311],[-103.3176,19.019],[-103.3273,19.003],[-103.3382,18.9876],[-103.3481,18.9778],[-103.363,18.9737],[-103.3828,18.9735]],[[-103.1491,18.9538],[-103.1668,18.9636],[-103.1827,18.9844],[-103.1951,19.0036],[-103.2113,19.0151]],[[-103.2113,19.0151],[-103.2272,19.0133],[-103.2423,19.0129]],[[-103.3828,18.9735],[-103.4036,18.975],[-103.4217,18.9757]],[[-103.4217,18.9757],[-103.4366,18.9757],[-103.4509,18.9753],[-103.4647,18.9728],[-103.4778,18.9664]]]}},{"type":"Feature","properties":{},"geometry":{"type":"MultiLineString","coordinates":[[[-101.4918,18.4771],[-101.5153,18.4783],[-101.5368,18.4848],[-101.5573,18.4946],[-101.578,18.506],[-101.593,18.5181],[-101.6017,18.5321],[-101.6085,18.5469],[-101.6177,18.562],[-101.6307,18.5735],[-101.6451,18.5798],[-101.6611,18.5825],[-101.6785,18.5834],[-101.7169,18.5864],[-101.7599,18.5897]],[[-101.7599,18.5897],[-101.8022,18.5882],[-101.8388,18.5765],[-101.8806,18.5228],[-101.8933,18.4586],[-101.8878,18.3893],[-101.8747,18.3203],[-101.8764,18.2952],[-101.8884,18.2727],[-101.9051,18.2518],[-101.9207,18.231],[-101.9241,18.2225],[-101.9262,18.2145],[-101.9307,18.2082],[-101.9411,18.2047]],[[-100.9939,18.5006],[-100.9984,18.5075],[-100.9994,18.5236],[-101.0014,18.5285],[-101.0244,18.5388]],[[-101.0244,18.5388],[-101.0464,18.5385],[-101.0963,18.5285]],[[-101.0963,18.5285],[-101.2571,18.5371]],[[-101.2571,18.5371],[-101.2806,18.526],[-101.3334,18.5139],[-101.3853,18.4994],[-101.4376,18.486],[-101.4918,18.4771]],[[-100.953,18.4658],[-100.9595,18.4903],[-100.964,18.5019],[-100.97,18.5068]],[[-100.97,18.5068],[-100.9842,18.505],[-100.9923,18.5029],[-100.9939,18.5006]],[[-100.7271,18.4317],[-100.7407,18.4359],[-100.7564,18.445],[-100.771,18.456],[-100.8054,18.4927],[-100.8184,18.4977],[-100.9251,18.5006]],[[-100.9251,18.5006],[-100.9125,18.4856],[-100.9203,18.4768],[-100.953,18.4658]],[[-100.6933,18.4164],[-100.6964,18.4312],[-100.6996,18.4411],[-100.7029,18.4453],[-100.7071,18.4463],[-100.7155,18.4507],[-100.7202,18.4522]],[[-100.7202,18.4522],[-100.7201,18.4487],[-100.7274,18.4349],[-100.7271,18.4317]],[[-101.9411,18.2047],[-101.9516,18.2051],[-101.9612,18.2077],[-101.9705,18.2098]],[[-101.9705,18.2098],[-101.98,18.2091],[-101.9942,18.1984],[-102.008,18.1966]],[[-102.008,18.1966],[-102.0224,18.1984],[-102.0383,18.199]],[[-102.0383,18.199],[-102.055,18.1956],[-102.0705,18.191],[-102.0865,18.1874],[-102.1047,18.1872]],[[-102.1047,18.1872],[-102.1231,18.1877]],[[-102.1231,18.1877],[-102.133,18.1864],[-102.1401,18.1815],[-102.1507,18.1715],[-102.1591,18.1624],[-102.164,18.1539],[-102.1672,18.1452],[-102.1702,18.1356],[-102.1764,18.1084],[-102.1791,18.0785],[-102.1796,18.0485],[-102.1789,18.0206],[-102.1736,18.0031],[-102.163,17.9875],[-102.1534,17.973],[-102.1513,17.9587],[-102.1547,17.9493],[-102.1598,17.9386],[-102.1655,17.9279],[-102.1678,17.9233],[-102.1689,17.9212]]]}},{"type":"Feature","properties":{},"geometry":{"type":"MultiLineString","coordinates":[[[-100.6236,18.8706],[-100.6323,18.8625],[-100.6428,18.8529],[-100.6509,18.843],[-100.6523,18.8337],[-100.6543,18.8236],[-100.6637,18.8122],[-100.6755,18.8016],[-100.6848,18.7941]],[[-100.6848,18.7941],[-100.6895,18.8166],[-100.6986,18.8394],[-100.7134,18.8553],[-100.735,18.8572]],[[-100.735,18.8572],[-100.7506,18.8477],[-100.7638,18.8322],[-100.7761,18.8151],[-100.7888,18.8012],[-100.7889,18.7823],[-100.7737,18.7663],[-100.7551,18.7512],[-100.7453,18.7344],[-100.7503,18.7126],[-100.7625,18.6988],[-100.7717,18.6842],[-100.7675,18.6597],[-100.758,18.6377],[-100.7506,18.6168],[-100.746,18.5952],[-100.7449,18.5714],[-100.7453,18.5448],[-100.742,18.5243],[-100.7319,18.5074],[-100.7121,18.4917],[-100.6858,18.4747],[-100.6596,18.4564],[-100.6341,18.4374],[-100.6097,18.4178],[-100.6003,18.3998],[-100.6058,18.3791],[-100.6189,18.3576],[-100.6324,18.3371]],[[-100.6892,18.3259],[-100.7099,18.3478],[-100.7184,18.3619],[-100.7202,18.3777],[-100.7137,18.3899],[-100.7033,18.3977],[-100.6943,18.4073],[-100.6933,18.4164]],[[-100.6324,18.3371],[-100.6402,18.3539],[-100.6517,18.3586]],[[-100.6517,18.3586],[-100.6549,18.3572],[-100.6892,18.3259]]]}},{"type":"Feature","properties":{},"geometry":{"type":"MultiLineString","coordinates":[[[-93.8734,17.1502],[-93.866,17.1248],[-93.8648,17.0963],[-93.8666,17.0674],[-93.8681,17.0406],[-93.8674,17.0337],[-93.8675,17.0265],[-93.8678,17.0192],[-93.8681,17.0122]],[[-93.8681,17.0122],[-93.8943,17.0172]],[[-93.8943,17.0172],[-93.9053,17.0005],[-93.9075,16.9734],[-93.9073,16.9474],[-93.9068,16.9335],[-93.9061,16.9123],[-93.9069,16.8919],[-93.9113,16.8807],[-93.9257,16.8719],[-93.9401,16.8631],[-93.9545,16.8543],[-93.9689,16.8455],[-93.9861,16.8365],[-94.0083,16.8254],[-94.029,16.8132],[-94.0415,16.8005],[-94.0447,16.7803],[-94.0423,16.7533],[-94.0377,16.7257],[-94.0347,16.704],[-94.034,16.6829],[-94.0354,16.6626],[-94.0398,16.6429],[-94.0481,16.6235],[-94.0734,16.5899],[-94.1049,16.5504],[-94.1251,16.5088],[-94.1159,16.469],[-94.1055,16.4517],[-94.0967,16.4332],[-94.0885,16.4142],[-94.0805,16.3955],[-94.0675,16.3692],[-94.052,16.3363],[-94.0399,16.3026],[-94.0369,16.2733],[-94.0393,16.2548],[-94.0423,16.2351],[-94.0464,16.2159],[-94.0524,16.1987],[-94.0601,16.185],[-94.0692,16.1722],[-94.0781,16.1594],[-94.0836,16.1489]]]}},{"type":"Feature","properties":{},"geometry":{"type":"MultiLineString","coordinates":[[[-93.0545,17.8947],[-93.0876,17.9003],[-93.1204,17.9221],[-93.1421,17.9496],[-93.1662,17.9608],[-93.1865,17.9744],[-93.1959,17.979],[-93.2315,17.9843],[-93.2565,17.9923],[-93.271,17.9937]],[[-93.271,17.9937],[-93.2824,17.9881],[-93.2948,17.9721],[-93.3017,17.9674],[-93.3134,17.9639],[-93.3157,17.9422],[-93.3387,17.8845],[-93.3581,17.8255],[-93.3758,17.7658],[-93.3934,17.7063],[-93.3977,17.6898],[-93.4011,17.6712],[-93.409,17.6519],[-93.4144,17.6377],[-93.4275,17.6274],[-93.4435,17.6183],[-93.4574,17.6076],[-93.4675,17.596],[-93.4705,17.5901],[-93.4726,17.5728],[-93.4751,17.5707]],[[-92.9687,17.5315],[-92.9831,17.5421],[-92.9897,17.5613],[-92.9919,17.5862],[-92.992,17.6278],[-93.0013,17.6682],[-93.0107,17.7083],[-93.0111,17.7488],[-93.0066,17.7653],[-93.0006,17.7798],[-92.9948,17.7941],[-92.9909,17.8097],[-92.9898,17.8274],[-92.9908,17.8456],[-92.9923,17.8638],[-92.9934,17.8816],[-92.9937,17.8834],[-92.9939,17.8853],[-92.9941,17.8871],[-92.9944,17.889],[-92.9946,17.9094],[-92.9955,17.9155],[-92.9979,17.9329]],[[-92.9979,17.9329],[-93.0108,17.9124]],[[-93.0108,17.9124],[-93.0322,17.9154]],[[-93.0322,17.9154],[-93.0545,17.8947]],[[-91.9429,17.854],[-91.9539,17.8678],[-91.9535,17.9023],[-91.9669,17.9092]],[[-91.9669,17.9092],[-91.9735,17.9087],[-91.9956,17.9047],[-92.0254,17.8863],[-92.0525,17.8589],[-92.0778,17.8328],[-92.0608,17.8026],[-92.0808,17.7873],[-92.1168,17.7834]],[[-91.8604,17.8745],[-91.8862,17.8861],[-91.8999,17.8893]],[[-91.8999,17.8893],[-91.915,17.8882],[-91.9262,17.8823],[-91.9318,17.8735],[-91.936,17.8635],[-91.9429,17.854]],[[-91.7815,17.7209],[-91.7943,17.7288],[-91.7913,17.7459],[-91.7814,17.7645],[-91.7756,17.7743],[-91.7794,17.805],[-91.7814,17.8101],[-91.7837,17.8144],[-91.7853,17.8205],[-91.784,17.8402],[-91.7853,17.8466],[-91.7992,17.8693],[-91.8188,17.8854],[-91.8404,17.8891]],[[-91.8404,17.8891],[-91.8604,17.8745]],[[-92.1168,17.7834],[-92.1481,17.7878]],[[-92.1481,17.7878],[-92.1685,17.7735],[-92.1917,17.7602],[-92.2165,17.7484],[-92.2417,17.7393],[-92.2725,17.732],[-92.309,17.7239],[-92.3435,17.713],[-92.3681,17.6969],[-92.3762,17.6652],[-92.3752,17.6407],[-92.383,17.6233],[-92.4178,17.613],[-92.4395,17.6073],[-92.4593,17.593],[-92.4771,17.5748],[-92.4932,17.5583],[-92.5147,17.5402],[-92.5362,17.5222],[-92.5578,17.5042],[-92.5793,17.4861],[-92.5893,17.4772],[-92.5991,17.4683],[-92.609,17.4593],[-92.6189,17.4504],[-92.6342,17.437],[-92.6495,17.4235],[-92.6648,17.4102],[-92.68,17.3967],[-92.6839,17.3934],[-92.6877,17.3902],[-92.6916,17.3868],[-92.6954,17.3835],[-92.7232,17.3656],[-92.7552,17.3643]],[[-91.4526,17.3884],[-91.4657,17.3898],[-91.4803,17.394],[-91.4923,17.4015],[-91.4973,17.4124],[-91.4924,17.442],[-91.4927,17.4571],[-91.5007,17.4636],[-91.5098,17.4678],[-91.5166,17.4737],[-91.5367,17.4815],[-91.558,17.4883],[-91.5762,17.4945],[-91.5795,17.4958],[-91.5829,17.4972],[-91.5862,17.4986],[-91.5895,17.4999],[-91.6074,17.5059],[-91.6279,17.5136],[-91.6447,17.5249],[-91.6517,17.5419],[-91.6511,17.5521],[-91.6501,17.5613],[-91.6496,17.5709],[-91.6509,17.5822],[-91.6576,17.6153],[-91.6667,17.651],[-91.6797,17.6853],[-91.6981,17.7136],[-91.7188,17.7199],[-91.7393,17.7216]],[[-91.7393,17.7216],[-91.7602,17.7211],[-91.7815,17.7209]],[[-93.4751,17.5707],[-93.4792,17.5708]],[[-93.4792,17.5708],[-93.4847,17.5672],[-93.4887,17.5639],[-93.5058,17.553],[-93.5114,17.5464],[-93.5175,17.5345],[-93.5223,17.5287],[-93.5268,17.5154],[-93.5352,17.4903],[-93.5488,17.4616],[-93.5624,17.4329],[-93.576,17.4042],[-93.5895,17.3755]],[[-92.7552,17.3643],[-92.7873,17.3741],[-92.8153,17.3898],[-92.8293,17.4018],[-92.8422,17.4166],[-92.8538,17.4326],[-92.8643,17.4481],[-92.8823,17.4783],[-92.8937,17.5061],[-92.9102,17.5258],[-92.9432,17.5316]],[[-92.9432,17.5316],[-92.9687,17.5315]],[[-91.4019,17.3163],[-91.391,17.3189],[-91.3874,17.3333],[-91.3911,17.3366],[-91.4148,17.3748],[-91.4237,17.3857],[-91.4314,17.3894]],[[-91.4314,17.3894],[-91.4526,17.3884]],[[-91.4161,17.317],[-91.4019,17.3163]],[[-91.4333,17.2545],[-91.4358,17.2581],[-91.4398,17.2711],[-91.4388,17.2876],[-91.4347,17.303],[-91.429,17.3127],[-91.4161,17.317]]]}},{"type":"Feature","properties":{},"geometry":{"type":"MultiLineString","coordinates":[[[-108.3389,27.0511],[-108.3614,27.0577],[-108.3743,27.0774]],[[-108.3743,27.0774],[-108.3952,27.0512],[-108.4172,27.0252],[-108.4408,27.001],[-108.4664,26.9799]],[[-106.9369,25.6416],[-106.9652,25.6626],[-106.9942,25.6808],[-107.0242,25.6973],[-107.0557,25.7136],[-107.0758,25.7294],[-107.0929,25.7507],[-107.1091,25.7734],[-107.1267,25.7931],[-107.1509,25.8129],[-107.1757,25.8299],[-107.2021,25.8444],[-107.2309,25.8567],[-107.2456,25.8608],[-107.2546,25.8633],[-107.2594,25.8693],[-107.2617,25.8843],[-107.2634,25.8983],[-107.266,25.9115],[-107.2693,25.9246],[-107.2733,25.9382],[-107.2805,25.9493],[-107.2908,25.9541],[-107.3026,25.9579],[-107.3138,25.9658],[-107.3145,25.9691],[-107.3162,25.9767],[-107.3182,25.9853],[-107.3199,25.9915],[-107.3248,26.0066],[-107.3287,26.0223],[-107.3318,26.0383],[-107.3343,26.0538],[-107.3438,26.0838],[-107.3612,26.1065],[-107.3852,26.1219],[-107.4141,26.1298],[-107.482,26.1428],[-107.55,26.1558],[-107.6179,26.1688],[-107.6859,26.1818],[-107.6962,26.1837],[-107.7065,26.1856],[-107.7168,26.1874],[-107.7271,26.1893],[-107.7589,26.195],[-107.7765,26.2013],[-107.7854,26.2156],[-107.7908,26.2448],[-107.7972,26.29],[-107.8036,26.3353],[-107.81,26.3806],[-107.8164,26.4258],[-107.8214,26.4799],[-107.8262,26.541],[-107.8351,26.5996],[-107.8531,26.6464],[-107.871,26.6674],[-107.8927,26.686],[-107.9144,26.7049],[-107.9324,26.7267],[-107.9536,26.756],[-107.9776,26.7848],[-107.9996,26.8146],[-108.0148,26.8464],[-108.0143,26.872],[-108.0138,26.8984],[-108.0213,26.92],[-108.0451,26.9309],[-108.0948,26.9394],[-108.1487,26.9504],[-108.1973,26.9708],[-108.2311,27.0079],[-108.2422,27.0256],[-108.2541,27.041],[-108.2691,27.0515],[-108.2895,27.0545]],[[-108.2895,27.0545],[-108.3129,27.052],[-108.3389,27.0511]]]}},{"type":"Feature","properties":{},"geometry":{"type":"MultiLineString","coordinates":[[[-106.9369,25.6416],[-106.9533,25.626],[-106.9702,25.61],[-106.9853,25.5928],[-106.9965,25.5735],[-107.0092,25.5522],[-107.0258,25.5353],[-107.044,25.5194],[-107.062,25.5015],[-107.0827,25.4653],[-107.0961,25.4203],[-107.1047,25.3733],[-107.1108,25.3308],[-107.1188,25.285],[-107.1257,25.2374],[-107.1263,25.1899],[-107.1153,25.1445],[-107.1003,25.1028],[-107.0877,25.0596],[-107.0742,25.017],[-107.0565,24.9769],[-107.0506,24.9595],[-107.0442,24.9391],[-107.0364,24.9197],[-107.026,24.9051],[-107.0116,24.8967],[-106.9947,24.8918],[-106.9777,24.887],[-106.9625,24.8788],[-106.9542,24.8668],[-106.9527,24.8538],[-106.9533,24.84],[-106.9515,24.826],[-106.9435,24.8094],[-106.9324,24.7995],[-106.9178,24.7944],[-106.8994,24.7919]],[[-106.8685,24.7922],[-106.8546,24.7892],[-106.842,24.7791],[-106.8308,24.7616],[-106.8218,24.7453],[-106.8101,24.732],[-106.7908,24.7233],[-106.7564,24.7035],[-106.7372,24.6709],[-106.722,24.6336],[-106.6996,24.5999],[-106.686,24.588],[-106.6744,24.578],[-106.6644,24.5661],[-106.6559,24.5486],[-106.6506,24.5359],[-106.6446,24.5238],[-106.6382,24.5118],[-106.6315,24.5],[-106.6218,24.4819],[-106.6153,24.4661],[-106.6114,24.4493],[-106.6097,24.4286],[-106.6099,24.412],[-106.6097,24.3961],[-106.6061,24.3814],[-106.5959,24.368],[-106.5787,24.3524],[-106.5614,24.3364],[-106.5437,24.3208],[-106.5253,24.3065],[-106.5064,24.2938],[-106.4917,24.2873],[-106.4762,24.2857]],[[-106.8994,24.7919],[-106.8835,24.7919],[-106.8685,24.7922]],[[-106.2363,24.3968],[-106.1956,24.3898],[-106.184,24.3852],[-106.1731,24.3793],[-106.1626,24.3726],[-106.1525,24.3653],[-106.1278,24.3447],[-106.103,24.3243],[-106.0781,24.3038],[-106.0533,24.2833],[-106.035,24.2609],[-106.0209,24.2319],[-106.0092,24.2013],[-105.9987,24.1743],[-105.9873,24.1482],[-105.9761,24.1223],[-105.9636,24.0972],[-105.9484,24.0733],[-105.9297,24.0562],[-105.9094,24.0515]],[[-106.421,24.288],[-106.4046,24.2896],[-106.3891,24.2955],[-106.376,24.3068],[-106.3651,24.3212],[-106.3546,24.3362],[-106.3427,24.3493],[-106.3092,24.3744],[-106.274,24.3909],[-106.2363,24.3968]],[[-106.4379,24.2881],[-106.421,24.288]],[[-106.4762,24.2857],[-106.4547,24.2874],[-106.4379,24.2881]],[[-105.8619,24.0644],[-105.8717,24.031],[-105.8865,24.001],[-105.9025,23.9716],[-105.9161,23.9402],[-105.9223,23.902],[-105.9197,23.8613],[-105.9129,23.8205],[-105.9067,23.782],[-105.9043,23.7649],[-105.902,23.7477],[-105.8997,23.7306],[-105.8974,23.7135],[-105.8921,23.6968],[-105.8823,23.681],[-105.8717,23.6646],[-105.864,23.6468],[-105.8593,23.625],[-105.8532,23.6014],[-105.843,23.5805],[-105.826,23.5666],[-105.8117,23.5602],[-105.7966,23.5558],[-105.7812,23.5529],[-105.7656,23.5511],[-105.7599,23.5282],[-105.7436,23.5076],[-105.7257,23.487],[-105.7153,23.4641],[-105.7173,23.4547],[-105.722,23.4462],[-105.7233,23.4382],[-105.7153,23.4307],[-105.7071,23.4233],[-105.7044,23.4137],[-105.7056,23.403],[-105.7093,23.3923],[-105.7134,23.3775],[-105.7085,23.3663],[-105.6996,23.3558],[-105.6915,23.3436],[-105.6885,23.3314],[-105.6888,23.3197],[-105.6895,23.3083],[-105.6878,23.2972],[-105.6779,23.2824],[-105.6633,23.2731],[-105.6475,23.2648],[-105.6339,23.2533],[-105.6295,23.2449],[-105.6264,23.236],[-105.6221,23.2276],[-105.6139,23.221],[-105.5991,23.2102],[-105.5822,23.1942],[-105.5652,23.1771],[-105.5501,23.163],[-105.5154,23.146],[-105.4754,23.1426]],[[-105.9094,24.0515],[-105.8869,24.0555],[-105.8619,24.0644]],[[-105.3923,23.1498],[-105.3914,23.1206],[-105.3905,23.0915],[-105.3896,23.0625],[-105.3886,23.0333]],[[-105.4754,23.1426],[-105.4333,23.146],[-105.3923,23.1498]]]}},{"type":"Feature","properties":{},"geometry":{"type":"MultiLineString","coordinates":[[[-103.8335,19.3976],[-103.8514,19.4041],[-103.8731,19.4131],[-103.8909,19.4191],[-103.9111,19.4265],[-103.9307,19.4351],[-103.9466,19.4445],[-103.9717,19.4604],[-103.9982,19.4739],[-104.0249,19.4872],[-104.0506,19.5023],[-104.0472,19.5071],[-104.0478,19.5109],[-104.0498,19.5151],[-104.0506,19.521],[-104.0514,19.5251],[-104.0528,19.5291],[-104.0543,19.5332],[-104.0558,19.5372]],[[-104.0558,19.5372],[-104.0678,19.5255],[-104.0798,19.5137],[-104.0918,19.5019],[-104.1039,19.4902],[-104.1222,19.4726],[-104.1354,19.4577],[-104.1435,19.4407],[-104.1467,19.4168],[-104.1522,19.3982],[-104.1644,19.3901],[-104.1787,19.3835],[-104.1903,19.3697],[-104.1976,19.3493],[-104.2043,19.3317],[-104.2145,19.3204],[-104.2324,19.3191]],[[-103.4778,18.9664],[-103.4831,18.9937],[-103.4916,19.0193],[-103.504,19.0434],[-103.5207,19.0665],[-103.5252,19.0925],[-103.5155,19.1288],[-103.5019,19.1662],[-103.4948,19.1952],[-103.499,19.2121],[-103.5035,19.2316],[-103.5068,19.2512],[-103.507,19.268],[-103.5033,19.279],[-103.4974,19.2886],[-103.4923,19.2985],[-103.4913,19.3108],[-103.4965,19.3161],[-103.5076,19.322],[-103.5197,19.3275],[-103.5282,19.3318],[-103.538,19.34],[-103.5446,19.3484],[-103.5487,19.3585],[-103.5519,19.3711],[-103.5648,19.3885],[-103.5831,19.3981],[-103.6006,19.4078],[-103.6111,19.4252],[-103.618,19.4447],[-103.6256,19.4667],[-103.6353,19.4871],[-103.6486,19.5014]],[[-103.6486,19.5014],[-103.6737,19.4885],[-103.6949,19.465],[-103.7169,19.4411],[-103.7441,19.4269],[-103.7586,19.4263]],[[-103.7586,19.4263],[-103.7731,19.4264]],[[-103.7731,19.4264],[-103.7875,19.4255],[-103.8014,19.4222],[-103.8174,19.401],[-103.8335,19.3976]],[[-104.2324,19.3191],[-104.2546,19.3204]],[[-104.2546,19.3204],[-104.2726,19.3149],[-104.2891,19.3046],[-104.3065,19.2916],[-104.3157,19.2875],[-104.3253,19.2846],[-104.3352,19.2826],[-104.3452,19.2814],[-104.357,19.2788],[-104.3711,19.274],[-104.3847,19.2705]],[[-104.3847,19.2705],[-104.3955,19.2715],[-104.4045,19.2786],[-104.4119,19.2856],[-104.4206,19.288]],[[-104.4206,19.288],[-104.4336,19.2815],[-104.4408,19.2769],[-104.4491,19.2724],[-104.457,19.2674],[-104.4625,19.2616],[-104.4641,19.2553],[-104.4636,19.2478],[-104.4635,19.2404],[-104.4662,19.2339],[-104.4753,19.2295]],[[-104.4753,19.2295],[-104.4835,19.2351],[-104.4913,19.244],[-104.4992,19.2495],[-104.5257,19.2533]],[[-104.5257,19.2533],[-104.5364,19.2489],[-104.5414,19.2355],[-104.5509,19.2127],[-104.5653,19.1966],[-104.5812,19.1859],[-104.5923,19.1725],[-104.5926,19.1496]]]}},{"type":"Feature","properties":{},"geometry":{"type":"LineString","coordinates":[[-103.6273,26.6439],[-103.6419,26.7002],[-103.6565,26.7565],[-103.6712,26.8128],[-103.6858,26.8691],[-103.737,27.0619],[-103.7887,27.2546],[-103.8405,27.4474],[-103.8922,27.6401],[-103.9037,27.6853],[-103.9153,27.7306],[-103.9268,27.7758],[-103.9384,27.8211],[-103.944,27.8432],[-103.9496,27.8652],[-103.9553,27.8873],[-103.9635,27.9189],[-103.9313,27.9697],[-103.8876,28.0399],[-103.8451,28.1109],[-103.8032,28.1823],[-103.7613,28.2537],[-103.731,28.3065],[-103.7006,28.3594],[-103.6702,28.4123],[-103.6398,28.4652],[-103.5579,28.6049],[-103.4746,28.744],[-103.3923,28.8835],[-103.3131,29.0247],[-103.3127,29.025],[-103.3115,29.026]]}},{"type":"Feature","properties":{},"geometry":{"type":"MultiLineString","coordinates":[[[-100.1819,27.7935],[-100.1687,27.7837],[-100.1556,27.7737],[-100.1425,27.7638],[-100.1293,27.7539],[-100.097,27.7295],[-100.0647,27.705],[-100.0324,27.6806],[-100.0001,27.6562],[-99.9922,27.6491],[-99.984,27.6417],[-99.9757,27.6376]],[[-100.486,27.3448],[-100.4751,27.3474],[-100.464,27.351],[-100.4552,27.3536],[-100.4352,27.3797],[-100.4212,27.4292],[-100.4109,27.4837],[-100.4015,27.5252],[-100.3931,27.5613],[-100.3847,27.6023],[-100.3739,27.6419],[-100.3582,27.6742],[-100.331,27.7006],[-100.2943,27.7248],[-100.2556,27.7469],[-100.2222,27.767],[-100.2148,27.7725],[-100.2019,27.7821],[-100.189,27.7908],[-100.1819,27.7935]],[[-99.9757,27.6376],[-99.9672,27.6402],[-99.9531,27.6518],[-99.939,27.6634],[-99.9248,27.675],[-99.9108,27.6866],[-99.8851,27.7083],[-99.8596,27.7302],[-99.8335,27.7515],[-99.8073,27.7712],[-99.807,27.7714]],[[-100.5118,27.3657],[-100.5046,27.3648],[-100.5017,27.3582],[-100.4995,27.3501],[-100.4946,27.3449],[-100.486,27.3448]],[[-100.7538,27.0131],[-100.7514,27.0388],[-100.7643,27.0493],[-100.7834,27.0533],[-100.7996,27.0597],[-100.8035,27.0898],[-100.8075,27.12],[-100.8114,27.1502],[-100.8154,27.1803],[-100.813,27.1995],[-100.802,27.2119],[-100.7851,27.2215],[-100.7659,27.2318],[-100.7439,27.2443],[-100.722,27.2567],[-100.7001,27.2692],[-100.6782,27.2817],[-100.6651,27.2925],[-100.6536,27.3062],[-100.6417,27.3193],[-100.6275,27.3279],[-100.5986,27.3374],[-100.5696,27.3468],[-100.5407,27.3563],[-100.5118,27.3657]],[[-100.7115,26.6173],[-100.6931,26.6312],[-100.6759,26.6452],[-100.6594,26.6598],[-100.6428,26.6754],[-100.6092,26.7164],[-100.587,26.7646],[-100.5709,26.8163],[-100.5558,26.8675],[-100.5519,26.8869],[-100.5512,26.9071],[-100.5524,26.9275],[-100.5539,26.9473],[-100.5534,26.9702],[-100.5523,27.0019],[-100.5534,27.0326],[-100.5595,27.053],[-100.579,27.0631],[-100.6066,27.0666],[-100.6339,27.0709],[-100.6522,27.0826],[-100.6651,27.0995]],[[-100.6651,27.0995],[-100.6717,27.0981],[-100.676,27.0865],[-100.6825,27.0728],[-100.6887,27.07]],[[-100.6887,27.07],[-100.6974,27.0702]],[[-100.6974,27.0702],[-100.706,27.0696],[-100.7118,27.0643],[-100.7118,27.0574],[-100.7074,27.0522],[-100.7023,27.0478],[-100.7,27.0431],[-100.7044,27.0271],[-100.7152,27.0196],[-100.7318,27.0163],[-100.7538,27.0131]],[[-100.7526,26.7319],[-100.7423,26.7032],[-100.7321,26.6746],[-100.7217,26.6459],[-100.7115,26.6173]],[[-101.0271,26.1543],[-101.0389,26.157],[-101.049,26.1656],[-101.0636,26.1831],[-101.0733,26.1981],[-101.079,26.2136],[-101.0824,26.2302],[-101.0855,26.2485],[-101.1087,26.2834],[-101.1436,26.3166],[-101.1819,26.3467],[-101.2157,26.373],[-101.178,26.4022],[-101.1403,26.4315],[-101.1027,26.4609],[-101.065,26.4902],[-100.9966,26.5441],[-100.9277,26.5974],[-100.8586,26.6505],[-100.7896,26.7036],[-100.7804,26.7106],[-100.7711,26.7177],[-100.7618,26.7248],[-100.7526,26.7319]],[[-100.5709,25.4983],[-100.5711,25.5107],[-100.5717,25.5238],[-100.5746,25.5361],[-100.5817,25.5461],[-100.5946,25.5508],[-100.6106,25.5512],[-100.6257,25.5517],[-100.6362,25.5569],[-100.6381,25.5657],[-100.6363,25.5766],[-100.6355,25.5879],[-100.6403,25.5976],[-100.6486,25.6046],[-100.6566,25.6096],[-100.6653,25.6126],[-100.6759,25.6138],[-100.7011,25.6141],[-100.7211,25.6172],[-100.7386,25.6265],[-100.7563,25.6457],[-100.782,25.678],[-100.8071,25.7122],[-100.8293,25.748],[-100.8463,25.7853],[-100.8534,25.8206],[-100.8529,25.8581],[-100.8481,25.8956],[-100.8425,25.9313],[-100.8477,25.9569],[-100.8722,25.9715],[-100.9019,25.9832],[-100.9233,26.0001],[-100.9317,26.0271],[-100.9327,26.0545],[-100.9347,26.0817],[-100.9464,26.1078],[-100.9581,26.122],[-100.9733,26.1376],[-100.9903,26.1498],[-101.0074,26.1546]],[[-101.0074,26.1546],[-101.0271,26.1543]],[[-100.6648,25.5299],[-100.632,25.5202],[-100.5985,25.5063],[-100.5709,25.4983]],[[-100.4518,25.3413],[-100.4683,25.343],[-100.478,25.3514],[-100.477,25.3594],[-100.4728,25.3675],[-100.4731,25.3767],[-100.4989,25.3975],[-100.5356,25.4049],[-100.5723,25.4139],[-100.5979,25.439],[-100.5997,25.4436],[-100.6015,25.4482],[-100.6033,25.4529],[-100.6051,25.4575],[-100.6277,25.4764],[-100.6667,25.491],[-100.6964,25.5058],[-100.6909,25.5253],[-100.6648,25.5299]],[[-100.2736,25.2032],[-100.2596,25.2091],[-100.2593,25.2157],[-100.2611,25.2278],[-100.263,25.2406],[-100.2632,25.2497],[-100.2584,25.2574],[-100.2499,25.263],[-100.2399,25.2669],[-100.2309,25.2692],[-100.1993,25.2759],[-100.2118,25.2916],[-100.2434,25.3096],[-100.2692,25.3236],[-100.2837,25.3342],[-100.293,25.3411],[-100.3035,25.3449],[-100.3213,25.3465],[-100.3397,25.3474],[-100.3577,25.3487],[-100.3757,25.3506],[-100.3939,25.3537]],[[-100.3939,25.3537],[-100.412,25.3524],[-100.4322,25.3464],[-100.4518,25.3413]],[[-100.5961,25.2295],[-100.5288,25.2294],[-100.5032,25.2238],[-100.4774,25.216],[-100.4519,25.2073],[-100.4271,25.1985],[-100.4022,25.1926]],[[-100.8284,24.565],[-100.8166,24.6114],[-100.8021,24.6578],[-100.7867,24.7041],[-100.7723,24.7501],[-100.7672,24.7759],[-100.7681,24.7978],[-100.7734,24.8203],[-100.7817,24.8475],[-100.7911,24.8746],[-100.7962,24.8935],[-100.7913,24.9084],[-100.7709,24.9239],[-100.75,24.9359],[-100.735,24.948],[-100.7316,24.9624],[-100.7457,24.9809],[-100.7601,24.9953],[-100.7762,25.0115],[-100.7938,25.0241],[-100.8125,25.0279],[-100.8355,25.0413],[-100.8227,25.0794],[-100.7944,25.1216],[-100.7706,25.1473],[-100.7146,25.1823],[-100.6573,25.2118],[-100.5961,25.2295]],[[-100.316,25.2069],[-100.2942,25.2042],[-100.2736,25.2032]],[[-100.4022,25.1926],[-100.3803,25.1929],[-100.3585,25.1978],[-100.3337,25.2058],[-100.316,25.2069]]]}},{"type":"Feature","properties":{},"geometry":{"type":"MultiLineString","coordinates":[[[-106.0275,26.8386],[-106.0125,26.828],[-105.9972,26.8177],[-105.9818,26.8076],[-105.9663,26.7976],[-105.9283,26.7703],[-105.8893,26.7414],[-105.8494,26.7146],[-105.8085,26.6933],[-105.7829,26.6924],[-105.7561,26.6913]],[[-106.092,26.7349],[-106.0823,26.7539],[-106.0715,26.7724],[-106.0605,26.7907],[-106.0506,26.8096],[-106.0455,26.8174],[-106.0397,26.8246],[-106.0336,26.8316],[-106.0275,26.8386]],[[-104.0104,26.7769],[-103.9884,26.7747],[-103.967,26.7693],[-103.9415,26.7604],[-103.863,26.7313],[-103.7844,26.7021],[-103.7058,26.673],[-103.6273,26.6439]],[[-104.557,26.3405],[-104.5198,26.3715],[-104.4745,26.4265],[-104.4293,26.4816],[-104.384,26.5366],[-104.3389,26.5917],[-104.3054,26.636],[-104.2717,26.6818],[-104.2346,26.7232],[-104.1912,26.7549],[-104.155,26.7677],[-104.1156,26.7731],[-104.0756,26.7747],[-104.0372,26.7761],[-104.0104,26.7769]],[[-106.1286,26.7677],[-106.1146,26.761],[-106.1027,26.748],[-106.092,26.7349]],[[-106.4434,26.0367],[-106.4265,26.0391],[-106.4104,26.0507],[-106.3993,26.0683],[-106.3912,26.0894],[-106.3847,26.1113],[-106.3783,26.1315],[-106.3735,26.1676],[-106.3815,26.2031],[-106.3964,26.2375],[-106.4124,26.2703],[-106.4273,26.3013],[-106.4373,26.3335],[-106.4322,26.3618],[-106.4015,26.381],[-106.3579,26.3931],[-106.3144,26.4051],[-106.2708,26.4172],[-106.2272,26.4292],[-106.208,26.4368],[-106.1957,26.4453],[-106.191,26.4582],[-106.1947,26.4787],[-106.2017,26.4992],[-106.2092,26.5194],[-106.2169,26.5395],[-106.2248,26.5597],[-106.2213,26.5742],[-106.2055,26.5889],[-106.1856,26.6023],[-106.1698,26.6126],[-106.1657,26.6205],[-106.1633,26.6337],[-106.162,26.6478],[-106.161,26.6586],[-106.1606,26.6839],[-106.1613,26.7138],[-106.1579,26.7421],[-106.1452,26.7623],[-106.1286,26.7677]],[[-105.6804,26.6989],[-105.664,26.6852],[-105.6502,26.6636],[-105.6336,26.6412],[-105.6154,26.6217],[-105.5976,26.6032],[-105.5782,26.5866],[-105.5559,26.5728],[-105.5276,26.5587],[-105.4993,26.5447],[-105.4709,26.5306],[-105.4425,26.5165],[-105.4138,26.5023],[-105.385,26.488],[-105.3563,26.4738],[-105.3275,26.4595]],[[-105.7561,26.6913],[-105.7295,26.6922],[-105.7048,26.6977],[-105.6804,26.6989]],[[-105.1168,26.5524],[-105.1035,26.542],[-105.0806,26.5153],[-105.0575,26.486],[-105.0435,26.4682],[-105.0264,26.4595]],[[-105.3275,26.4595],[-105.3084,26.4621],[-105.2792,26.4753],[-105.2495,26.491],[-105.2293,26.5017],[-105.2012,26.5144],[-105.173,26.527],[-105.1449,26.5397],[-105.1168,26.5524]],[[-104.9658,26.5057],[-104.9414,26.5036],[-104.9168,26.4996],[-104.894,26.4962],[-104.8333,26.4868],[-104.7768,26.4695],[-104.7234,26.4444],[-104.6721,26.4115],[-104.6376,26.3817],[-104.5978,26.351],[-104.557,26.3405]],[[-105.0264,26.4595],[-105.0135,26.4719],[-105.0017,26.4913],[-104.988,26.5036],[-104.9658,26.5057]],[[-106.4612,26.0381],[-106.4434,26.0367]],[[-106.7592,25.6203],[-106.7404,25.6225],[-106.7209,25.6332],[-106.7011,25.6496],[-106.6821,25.6675],[-106.6652,25.6827],[-106.6464,25.6978],[-106.6276,25.7129],[-106.6089,25.728],[-106.59,25.7431],[-106.5856,25.7468],[-106.5812,25.7505],[-106.5768,25.7542],[-106.5724,25.7579],[-106.5567,25.7697],[-106.5445,25.7799],[-106.5362,25.792],[-106.5326,25.8095],[-106.5311,25.8368],[-106.5297,25.8641],[-106.5283,25.8914],[-106.5268,25.9187],[-106.5268,25.9566],[-106.5249,25.9928],[-106.5121,26.0217],[-106.4799,26.0376],[-106.4612,26.0381]],[[-106.9369,25.6416],[-106.9086,25.6387],[-106.8802,25.6359],[-106.8519,25.6331],[-106.8235,25.6302],[-106.8045,25.627],[-106.7819,25.6228],[-106.7592,25.6203]]]}},{"type":"Feature","properties":{},"geometry":{"type":"MultiLineString","coordinates":[[[-103.6273,26.6439],[-103.615,26.6342],[-103.6027,26.6244],[-103.5904,26.6147],[-103.5782,26.6049],[-103.5381,26.5739],[-103.4981,26.5429],[-103.4583,26.5116],[-103.419,26.4795],[-103.3758,26.4475],[-103.3257,26.4087],[-103.2849,26.3637],[-103.2696,26.3129],[-103.2813,26.2624],[-103.3044,26.2171],[-103.3289,26.1724],[-103.3453,26.1239],[-103.3495,26.0737],[-103.3474,26.0216],[-103.3417,25.9694],[-103.3357,25.9192],[-103.3313,25.8903],[-103.3279,25.8616],[-103.3252,25.8328],[-103.3232,25.8036],[-103.3228,25.7983],[-103.3225,25.7932],[-103.3222,25.7879],[-103.3219,25.7827],[-103.3195,25.7588],[-103.3173,25.7273],[-103.3202,25.6987],[-103.3327,25.6835],[-103.3506,25.6748],[-103.359,25.6628],[-103.3649,25.6484],[-103.3752,25.6327],[-103.3845,25.6232],[-103.3931,25.6146],[-103.4015,25.6055],[-103.4099,25.5944],[-103.4182,25.5878],[-103.4291,25.5837],[-103.4405,25.5791],[-103.45,25.5703],[-103.4633,25.5606],[-103.4771,25.5519],[-103.4878,25.5409],[-103.4918,25.5249],[-103.4916,25.5023],[-103.4836,25.4853],[-103.4703,25.471],[-103.454,25.4567],[-103.4449,25.449],[-103.4335,25.4386],[-103.4249,25.4275],[-103.4238,25.4175],[-103.431,25.4113],[-103.4417,25.4085],[-103.4528,25.406],[-103.4615,25.4008],[-103.4799,25.3773],[-103.4945,25.3524],[-103.5046,25.326],[-103.5092,25.2978],[-103.5062,25.2806],[-103.498,25.2683],[-103.4861,25.2584],[-103.4719,25.2486],[-103.452,25.2328],[-103.4352,25.2157],[-103.4217,25.1959],[-103.4114,25.1725],[-103.388,25.1406],[-103.3502,25.1171],[-103.309,25.0961],[-103.2753,25.0721],[-103.2596,25.0407],[-103.2568,25.0025],[-103.2573,24.9619],[-103.2515,24.923],[-103.2262,24.8872],[-103.1856,24.8632],[-103.1395,24.8478],[-103.0978,24.8381],[-103.0555,24.8291],[-103.0131,24.8195],[-102.9719,24.8067],[-102.9329,24.7879],[-102.9096,24.7757],[-102.8865,24.7608],[-102.8642,24.7446],[-102.8431,24.7283]],[[-102.8431,24.7283],[-102.842,24.7709],[-102.8408,24.8135],[-102.8397,24.8561],[-102.8385,24.8987],[-102.8158,24.9044],[-102.793,24.9264],[-102.7726,24.9534],[-102.7573,24.9743],[-102.735,25.0005],[-102.7127,25.0266],[-102.6905,25.0527],[-102.6682,25.0789]]]}},{"type":"Feature","properties":{},"geometry":{"type":"MultiLineString","coordinates":[[[-102.1999,25.1655],[-102.1734,25.163],[-102.1316,25.1513],[-102.09,25.1397],[-102.0482,25.128],[-102.0065,25.1163],[-101.97,25.1061],[-101.9336,25.096],[-101.8972,25.0858],[-101.8607,25.0755],[-101.8426,25.0587],[-101.8237,25.026],[-101.8066,24.9905],[-101.7939,24.9651],[-101.7678,24.9381],[-101.7321,24.9189],[-101.6921,24.9093]],[[-102.6682,25.0789],[-102.6502,25.1037],[-102.634,25.1163],[-102.6135,25.1218],[-102.5824,25.1251],[-102.5085,25.1319],[-102.4346,25.1388],[-102.3607,25.1456],[-102.2869,25.1524],[-102.2597,25.1569],[-102.2297,25.1624],[-102.1999,25.1655]],[[-101.6527,24.9109],[-101.6381,24.9094],[-101.6205,24.9021],[-101.6036,24.8921],[-101.5908,24.8824],[-101.5822,24.8679],[-101.5776,24.8472],[-101.5755,24.8252],[-101.5744,24.8069]],[[-101.6921,24.9093],[-101.6527,24.9109]],[[-101.3442,24.838],[-101.3442,24.8317],[-101.3431,24.825],[-101.3419,24.8184],[-101.3416,24.8119]],[[-101.4617,24.7493],[-101.4416,24.7522],[-101.4242,24.7623],[-101.4045,24.7815],[-101.3848,24.8009],[-101.3647,24.8199],[-101.3442,24.838]],[[-101.5744,24.8069],[-101.5946,24.8101],[-101.6149,24.8144],[-101.6349,24.8198],[-101.6543,24.8258]],[[-101.6543,24.8258],[-101.649,24.8084],[-101.6401,24.7857],[-101.629,24.7659],[-101.6172,24.7571],[-101.5891,24.7557],[-101.5611,24.7544],[-101.5332,24.753],[-101.5052,24.7516],[-101.4834,24.7503],[-101.4617,24.7493]],[[-101.2646,24.8229],[-101.2311,24.8175],[-101.1969,24.7965],[-101.1821,24.7824],[-101.1693,24.7677],[-101.1579,24.7519],[-101.1471,24.7345],[-101.1398,24.7184],[-101.1347,24.7015],[-101.1293,24.6847],[-101.1213,24.6688],[-101.0966,24.641],[-101.0589,24.6174],[-101.0171,24.6023],[-100.9801,24.6001]],[[-101.3416,24.8119],[-101.3006,24.8191],[-101.2646,24.8229]],[[-100.9252,24.6117],[-100.9061,24.6059],[-100.8865,24.596],[-100.8668,24.5861],[-100.8474,24.5759],[-100.8284,24.565]],[[-100.9801,24.6001],[-100.9604,24.6051],[-100.9427,24.6102],[-100.9252,24.6117]]]}},{"type":"Feature","properties":{},"geometry":{"type":"MultiLineString","coordinates":[[[-102.7571,24.4093],[-102.7115,24.4169],[-102.6667,24.4289],[-102.6215,24.4399],[-102.5759,24.4483],[-102.5296,24.4524],[-102.5047,24.4546],[-102.4932,24.4604],[-102.4903,24.4742],[-102.4905,24.5],[-102.4905,24.517],[-102.4906,24.534],[-102.4906,24.551],[-102.4907,24.568],[-102.491,24.632],[-102.4912,24.696],[-102.4915,24.76],[-102.4917,24.824],[-102.5028,24.8614],[-102.5291,24.8983],[-102.561,24.9328],[-102.5887,24.963],[-102.6105,24.9906],[-102.6315,25.019],[-102.6509,25.0484],[-102.6682,25.0789]],[[-103.2466,24.4911],[-103.1579,24.4741],[-103.0691,24.4571],[-102.9804,24.4401],[-102.8916,24.4231],[-102.845,24.4156],[-102.8009,24.41],[-102.7571,24.4093]],[[-103.4495,24.35],[-103.4291,24.3523],[-103.4132,24.3603],[-103.4051,24.3747],[-103.4033,24.3916],[-103.4026,24.4091],[-103.3977,24.4255],[-103.3706,24.4493],[-103.3278,24.4689],[-103.2821,24.4832],[-103.2466,24.4911]],[[-103.4879,24.3515],[-103.4705,24.3507],[-103.4495,24.35]],[[-103.8334,23.63],[-103.8192,23.6463],[-103.8104,23.6713],[-103.8072,23.692],[-103.8184,23.7171],[-103.8434,23.7335],[-103.8682,23.7493],[-103.879,23.7731],[-103.8722,23.7871],[-103.863,23.8],[-103.8543,23.8131],[-103.8492,23.8277],[-103.8514,23.8507],[-103.8629,23.8696],[-103.8794,23.8859],[-103.8965,23.901],[-103.9045,23.9248],[-103.8734,23.9335],[-103.8394,23.9451],[-103.8384,23.9773],[-103.8442,24.0034],[-103.8411,24.0281],[-103.8387,24.0508],[-103.8468,24.0707],[-103.8359,24.085],[-103.7993,24.1039],[-103.7577,24.1214],[-103.7319,24.1317],[-103.7247,24.1344],[-103.7175,24.1372],[-103.7103,24.14],[-103.7031,24.1428],[-103.6704,24.1618],[-103.6502,24.1838],[-103.6335,24.2097],[-103.6114,24.24],[-103.6031,24.2535],[-103.5977,24.2666],[-103.5906,24.2785],[-103.5773,24.2885],[-103.5606,24.2921],[-103.5419,24.2933],[-103.5266,24.2979],[-103.5203,24.3119],[-103.5225,24.3279],[-103.5161,24.3406],[-103.5037,24.3488],[-103.4879,24.3515]],[[-103.8974,23.6643],[-103.8742,23.6584],[-103.8523,23.6354],[-103.8334,23.63]],[[-104.3114,22.3191],[-104.2958,22.3703],[-104.2801,22.4213],[-104.2643,22.4725],[-104.2486,22.5236],[-104.2353,22.5623],[-104.2207,22.6027],[-104.2088,22.6437],[-104.2034,22.684],[-104.2008,22.7925],[-104.198,22.901],[-104.1943,23.0094],[-104.1891,23.1177],[-104.1842,23.1417],[-104.1772,23.1551],[-104.1646,23.1637],[-104.143,23.1733],[-104.1343,23.1867],[-104.1297,23.2108],[-104.1276,23.2369],[-104.1261,23.2559],[-104.1224,23.2943],[-104.1188,23.3328],[-104.1152,23.3712],[-104.1116,23.4096],[-104.109,23.4353],[-104.1036,23.4504],[-104.0921,23.4614],[-104.0711,23.4748],[-104.041,23.4929],[-104.0103,23.511],[-103.9805,23.53],[-103.9525,23.5512],[-103.941,23.5671],[-103.9364,23.5857],[-103.9347,23.6055],[-103.9319,23.6248],[-103.9179,23.6531],[-103.8974,23.6643]]]}},{"type":"Feature","properties":{},"geometry":{"type":"MultiLineString","coordinates":[[[-102.2114,22.3545],[-102.2291,22.369],[-102.2431,22.3919],[-102.2526,22.4112],[-102.2614,22.4338],[-102.2749,22.4561],[-102.2916,22.4648]],[[-102.2916,22.4648],[-102.3098,22.4462],[-102.3188,22.4285],[-102.3303,22.4097],[-102.3451,22.397]],[[-102.3451,22.397],[-102.3645,22.3974]],[[-102.3645,22.3974],[-102.3771,22.392],[-102.3856,22.3824],[-102.3935,22.3719],[-102.4044,22.3636],[-102.4137,22.3614]],[[-102.1322,22.3224],[-102.1443,22.3329],[-102.1488,22.3481],[-102.1535,22.3634],[-102.1664,22.3737]],[[-102.1664,22.3737],[-102.1735,22.3724],[-102.18,22.3696],[-102.1858,22.3656],[-102.1908,22.3603],[-102.2114,22.3545]],[[-102.4137,22.3614],[-102.4233,22.3618],[-102.433,22.3632],[-102.4429,22.3638]],[[-102.4429,22.3638],[-102.4463,22.3632],[-102.4496,22.3625],[-102.4528,22.3613],[-102.456,22.3598],[-102.4636,22.3502],[-102.4675,22.3384],[-102.4713,22.3261],[-102.4785,22.3153],[-102.4925,22.308],[-102.511,22.3055]],[[-101.8454,22.0175],[-101.8585,22.0358],[-101.8719,22.0532],[-101.8864,22.0695],[-101.9029,22.0849],[-101.9284,22.0996],[-101.9564,22.1096],[-101.9798,22.123],[-101.9914,22.1478],[-101.9904,22.1785],[-101.987,22.2152],[-101.9876,22.2501],[-101.9989,22.2753],[-102.0171,22.2837],[-102.0377,22.2842],[-102.0589,22.2845],[-102.0787,22.292],[-102.0918,22.3047],[-102.1012,22.3163],[-102.1128,22.3232]],[[-102.1128,22.3232],[-102.1322,22.3224]],[[-102.511,22.3055],[-102.5304,22.306],[-102.5469,22.3077],[-102.583,22.3096]],[[-102.583,22.3096],[-102.621,22.3066],[-102.6543,22.2925],[-102.6763,22.2608],[-102.673,22.2442],[-102.6591,22.2301],[-102.6478,22.2129],[-102.6523,22.1872],[-102.6659,22.162],[-102.6842,22.1398],[-102.7049,22.1194],[-102.7257,22.0996],[-102.744,22.0779],[-102.7602,22.0536],[-102.7752,22.0283],[-102.79,22.0039],[-102.803,21.9862],[-102.817,21.9691],[-102.8304,21.9517],[-102.8418,21.933],[-102.8497,21.913],[-102.8541,21.8926],[-102.856,21.8717],[-102.8564,21.8503],[-102.8469,21.8118],[-102.8249,21.787],[-102.7947,21.7684],[-102.7605,21.7488]]]}},{"type":"Feature","properties":{},"geometry":{"type":"MultiLineString","coordinates":[[[-98.2517,19.7196],[-98.2471,19.7187],[-98.244,19.7143],[-98.2412,19.7086],[-98.237,19.7041],[-98.2153,19.6909],[-98.1927,19.6793],[-98.1688,19.6722]],[[-98.3462,19.5945],[-98.3307,19.607],[-98.3185,19.6307],[-98.3082,19.6544],[-98.3015,19.6662],[-98.2933,19.6764],[-98.2844,19.686],[-98.2756,19.696],[-98.2712,19.7051],[-98.271,19.7104],[-98.2672,19.7145],[-98.2517,19.7196]],[[-98.1688,19.6722],[-98.1431,19.6728]],[[-98.4871,19.6441],[-98.4721,19.6307],[-98.4699,19.6285],[-98.4674,19.6263],[-98.4649,19.6245],[-98.4623,19.6229],[-98.4429,19.618],[-98.422,19.6169],[-98.4007,19.6162],[-98.3801,19.6124],[-98.3768,19.6105],[-98.3735,19.6087],[-98.3702,19.6068],[-98.3668,19.6048],[-98.3462,19.5945]],[[-98.5297,19.6139],[-98.516,19.6236],[-98.5018,19.6377],[-98.4871,19.6441]],[[-98.5725,19.6337],[-98.5595,19.6257],[-98.5457,19.6161],[-98.5297,19.6139]],[[-98.6208,19.6076],[-98.609,19.6126],[-98.5974,19.622],[-98.5862,19.6313],[-98.5725,19.6337]],[[-98.6322,19.6115],[-98.6208,19.6076]],[[-98.6595,19.5855],[-98.6487,19.587],[-98.6417,19.5924],[-98.6368,19.6009],[-98.6322,19.6115]]]}},{"type":"Feature","properties":{},"geometry":{"type":"MultiLineString","coordinates":[[[-98.964,19.0891],[-98.956,19.0997],[-98.9482,19.1101],[-98.9422,19.1214],[-98.9394,19.1344],[-98.9392,19.1355],[-98.9391,19.1366],[-98.9392,19.1377],[-98.9394,19.1388],[-98.9444,19.1555],[-98.9529,19.1705],[-98.9614,19.1852],[-98.9664,19.2012],[-98.965,19.2129],[-98.9634,19.2246],[-98.9616,19.2362],[-98.9597,19.2478],[-98.9587,19.2614],[-98.9596,19.2746],[-98.9621,19.2877],[-98.966,19.3006],[-98.9666,19.3032],[-98.9675,19.3056],[-98.9685,19.3081],[-98.9697,19.3105],[-98.9741,19.3175],[-98.979,19.3241],[-98.9843,19.3306],[-98.99,19.3365],[-99.0074,19.3471],[-99.0268,19.3545],[-99.0451,19.3631],[-99.0588,19.3773],[-99.0553,19.3807],[-99.0521,19.3839],[-99.0489,19.387],[-99.0455,19.3903],[-99.0467,19.3922],[-99.0495,19.3963],[-99.0534,19.4011],[-99.0573,19.4046],[-99.0472,19.4109],[-99.0402,19.4185],[-99.0387,19.4273],[-99.0451,19.4367],[-99.0456,19.438],[-99.0462,19.4392],[-99.0468,19.4405],[-99.0474,19.4417],[-99.0492,19.446],[-99.0511,19.4501],[-99.0534,19.4541],[-99.0558,19.458],[-99.0604,19.4653],[-99.0644,19.4728],[-99.0679,19.4807],[-99.0707,19.4888],[-99.0817,19.4944],[-99.0899,19.5027],[-99.095,19.5133],[-99.097,19.5255],[-99.0974,19.5276],[-99.0976,19.5299],[-99.0975,19.5321],[-99.0972,19.5343],[-99.0976,19.5433],[-99.1013,19.551],[-99.1076,19.5575],[-99.1155,19.5631],[-99.1175,19.5652],[-99.1196,19.5671],[-99.1217,19.5691],[-99.1237,19.5711]],[[-99.1237,19.5711],[-99.1291,19.565],[-99.1347,19.5591],[-99.1406,19.5536],[-99.1468,19.5483],[-99.1549,19.5396],[-99.1546,19.5301],[-99.1551,19.5207],[-99.1655,19.5121],[-99.1538,19.5068],[-99.1497,19.4995],[-99.1529,19.4918],[-99.1628,19.4854],[-99.1694,19.4841],[-99.1754,19.4815],[-99.1806,19.4777],[-99.185,19.4728],[-99.1887,19.4675],[-99.1924,19.4621],[-99.196,19.4568],[-99.1997,19.4515],[-99.2119,19.4361],[-99.2251,19.4205],[-99.2375,19.4044],[-99.2474,19.3877],[-99.2485,19.3854],[-99.2497,19.3831],[-99.2508,19.3807],[-99.2519,19.3784],[-99.2597,19.3609],[-99.2733,19.3561]],[[-99.2733,19.3561],[-99.2907,19.3586],[-99.3093,19.3626]],[[-99.3093,19.3626],[-99.3145,19.3414],[-99.3252,19.3192],[-99.3329,19.2977],[-99.3291,19.2784],[-99.3256,19.2753],[-99.3232,19.2718],[-99.3225,19.2682],[-99.3237,19.2645],[-99.3312,19.2559],[-99.3347,19.2467],[-99.3326,19.2385],[-99.3228,19.2331],[-99.3181,19.2322],[-99.3144,19.2302],[-99.3122,19.2273],[-99.3117,19.2231],[-99.3117,19.2225],[-99.3118,19.2219],[-99.3118,19.2213],[-99.312,19.2208],[-99.3142,19.2035],[-99.3123,19.1856],[-99.3067,19.1685],[-99.2978,19.1537],[-99.2951,19.1503],[-99.2922,19.1472],[-99.2888,19.1446],[-99.2851,19.1424]]]}},{"type":"Feature","properties":{},"geometry":{"type":"LineString","coordinates":[[-98.6595,19.5855],[-98.6719,19.5847],[-98.6843,19.5843],[-98.6967,19.5839],[-98.7091,19.5829],[-98.7016,19.5512],[-98.6937,19.5324],[-98.678,19.5214],[-98.6475,19.5133],[-98.645,19.5005],[-98.6432,19.4878],[-98.642,19.4749],[-98.6409,19.4619]]}},{"type":"Feature","properties":{},"geometry":{"type":"MultiLineString","coordinates":[[[-99.6415,20.1291],[-99.6579,20.1361],[-99.6866,20.1588],[-99.7165,20.1838],[-99.7447,20.2105],[-99.7681,20.2381],[-99.7733,20.2464],[-99.7768,20.2544],[-99.7795,20.2627],[-99.7823,20.2716],[-99.7919,20.2821],[-99.8099,20.2926],[-99.8295,20.3019],[-99.8441,20.3089]],[[-99.3866,19.7563],[-99.3968,19.789],[-99.397,19.7993],[-99.3973,19.8108],[-99.3995,19.8212],[-99.4054,19.8282],[-99.4138,19.8326],[-99.4204,19.8372],[-99.4247,19.8433],[-99.4264,19.8523],[-99.4245,19.8784],[-99.4316,19.8974],[-99.4472,19.9102],[-99.4705,19.918],[-99.4955,19.9248],[-99.5122,19.9353],[-99.5186,19.9531],[-99.5126,19.9814],[-99.5059,20.0016],[-99.4982,20.02],[-99.4911,20.0388],[-99.4858,20.061],[-99.4867,20.0622],[-99.4875,20.0635],[-99.4884,20.0647],[-99.4893,20.066],[-99.4981,20.0787],[-99.507,20.0914],[-99.5158,20.1041],[-99.5246,20.1169],[-99.5312,20.1267],[-99.5375,20.1367],[-99.5434,20.147],[-99.5487,20.1576],[-99.5623,20.1644],[-99.5851,20.1667]],[[-99.5851,20.1667],[-99.609,20.1648],[-99.6256,20.1593],[-99.6317,20.1486],[-99.6349,20.1359],[-99.6415,20.1291]],[[-98.9157,19.8043],[-98.9592,19.8088],[-98.9613,19.8117],[-98.9631,19.8149],[-98.9648,19.8181],[-98.9663,19.8215],[-98.9658,19.8306],[-98.9643,19.8397],[-98.9619,19.8486],[-98.959,19.8573],[-98.9538,19.8765],[-98.9464,19.895],[-98.938,19.9132],[-98.9297,19.9312],[-98.9341,19.9313],[-98.9385,19.9323],[-98.943,19.9332],[-98.9474,19.9334],[-98.9433,19.944],[-98.9404,19.9547],[-98.9393,19.9658],[-98.9403,19.9769],[-98.9426,19.9904],[-98.9479,20.0022],[-98.9555,20.0131],[-98.9647,20.0233],[-98.9695,20.0266],[-98.9744,20.0297],[-98.9795,20.0325],[-98.9847,20.0351],[-99.0011,20.0397],[-99.0177,20.0421]],[[-99.0177,20.0421],[-99.0343,20.0411],[-99.0502,20.0352],[-99.0706,20.0234],[-99.0925,20.0116],[-99.1148,20.0011],[-99.1369,19.9932],[-99.1543,19.9926],[-99.1708,19.9913],[-99.1867,19.9875],[-99.2021,19.9791],[-99.2106,19.9623],[-99.2118,19.9432],[-99.2118,19.9234],[-99.2165,19.9046],[-99.223,19.8966],[-99.2318,19.893],[-99.2418,19.8928]],[[-99.2418,19.8928],[-99.2518,19.8949]],[[-99.2518,19.8949],[-99.2712,19.8808],[-99.2767,19.8485],[-99.287,19.822]],[[-98.7452,19.8406],[-98.766,19.8411],[-98.7833,19.8519],[-98.7999,19.8752],[-98.8348,19.8864]],[[-98.8348,19.8864],[-98.8738,19.8464],[-98.9157,19.8043]],[[-98.6595,19.5855],[-98.659,19.587],[-98.6584,19.5885],[-98.6578,19.59],[-98.6573,19.5915],[-98.6486,19.6092],[-98.6381,19.626],[-98.6279,19.6428],[-98.6201,19.6608],[-98.6146,19.6725],[-98.6078,19.6851],[-98.6015,19.6974],[-98.5976,19.7091],[-98.5965,19.7214],[-98.5991,19.7309],[-98.6051,19.741],[-98.6145,19.7543],[-98.6195,19.7615],[-98.6245,19.7688],[-98.6295,19.7759],[-98.6345,19.7831],[-98.6382,19.7892],[-98.6425,19.795],[-98.647,19.8007],[-98.6518,19.806],[-98.6568,19.8108],[-98.6617,19.8157],[-98.6667,19.8205],[-98.6717,19.8254],[-98.6742,19.8279],[-98.6767,19.8304],[-98.6793,19.8329],[-98.6818,19.8354],[-98.6891,19.8445],[-98.6977,19.8504],[-98.7074,19.852]],[[-98.7074,19.852],[-98.7183,19.8479],[-98.7452,19.8406]],[[-99.287,19.822],[-99.3212,19.8254]],[[-99.3212,19.8254],[-99.3463,19.8062],[-99.3688,19.7726],[-99.3866,19.7563]]]}},{"type":"Feature","properties":{},"geometry":{"type":"MultiLineString","coordinates":[[[-99.2851,19.1424],[-99.2617,19.1206],[-99.2291,19.1092],[-99.1935,19.1036],[-99.1613,19.0991],[-99.1538,19.0983],[-99.1461,19.0974],[-99.1385,19.0965],[-99.1309,19.0955],[-99.1102,19.0915],[-99.0905,19.0844],[-99.0719,19.0745],[-99.0548,19.0621],[-99.0428,19.0578]],[[-98.9769,19.0884],[-98.964,19.0891]],[[-98.9912,19.0891],[-98.9769,19.0884]],[[-99.0428,19.0578],[-99.0341,19.0656],[-99.0266,19.0776],[-99.0178,19.0864],[-99.0055,19.0891],[-98.9912,19.0891]]]}},{"type":"Feature","properties":{},"geometry":{"type":"MultiLineString","coordinates":[[[-98.964,19.0891],[-98.9505,19.0849],[-98.9339,19.0827],[-98.9165,19.0804],[-98.9003,19.076],[-98.8984,19.0754],[-98.8967,19.0745],[-98.8949,19.0737],[-98.8933,19.0726],[-98.8854,19.0649],[-98.8771,19.0567],[-98.8687,19.0489],[-98.8598,19.0425],[-98.8524,19.0418]],[[-98.8401,19.0446],[-98.8351,19.0364],[-98.8341,19.0333],[-98.8332,19.0303],[-98.8324,19.0272],[-98.8315,19.0242],[-98.8292,19.0154],[-98.8264,19.0067],[-98.8233,18.9983],[-98.8197,18.9899],[-98.819,18.9882],[-98.8183,18.9864],[-98.8177,18.9846],[-98.817,18.9828],[-98.8149,18.9743],[-98.8106,18.9688],[-98.8042,18.9661]],[[-98.8524,19.0418],[-98.8458,19.0445],[-98.8401,19.0446]],[[-98.7612,18.9612],[-98.7494,18.9612],[-98.734,18.9628],[-98.7202,18.9646],[-98.7098,18.9699],[-98.704,18.982],[-98.6988,18.9949],[-98.6891,19.0031],[-98.6766,19.0091],[-98.6628,19.0153],[-98.6586,19.0174],[-98.6546,19.0195],[-98.6505,19.0215],[-98.6464,19.0236]],[[-98.7955,18.9662],[-98.7833,18.9658],[-98.7722,18.9634],[-98.7612,18.9612]],[[-98.8042,18.9661],[-98.7955,18.9662]]]}},{"type":"Feature","properties":{},"geometry":{"type":"LineString","coordinates":[[-99.2851,19.1424],[-99.2928,19.1324],[-99.3024,19.123],[-99.3127,19.1139],[-99.3225,19.1047],[-99.3321,19.0889],[-99.329,19.0741],[-99.3186,19.0603],[-99.3062,19.0474],[-99.3219,19.0384],[-99.3335,19.0298],[-99.3374,19.0181],[-99.3295,18.9995],[-99.3237,18.9942],[-99.3178,18.9889],[-99.3119,18.9836],[-99.3061,18.9784],[-99.3015,18.952],[-99.3076,18.9348],[-99.323,18.9227],[-99.3462,18.9115],[-99.3576,18.9084],[-99.369,18.9048],[-99.3801,18.9007],[-99.3908,18.8956],[-99.4038,18.8844],[-99.4132,18.869],[-99.4205,18.8519],[-99.427,18.8358],[-99.4369,18.8239],[-99.4504,18.8164],[-99.4636,18.8097],[-99.4724,18.8005],[-99.4724,18.799],[-99.4724,18.7975],[-99.4723,18.796],[-99.4723,18.7945],[-99.4742,18.7658],[-99.48,18.7365],[-99.4875,18.707],[-99.4943,18.6774],[-99.4947,18.6766],[-99.4951,18.6758],[-99.4954,18.6749],[-99.4955,18.6741]]}},{"type":"Feature","properties":{},"geometry":{"type":"MultiLineString","coordinates":[[[-98.0625,19.7308],[-98.0436,19.7186],[-98.0282,19.6918],[-98.0288,19.6622],[-98.0407,19.6453],[-98.0346,19.6361],[-98.0185,19.6316],[-98.0002,19.6287],[-97.9816,19.6206],[-97.9684,19.6074],[-97.9562,19.5927],[-97.9408,19.5798],[-97.9134,19.5692],[-97.872,19.5589],[-97.8426,19.5435],[-97.8506,19.5172],[-97.8608,19.5127]],[[-98.1023,19.6709],[-98.0887,19.672],[-98.0725,19.6771],[-98.069,19.6859],[-98.0714,19.6987],[-98.0729,19.7163],[-98.0625,19.7308]],[[-98.1431,19.6728],[-98.1295,19.6718],[-98.1159,19.671],[-98.1023,19.6709]],[[-97.8608,19.5127],[-97.8708,19.5131]],[[-97.8708,19.5131],[-97.8786,19.5115],[-97.8822,19.5011],[-97.8814,19.4918],[-97.878,19.4851],[-97.8718,19.4808],[-97.8625,19.4792],[-97.8566,19.4665],[-97.8522,19.4486],[-97.8445,19.4363]],[[-98.5483,19.4379],[-98.5805,19.445],[-98.6132,19.4551],[-98.6409,19.4619]],[[-97.7947,19.4568],[-97.7771,19.4565],[-97.759,19.4479],[-97.7469,19.4367],[-97.7361,19.4243],[-97.7256,19.4118],[-97.7144,19.3998],[-97.7043,19.3899],[-97.6931,19.3809],[-97.6812,19.3739],[-97.6685,19.3699]],[[-97.8445,19.4363],[-97.8285,19.4404],[-97.8119,19.4508],[-97.7947,19.4568]],[[-98.1935,19.1065],[-98.2157,19.1125],[-98.2242,19.1231],[-98.232,19.1342],[-98.2398,19.1453],[-98.2479,19.1563],[-98.2493,19.1584],[-98.2508,19.1601],[-98.2525,19.1619],[-98.2543,19.1633],[-98.2554,19.1643],[-98.2565,19.1651],[-98.2575,19.166],[-98.2586,19.1669],[-98.2624,19.1701],[-98.2662,19.1734],[-98.2701,19.1766],[-98.2739,19.1798],[-98.2769,19.1823],[-98.2799,19.1848],[-98.283,19.1871],[-98.2863,19.1893],[-98.2898,19.1923],[-98.2935,19.1951],[-98.2972,19.1976],[-98.3012,19.2],[-98.3028,19.2009],[-98.3043,19.2018],[-98.3059,19.2027],[-98.3075,19.2036],[-98.3155,19.2078],[-98.3234,19.2124],[-98.3308,19.2176],[-98.3377,19.2235],[-98.3431,19.229],[-98.3477,19.235],[-98.3517,19.2414],[-98.3551,19.2483],[-98.3583,19.2554],[-98.3614,19.2625],[-98.3644,19.2697],[-98.3674,19.2769],[-98.3755,19.2937],[-98.3857,19.3081],[-98.3983,19.3204],[-98.4135,19.3315],[-98.4161,19.3329],[-98.4189,19.3343],[-98.4217,19.3355],[-98.4246,19.3366],[-98.433,19.3441],[-98.4351,19.3543],[-98.4367,19.3659],[-98.4434,19.3779],[-98.4512,19.3881],[-98.4569,19.3994],[-98.4608,19.4114],[-98.463,19.424],[-98.4627,19.4279],[-98.4631,19.4317],[-98.4642,19.4352],[-98.4659,19.4383],[-98.4817,19.4508],[-98.4927,19.4543]],[[-98.4927,19.4543],[-98.5042,19.4503],[-98.5219,19.44],[-98.5483,19.4379]],[[-97.6412,19.3728],[-97.6212,19.3646],[-97.6128,19.3463],[-97.6204,19.3195],[-97.6403,19.2975],[-97.6681,19.2839],[-97.698,19.2829]],[[-97.6685,19.3699],[-97.6412,19.3728]],[[-97.7475,19.2949],[-97.7755,19.2964],[-97.805,19.3039],[-97.8276,19.3114]],[[-97.8276,19.3114],[-97.8326,19.308],[-97.8371,19.3035],[-97.8409,19.2982],[-97.8442,19.2922],[-97.8563,19.2887],[-97.8681,19.2846],[-97.8778,19.2781],[-97.8834,19.2671],[-97.8836,19.2662],[-97.8838,19.2653],[-97.884,19.2644],[-97.8842,19.2634],[-97.8752,19.2446],[-97.8586,19.228],[-97.8467,19.2119],[-97.852,19.1945],[-97.8598,19.1871],[-97.8679,19.1801],[-97.8762,19.1732],[-97.8844,19.1662],[-97.9064,19.156]],[[-97.698,19.2829],[-97.7241,19.2981],[-97.7257,19.2994],[-97.7272,19.3012],[-97.7284,19.3031],[-97.7294,19.305]],[[-97.7294,19.305],[-97.7475,19.2949]],[[-97.9064,19.156],[-97.9291,19.1585],[-97.9518,19.1679],[-97.974,19.1785],[-97.9799,19.181],[-97.9858,19.1836],[-97.9917,19.1861],[-97.9976,19.1886],[-98.0016,19.1902],[-98.0057,19.192],[-98.0097,19.1937],[-98.0137,19.1954],[-98.014,19.1955],[-98.0143,19.1957],[-98.0147,19.1958],[-98.0151,19.196],[-98.0238,19.1997],[-98.0329,19.2035],[-98.0418,19.2068],[-98.0501,19.2092]],[[-98.0501,19.2092],[-98.068,19.1847],[-98.0873,19.1571],[-98.1083,19.1349],[-98.132,19.1267],[-98.1533,19.1225],[-98.1732,19.1128],[-98.1935,19.1065]]]}},{"type":"Feature","properties":{},"geometry":{"type":"MultiLineString","coordinates":[[[-98.0002,20.4845],[-98.001,20.4837],[-98.0017,20.4828],[-98.0026,20.482],[-98.0034,20.4811],[-98.01,20.474],[-98.0166,20.467],[-98.0232,20.4599],[-98.0299,20.4528],[-98.0354,20.4465],[-98.041,20.4401],[-98.0466,20.4338],[-98.0525,20.4277],[-98.0717,20.4174],[-98.0951,20.4062],[-98.1162,20.3934],[-98.1282,20.3777],[-98.1357,20.3655],[-98.1436,20.3535],[-98.1516,20.3417],[-98.1594,20.3297],[-98.1714,20.3238],[-98.1876,20.321],[-98.2049,20.3196],[-98.2203,20.3182],[-98.2242,20.3174],[-98.228,20.3165],[-98.2318,20.3156],[-98.2355,20.3145],[-98.2511,20.3026],[-98.2563,20.2863],[-98.2594,20.2683],[-98.2685,20.2518],[-98.2755,20.2422],[-98.2749,20.2316],[-98.2686,20.2217],[-98.2586,20.2139],[-98.2527,20.207],[-98.2459,20.2024],[-98.2381,20.2009]],[[-98.1605,20.2227],[-98.1353,20.2103],[-98.1226,20.1724],[-98.1223,20.1637],[-98.122,20.1548],[-98.1216,20.1461],[-98.1208,20.1374],[-98.1108,20.119],[-98.1012,20.1024],[-98.101,20.0862],[-98.1189,20.0687],[-98.1431,20.05],[-98.1575,20.0276],[-98.1661,20.0015],[-98.1726,19.9719],[-98.1806,19.9613],[-98.1892,19.9511],[-98.1975,19.9407],[-98.2047,19.9297],[-98.2075,19.9264],[-98.2101,19.923],[-98.2126,19.9194],[-98.2148,19.9157],[-98.2309,19.8935],[-98.245,19.8713],[-98.2513,19.8489],[-98.2436,19.8262],[-98.2195,19.7883],[-98.1954,19.7461],[-98.1704,19.7056],[-98.1431,19.6728]],[[-98.2381,20.2009],[-98.2295,20.203],[-98.1934,20.2175],[-98.1605,20.2227]]]}},{"type":"Feature","properties":{},"geometry":{"type":"MultiLineString","coordinates":[[[-103.4778,18.9664],[-103.4909,18.9686]],[[-103.4909,18.9686],[-103.4963,18.9612],[-103.4988,18.9494],[-103.5034,18.9382],[-103.5081,18.9356],[-103.5143,18.9353],[-103.5206,18.9351],[-103.5253,18.933],[-103.5273,18.9285],[-103.5265,18.9239],[-103.5249,18.9193],[-103.5249,18.9151],[-103.5309,18.9117],[-103.5439,18.9061],[-103.558,18.8996],[-103.5675,18.8931],[-103.5776,18.884],[-103.586,18.8821]],[[-103.586,18.8821],[-103.5949,18.8854],[-103.6066,18.892]],[[-103.6066,18.892],[-103.6118,18.8885],[-103.6151,18.8838],[-103.6166,18.8783],[-103.616,18.8719],[-103.6144,18.8676],[-103.6137,18.8632],[-103.6138,18.8588],[-103.6148,18.8544],[-103.6202,18.842],[-103.6217,18.8287],[-103.6228,18.8153],[-103.627,18.8024],[-103.6381,18.7905],[-103.6509,18.787],[-103.6646,18.7854],[-103.6791,18.7789],[-103.6882,18.7693],[-103.6947,18.758],[-103.6991,18.7453],[-103.702,18.7324],[-103.7081,18.7168],[-103.7184,18.7061],[-103.7315,18.6975],[-103.742,18.6904]]]}},{"type":"Feature","properties":{},"geometry":{"type":"MultiLineString","coordinates":[[[-104.9707,22.5417],[-104.9967,22.5435],[-105.0026,22.5629],[-105.0022,22.5934],[-104.999,22.6255],[-104.9966,22.6495],[-104.9942,22.675],[-104.9886,22.6916],[-104.9775,22.7057],[-104.9588,22.7235],[-104.9444,22.7357],[-104.9199,22.7569],[-104.8973,22.778],[-104.8886,22.7903],[-104.9003,22.8166],[-104.9119,22.8429],[-104.9236,22.8691],[-104.9353,22.8955],[-104.9455,22.9156],[-104.9559,22.9285],[-104.9699,22.9383],[-104.9907,22.9493],[-105.0353,22.9711],[-105.083,22.9952],[-105.1315,23.017],[-105.1788,23.0316],[-105.2296,23.0374]],[[-105.2296,23.0374],[-105.2831,23.0372],[-105.337,23.0347],[-105.3886,23.0333]],[[-104.5041,22.4156],[-104.5335,22.4274],[-104.5623,22.4445],[-104.5874,22.4596],[-104.6138,22.4815],[-104.629,22.5105],[-104.6381,22.5437],[-104.6467,22.5783],[-104.65,22.5911],[-104.6536,22.6045],[-104.6592,22.6166],[-104.6679,22.6256],[-104.689,22.6391],[-104.7215,22.6584],[-104.7537,22.674],[-104.7743,22.6762]],[[-104.7743,22.6762],[-104.8043,22.6557],[-104.8343,22.6351],[-104.8642,22.6145],[-104.8942,22.594],[-104.9156,22.577],[-104.9424,22.5562],[-104.9707,22.5417]],[[-104.3114,22.3191],[-104.3176,22.3578],[-104.3234,22.3968],[-104.329,22.4359],[-104.3346,22.4749]],[[-104.3346,22.4749],[-104.3703,22.4604],[-104.4059,22.4458],[-104.4415,22.4312],[-104.4772,22.4168],[-104.5041,22.4156]]]}},{"type":"Feature","properties":{},"geometry":{"type":"LineString","coordinates":[[-104.3114,22.3191],[-104.314,22.3055],[-104.3186,22.2916],[-104.3243,22.2778],[-104.3298,22.2644]]}},{"type":"Feature","properties":{},"geometry":{"type":"MultiLineString","coordinates":[[[-104.2856,20.708],[-104.2834,20.7146],[-104.2818,20.7215],[-104.2812,20.7286],[-104.2817,20.7357],[-104.2825,20.7516],[-104.2829,20.7677],[-104.2829,20.7837],[-104.2829,20.7997],[-104.2785,20.8329],[-104.2711,20.8615],[-104.2599,20.8885],[-104.2441,20.9168],[-104.2387,20.9261],[-104.2334,20.9354],[-104.2283,20.9448],[-104.223,20.954],[-104.2129,20.9725],[-104.2082,20.9933],[-104.2063,21.015],[-104.2044,21.0363],[-104.2042,21.0403],[-104.2039,21.0442],[-104.2038,21.0482],[-104.2037,21.0521],[-104.2053,21.0705],[-104.2071,21.0902],[-104.2099,21.1097],[-104.2142,21.1272],[-104.2222,21.1513],[-104.2241,21.1693],[-104.215,21.1814],[-104.2017,21.1986],[-104.1959,21.1989],[-104.1601,21.204],[-104.0824,21.2051],[-104.0593,21.2093],[-104.0397,21.2198],[-103.9826,21.2705],[-103.9686,21.2871],[-103.9626,21.3044],[-103.9623,21.347],[-103.9565,21.3652],[-103.9447,21.3752],[-103.9521,21.3786],[-104.0122,21.409],[-104.0786,21.4446],[-104.1445,21.4814],[-104.2103,21.5192],[-104.1881,21.5449],[-104.1707,21.5697],[-104.1581,21.5968],[-104.1509,21.6295],[-104.1481,21.6461],[-104.1441,21.6621],[-104.1393,21.678],[-104.1344,21.6939],[-104.1266,21.7127],[-104.1138,21.7424],[-104.1023,21.7705],[-104.0984,21.7845],[-104.1266,21.8191],[-104.155,21.8525],[-104.1846,21.8847],[-104.216,21.9163],[-104.2538,21.9514],[-104.2926,21.985],[-104.332,22.0176],[-104.3722,22.0501],[-104.3931,22.0698],[-104.3987,22.0854],[-104.3932,22.104],[-104.3812,22.1323],[-104.3684,22.1653],[-104.3555,22.1983],[-104.3426,22.2314],[-104.3298,22.2644]],[[-104.7779,21.0206],[-104.7681,21.0202],[-104.7582,21.0188],[-104.7392,21.0142],[-104.7279,21.0097],[-104.7183,21.003],[-104.7043,20.9916],[-104.6962,20.9846],[-104.6884,20.9775],[-104.6802,20.9704],[-104.6714,20.964],[-104.6557,20.9481],[-104.6394,20.9335],[-104.621,20.9231],[-104.5984,20.9198]],[[-104.9746,20.9231],[-104.9243,20.9312],[-104.8809,20.9579],[-104.84,20.9909],[-104.7973,21.0176],[-104.7877,21.0199],[-104.7779,21.0206]],[[-105.0441,20.9371],[-105.039,20.9307],[-105.0371,20.9223],[-105.0334,20.9172],[-105.0273,20.9166]],[[-105.2908,20.6852],[-105.2779,20.6904],[-105.267,20.6991],[-105.2471,20.7315],[-105.2225,20.7615],[-105.197,20.7913],[-105.1749,20.8229],[-105.1528,20.8577],[-105.1262,20.8907],[-105.0946,20.9181],[-105.0574,20.9368],[-105.0441,20.9371]],[[-105.0044,20.9269],[-104.994,20.9262],[-104.9835,20.9245],[-104.9746,20.9231]],[[-105.0273,20.9166],[-105.0223,20.9185],[-105.0177,20.9217],[-105.0126,20.9251],[-105.0044,20.9269]],[[-104.5684,20.9202],[-104.5439,20.9178],[-104.5229,20.9066],[-104.5033,20.8808],[-104.4909,20.8604],[-104.478,20.8442],[-104.4625,20.8304],[-104.4423,20.8177],[-104.4203,20.8068],[-104.3976,20.7949],[-104.378,20.7796],[-104.3653,20.7591],[-104.3528,20.7441],[-104.3308,20.7317],[-104.3061,20.7202],[-104.2856,20.708]],[[-104.5984,20.9198],[-104.5684,20.9202]]]}},{"type":"Feature","properties":{},"geometry":{"type":"MultiLineString","coordinates":[[[-105.3886,23.0333],[-105.4136,23.0351]],[[-105.4136,23.0351],[-105.4348,23.0328],[-105.4518,23.0236],[-105.4641,23.0046],[-105.4709,22.9855],[-105.472,22.9736],[-105.468,22.9625],[-105.4591,22.9458],[-105.4512,22.9327],[-105.4455,22.9234],[-105.445,22.9142],[-105.4523,22.9013],[-105.466,22.8878],[-105.4847,22.8739],[-105.5043,22.8603],[-105.5203,22.8478],[-105.5363,22.8321],[-105.5557,22.8122],[-105.5717,22.7907],[-105.5771,22.7702],[-105.5743,22.7606],[-105.5688,22.7538],[-105.5614,22.7483],[-105.553,22.7431],[-105.5418,22.7359],[-105.5352,22.73],[-105.5303,22.7218],[-105.5247,22.7077],[-105.5171,22.6979],[-105.5066,22.694],[-105.4957,22.691],[-105.4865,22.6841],[-105.4862,22.6788],[-105.4888,22.6713],[-105.4916,22.6637],[-105.492,22.6577],[-105.4885,22.6548],[-105.4826,22.6529],[-105.4766,22.651],[-105.473,22.6482],[-105.4639,22.6251],[-105.4556,22.5998],[-105.4483,22.5742],[-105.442,22.55],[-105.4428,22.5147],[-105.466,22.4949],[-105.5,22.49]],[[-105.5,22.49],[-105.5326,22.5],[-105.5473,22.5109],[-105.561,22.5231],[-105.5752,22.5348],[-105.5914,22.5442],[-105.6135,22.5485]],[[-105.6135,22.5485],[-105.6346,22.545],[-105.6555,22.5389],[-105.6775,22.5352],[-105.6717,22.518],[-105.6655,22.499],[-105.6618,22.48],[-105.6633,22.4622],[-105.6787,22.449]],[[-105.6787,22.449],[-105.6966,22.4653],[-105.7133,22.4923],[-105.7241,22.5095],[-105.7241,22.5095]]]}},{"type":"Feature","properties":{},"geometry":{"type":"MultiLineString","coordinates":[[[-98.5151,21.3988],[-98.5136,21.3983],[-98.5121,21.3977],[-98.5106,21.3972],[-98.5092,21.3966],[-98.4923,21.3864],[-98.4757,21.3757],[-98.4592,21.3647],[-98.4428,21.3537],[-98.4605,21.3326],[-98.478,21.3133],[-98.4905,21.2917],[-98.4932,21.2634],[-98.4923,21.2561],[-98.4897,21.2499],[-98.4856,21.2449],[-98.48,21.2409],[-98.4602,21.2347],[-98.4426,21.2174],[-98.4263,21.196],[-98.4101,21.1776],[-98.3983,21.1689],[-98.3862,21.1606],[-98.3734,21.1551]],[[-98.2863,21.2463],[-98.2732,21.2389],[-98.2681,21.2223],[-98.2662,21.197],[-98.2787,21.1692],[-98.2882,21.1434],[-98.2775,21.1241],[-98.2485,21.1235]],[[-98.3734,21.1551],[-98.3593,21.1553],[-98.3383,21.1699],[-98.3129,21.1884],[-98.2949,21.2084],[-98.2958,21.2281],[-98.2972,21.2432],[-98.2863,21.2463]],[[-98.2124,21.1506],[-98.1921,21.1219],[-98.1807,21.1179],[-98.1724,21.1126],[-98.1658,21.1049],[-98.1595,21.0939],[-98.1532,21.0883],[-98.1446,21.086],[-98.136,21.0822],[-98.1299,21.0722],[-98.1316,21.0627],[-98.1373,21.0474],[-98.1443,21.0324],[-98.1498,21.0233],[-98.1544,21.0208]],[[-98.2485,21.1235],[-98.229,21.1418],[-98.2124,21.1506]],[[-98.1544,21.0208],[-98.159,21.0215],[-98.1633,21.0229]],[[-98.1633,21.0229],[-98.167,21.0222],[-98.1723,21.0173],[-98.1785,21.0108],[-98.1849,21.0031],[-98.1909,20.9952],[-98.1973,20.9857],[-98.2043,20.9767],[-98.2119,20.9681],[-98.2199,20.96],[-98.2324,20.9383],[-98.2382,20.9048],[-98.2372,20.87],[-98.2299,20.8446],[-98.2268,20.8388],[-98.2267,20.8342],[-98.2296,20.8309],[-98.2357,20.829],[-98.2609,20.8287]],[[-98.2609,20.8287],[-98.284,20.8359],[-98.3059,20.8477],[-98.3274,20.861],[-98.3398,20.866],[-98.3527,20.8701],[-98.3659,20.8732],[-98.3792,20.8753],[-98.3932,20.877]],[[-98.3932,20.877],[-98.4101,20.8753],[-98.4245,20.8691],[-98.4312,20.8574],[-98.4284,20.8458],[-98.4213,20.8375],[-98.4148,20.829],[-98.4142,20.8165],[-98.4153,20.8047],[-98.4154,20.7958],[-98.4191,20.7883],[-98.4314,20.7811],[-98.4441,20.7781],[-98.4573,20.7775],[-98.4708,20.7765],[-98.4841,20.772],[-98.4949,20.7569],[-98.4934,20.7427],[-98.4824,20.7325],[-98.4649,20.7297]],[[-98.4284,20.7488],[-98.4169,20.7448],[-98.4139,20.7278],[-98.4187,20.7094],[-98.4276,20.6917],[-98.4372,20.6768],[-98.4579,20.6574],[-98.4843,20.6412],[-98.5079,20.6245],[-98.5203,20.6041],[-98.5225,20.5863],[-98.5245,20.567],[-98.5278,20.5479],[-98.5341,20.5314],[-98.5416,20.5218],[-98.5515,20.5128],[-98.562,20.5039],[-98.5708,20.4949],[-98.5685,20.4723],[-98.5533,20.4493],[-98.5344,20.4263],[-98.5213,20.4039],[-98.5006,20.3624],[-98.4684,20.3536]],[[-98.4649,20.7297],[-98.4514,20.7349],[-98.4395,20.7433],[-98.4284,20.7488]],[[-98.0794,20.6971],[-98.0766,20.6957],[-98.074,20.6939],[-98.0716,20.6918],[-98.0697,20.6894],[-98.0618,20.6744],[-98.0468,20.6732],[-98.0313,20.673],[-98.0216,20.6608],[-98.0214,20.6499],[-98.0234,20.6393],[-98.0248,20.6287],[-98.0221,20.6179],[-98.018,20.6119],[-98.0131,20.6068],[-98.0081,20.6017],[-98.004,20.5961],[-98.0014,20.5807],[-98.0085,20.5673],[-98.0185,20.5546],[-98.0252,20.5408],[-98.0251,20.5248],[-98.0197,20.51],[-98.0108,20.4964],[-98.0002,20.4845]],[[-98.3358,20.435],[-98.3181,20.4542],[-98.3065,20.469],[-98.293,20.4822],[-98.2794,20.4953],[-98.2676,20.5099],[-98.252,20.5283],[-98.2361,20.5466],[-98.2197,20.5645],[-98.2026,20.5814],[-98.1788,20.6129],[-98.1461,20.6544],[-98.1108,20.6884],[-98.0794,20.6971]],[[-98.3773,20.4648],[-98.3612,20.4521],[-98.3487,20.4382],[-98.3358,20.435]],[[-98.4684,20.3536],[-98.4343,20.3711],[-98.4074,20.4075],[-98.4019,20.4235],[-98.3975,20.4404],[-98.3904,20.4551],[-98.3773,20.4648]]]}},{"type":"Feature","properties":{},"geometry":{"type":"MultiLineString","coordinates":[[[-97.8759,20.8253],[-97.8647,20.8246],[-97.8538,20.8201],[-97.843,20.8138]],[[-98.0002,20.4845],[-97.9864,20.4929],[-97.9748,20.5035],[-97.9654,20.5161],[-97.9583,20.5308],[-97.9509,20.55],[-97.9463,20.5705],[-97.9443,20.5915],[-97.9444,20.612],[-97.9449,20.6239],[-97.9458,20.635],[-97.9475,20.6456],[-97.9504,20.6556],[-97.956,20.6628],[-97.964,20.6731],[-97.9664,20.6822],[-97.9548,20.686],[-97.9419,20.6905],[-97.9372,20.702],[-97.9366,20.7166],[-97.9359,20.7305],[-97.9291,20.7404],[-97.9173,20.7449],[-97.9048,20.749],[-97.8962,20.758],[-97.8944,20.7736],[-97.8966,20.7903],[-97.8964,20.8064],[-97.8873,20.8201],[-97.8759,20.8253]],[[-97.7971,20.8172],[-97.7792,20.8138],[-97.7566,20.7965],[-97.7428,20.7781],[-97.7399,20.7578],[-97.7413,20.736],[-97.7409,20.7131],[-97.7341,20.6933],[-97.7229,20.6774],[-97.7108,20.6622],[-97.7008,20.6444],[-97.7112,20.6318],[-97.7213,20.6206],[-97.7224,20.6108],[-97.7056,20.6026],[-97.6963,20.6024]],[[-97.843,20.8138],[-97.8163,20.8146],[-97.7971,20.8172]],[[-97.6622,20.6069],[-97.6493,20.6047],[-97.6362,20.6013],[-97.6232,20.5976],[-97.6103,20.594],[-97.5888,20.5822],[-97.571,20.5578],[-97.5597,20.529],[-97.5586,20.5042],[-97.561,20.4988],[-97.5643,20.4943],[-97.5682,20.4908],[-97.573,20.4879],[-97.5837,20.4718],[-97.596,20.4527],[-97.609,20.4344],[-97.622,20.4213],[-97.6398,20.4158]],[[-97.6963,20.6024],[-97.6847,20.6043],[-97.6726,20.6064],[-97.6622,20.6069]],[[-97.6398,20.4158],[-97.6533,20.4236],[-97.6646,20.438],[-97.6753,20.4519],[-97.6934,20.4658]],[[-97.6934,20.4658],[-97.7033,20.463],[-97.7121,20.4517],[-97.727,20.4403],[-97.7409,20.4384]],[[-97.7409,20.4384],[-97.7562,20.4397]],[[-97.7562,20.4397],[-97.7697,20.4387],[-97.7781,20.4299],[-97.7715,20.4144],[-97.7674,20.3986],[-97.7665,20.3824],[-97.7694,20.3657],[-97.7695,20.3654],[-97.7696,20.365],[-97.7697,20.3646],[-97.7698,20.3643],[-97.7689,20.3566],[-97.7669,20.3494],[-97.7638,20.3425],[-97.7595,20.3361],[-97.7608,20.3246],[-97.7656,20.3131],[-97.7721,20.3017],[-97.7787,20.2902],[-97.7741,20.2732],[-97.7585,20.2619],[-97.739,20.2536],[-97.7223,20.2456],[-97.7182,20.2426],[-97.7143,20.2391],[-97.7109,20.2354],[-97.7078,20.2312],[-97.7059,20.2287],[-97.7042,20.2261],[-97.7026,20.2234],[-97.7014,20.2205],[-97.6977,20.2033],[-97.69,20.1882],[-97.6778,20.1789]],[[-97.4035,20.2596],[-97.3812,20.257],[-97.3601,20.2459],[-97.3355,20.2284],[-97.3187,20.2172],[-97.3013,20.2061],[-97.2835,20.196],[-97.2649,20.1879],[-97.256,20.1834],[-97.2471,20.1792],[-97.2381,20.175],[-97.2289,20.1712],[-97.1896,20.1599],[-97.1529,20.1458],[-97.1355,20.1217],[-97.1542,20.0803],[-97.1664,20.0664],[-97.1796,20.0536],[-97.1931,20.0412],[-97.2061,20.0281],[-97.2139,20.0193],[-97.2215,20.0105],[-97.2293,20.0018],[-97.2379,19.9938],[-97.2545,19.9787],[-97.2688,19.9616],[-97.2812,19.9431],[-97.2923,19.9235],[-97.2947,19.9198],[-97.297,19.916],[-97.2994,19.9124],[-97.3017,19.9088],[-97.306,19.903],[-97.3089,19.8968],[-97.3105,19.8902],[-97.3106,19.8832],[-97.3104,19.8753],[-97.3096,19.8673],[-97.3082,19.8594],[-97.3063,19.8517],[-97.3021,19.8073],[-97.3075,19.7483],[-97.3245,19.6945],[-97.3552,19.6657],[-97.3729,19.6646],[-97.3838,19.6472],[-97.3892,19.6232],[-97.3903,19.6026],[-97.3905,19.6002],[-97.3907,19.5977],[-97.3909,19.5953],[-97.391,19.593],[-97.3924,19.5758],[-97.3827,19.5669],[-97.3684,19.5603],[-97.3565,19.5501],[-97.3555,19.5423],[-97.3578,19.5333],[-97.3592,19.5248],[-97.3554,19.518],[-97.3488,19.5138],[-97.3422,19.5096],[-97.3358,19.505],[-97.3299,19.4998],[-97.3206,19.4808],[-97.3292,19.4656],[-97.3474,19.4555],[-97.367,19.452]],[[-97.5755,20.1184],[-97.5723,20.1189],[-97.5693,20.1204],[-97.5623,20.1238],[-97.5556,20.1277],[-97.5492,20.1321],[-97.5431,20.1367],[-97.5325,20.1472],[-97.5225,20.1579],[-97.5129,20.1689],[-97.5038,20.1807],[-97.4894,20.1996],[-97.4814,20.2197],[-97.4704,20.2375],[-97.4472,20.2494],[-97.4433,20.25],[-97.4394,20.2505],[-97.4356,20.2512],[-97.4317,20.2518],[-97.4035,20.2596]],[[-97.6213,20.1926],[-97.6055,20.1871],[-97.5986,20.1689],[-97.5964,20.1411],[-97.5951,20.1344],[-97.5922,20.1286],[-97.5878,20.1238],[-97.5821,20.1201],[-97.5788,20.1188],[-97.5755,20.1184]],[[-97.6778,20.1789],[-97.66,20.179],[-97.6576,20.1797],[-97.6552,20.1806],[-97.653,20.1816],[-97.6506,20.1827],[-97.6213,20.1926]],[[-97.367,19.452],[-97.3821,19.4528]],[[-97.3821,19.4528],[-97.3987,19.4523],[-97.4075,19.446],[-97.3992,19.4298],[-97.3868,19.4229],[-97.3712,19.4218],[-97.3552,19.4216],[-97.3412,19.4176],[-97.3344,19.4113],[-97.329,19.4032],[-97.3235,19.3947],[-97.3168,19.3876]],[[-97.2819,19.4007],[-97.2696,19.3996],[-97.2547,19.3821],[-97.2405,19.359],[-97.2258,19.3387],[-97.209,19.3297],[-97.2048,19.3292],[-97.2005,19.3288],[-97.1961,19.3283],[-97.1919,19.3279],[-97.1664,19.3227],[-97.1387,19.3113],[-97.1125,19.3032]],[[-97.3168,19.3876],[-97.3047,19.3905],[-97.2933,19.3963],[-97.2819,19.4007]],[[-97.06,19.3195],[-97.0494,19.3172],[-97.0344,19.3121],[-97.0213,19.3075],[-97.0074,19.3016],[-96.9939,19.295],[-96.982,19.288],[-96.9815,19.2808],[-96.9834,19.2744],[-96.9875,19.269],[-96.9936,19.2647],[-96.9997,19.2604],[-97.0053,19.2555],[-97.0104,19.2501],[-97.0148,19.2441],[-97.0193,19.2389],[-97.0236,19.2337],[-97.0279,19.2284],[-97.0323,19.2232],[-97.0375,19.2173],[-97.0436,19.2125],[-97.0503,19.2092],[-97.0574,19.2075]],[[-97.1125,19.3032],[-97.0915,19.3077],[-97.0904,19.3083],[-97.0893,19.309],[-97.0883,19.3095],[-97.0871,19.3101],[-97.071,19.3176],[-97.06,19.3195]],[[-97.0574,19.2075],[-97.061,19.2084],[-97.0647,19.2091],[-97.0685,19.2095],[-97.0722,19.2098]],[[-97.0722,19.2098],[-97.0817,19.209],[-97.0885,19.2043],[-97.0932,19.1966],[-97.0963,19.187],[-97.1091,19.1787]],[[-97.1091,19.1787],[-97.1274,19.1825],[-97.1479,19.1904],[-97.167,19.1938]],[[-97.167,19.1938],[-97.1803,19.1897],[-97.1923,19.1821],[-97.2044,19.1744],[-97.2182,19.1695],[-97.2299,19.1677],[-97.2416,19.1664],[-97.2531,19.1644],[-97.2641,19.1604],[-97.2717,19.1369],[-97.2697,19.1057],[-97.263,19.0742],[-97.2563,19.0499],[-97.2534,19.0386],[-97.2506,19.0273],[-97.2484,19.0158],[-97.2475,19.0042],[-97.2476,18.9995],[-97.2475,18.995],[-97.2471,18.9904],[-97.2466,18.9858],[-97.2464,18.9833],[-97.2459,18.9808],[-97.2454,18.9783],[-97.2446,18.9759],[-97.2436,18.972],[-97.2429,18.9681],[-97.2425,18.9641],[-97.2422,18.9599],[-97.239,18.9481],[-97.2344,18.9366],[-97.2301,18.9251],[-97.2269,18.9134],[-97.2263,18.8925],[-97.2344,18.8848],[-97.2499,18.882],[-97.2716,18.8753],[-97.2821,18.8685],[-97.2878,18.8584],[-97.2922,18.8471],[-97.2989,18.8359],[-97.306,18.8294],[-97.3134,18.8234],[-97.3209,18.8177],[-97.3286,18.8119],[-97.3292,18.8114],[-97.3297,18.8109],[-97.3304,18.8104],[-97.3309,18.8099],[-97.3416,18.7826],[-97.339,18.7521],[-97.3283,18.7216],[-97.315,18.6942],[-97.3104,18.6845],[-97.3041,18.6759],[-97.2963,18.6687],[-97.2871,18.6632],[-97.2692,18.6587]],[[-97.2209,18.6756],[-97.2083,18.6744],[-97.1985,18.6685],[-97.1888,18.6623],[-97.1759,18.6599],[-97.1649,18.6588],[-97.1546,18.6575],[-97.1449,18.6549],[-97.1364,18.6499],[-97.1352,18.6484],[-97.1342,18.6469],[-97.1332,18.6453],[-97.1322,18.6438],[-97.1285,18.6368],[-97.1259,18.6297],[-97.1246,18.6222],[-97.1245,18.6144],[-97.1199,18.5939],[-97.1081,18.5797],[-97.0963,18.567],[-97.0914,18.5511],[-97.0984,18.5366],[-97.1064,18.5184],[-97.1093,18.5001],[-97.1005,18.4851],[-97.087,18.4813]],[[-97.2692,18.6587],[-97.2533,18.6617],[-97.2377,18.6685],[-97.2209,18.6756]],[[-96.8002,18.5505],[-96.7909,18.5307],[-96.7889,18.5023],[-96.7856,18.4783],[-96.7727,18.4592],[-96.7544,18.442],[-96.7373,18.4261],[-96.7281,18.4102]],[[-97.0401,18.479],[-97.027,18.4834],[-97.0142,18.4933],[-97.0011,18.5048],[-96.9873,18.5135],[-96.9741,18.5178],[-96.9606,18.5204],[-96.9471,18.5227],[-96.9337,18.5263],[-96.9087,18.5332],[-96.8836,18.5373],[-96.8586,18.5411],[-96.8335,18.5473],[-96.8316,18.548],[-96.8295,18.5484],[-96.8275,18.5487],[-96.8255,18.5489],[-96.8002,18.5505]],[[-97.056,18.4848],[-97.0401,18.479]],[[-97.087,18.4813],[-97.0719,18.4834],[-97.056,18.4848]]]}},{"type":"Feature","properties":{},"geometry":{"type":"MultiLineString","coordinates":[[[-98.4573,21.9791],[-98.4523,21.9804],[-98.4465,21.9959],[-98.4407,22.0115],[-98.4343,22.0268],[-98.4267,22.0415],[-98.4047,22.0767],[-98.3815,22.1139],[-98.3613,22.1526],[-98.3486,22.192],[-98.3477,22.2216],[-98.3565,22.2452],[-98.3737,22.2649],[-98.3978,22.283],[-98.4262,22.3002],[-98.4555,22.3159],[-98.4848,22.3316],[-98.5131,22.3488],[-98.5328,22.3628],[-98.5522,22.377],[-98.572,22.3907],[-98.593,22.403],[-98.5986,22.4071],[-98.6044,22.411],[-98.6102,22.4149],[-98.6162,22.4186]],[[-98.4664,21.9865],[-98.4573,21.9791]],[[-98.4866,21.9743],[-98.4772,21.9749],[-98.4664,21.9865]],[[-98.5882,21.9807],[-98.5766,21.9776],[-98.5383,21.9723]],[[-98.5703,21.9498],[-98.5876,21.9519],[-98.5899,21.9797],[-98.5882,21.9807]],[[-98.5092,21.9802],[-98.508,21.9797],[-98.4963,21.9781],[-98.4866,21.9743]],[[-98.5383,21.9723],[-98.5337,21.9736],[-98.521,21.9797],[-98.5092,21.9802]],[[-98.5318,21.8494],[-98.5446,21.8598],[-98.5616,21.8823],[-98.566,21.9037],[-98.5414,21.9108],[-98.5501,21.9309],[-98.539,21.9436],[-98.5258,21.952],[-98.5284,21.9592]],[[-98.5284,21.9592],[-98.5474,21.9575],[-98.5703,21.9498]],[[-98.5247,21.7259],[-98.5211,21.7278],[-98.5188,21.7324],[-98.517,21.7372],[-98.5148,21.7401],[-98.489,21.7527],[-98.477,21.7615],[-98.4664,21.7743],[-98.4612,21.7833],[-98.4564,21.7971],[-98.4592,21.8097],[-98.4766,21.8153],[-98.4846,21.8196],[-98.4863,21.8301],[-98.4867,21.8425],[-98.4909,21.8528]],[[-98.4909,21.8528],[-98.5318,21.8494]],[[-98.5436,21.7335],[-98.5312,21.7274],[-98.5247,21.7259]],[[-98.5702,21.692],[-98.5551,21.7054],[-98.5648,21.7134],[-98.5653,21.7207],[-98.5593,21.7274],[-98.5489,21.7333],[-98.5436,21.7335]],[[-98.6087,21.6966],[-98.5702,21.692]],[[-98.5151,21.3988],[-98.5148,21.4175],[-98.5155,21.4361],[-98.5165,21.4547],[-98.5173,21.4733],[-98.521,21.5045],[-98.5301,21.5248],[-98.5482,21.5392],[-98.579,21.5525],[-98.6002,21.5617],[-98.6182,21.5732],[-98.6325,21.5886],[-98.6423,21.6089],[-98.638,21.6157],[-98.6248,21.6282],[-98.6248,21.6429],[-98.6296,21.6596],[-98.624,21.6849],[-98.6087,21.6966]]]}},{"type":"Feature","properties":{},"geometry":{"type":"MultiLineString","coordinates":[[[-96.2036,18.1851],[-96.2097,18.1886],[-96.2157,18.1919],[-96.2187,18.1949],[-96.2289,18.201],[-96.2373,18.2282],[-96.2422,18.2582],[-96.2504,18.2842],[-96.2602,18.2995],[-96.2715,18.3142],[-96.2845,18.327],[-96.2999,18.3366],[-96.3077,18.3407],[-96.3153,18.3452],[-96.3227,18.3501],[-96.3296,18.3555],[-96.3571,18.3873],[-96.3775,18.428],[-96.3921,18.4721],[-96.4017,18.5135],[-96.411,18.5393],[-96.4267,18.555],[-96.4495,18.5641],[-96.4799,18.5703],[-96.5248,18.5798],[-96.5622,18.5929],[-96.5968,18.6124],[-96.6327,18.6409],[-96.6405,18.6479],[-96.6484,18.6549],[-96.6563,18.6619],[-96.6641,18.6689]],[[-96.6641,18.6689],[-96.6584,18.6387],[-96.647,18.6051],[-96.6367,18.5701],[-96.6338,18.5358],[-96.644,18.5048],[-96.6648,18.4765],[-96.6897,18.4505],[-96.7128,18.4266],[-96.7166,18.4225],[-96.7205,18.4185],[-96.7243,18.4143],[-96.7281,18.4102]],[[-96.1216,18.1401],[-96.1355,18.1409],[-96.149,18.1443],[-96.1604,18.1497],[-96.1702,18.1604],[-96.1689,18.1692],[-96.1658,18.1772],[-96.1702,18.1858],[-96.1801,18.1884]],[[-96.1801,18.1884],[-96.1915,18.1861],[-96.2036,18.1851]],[[-95.9945,18.1603],[-96.0078,18.1618],[-96.023,18.1621],[-96.0364,18.1634],[-96.0497,18.1682],[-96.071,18.1722]],[[-96.071,18.1722],[-96.0831,18.1714],[-96.0911,18.1654],[-96.103,18.1483],[-96.1093,18.1428],[-96.1216,18.1401]],[[-95.7273,17.5023],[-95.7309,17.5036],[-95.7343,17.5061],[-95.7532,17.5121],[-95.7702,17.516],[-95.7849,17.5228],[-95.797,17.5375],[-95.8181,17.5777],[-95.8391,17.6179],[-95.8602,17.6581],[-95.8811,17.6983],[-95.8975,17.7292],[-95.9085,17.7563],[-95.9103,17.7836],[-95.8987,17.8147],[-95.8964,17.8195],[-95.8938,17.8243],[-95.891,17.8288],[-95.8879,17.8333],[-95.8533,17.8708],[-95.8212,17.9073],[-95.7944,17.9473],[-95.7755,17.9954],[-95.7925,18.026],[-95.8055,18.0596],[-95.819,18.0925],[-95.8377,18.1204],[-95.8447,18.1247],[-95.8519,18.1286],[-95.8593,18.1319],[-95.8671,18.1347],[-95.8756,18.1369],[-95.8842,18.1387],[-95.8929,18.1404],[-95.9015,18.142],[-95.9134,18.1449],[-95.9248,18.1492],[-95.9359,18.1544],[-95.9466,18.1603],[-95.9562,18.1643],[-95.9664,18.1657]],[[-95.9664,18.1657],[-95.9767,18.1648],[-95.987,18.1619],[-95.9888,18.1615],[-95.9908,18.1611],[-95.9926,18.1607],[-95.9945,18.1603]],[[-93.8734,17.1502],[-94.0293,17.1592],[-94.1852,17.1682],[-94.3411,17.1771],[-94.497,17.1861],[-94.5272,17.1885],[-94.5573,17.1908],[-94.5874,17.1933],[-94.6176,17.1956],[-94.6515,17.1982],[-94.6854,17.2007],[-94.7193,17.2033],[-94.7531,17.2058],[-94.8031,17.2067],[-94.8736,17.2083],[-94.9385,17.2165],[-94.9717,17.237],[-94.9766,17.253],[-94.9815,17.2689],[-94.9863,17.2847],[-94.9912,17.3007],[-94.9903,17.3049],[-94.986,17.307],[-94.9811,17.3089],[-94.9788,17.3122],[-94.9795,17.3197],[-94.9815,17.3277],[-94.9838,17.3355],[-94.9858,17.3429],[-94.9988,17.3604],[-95.0236,17.3741],[-95.0519,17.3842],[-95.0755,17.3911],[-95.0885,17.4073],[-95.1016,17.4222],[-95.1155,17.4363],[-95.131,17.4499],[-95.1638,17.4806],[-95.1942,17.5143],[-95.224,17.549],[-95.2547,17.5826],[-95.2528,17.5947],[-95.2516,17.6064],[-95.2489,17.6177],[-95.2423,17.6288],[-95.234,17.6347],[-95.2233,17.6389],[-95.213,17.6429],[-95.2056,17.6484],[-95.2037,17.6548],[-95.2023,17.6654],[-95.2011,17.6766],[-95.1997,17.6845],[-95.1972,17.6965],[-95.1965,17.7105],[-95.1996,17.7233],[-95.2084,17.7323],[-95.2138,17.7324]],[[-95.2138,17.7324],[-95.223,17.7311],[-95.2331,17.7298]],[[-95.2331,17.7298],[-95.2411,17.7301]],[[-95.2411,17.7301],[-95.2467,17.7232],[-95.2418,17.7144],[-95.2374,17.7068],[-95.244,17.7032]],[[-95.244,17.7032],[-95.2536,17.7063],[-95.2655,17.7124],[-95.2765,17.7157]],[[-95.2765,17.7157],[-95.2842,17.7101],[-95.2949,17.6881],[-95.308,17.6727],[-95.3271,17.6633],[-95.356,17.6597],[-95.3592,17.6558],[-95.3627,17.6527],[-95.3649,17.6486],[-95.3642,17.6414]],[[-95.3642,17.6414],[-95.3872,17.6415]],[[-95.3872,17.6415],[-95.4095,17.6407],[-95.431,17.6361],[-95.4515,17.6244],[-95.46,17.6142],[-95.4682,17.6015],[-95.4777,17.5911],[-95.4896,17.588],[-95.5025,17.5851],[-95.5184,17.5763],[-95.5349,17.5662],[-95.5494,17.5595],[-95.5549,17.5571],[-95.5578,17.5532],[-95.5589,17.5481],[-95.5587,17.5419],[-95.5611,17.5349],[-95.5684,17.5325],[-95.578,17.5322],[-95.587,17.5313],[-95.6004,17.5176],[-95.6123,17.5154]],[[-95.6123,17.5154],[-95.6245,17.5197],[-95.6392,17.5252],[-95.6617,17.5264]],[[-95.6617,17.5264],[-95.68,17.5196],[-95.6979,17.5101],[-95.7195,17.5037],[-95.7234,17.5023],[-95.7273,17.5023]]]}},{"type":"Feature","properties":{},"geometry":{"type":"MultiLineString","coordinates":[[[-94.0552,17.868],[-94.0623,17.8687],[-94.0767,17.882],[-94.0791,17.9054],[-94.0759,17.931],[-94.0734,17.9512],[-94.0692,17.9661],[-94.0578,17.98],[-94.0508,17.9937],[-94.06,18.0074],[-94.0678,18.0162],[-94.0696,18.0259],[-94.0695,18.0363],[-94.072,18.0472],[-94.0769,18.0552],[-94.0822,18.0612],[-94.0868,18.0665],[-94.0898,18.0727],[-94.0868,18.0778],[-94.0805,18.0833],[-94.0778,18.0896],[-94.0859,18.097],[-94.0937,18.1061],[-94.0958,18.1195],[-94.0949,18.1336],[-94.0935,18.1452],[-94.096,18.1582],[-94.1046,18.1619],[-94.1156,18.1628],[-94.1256,18.1675],[-94.1306,18.1765],[-94.1323,18.1871],[-94.1336,18.1981],[-94.1371,18.2074],[-94.1371,18.2074]],[[-93.8367,17.7084],[-93.846,17.7103],[-93.8498,17.7169],[-93.8531,17.7361],[-93.8621,17.7445],[-93.8772,17.7465],[-93.8984,17.7468],[-93.9369,17.7586],[-93.9462,17.783],[-93.9497,17.8107],[-93.9705,17.8323],[-93.9843,17.8365],[-93.9976,17.839],[-94.0106,17.8418],[-94.0234,17.8472],[-94.0255,17.8504],[-94.0272,17.8558],[-94.0294,17.8615],[-94.0328,17.8658],[-94.0392,17.868],[-94.047,17.8682]],[[-94.047,17.8682],[-94.0552,17.868]],[[-93.5895,17.3755],[-93.6078,17.3816],[-93.6244,17.3893],[-93.637,17.4014],[-93.6434,17.4208],[-93.6423,17.4291],[-93.6388,17.4401],[-93.6349,17.4522],[-93.6324,17.4635],[-93.6312,17.4716],[-93.6294,17.4816],[-93.6274,17.492],[-93.6256,17.5014],[-93.6191,17.5262],[-93.6148,17.5465],[-93.6227,17.563],[-93.652,17.5761],[-93.6662,17.5865],[-93.6879,17.6078],[-93.7086,17.6314],[-93.7193,17.6483],[-93.7338,17.6715],[-93.7586,17.6881],[-93.7874,17.6996],[-93.814,17.7073],[-93.8249,17.7084]],[[-93.8249,17.7084],[-93.8367,17.7084]]]}},{"type":"Feature","properties":{},"geometry":{"type":"LineString","coordinates":[[-93.8734,17.1502],[-93.8604,17.1545],[-93.848,17.1616],[-93.8361,17.1701],[-93.8244,17.1784],[-93.7877,17.2022],[-93.751,17.2261],[-93.7144,17.25],[-93.6777,17.2738],[-93.6574,17.2862],[-93.6366,17.3],[-93.6185,17.3161],[-93.6065,17.336],[-93.6022,17.3459],[-93.598,17.3558],[-93.5937,17.3656],[-93.5895,17.3755]]}},{"type":"Feature","properties":{},"geometry":{"type":"LineString","coordinates":[[-108.4664,26.9799],[-108.4732,26.9897]]}},{"type":"Feature","properties":{},"geometry":{"type":"MultiLineString","coordinates":[[[-108.6403,28.2388],[-108.6258,28.2449],[-108.6044,28.2637],[-108.5831,28.2825],[-108.5617,28.3013],[-108.5402,28.3201],[-108.5406,28.3342],[-108.5488,28.3603],[-108.5596,28.3875],[-108.5676,28.4053],[-108.5764,28.4262],[-108.5851,28.447],[-108.5939,28.468],[-108.6026,28.4888],[-108.6136,28.5184],[-108.6244,28.5482],[-108.635,28.5779],[-108.6457,28.6077],[-108.6454,28.6339],[-108.6352,28.6687],[-108.6218,28.7039],[-108.6121,28.731],[-108.6104,28.7427],[-108.6138,28.7526],[-108.6192,28.7616],[-108.624,28.7711],[-108.6267,28.7819],[-108.6281,28.7935],[-108.6289,28.8053],[-108.6301,28.8165],[-108.6356,28.8575],[-108.6411,28.8985],[-108.6467,28.9396],[-108.6522,28.9807],[-108.6596,29.0362],[-108.6671,29.0919],[-108.6745,29.1474],[-108.682,29.2031],[-108.6884,29.2525],[-108.6949,29.3019],[-108.7013,29.3513],[-108.7078,29.4008],[-108.6904,29.4008],[-108.6729,29.4009],[-108.6555,29.401],[-108.6381,29.401],[-108.6207,29.4024],[-108.6133,29.4076],[-108.6113,29.4188],[-108.61,29.4382],[-108.6077,29.4617],[-108.6054,29.4853],[-108.6032,29.5088],[-108.6009,29.5323],[-108.5935,29.6129],[-108.586,29.6936],[-108.5785,29.7742],[-108.571,29.8548],[-108.5689,29.8756],[-108.5669,29.8965],[-108.5648,29.9173],[-108.5627,29.9381],[-108.5625,29.94],[-108.5624,29.9417],[-108.5622,29.9435],[-108.562,29.9453],[-108.561,29.9645],[-108.5596,29.9822],[-108.5555,29.9985],[-108.546,30.0141],[-108.5388,30.0264],[-108.5368,30.0386],[-108.5378,30.0517],[-108.5397,30.0665],[-108.5459,30.1299],[-108.552,30.1934],[-108.5583,30.2568],[-108.5644,30.3203],[-108.5651,30.3299],[-108.5657,30.3394],[-108.5664,30.3489],[-108.567,30.3585],[-108.5703,30.3894],[-108.5737,30.4204],[-108.577,30.4513],[-108.5803,30.4823],[-108.5835,30.5066],[-108.5887,30.5232],[-108.5994,30.5371],[-108.619,30.553],[-108.6455,30.5726],[-108.6693,30.5883],[-108.6947,30.6002],[-108.7256,30.6085],[-108.7447,30.6127],[-108.7642,30.6186],[-108.7829,30.6264],[-108.7997,30.6362],[-108.8566,30.6773],[-108.9136,30.7184],[-108.9704,30.7594],[-109.0274,30.8004],[-109.0403,30.8141],[-109.0432,30.8285],[-109.0404,30.8454],[-109.0361,30.8665],[-109.0314,30.8978],[-109.0266,30.9291],[-109.0219,30.9605],[-109.0171,30.9918],[-109.0038,31.0768],[-108.9915,31.1622],[-108.9796,31.2475],[-108.9683,31.3274]],[[-108.9268,28.2923],[-108.8799,28.2891],[-108.8293,28.2804],[-108.7949,28.2727],[-108.7604,28.265],[-108.7259,28.2574],[-108.6915,28.2497],[-108.675,28.245],[-108.6573,28.2401],[-108.6403,28.2388]],[[-108.5369,27.0225],[-108.5498,27.0241],[-108.561,27.0308],[-108.5738,27.0433],[-108.5976,27.0714],[-108.6198,27.1014],[-108.6413,27.1321],[-108.6628,27.162],[-108.6775,27.1834],[-108.6869,27.2044],[-108.689,27.2267],[-108.6816,27.2519],[-108.6653,27.2748],[-108.6479,27.2931],[-108.6374,27.3138],[-108.6418,27.3437],[-108.6497,27.3594],[-108.6588,27.376],[-108.6656,27.3931],[-108.6663,27.4105],[-108.6616,27.4301],[-108.6565,27.4503],[-108.6526,27.4706],[-108.6514,27.4908],[-108.6537,27.5091],[-108.6596,27.5249],[-108.67,27.5379],[-108.6857,27.5481],[-108.7131,27.5628],[-108.7362,27.5794],[-108.7573,27.5989],[-108.7786,27.622],[-108.7805,27.6363],[-108.7782,27.6508],[-108.7722,27.6642],[-108.7625,27.675],[-108.7897,27.6955],[-108.8169,27.716],[-108.8441,27.7365],[-108.8713,27.757],[-108.8846,27.7754],[-108.8898,27.7978],[-108.8945,27.8195],[-108.9063,27.8362],[-108.9233,27.8446],[-108.9404,27.8531],[-108.9575,27.8617],[-108.9746,27.8701],[-108.9882,27.8773],[-109.0018,27.8848],[-109.0132,27.8942],[-109.0207,27.9071],[-109.0517,27.9748],[-109.0829,28.0424],[-109.1143,28.11],[-109.1456,28.1775],[-109.1536,28.199],[-109.1437,28.2169],[-109.1248,28.2326],[-109.1054,28.2473],[-109.0854,28.2647],[-109.0692,28.2764],[-109.0513,28.2835],[-109.0264,28.2874],[-108.9742,28.2912],[-108.9268,28.2923]],[[-108.4732,26.9897],[-108.4733,26.9899],[-108.4793,27.0003],[-108.4847,27.0111],[-108.4897,27.022],[-108.4962,27.0281],[-108.5026,27.0293]],[[-108.5026,27.0293],[-108.5101,27.0275],[-108.5196,27.0249],[-108.5369,27.0225]]]}},{"type":"Feature","properties":{},"geometry":{"type":"MultiLineString","coordinates":[[[-99.7004,26.8963],[-99.7319,26.9323],[-99.728,26.9931],[-99.7077,27.0582],[-99.6897,27.1073],[-99.68,27.1352],[-99.6761,27.1537],[-99.6826,27.1685],[-99.7039,27.1858],[-99.7119,27.1996],[-99.7168,27.2225],[-99.7198,27.2464],[-99.722,27.2635],[-99.7291,27.3109],[-99.7402,27.3834],[-99.7564,27.4505],[-99.7779,27.4819],[-99.8094,27.4864],[-99.8408,27.4908],[-99.8722,27.4953],[-99.9036,27.4998],[-99.911,27.511],[-99.9148,27.5343],[-99.9146,27.5585],[-99.9099,27.5722],[-99.8635,27.6004],[-99.8147,27.6258],[-99.7644,27.6486],[-99.714,27.6688],[-99.7112,27.6699],[-99.7107,27.6701]],[[-99.6322,26.6837],[-99.6529,26.6838],[-99.6345,26.7024],[-99.6193,26.716],[-99.6097,26.7322],[-99.6084,26.7587],[-99.6045,26.7804],[-99.5919,26.7999],[-99.5761,26.8178],[-99.5626,26.835],[-99.5723,26.8383],[-99.5763,26.8444],[-99.579,26.8515],[-99.5847,26.8584],[-99.5961,26.8648],[-99.6076,26.8696],[-99.6189,26.8752],[-99.6301,26.8839],[-99.6355,26.8843],[-99.6489,26.8864],[-99.6626,26.8889],[-99.6691,26.8901],[-99.6758,26.8922],[-99.6822,26.8948],[-99.6898,26.8966]],[[-99.6898,26.8966],[-99.7004,26.8963]],[[-99.3918,26.3656],[-99.4088,26.3831],[-99.4197,26.3992],[-99.4244,26.4143],[-99.4253,26.4306],[-99.4246,26.4502],[-99.4229,26.4644],[-99.4191,26.4725],[-99.4133,26.4788],[-99.4058,26.4875],[-99.3917,26.5127],[-99.3842,26.5402],[-99.3838,26.569],[-99.3914,26.5979],[-99.4132,26.6241],[-99.4458,26.6419],[-99.4822,26.6545],[-99.5148,26.6649],[-99.528,26.6709],[-99.5431,26.6785],[-99.5582,26.6847],[-99.571,26.6865]],[[-99.571,26.6865],[-99.5915,26.6847],[-99.6119,26.6839],[-99.6322,26.6837]],[[-99.2255,26.2871],[-99.2407,26.2881],[-99.2545,26.2948],[-99.2653,26.3076],[-99.2762,26.3204],[-99.2871,26.3332],[-99.2979,26.346],[-99.3087,26.3565],[-99.3175,26.3687],[-99.3253,26.3818],[-99.3328,26.395]],[[-99.3328,26.395],[-99.3469,26.3934],[-99.3689,26.3763],[-99.3918,26.3656]],[[-99.1331,26.0567],[-99.1522,26.084],[-99.1591,26.1408],[-99.1615,26.2038],[-99.1667,26.2498],[-99.1701,26.2655],[-99.1732,26.2793],[-99.18,26.2887],[-99.1944,26.2912]],[[-99.1944,26.2912],[-99.2096,26.2891],[-99.2255,26.2871]],[[-98.8888,25.9708],[-98.9149,25.9932],[-98.9404,26.0158],[-98.9654,26.039],[-98.9895,26.0634],[-99.0046,26.079],[-99.0199,26.0929],[-99.0372,26.1008]],[[-99.0372,26.1008],[-99.0585,26.0983],[-99.0659,26.094],[-99.0708,26.0876],[-99.0749,26.0814],[-99.0798,26.0775],[-99.0878,26.0769]],[[-99.0878,26.0769],[-99.095,26.0791],[-99.1019,26.0812]],[[-99.1019,26.0812],[-99.1092,26.0801],[-99.1158,26.0753],[-99.1216,26.069],[-99.1271,26.0624],[-99.1331,26.0567]],[[-98.5152,25.472],[-98.5395,25.4725],[-98.5543,25.4769],[-98.561,25.5026],[-98.5604,25.546],[-98.5568,25.5911],[-98.5547,25.6221],[-98.5552,25.6732],[-98.5557,25.7243],[-98.5562,25.7755],[-98.5567,25.8266],[-98.555,25.8631],[-98.5528,25.9189],[-98.5557,25.9713],[-98.5689,25.9974],[-98.5943,26.004],[-98.6198,26.0107],[-98.6452,26.0173],[-98.6706,26.0239],[-98.6862,26.0276],[-98.7019,26.0313],[-98.7175,26.0351],[-98.7331,26.0388],[-98.7543,26.0449],[-98.7824,26.0537],[-98.8101,26.0601]],[[-98.8101,26.0601],[-98.8302,26.0593],[-98.8461,26.0445],[-98.8624,26.0191],[-98.8771,25.9916],[-98.8888,25.9708]],[[-98.9556,25.0697],[-98.9313,25.075],[-98.907,25.0782],[-98.8873,25.0863],[-98.8687,25.0988],[-98.8478,25.115],[-98.7936,25.1563],[-98.7394,25.1976],[-98.6852,25.2389],[-98.631,25.2802],[-98.596,25.3069],[-98.5611,25.3335],[-98.5262,25.3601],[-98.4911,25.3867],[-98.4751,25.3973],[-98.4577,25.4096],[-98.4457,25.4246],[-98.4462,25.4429],[-98.4468,25.4597],[-98.4498,25.4687],[-98.4577,25.4724],[-98.473,25.4736]],[[-98.473,25.4736],[-98.4901,25.473],[-98.5152,25.472]],[[-99.0338,25.1196],[-99.0187,25.0992],[-99.0027,25.0802],[-98.9805,25.071],[-98.9556,25.0697]],[[-99.1065,25.0489],[-99.0979,25.0612],[-99.0903,25.0749],[-99.0735,25.0789],[-99.0592,25.1005],[-99.0466,25.117],[-99.0338,25.1196]],[[-99.1453,25.052],[-99.1259,25.049],[-99.1065,25.0489]],[[-99.1425,25.013],[-99.1483,25.0295],[-99.1511,25.044],[-99.1453,25.052]],[[-99.1569,25.0151],[-99.1425,25.013]],[[-99.1639,24.7758],[-99.1648,24.7849],[-99.1664,24.794],[-99.1687,24.8029],[-99.1716,24.8117],[-99.183,24.8331],[-99.192,24.8557],[-99.193,24.878],[-99.1803,24.8985],[-99.1711,24.9085],[-99.1587,24.9214],[-99.1476,24.9347],[-99.1424,24.9459],[-99.1476,24.9568],[-99.1602,24.9714],[-99.1747,24.9857],[-99.1851,24.9955],[-99.1885,25.0069],[-99.1757,25.0133],[-99.1569,25.0151]],[[-99.294,24.8267],[-99.2825,24.8219],[-99.2636,24.8095],[-99.2421,24.7988],[-99.2155,24.7893],[-99.1881,24.7816],[-99.1639,24.7758]],[[-99.3815,24.7814],[-99.3587,24.7834],[-99.3466,24.7862],[-99.3356,24.7902],[-99.3257,24.7961],[-99.3173,24.8047],[-99.3037,24.8216],[-99.294,24.8267]],[[-99.3991,24.782],[-99.3815,24.7814]],[[-99.5563,24.6434],[-99.5473,24.6458],[-99.5398,24.6513],[-99.5328,24.658],[-99.5253,24.664],[-99.5148,24.6683],[-99.5061,24.67],[-99.5,24.6743],[-99.4968,24.6857],[-99.4963,24.7027],[-99.4954,24.7167],[-99.4907,24.7287],[-99.4785,24.7398],[-99.472,24.7426],[-99.4648,24.7438],[-99.4576,24.7445],[-99.4504,24.7462],[-99.442,24.7507],[-99.4381,24.7557],[-99.4358,24.761],[-99.432,24.7666],[-99.4147,24.7792],[-99.3991,24.782]],[[-99.587,24.6585],[-99.5792,24.6577],[-99.5717,24.6522],[-99.5641,24.6461],[-99.5563,24.6434]],[[-99.71,24.4725],[-99.7189,24.4951],[-99.7297,24.5227],[-99.7373,24.5493],[-99.7368,24.5697],[-99.7189,24.5839],[-99.7013,24.5981],[-99.6839,24.6129],[-99.6673,24.6284],[-99.6506,24.6391],[-99.6291,24.6468],[-99.6067,24.6529],[-99.587,24.6585]],[[-99.462,23.8892],[-99.4517,23.8916],[-99.4499,23.9001],[-99.4521,23.9131],[-99.4558,23.9264],[-99.4583,23.936],[-99.4637,23.9574],[-99.4756,23.9725],[-99.492,23.9845],[-99.511,23.997],[-99.5288,24.0096],[-99.5457,24.0234],[-99.5621,24.0378],[-99.5783,24.0524],[-99.5819,24.0556],[-99.5855,24.0587],[-99.5891,24.0619],[-99.5928,24.0651],[-99.6094,24.0918],[-99.6165,24.1377],[-99.6163,24.1861],[-99.611,24.2205],[-99.6036,24.2466],[-99.597,24.2727],[-99.59,24.2987],[-99.5812,24.3247],[-99.5751,24.3447],[-99.5739,24.3619],[-99.5763,24.38],[-99.5812,24.4026],[-99.5841,24.4157],[-99.5871,24.4288],[-99.59,24.4419],[-99.593,24.455],[-99.5935,24.4573],[-99.594,24.4596],[-99.5946,24.4618],[-99.5951,24.4642],[-99.5979,24.4762],[-99.6007,24.4883],[-99.6035,24.5004],[-99.6063,24.5125]],[[-99.6063,24.5125],[-99.6322,24.5025],[-99.6581,24.4925],[-99.684,24.4825],[-99.71,24.4725]],[[-99.4912,23.895],[-99.4765,23.8925],[-99.462,23.8892]],[[-99.77,23.7502],[-99.741,23.7509],[-99.7121,23.7537],[-99.6842,23.759],[-99.6577,23.7614],[-99.6272,23.7618],[-99.5997,23.7668],[-99.5823,23.7829],[-99.5623,23.8098],[-99.5422,23.8366],[-99.5222,23.8636],[-99.5022,23.8904],[-99.4912,23.895]],[[-99.7984,23.7512],[-99.77,23.7502]],[[-99.906,23.3751],[-99.917,23.4134],[-99.928,23.4516],[-99.9396,23.4898],[-99.9521,23.5277],[-99.9503,23.5386],[-99.9455,23.5494],[-99.9393,23.5602],[-99.9331,23.5707],[-99.9216,23.596],[-99.9106,23.6216],[-99.8988,23.6468],[-99.8853,23.6711],[-99.8757,23.688],[-99.8649,23.7077],[-99.853,23.7264],[-99.8401,23.7408],[-99.8313,23.746],[-99.8215,23.7487],[-99.8106,23.75],[-99.7984,23.7512]],[[-100.0429,23.4153],[-100.0104,23.4096],[-99.9854,23.3982],[-99.9593,23.3887],[-99.9327,23.3809],[-99.906,23.3751]],[[-100.0573,23.2411],[-100.0545,23.2551],[-100.0517,23.2691],[-100.049,23.2832],[-100.0463,23.2972],[-100.055,23.3138],[-100.0781,23.3304],[-100.105,23.3452],[-100.1256,23.3562],[-100.0985,23.3802],[-100.0716,23.4027],[-100.0429,23.4153]]]}},{"type":"Feature","properties":{},"geometry":{"type":"MultiLineString","coordinates":[[[-100.0573,23.2411],[-100.0635,23.2107],[-100.0733,23.181],[-100.0831,23.1513],[-100.0893,23.1208]],[[-100.0221,23.1705],[-100.0063,23.1653],[-100.002,23.1458],[-100.0013,23.1278],[-99.9987,23.1104],[-99.9887,23.0922],[-99.9638,23.0684],[-99.9362,23.0447],[-99.9147,23.0178],[-99.9076,22.9841],[-99.9103,22.9699],[-99.9158,22.9574],[-99.9237,22.9459],[-99.9334,22.9352],[-99.9548,22.9204],[-99.9777,22.9125],[-100.0011,22.9053],[-100.0237,22.8934],[-100.0375,22.8797],[-100.0398,22.8683],[-100.0341,22.8568],[-100.0243,22.8432],[-100.0162,22.8307],[-100.011,22.8203],[-100.0077,22.8082],[-100.0054,22.7911],[-100.0001,22.7834],[-99.9874,22.7773],[-99.972,22.7724],[-99.9585,22.7685],[-99.9357,22.7601],[-99.9127,22.7507],[-99.8898,22.7411],[-99.8667,22.7325],[-99.814,22.7134],[-99.7613,22.6934],[-99.7085,22.6733],[-99.6557,22.6537],[-99.6369,22.6472],[-99.6179,22.641],[-99.5987,22.6352],[-99.5798,22.6294],[-99.5545,22.621],[-99.5368,22.6175]],[[-100.0893,23.1208],[-100.0731,23.1347],[-100.0476,23.1557],[-100.0221,23.1705]],[[-99.5389,22.7306],[-99.5299,22.728],[-99.5185,22.7207],[-99.5073,22.7121],[-99.4988,22.7052],[-99.4843,22.6881],[-99.4671,22.6658],[-99.4489,22.6458],[-99.4317,22.6355]],[[-99.5368,22.6175],[-99.5277,22.6255],[-99.5275,22.6514],[-99.5303,22.6659],[-99.5342,22.6803],[-99.5381,22.6947],[-99.5412,22.7091],[-99.5446,22.7187],[-99.5483,22.7247],[-99.5478,22.7283],[-99.5389,22.7306]],[[-99.3792,22.6834],[-99.3756,22.6784],[-99.3719,22.673],[-99.3686,22.6673],[-99.3661,22.6616],[-99.3503,22.6334],[-99.3327,22.6066],[-99.3152,22.5797],[-99.2997,22.551],[-99.2895,22.5272],[-99.2785,22.502],[-99.2652,22.4783],[-99.2484,22.4589],[-99.2285,22.4453],[-99.2065,22.438],[-99.1831,22.4342],[-99.159,22.4316],[-99.1299,22.427],[-99.1015,22.4208],[-99.0733,22.4136],[-99.0448,22.4057],[-99.042,22.4046],[-99.039,22.4036],[-99.0361,22.4028],[-99.0331,22.4021],[-99.0013,22.3903],[-98.9706,22.3801],[-98.9394,22.3723],[-98.9061,22.3678],[-98.8857,22.3648],[-98.8579,22.3604],[-98.8309,22.3584]],[[-99.4317,22.6355],[-99.4171,22.6393],[-99.4031,22.6526],[-99.3903,22.6692],[-99.3792,22.6834]],[[-98.6563,22.4429],[-98.6471,22.4355],[-98.6374,22.4287],[-98.6271,22.4229],[-98.6162,22.4186]],[[-98.8309,22.3584],[-98.8124,22.3625],[-98.8007,22.3738],[-98.7909,22.386],[-98.7801,22.3972],[-98.7653,22.4057],[-98.7359,22.4088],[-98.7029,22.4114],[-98.6739,22.4206],[-98.6563,22.4429]]]}},{"type":"Feature","properties":{},"geometry":{"type":"MultiLineString","coordinates":[[[-98.1977,22.4805],[-98.1785,22.4733],[-98.1701,22.4521],[-98.1619,22.4278],[-98.1434,22.4109],[-98.1266,22.3993],[-98.1097,22.3845],[-98.0928,22.3726],[-98.0759,22.37],[-98.0534,22.3697],[-98.0289,22.3626],[-98.0037,22.355],[-97.9787,22.353],[-97.963,22.3495],[-97.944,22.3395],[-97.9248,22.3277],[-97.9086,22.3191],[-97.8952,22.3076],[-97.9024,22.2956],[-97.9138,22.2825],[-97.9128,22.2674],[-97.9009,22.2578],[-97.8914,22.25],[-97.8826,22.2417],[-97.8732,22.2302],[-97.8628,22.2198]],[[-98.2557,22.4586],[-98.2497,22.4589],[-98.239,22.4616],[-98.2294,22.4657],[-98.2206,22.4715],[-98.2106,22.4771],[-98.1977,22.4805]],[[-98.2738,22.4675],[-98.2619,22.4612],[-98.2557,22.4586]],[[-98.3226,22.3995],[-98.3094,22.3995],[-98.2977,22.4066],[-98.2941,22.4234],[-98.294,22.4477],[-98.2898,22.4668],[-98.2738,22.4675]],[[-98.5136,22.4353],[-98.4838,22.4334],[-98.4771,22.4332]],[[-98.6162,22.4186],[-98.582,22.4226],[-98.547,22.4299],[-98.5136,22.4353]],[[-98.4716,22.4344],[-98.4664,22.4343],[-98.4603,22.4297],[-98.4524,22.4237]],[[-98.4771,22.4332],[-98.4716,22.4344]],[[-98.4392,22.4327],[-98.4235,22.4236],[-98.4126,22.4145],[-98.4023,22.4125]],[[-98.4524,22.4237],[-98.4477,22.4262],[-98.4441,22.4312],[-98.4392,22.4327]],[[-98.3782,22.4269],[-98.3718,22.413],[-98.3637,22.4009]],[[-98.4023,22.4125],[-98.3881,22.4245],[-98.3782,22.4269]],[[-98.3484,22.4085],[-98.336,22.4034],[-98.3226,22.3995]],[[-98.3637,22.4009],[-98.3484,22.4085]],[[-97.8628,22.2198],[-97.8518,22.2203],[-97.8416,22.2301],[-97.8349,22.2413],[-97.8258,22.2466],[-97.8165,22.2503],[-97.7885,22.2678],[-97.7819,22.2733],[-97.7819,22.2734]]]}},{"type":"Feature","properties":{},"geometry":{"type":"MultiLineString","coordinates":[[[-114.8537,32.488],[-114.8328,32.4919],[-114.8195,32.4993],[-114.8194,32.4994]],[[-114.906,32.4917],[-114.8537,32.488]],[[-114.9336,31.9088],[-114.937,31.9307],[-114.9365,31.9551],[-114.9344,31.9792],[-114.9333,32.005],[-114.9342,32.0196],[-114.937,32.0319],[-114.9425,32.0434],[-114.9516,32.0557],[-114.9579,32.0607],[-114.9664,32.0652],[-114.9745,32.0696],[-114.9794,32.074],[-114.9803,32.0897],[-114.9704,32.104],[-114.9592,32.1202],[-114.9559,32.1416],[-114.9665,32.1806],[-114.984,32.2125],[-115.0071,32.2414],[-115.0348,32.2714],[-115.0397,32.2772],[-115.0371,32.2917],[-115.0206,32.3098],[-115.0001,32.3231],[-114.9817,32.3415],[-114.9717,32.3635],[-114.9695,32.3817],[-114.9701,32.3984],[-114.9686,32.416],[-114.9602,32.4386],[-114.9453,32.4628],[-114.9263,32.4825],[-114.906,32.4917]]]}},{"type":"Feature","properties":{},"geometry":{"type":"MultiLineString","coordinates":[[[-112.7636,27.9994],[-112.9352,27.9999],[-113.1151,28.0003],[-113.295,28.0007],[-113.475,28.0011],[-113.6549,28.0012],[-113.8348,28.0013]],[[-113.8348,28.0013],[-114.0147,28.0006],[-114.0628,28.0005]]]}},{"type":"Feature","properties":{},"geometry":{"type":"MultiLineString","coordinates":[[[-88.0139,20.4347],[-87.9884,20.4427],[-87.9043,20.4863],[-87.8216,20.5527],[-87.7887,20.5723],[-87.7359,20.6133],[-87.6749,20.6479],[-87.643,20.7081],[-87.6299,20.744],[-87.6086,20.7756],[-87.6,20.8072],[-87.5963,20.8411],[-87.534,20.9557],[-87.5388,21.0179],[-87.585,21.1111],[-87.5829,21.1485],[-87.5688,21.2107],[-87.5294,21.2653],[-87.5251,21.2988],[-87.5384,21.4864],[-87.538,21.4994],[-87.538,21.4994]],[[-88.1607,20.4592],[-88.1337,20.4398],[-88.1064,20.4283]],[[-88.2608,20.263],[-88.2597,20.3005],[-88.2724,20.3434],[-88.2572,20.3756],[-88.235,20.405],[-88.2184,20.4326],[-88.194,20.4528],[-88.1607,20.4592]],[[-88.0744,20.4375],[-88.0139,20.4347]],[[-88.1064,20.4283],[-88.0744,20.4375]],[[-88.3463,20.3186],[-88.3133,20.3164],[-88.2946,20.2929],[-88.2833,20.2651],[-88.2608,20.263]],[[-88.7915,19.9812],[-88.7817,19.9982],[-88.79,20.019],[-88.7665,20.0439],[-88.7074,20.0808],[-88.6776,20.0942],[-88.6462,20.1118],[-88.6133,20.1256],[-88.5574,20.1373],[-88.5037,20.1702],[-88.4453,20.1837],[-88.4002,20.234],[-88.3738,20.3006],[-88.3463,20.3186]],[[-88.8394,20.0139],[-88.813,20.0012],[-88.7915,19.9812]],[[-89.31,19.8281],[-89.202,19.8417],[-89.1746,19.8666],[-89.1509,19.893],[-89.0876,19.9124],[-89.0557,19.9318],[-88.9451,19.9359],[-88.9275,19.9409],[-88.9112,19.9487],[-88.9019,19.9598],[-88.8394,20.0139]],[[-89.3436,19.8314],[-89.31,19.8281]],[[-89.4154,19.651],[-89.3952,19.686],[-89.3797,19.7231],[-89.3702,19.755],[-89.3663,19.7866],[-89.3688,19.8201],[-89.3436,19.8314]]]}},{"type":"Feature","properties":{},"geometry":{"type":"MultiLineString","coordinates":[[[-92.3576,18.457],[-92.3681,18.4608],[-92.3762,18.4667],[-92.3842,18.4731],[-92.3921,18.4794],[-92.4003,18.4852],[-92.4165,18.5033],[-92.4245,18.5271],[-92.4297,18.5528],[-92.4373,18.5763],[-92.4492,18.5939],[-92.4639,18.6122],[-92.4759,18.6314],[-92.4792,18.6504]],[[-92.2899,18.4576],[-92.3342,18.4637]],[[-92.3342,18.4637],[-92.3434,18.4632],[-92.3504,18.4594],[-92.3576,18.457]],[[-91.6331,17.9509],[-91.6817,17.951],[-91.7303,17.9513],[-91.779,17.9515],[-91.8276,17.9517],[-91.8593,17.9536],[-91.8909,17.9667],[-91.9213,17.9846],[-91.9491,18.0014],[-91.9654,18.0108],[-91.9698,18.026],[-91.9751,18.0416],[-91.994,18.0526],[-92.0088,18.0571],[-92.0223,18.0632],[-92.035,18.0705],[-92.0479,18.0783],[-92.0711,18.0945],[-92.0932,18.1126],[-92.1159,18.1304],[-92.1412,18.1461],[-92.1556,18.1688],[-92.1581,18.2077],[-92.1547,18.249],[-92.152,18.2786],[-92.1512,18.3244],[-92.1506,18.3702],[-92.1498,18.416],[-92.1491,18.4619]],[[-92.1491,18.4619],[-92.1944,18.4603],[-92.2423,18.4577],[-92.2899,18.4576]],[[-91.2274,18.0064],[-91.2457,18.0106],[-91.2646,18.0213],[-91.2828,18.0345],[-91.2984,18.0463],[-91.316,18.0584],[-91.332,18.0669],[-91.3493,18.0719],[-91.3714,18.0738],[-91.3904,18.0759],[-91.4071,18.0806],[-91.4236,18.0864],[-91.4424,18.092],[-91.4541,18.0955],[-91.4652,18.0993],[-91.4766,18.1022],[-91.4896,18.103],[-91.5121,18.1033],[-91.5408,18.1046]],[[-91.5408,18.1046],[-91.5687,18.1036],[-91.5889,18.0979],[-91.5914,18.0932],[-91.596,18.0835],[-91.6006,18.0733],[-91.6031,18.0672],[-91.6041,18.0563],[-91.6025,18.045],[-91.6004,18.0346],[-91.5999,18.0263],[-91.6047,18.0088],[-91.6142,17.984],[-91.6248,17.9615],[-91.6331,17.9509]],[[-90.9909,17.802],[-90.9917,17.8513],[-90.9917,17.9004],[-90.9917,17.9495],[-90.9917,17.9682],[-91.0516,17.9705],[-91.0806,17.9717],[-91.1094,17.9728],[-91.1237,17.9758],[-91.1318,17.9822],[-91.1389,17.9908],[-91.1503,18.0001],[-91.168,18.0068],[-91.1876,18.0085]],[[-91.1876,18.0085],[-91.2078,18.0075],[-91.2274,18.0064]]]}},{"type":"Feature","properties":{},"geometry":{"type":"MultiLineString","coordinates":[[[-90.3811,20.824],[-90.3798,20.7952],[-90.392,20.5472],[-90.3742,20.5185],[-90.3268,20.5141]],[[-90.2773,20.5153],[-90.2363,20.51],[-90.2088,20.4816],[-90.195,20.4459],[-90.1692,20.4247]],[[-90.3268,20.5141],[-90.2773,20.5153]],[[-90.0184,20.4675],[-89.9786,20.4145],[-89.9626,20.387],[-89.9627,20.363],[-89.9438,20.3232],[-89.9278,20.308],[-89.8698,20.2686],[-89.8345,20.2085],[-89.8107,20.1374],[-89.7584,20.0878],[-89.6895,20.062],[-89.63,20.0191],[-89.5578,19.8901],[-89.5015,19.8375],[-89.4547,19.777],[-89.4421,19.7062],[-89.4154,19.651]],[[-90.0942,20.4074],[-90.0638,20.4125],[-90.0463,20.4505],[-90.0184,20.4675]],[[-90.1299,20.4392],[-90.1112,20.4244],[-90.0942,20.4074]],[[-90.1692,20.4247],[-90.1512,20.4346],[-90.1299,20.4392]]]}},{"type":"Feature","properties":{},"geometry":{"type":"LineString","coordinates":[[-89.4154,19.651],[-89.3739,19.5939],[-89.3188,19.5483],[-89.2543,19.5072],[-89.1346,19.4052],[-89.0372,19.2892],[-89.0135,19.2178],[-89.0219,19.156],[-89.0189,19.0824],[-89.0234,19.0678],[-89.0207,19.0335],[-89.0362,19.0084],[-89.0824,18.9614],[-89.0764,18.8872],[-89.1088,18.6908],[-89.1011,18.632],[-89.0671,18.5896],[-89.0593,18.5372],[-89.0718,18.5226],[-89.0759,18.5058],[-89.06,18.5002],[-89.0445,18.4922],[-89.0467,18.4691],[-89.0556,18.4468],[-89.061,18.4251],[-89.0416,18.336],[-89.0354,18.2657],[-89.0357,18.2027],[-89.0584,18.1443],[-89.1429,18.0469],[-89.1541,18.0314],[-89.1463,17.9515]]}},{"type":"Feature","properties":{},"geometry":{"type":"LineString","coordinates":[[-108.4732,26.9897],[-108.4665,26.9799],[-108.4664,26.9799],[-108.4733,26.9547],[-108.4829,26.9305],[-108.4924,26.906],[-108.4988,26.8802],[-108.4993,26.8614],[-108.499,26.8376],[-108.5006,26.8155],[-108.5074,26.8016],[-108.5574,26.7642],[-108.6073,26.7267],[-108.6573,26.6893],[-108.7072,26.6519],[-108.8052,26.5783],[-108.9037,26.5063],[-109.0032,26.4356],[-109.104,26.3661],[-109.1105,26.3617],[-109.1171,26.3573],[-109.1236,26.3529],[-109.1301,26.3485],[-109.1392,26.3318]]}},{"type":"Feature","properties":{},"geometry":{"type":"LineString","coordinates":[[-109.1563,26.3081],[-109.1564,26.3081],[-109.1675,26.3],[-109.1864,26.2884],[-109.2057,26.2774],[-109.2248,26.2663],[-109.2314,26.2634]]}},{"type":"Feature","properties":{},"geometry":{"type":"LineString","coordinates":[[-109.2836,26.2406],[-109.2857,26.2398],[-109.289,26.2385],[-109.2922,26.2372]]}},{"type":"Feature","properties":{},"geometry":{"type":"LineString","coordinates":[[-109.2922,26.2372],[-109.2929,26.237],[-109.2929,26.2369]]}},{"type":"Feature","properties":{},"geometry":{"type":"LineString","coordinates":[[-71.122,41.513],[-71.122,41.513],[-71.1229,41.5215],[-71.1257,41.5461],[-71.1284,41.5708],[-71.1311,41.5954],[-71.1339,41.5981],[-71.1366,41.6009],[-71.1393,41.6036],[-71.1421,41.6064],[-71.1393,41.6201],[-71.1366,41.6337],[-71.1339,41.6474],[-71.1311,41.6611],[-71.1476,41.6652],[-71.164,41.6693],[-71.1804,41.6734],[-71.194,41.6769]]}},{"type":"Feature","properties":{},"geometry":{"type":"MultiLineString","coordinates":[[[-122.5949,45.6144],[-122.6731,45.6257],[-122.6978,45.6357],[-122.7216,45.6489],[-122.7389,45.6628],[-122.7481,45.6795],[-122.7545,45.7019],[-122.7593,45.741],[-122.7584,45.7521],[-122.7541,45.7713],[-122.7531,45.7823],[-122.7571,45.7922],[-122.7799,45.8199],[-122.7806,45.8427],[-122.7759,45.8629],[-122.774,45.8814],[-122.7925,45.9163],[-122.8005,45.9616],[-122.8065,45.9781],[-122.8206,45.9908],[-122.8367,46.0004],[-122.85,46.0115],[-122.8608,46.0497],[-122.8741,46.072],[-122.8917,46.0925],[-122.9102,46.1079],[-122.9356,46.1223],[-122.9667,46.1357],[-122.9994,46.1456],[-123.03,46.1495],[-123.0438,46.1549],[-123.079,46.1733],[-123.0923,46.1827],[-123.1118,46.1865]],[[-123.1118,46.1865],[-123.172,46.1785]],[[-123.172,46.1785],[-123.1772,46.1792]],[[-123.1772,46.1792],[-123.1801,46.1791]],[[-116.8788,46.0015],[-117.0146,46.0014],[-117.1435,46.0013],[-117.2723,46.0012],[-117.4012,46.001],[-117.53,46.0009],[-117.6589,46.0008],[-117.7877,46.0007],[-117.9166,46.0005],[-118.0454,46.0004],[-118.1743,46.0003],[-118.3031,46.0002],[-118.432,46.0001],[-118.5608,46.0],[-118.6897,45.9999],[-118.8185,45.9997],[-118.9474,45.9996],[-118.9936,45.9995],[-119.0024,45.9995],[-119.0446,45.9645],[-119.0933,45.9488],[-119.3413,45.9461],[-119.429,45.9343],[-119.4796,45.9274]],[[-119.4796,45.9274],[-119.5488,45.9297]],[[-119.5488,45.9297],[-119.5753,45.9276],[-119.5917,45.9211],[-119.6205,45.8956],[-119.6625,45.8718],[-119.9342,45.838],[-120.0804,45.7948],[-120.1272,45.7891],[-120.1454,45.7806],[-120.176,45.759],[-120.2021,45.7458],[-120.2299,45.7371],[-120.2454,45.736]],[[-120.2454,45.736],[-120.2748,45.7402],[-120.2901,45.7404]],[[-120.2901,45.7404],[-120.3006,45.7384],[-120.3399,45.7218],[-120.3626,45.7152],[-120.374,45.7142]],[[-120.4702,45.7101],[-120.621,45.7309]],[[-120.621,45.7309],[-120.6314,45.7291],[-120.658,45.7166],[-120.6649,45.7108],[-120.6686,45.7034],[-120.7157,45.6899],[-120.787,45.6796],[-120.7944,45.6774],[-120.8387,45.6526],[-120.8439,45.6514],[-120.8574,45.6507],[-120.9001,45.6418]],[[-121.155,45.6222],[-121.1729,45.6318],[-121.1864,45.6527],[-121.1942,45.6703],[-121.2042,45.6849],[-121.2244,45.697],[-121.2718,45.7088],[-121.5702,45.7294]],[[-121.5702,45.7294],[-121.7175,45.71]],[[-121.7175,45.71],[-121.7926,45.7214]],[[-121.7926,45.7214],[-121.8209,45.7175],[-121.8624,45.7008],[-121.931,45.6601],[-121.9711,45.6423],[-122.1498,45.5939],[-122.2246,45.5779],[-122.2417,45.57],[-122.2611,45.5663]],[[-120.374,45.7142],[-120.4256,45.7209]],[[-120.4256,45.7209],[-120.4343,45.7195],[-120.4585,45.711],[-120.4702,45.7101]],[[-121.0012,45.65],[-121.0068,45.6504],[-121.0178,45.6526],[-121.0389,45.6533]],[[-121.0389,45.6533],[-121.0439,45.6529],[-121.1329,45.6242],[-121.155,45.6222]],[[-120.9001,45.6418],[-120.9427,45.6456],[-120.9571,45.6502],[-120.9682,45.6513]],[[-120.9682,45.6513],[-121.0012,45.65]],[[-122.2611,45.5663],[-122.3416,45.5871],[-122.4261,45.5882],[-122.456,45.6003],[-122.5072,45.61],[-122.5396,45.6219],[-122.5545,45.6222]],[[-122.5545,45.6222],[-122.5949,45.6144]]]}},{"type":"Feature","properties":{},"geometry":{"type":"LineString","coordinates":[[-120.0008,41.9995],[-120.2623,41.9995],[-120.5239,41.9995],[-120.7854,41.9995],[-121.047,41.9995],[-121.3086,41.9995],[-121.5701,41.9995],[-121.8317,41.9995],[-122.0933,41.9995],[-122.3549,41.9995],[-122.6164,41.9995],[-122.8779,41.9995],[-123.1395,41.9995],[-123.4011,41.9995],[-123.6627,41.9995],[-123.9242,41.9995],[-124.1858,41.9995],[-124.2145,41.9995]]}},{"type":"Feature","properties":{},"geometry":{"type":"LineString","coordinates":[[-116.8788,46.0015],[-116.9023,46.0464],[-116.9551,46.0942],[-116.9606,46.1048],[-116.9312,46.1281],[-116.9183,46.1419],[-116.9091,46.1625],[-116.9091,46.1834],[-116.9308,46.2107],[-116.9421,46.2597],[-116.956,46.2808],[-116.9894,46.3201],[-117.0368,46.3633],[-117.044,46.3785],[-117.0401,46.3965],[-117.0386,46.4243],[-117.04,46.4549],[-117.0415,46.6035],[-117.04,46.7696],[-117.04,46.9401],[-117.0415,47.0917],[-117.0415,47.2556],[-117.0415,47.4203],[-117.0429,47.5718],[-117.0429,47.7372],[-117.0429,47.8931],[-117.0429,48.0548],[-117.0372,48.2122],[-117.0349,48.3589],[-117.0357,48.5174],[-117.0365,48.6759],[-117.0374,48.8465],[-117.0382,48.9925]]}},{"type":"Feature","properties":{},"geometry":{"type":"MultiLineString","coordinates":[[[-117.1403,44.2644],[-117.1789,44.2847],[-117.1951,44.2977],[-117.2017,44.3163],[-117.2007,44.3265],[-117.1959,44.3397],[-117.1949,44.3501],[-117.1977,44.3628],[-117.2109,44.3832],[-117.2154,44.3948],[-117.2121,44.4178],[-117.2011,44.4376],[-117.1935,44.4556],[-117.2038,44.4825],[-117.1973,44.4897],[-117.1881,44.4956],[-117.1835,44.5009],[-117.18,44.5136],[-117.1714,44.5188],[-117.1603,44.5211],[-117.1493,44.5251],[-117.1356,44.5371],[-117.1223,44.5541],[-117.1123,44.5728],[-117.1038,44.6118],[-117.0927,44.633],[-117.0674,44.6685],[-117.0399,44.7192],[-117.0292,44.7336],[-117.0106,44.75],[-116.9501,44.7783],[-116.9315,44.7902],[-116.9173,44.8026],[-116.8639,44.8661],[-116.8408,44.9012],[-116.8328,44.9199],[-116.822,44.9666],[-116.8204,44.9875],[-116.8226,44.9905],[-116.8275,44.9955],[-116.8324,45.0034],[-116.8346,45.0148],[-116.8313,45.025],[-116.8235,45.0358],[-116.7174,45.1514],[-116.6968,45.1898],[-116.679,45.2513],[-116.6658,45.2684],[-116.6561,45.2847],[-116.653,45.3263],[-116.649,45.3475],[-116.6362,45.3657],[-116.6015,45.3946],[-116.5867,45.4281],[-116.5392,45.471],[-116.5353,45.4809],[-116.5307,45.502],[-116.5118,45.5356],[-116.5062,45.5424],[-116.4767,45.5665],[-116.463,45.5819],[-116.455,45.6008],[-116.4559,45.6219],[-116.4637,45.6424],[-116.4988,45.691],[-116.5172,45.7319],[-116.5301,45.7516],[-116.5428,45.7624],[-116.5574,45.7721],[-116.5994,45.778],[-116.6574,45.8035],[-116.6781,45.8206],[-116.6878,45.8267],[-116.7594,45.838],[-116.7697,45.8509],[-116.7789,45.8665],[-116.8386,45.9099],[-116.8679,45.9661],[-116.8765,45.997],[-116.8788,46.0015]],[[-117.044,44.2596],[-117.0645,44.2644],[-117.0729,44.272],[-117.0788,44.2817],[-117.0862,44.2899],[-117.0993,44.2923]],[[-117.0993,44.2923],[-117.1129,44.2885],[-117.1222,44.2813],[-117.1303,44.2727],[-117.1403,44.2644]],[[-116.9314,44.1101],[-116.9205,44.1136],[-116.9124,44.1236],[-116.9084,44.135],[-116.907,44.1468],[-116.9069,44.1583],[-116.9031,44.1637],[-116.8961,44.1695],[-116.892,44.1767],[-116.8969,44.1859],[-116.9169,44.2002],[-116.9342,44.2098],[-116.9559,44.2184],[-116.9614,44.2238],[-116.969,44.2371],[-116.971,44.2481],[-116.9705,44.2595],[-116.9735,44.2683],[-116.986,44.2719]],[[-116.986,44.2719],[-117.0085,44.2687],[-117.0266,44.2629],[-117.044,44.2596]],[[-116.9451,44.1103],[-116.9314,44.1101]],[[-117.0166,41.9995],[-117.0169,42.1026],[-117.017,42.2058],[-117.0173,42.309],[-117.0175,42.4122],[-117.0176,42.5153],[-117.0179,42.6185],[-117.0181,42.7217],[-117.0183,42.8248],[-117.0185,42.928],[-117.0187,43.0311],[-117.0189,43.1343],[-117.0191,43.2375],[-117.0193,43.3406],[-117.0195,43.4438],[-117.0197,43.547],[-117.02,43.6501],[-117.02,43.6951],[-117.0202,43.7851],[-117.0236,43.7981],[-117.0236,43.7983],[-117.0236,43.8057],[-117.0314,43.8287],[-117.0158,43.8448],[-116.9937,43.8577],[-116.9826,43.8709],[-116.9711,43.8934],[-116.9673,43.9173],[-116.9547,43.9497],[-116.9478,43.9907],[-116.9434,44.0017],[-116.939,44.0093],[-116.9355,44.017],[-116.9342,44.0285],[-116.9414,44.0496],[-116.9687,44.0835],[-116.969,44.1],[-116.9587,44.1087],[-116.9451,44.1103]]]}},{"type":"Feature","properties":{},"geometry":{"type":"MultiLineString","coordinates":[[[-114.7514,46.7143],[-114.7612,46.716],[-114.7666,46.7197],[-114.7694,46.7245],[-114.7695,46.73],[-114.7623,46.7541],[-114.7619,46.7606],[-114.7627,46.7674],[-114.7664,46.7744],[-114.7716,46.7787],[-114.7787,46.7818],[-114.8073,46.7875],[-114.8236,46.7928],[-114.8342,46.7993],[-114.8486,46.8107],[-114.8594,46.8177],[-114.8899,46.8316],[-114.899,46.8369],[-114.9054,46.8419],[-114.9138,46.856],[-114.9183,46.8662],[-114.9213,46.877],[-114.9233,46.8944],[-114.9226,46.9007],[-114.9209,46.9066],[-114.9185,46.9123],[-114.9171,46.9177],[-114.9179,46.9228],[-114.924,46.9272],[-114.9489,46.9378],[-114.9574,46.9426],[-114.9639,46.947],[-114.9919,46.9734],[-114.9987,46.978],[-115.0051,46.9809],[-115.0249,46.9845],[-115.0394,46.9887],[-115.047,46.9928],[-115.0517,46.9967],[-115.0533,46.9992],[-115.0542,47.001],[-115.0588,47.0192],[-115.0611,47.0243],[-115.1504,47.0928],[-115.1647,47.1161],[-115.1921,47.1428],[-115.2034,47.1502],[-115.231,47.1636],[-115.2396,47.1701],[-115.2489,47.1791],[-115.2561,47.1842],[-115.2642,47.1883],[-115.2741,47.1919],[-115.2799,47.1959],[-115.2836,47.2007],[-115.2871,47.2113],[-115.29,47.2162],[-115.2941,47.2211],[-115.3005,47.2267],[-115.3046,47.2318],[-115.3142,47.2461],[-115.3253,47.2582],[-115.3333,47.2644],[-115.3417,47.2685],[-115.4318,47.2934],[-115.4822,47.2998],[-115.4968,47.3041],[-115.5047,47.3082],[-115.5101,47.3127],[-115.5202,47.3259],[-115.5286,47.3399],[-115.545,47.3565],[-115.5771,47.3824],[-115.5862,47.3884],[-115.6613,47.4228],[-115.7006,47.4308],[-115.7173,47.4365],[-115.724,47.4417],[-115.7267,47.4471],[-115.7248,47.4517],[-115.7221,47.4554],[-115.7194,47.4573],[-115.7145,47.4598],[-115.7079,47.4613],[-115.6653,47.4641],[-115.658,47.4655],[-115.6515,47.4674],[-115.6456,47.47],[-115.6413,47.4742],[-115.6392,47.4793],[-115.6431,47.4858],[-115.6522,47.4903],[-115.6677,47.4954],[-115.678,47.5],[-115.6786,47.5008],[-115.6844,47.5215],[-115.692,47.5324],[-115.7011,47.5387],[-115.7268,47.5505],[-115.7328,47.5556],[-115.7331,47.5607],[-115.7288,47.5642],[-115.7233,47.5673],[-115.6992,47.5777],[-115.6939,47.5808],[-115.6892,47.5845],[-115.685,47.5888],[-115.6789,47.5989],[-115.6765,47.6045],[-115.6788,47.613],[-115.6856,47.6238],[-115.713,47.6529],[-115.7178,47.6611],[-115.7152,47.6859],[-115.7162,47.6929],[-115.7189,47.6998],[-115.7253,47.7081],[-115.7324,47.7127],[-115.7614,47.7261],[-115.7666,47.7316],[-115.7698,47.7384],[-115.7722,47.7453],[-115.7783,47.7544],[-115.7875,47.7596],[-115.8141,47.7706],[-115.8212,47.7762],[-115.8256,47.7817],[-115.8446,47.8297],[-115.8486,47.8357],[-115.855,47.8439],[-115.863,47.8489],[-115.8867,47.8587],[-115.896,47.8651],[-115.9071,47.8749],[-115.9178,47.8824],[-115.9304,47.8893],[-115.937,47.8945],[-115.9414,47.8995],[-115.9489,47.91],[-115.9737,47.933],[-115.9855,47.9483],[-116.0148,47.9733],[-116.0369,47.9879],[-116.0455,47.9974],[-116.0489,48.0037],[-116.0489,48.0531],[-116.0488,48.1706],[-116.0487,48.288],[-116.0487,48.4055],[-116.0486,48.523],[-116.0484,48.6405],[-116.0483,48.758],[-116.0482,48.8754],[-116.0482,48.9925]],[[-114.567,46.6443],[-114.5796,46.6466],[-114.5939,46.6511],[-114.6179,46.6617],[-114.6287,46.6683],[-114.636,46.6742],[-114.6383,46.6792],[-114.6397,46.6844],[-114.6388,46.6901],[-114.636,46.6949],[-114.6223,46.7071],[-114.6207,46.7129],[-114.6227,46.7201],[-114.6311,46.7301],[-114.6378,46.7356],[-114.6632,46.7485],[-114.6701,46.7505],[-114.6781,46.7516]],[[-114.6781,46.7516],[-114.6858,46.7512],[-114.6928,46.7498],[-114.6987,46.7474],[-114.7149,46.7377],[-114.7372,46.7181],[-114.7436,46.7154],[-114.7514,46.7143]],[[-114.5271,45.5677],[-114.541,45.5691],[-114.5455,45.5728],[-114.5449,45.5765],[-114.5332,45.5892],[-114.5304,45.5945],[-114.5291,45.6],[-114.5307,45.6061],[-114.5344,45.6122],[-114.5404,45.6204],[-114.5422,45.6267],[-114.5405,45.6319],[-114.5365,45.6358],[-114.5156,45.6483],[-114.5028,45.6585],[-114.5001,45.6613],[-114.4978,45.6646],[-114.4956,45.6691],[-114.4943,45.6743],[-114.4941,45.6803],[-114.4976,45.6905],[-114.498,45.6956],[-114.4937,45.7051],[-114.4954,45.7116],[-114.5019,45.7189],[-114.5274,45.7372],[-114.5335,45.743],[-114.5358,45.7479],[-114.5409,45.7616],[-114.5493,45.7713],[-114.5513,45.7781],[-114.5499,45.7835],[-114.5454,45.7871],[-114.5349,45.7938],[-114.5302,45.7978],[-114.5268,45.8026],[-114.5239,45.8079],[-114.5172,45.8171],[-114.5059,45.8299],[-114.5005,45.8387],[-114.4985,45.8412],[-114.4951,45.8447],[-114.4848,45.8505],[-114.4784,45.8525],[-114.4711,45.8536],[-114.4369,45.8548],[-114.4295,45.856],[-114.4227,45.8581],[-114.4171,45.8609],[-114.3931,45.8781],[-114.3889,45.8824],[-114.3875,45.8883],[-114.3891,45.8959],[-114.4102,45.9199],[-114.4131,45.9247],[-114.4154,45.9295],[-114.4162,45.9351],[-114.4154,45.9409],[-114.4138,45.947],[-114.4112,45.9524],[-114.4013,45.9666],[-114.3993,45.9725],[-114.4,45.9787],[-114.404,45.9852],[-114.4112,45.9881],[-114.4375,45.9934],[-114.4614,46.0007],[-114.4705,46.0069],[-114.4736,46.0133],[-114.4715,46.0187],[-114.4703,46.0248],[-114.4717,46.0319],[-114.4796,46.0418],[-114.4825,46.0491],[-114.4829,46.0558],[-114.4808,46.0614],[-114.4779,46.0664],[-114.4577,46.0878],[-114.4542,46.0926],[-114.4517,46.0979],[-114.4507,46.1036],[-114.4513,46.1091],[-114.4537,46.1143],[-114.4579,46.1187],[-114.4976,46.1488],[-114.5022,46.1548],[-114.5032,46.1601],[-114.5026,46.1653],[-114.5004,46.1695],[-114.4982,46.1719],[-114.4938,46.1745],[-114.4877,46.1765],[-114.4544,46.179],[-114.4472,46.1806],[-114.4411,46.183],[-114.4365,46.1867],[-114.4332,46.1914],[-114.432,46.197],[-114.4323,46.2029],[-114.4348,46.214],[-114.4369,46.231],[-114.4381,46.2363],[-114.4398,46.2416],[-114.4456,46.2526],[-114.4504,46.2591],[-114.4534,46.2645],[-114.4544,46.27],[-114.4525,46.2749],[-114.4493,46.2792],[-114.4409,46.2875],[-114.4376,46.2926],[-114.4357,46.2981],[-114.4347,46.3098],[-114.433,46.3154],[-114.43,46.3208],[-114.4094,46.3419],[-114.4061,46.3468],[-114.4046,46.3522],[-114.404,46.3584],[-114.4058,46.3702],[-114.4055,46.3829],[-114.4029,46.395],[-114.3987,46.4065],[-114.3754,46.4414],[-114.373,46.4476],[-114.3713,46.4537],[-114.3706,46.46],[-114.3712,46.4658],[-114.3727,46.4712],[-114.3765,46.4764],[-114.3816,46.4819],[-114.3959,46.4939],[-114.3991,46.498],[-114.4001,46.4995],[-114.4002,46.5006],[-114.3982,46.5052],[-114.3938,46.5079],[-114.3879,46.5102],[-114.3606,46.5176],[-114.3544,46.5202],[-114.3489,46.5232],[-114.344,46.5267],[-114.3405,46.5308],[-114.3387,46.5358],[-114.3399,46.5406],[-114.3424,46.5452],[-114.3454,46.5497],[-114.347,46.5547],[-114.3465,46.5601],[-114.3441,46.5651],[-114.337,46.574],[-114.3341,46.5791],[-114.3331,46.5846],[-114.3343,46.59],[-114.336,46.5952],[-114.3367,46.6006],[-114.3354,46.6062],[-114.3328,46.6115],[-114.3267,46.6217],[-114.3233,46.6339],[-114.3229,46.652],[-114.3238,46.6585],[-114.3253,46.6649],[-114.3295,46.6716],[-114.3355,46.6754],[-114.3431,46.6777],[-114.3517,46.6783]],[[-114.3517,46.6783],[-114.3598,46.678],[-114.4277,46.6658],[-114.4342,46.6638],[-114.4504,46.6552],[-114.463,46.6506],[-114.4702,46.6491],[-114.4776,46.6484]],[[-114.4776,46.6484],[-114.4854,46.6492],[-114.502,46.6534],[-114.5085,46.6542]],[[-114.5085,46.6542],[-114.5154,46.6536],[-114.5383,46.6472],[-114.5503,46.6452],[-114.567,46.6443]],[[-113.5468,45.1238],[-113.5552,45.126],[-113.5606,45.1298],[-113.562,45.1351],[-113.5623,45.1472],[-113.5645,45.1521],[-113.5678,45.1562],[-113.5759,45.1643],[-113.5787,45.1689],[-113.5804,45.1741],[-113.5813,45.1797],[-113.5845,45.1899],[-113.5872,45.1947],[-113.5936,45.2034],[-113.6079,45.2149],[-113.624,45.2239],[-113.6442,45.2406],[-113.6616,45.2508],[-113.6663,45.2558],[-113.6678,45.261],[-113.6686,45.2721],[-113.6704,45.2776],[-113.6753,45.2829],[-113.6827,45.2882],[-113.7049,45.3002],[-113.7114,45.3048],[-113.7148,45.309],[-113.7175,45.3138],[-113.719,45.3252],[-113.7186,45.3311],[-113.7161,45.3433],[-113.7142,45.3681],[-113.7145,45.3802],[-113.7183,45.3867],[-113.7259,45.3936],[-113.754,45.4103],[-113.7583,45.4172],[-113.7601,45.4284],[-113.7625,45.4331],[-113.7644,45.4382],[-113.7642,45.4441],[-113.7627,45.4499],[-113.7604,45.4554],[-113.7543,45.4658],[-113.7524,45.4713],[-113.7517,45.477],[-113.7543,45.4933],[-113.7546,45.4995],[-113.7543,45.5007],[-113.7572,45.5076],[-113.7676,45.5146],[-113.7987,45.5245],[-113.8067,45.5295],[-113.8106,45.5353],[-113.8103,45.5415],[-113.8077,45.5543],[-113.803,45.5658],[-113.7999,45.5708],[-113.7922,45.5793],[-113.7893,45.584],[-113.7884,45.5893],[-113.7904,45.5949],[-113.7946,45.6006],[-113.8032,45.6078],[-113.8108,45.6118],[-113.8189,45.6147],[-113.8708,45.6276],[-113.8826,45.6324],[-113.8895,45.6377],[-113.8907,45.6487],[-113.8926,45.6538],[-113.8956,45.6583],[-113.9214,45.6744],[-113.9573,45.6926],[-113.9759,45.6994],[-113.9895,45.7027]],[[-113.9895,45.7027],[-113.9956,45.7013],[-113.9992,45.6991],[-114.0014,45.6962],[-114.0029,45.6913],[-114.0032,45.6856],[-114.0029,45.6802],[-114.0015,45.6754],[-113.9983,45.6686],[-113.997,45.6639],[-113.9967,45.659],[-113.9983,45.6548],[-114.0008,45.6527],[-114.0049,45.6512],[-114.0316,45.6447],[-114.0379,45.6423],[-114.0435,45.6395],[-114.0484,45.6361],[-114.0524,45.6317],[-114.059,45.6215],[-114.0616,45.6159],[-114.0649,45.6109],[-114.0687,45.6064],[-114.0736,45.6032],[-114.0913,45.5953],[-114.0962,45.5918],[-114.0998,45.5872],[-114.1026,45.5823],[-114.1048,45.5773],[-114.1089,45.5733],[-114.1143,45.5705],[-114.1539,45.5587],[-114.1768,45.5478],[-114.1831,45.5457],[-114.1907,45.545]],[[-114.3087,45.4821],[-114.3296,45.4833],[-114.3407,45.4857],[-114.348,45.4895],[-114.3519,45.4933],[-114.3574,45.5002],[-114.3911,45.5136],[-114.4015,45.5189],[-114.4081,45.5246],[-114.4095,45.5299],[-114.4124,45.5357],[-114.4175,45.5409],[-114.4506,45.5589],[-114.4603,45.5613],[-114.5074,45.5678]],[[-114.5074,45.5678],[-114.5271,45.5677]],[[-114.1907,45.545],[-114.2076,45.5459]],[[-114.2076,45.5459],[-114.2154,45.5452],[-114.222,45.5432],[-114.2276,45.5402],[-114.2322,45.5365],[-114.2364,45.5323],[-114.2397,45.5277],[-114.2502,45.5064],[-114.2546,45.5009],[-114.2556,45.5002],[-114.2599,45.4977],[-114.2837,45.4888],[-114.2893,45.4861],[-114.2976,45.4837],[-114.3087,45.4821]],[[-113.3241,44.7921],[-113.3336,44.7941],[-113.3392,44.7981],[-113.342,44.815],[-113.3441,44.8199],[-113.3525,44.8255],[-113.366,44.8316],[-113.4128,44.8475],[-113.4247,44.8542],[-113.4339,44.8628],[-113.4401,44.8716],[-113.4535,44.9006],[-113.4597,44.9094],[-113.4671,44.9175],[-113.4759,44.9247],[-113.4796,44.9289],[-113.4814,44.9335],[-113.4801,44.9384],[-113.4763,44.9421],[-113.4711,44.9449],[-113.452,44.9514],[-113.4471,44.9546],[-113.4428,44.9589],[-113.4397,44.9639],[-113.4369,44.9695],[-113.4306,44.9937],[-113.4299,44.9997],[-113.4301,45.001],[-113.4345,45.0169],[-113.4365,45.022],[-113.452,45.0503],[-113.4584,45.0592],[-113.4899,45.092],[-113.4928,45.0964],[-113.499,45.114],[-113.5056,45.1217],[-113.5131,45.1243]],[[-113.5131,45.1243],[-113.5468,45.1238]],[[-112.8294,44.3766],[-112.8382,44.377],[-112.8445,44.3797],[-112.8677,44.4037],[-112.8725,44.4072],[-112.8785,44.4099],[-112.923,44.4202],[-112.9303,44.4234],[-112.9353,44.4266],[-112.951,44.4428],[-112.9572,44.4471],[-112.9658,44.4514],[-112.9826,44.4559],[-112.9913,44.46],[-112.9955,44.4652],[-112.9964,44.4768],[-112.9978,44.4812],[-113.0071,44.4945],[-113.008,44.4987],[-113.0078,44.5015],[-113.0038,44.5107],[-112.9944,44.5263],[-112.993,44.5315],[-112.9961,44.5371],[-113.0032,44.5422],[-113.0191,44.5483],[-113.0276,44.5528],[-113.0325,44.5578],[-113.0327,44.5692],[-113.0341,44.5743],[-113.037,44.5788],[-113.0641,44.6006],[-113.0675,44.6047],[-113.0688,44.6093],[-113.0682,44.6141],[-113.0648,44.6186],[-113.0605,44.6224],[-113.0501,44.6286],[-113.0456,44.6323],[-113.0425,44.6368],[-113.0419,44.6421],[-113.043,44.6471],[-113.0451,44.6521],[-113.0511,44.661],[-113.0621,44.6734],[-113.0653,44.6779],[-113.0722,44.6927],[-113.0749,44.6974],[-113.0784,44.7017],[-113.0868,44.709],[-113.0905,44.7132],[-113.0932,44.7177],[-113.0955,44.7227],[-113.0968,44.7279],[-113.0989,44.7328],[-113.1017,44.7374],[-113.1053,44.7414],[-113.1198,44.7518],[-113.124,44.7557],[-113.1375,44.7725],[-113.1414,44.7765],[-113.1602,44.7908],[-113.1833,44.8044],[-113.2096,44.8143],[-113.2329,44.8186],[-113.2502,44.8189]],[[-113.2502,44.8189],[-113.2571,44.8173],[-113.2633,44.8151],[-113.2688,44.8125],[-113.2885,44.7989],[-113.2962,44.7956],[-113.306,44.7933],[-113.3241,44.7921]],[[-111.0514,44.4979],[-111.0953,44.5066],[-111.1115,44.5153],[-111.1404,44.5414],[-111.1576,44.5626],[-111.1708,44.5741],[-111.1816,44.5804],[-111.197,44.5862],[-111.2046,44.5902],[-111.2102,44.5943],[-111.2133,44.5987],[-111.2155,44.6033],[-111.2176,44.6085],[-111.2184,44.6202],[-111.2182,44.627],[-111.219,44.6335],[-111.2222,44.6407],[-111.2281,44.6453],[-111.2357,44.6489],[-111.2456,44.6524],[-111.25,44.6563],[-111.2581,44.669],[-111.2985,44.7153],[-111.308,44.7324],[-111.318,44.7383],[-111.3542,44.7527],[-111.3668,44.7552]],[[-111.3668,44.7552],[-111.3755,44.7549],[-111.3801,44.7515],[-111.3909,44.7375],[-111.3964,44.7338],[-111.4041,44.7316],[-111.433,44.7288],[-111.4398,44.7271],[-111.4517,44.7218],[-111.4613,44.7146],[-111.4642,44.7098],[-111.4654,44.7048],[-111.4635,44.7002],[-111.4602,44.696],[-111.4563,44.6923],[-111.4529,44.6881],[-111.4505,44.6836],[-111.4492,44.6779],[-111.4495,44.672],[-111.4512,44.6662],[-111.4551,44.662],[-111.4601,44.6589],[-111.4867,44.6516],[-111.4916,44.6485],[-111.4944,44.6439],[-111.4957,44.6334],[-111.4975,44.6289],[-111.5047,44.6175],[-111.5066,44.6119],[-111.5077,44.6058],[-111.5074,44.6001],[-111.5066,44.5946],[-111.5033,44.5845],[-111.5014,44.5802],[-111.4994,44.5775],[-111.4964,44.5746],[-111.4921,44.5716],[-111.486,44.5692],[-111.463,44.5634],[-111.4574,44.5605],[-111.4543,44.5565],[-111.4544,44.5523],[-111.4605,44.5491],[-111.4703,44.5471],[-111.4875,44.5458]],[[-112.1851,44.5525],[-112.1964,44.5533],[-112.2042,44.5554],[-112.219,44.5639],[-112.2335,44.5687]],[[-112.2335,44.5687],[-112.2422,44.5687],[-112.2489,44.5665],[-112.2578,44.5597],[-112.2624,44.5571],[-112.27,44.5546],[-112.2952,44.5501],[-112.311,44.5452],[-112.3226,44.5403],[-112.3278,44.5371],[-112.3319,44.5333],[-112.3351,44.5282],[-112.3425,44.5046],[-112.3599,44.4714],[-112.3657,44.4665],[-112.3742,44.4624],[-112.39,44.4583],[-112.4011,44.4577]],[[-111.4875,44.5458],[-111.4967,44.5464],[-111.5028,44.5476],[-111.5151,44.5541],[-111.5461,44.5648],[-111.5583,44.5667],[-111.6675,44.5672]],[[-111.6675,44.5672],[-111.6821,44.5658],[-111.7269,44.5438],[-111.733,44.5414],[-111.75,44.5387],[-111.7706,44.5374],[-111.7793,44.5354],[-111.7994,44.5285],[-111.8088,44.5281]],[[-111.8088,44.5281],[-111.8161,44.5297],[-111.8212,44.533],[-111.8248,44.5371],[-111.8278,44.5414],[-111.8356,44.5495],[-111.8425,44.5536],[-111.8521,44.5575],[-111.87,44.5624],[-111.9122,44.5635]],[[-111.9122,44.5635],[-111.9213,44.5624],[-111.9284,44.5605],[-111.9337,44.5575],[-111.9409,44.5544],[-111.9514,44.552],[-111.9703,44.5498]],[[-112.0816,44.5387],[-112.0911,44.5396],[-112.1155,44.5468],[-112.1441,44.5519],[-112.1627,44.5531]],[[-112.1627,44.5531],[-112.1851,44.5525]],[[-111.9703,44.5498],[-111.9863,44.5513]],[[-111.9863,44.5513],[-112.0816,44.5387]],[[-112.4969,44.4754],[-112.5031,44.4761],[-112.5119,44.4823],[-112.5173,44.4855],[-112.5238,44.488],[-112.6463,44.499],[-112.6803,44.5055]],[[-112.6803,44.5055],[-112.691,44.5054],[-112.6993,44.5041],[-112.7169,44.4957],[-112.7229,44.4938],[-112.7515,44.4885],[-112.7572,44.4858],[-112.8146,44.4439],[-112.8189,44.44],[-112.8227,44.4355],[-112.8258,44.4307],[-112.8275,44.4255],[-112.8274,44.4198],[-112.8252,44.4149],[-112.808,44.3936],[-112.8089,44.388],[-112.8133,44.3825],[-112.8294,44.3766]],[[-112.4011,44.4577],[-112.4097,44.4591],[-112.4156,44.4621],[-112.4202,44.4658],[-112.4269,44.47],[-112.4354,44.4742],[-112.4546,44.4779],[-112.4691,44.4782]],[[-112.4691,44.4782],[-112.4969,44.4754]]]}},{"type":"Feature","properties":{},"geometry":{"type":"LineString","coordinates":[[-111.0514,44.4979],[-111.0513,44.3418],[-111.0512,44.1856],[-111.0512,44.0295],[-111.0511,43.8734],[-111.051,43.7172],[-111.0509,43.5611],[-111.0509,43.405],[-111.0508,43.2489],[-111.0507,43.0927],[-111.0506,42.9366],[-111.0506,42.7805],[-111.0505,42.6243],[-111.0505,42.4682],[-111.0504,42.3121],[-111.0503,42.1559],[-111.0502,41.9998]]}},{"type":"Feature","properties":{},"geometry":{"type":"LineString","coordinates":[[-111.0514,44.4979],[-111.0514,44.5282],[-111.0513,44.5586],[-111.0513,44.589],[-111.0512,44.6193],[-111.0512,44.6498],[-111.0512,44.6801],[-111.0511,44.7105],[-111.0511,44.7408],[-111.0511,44.7712],[-111.051,44.8016],[-111.051,44.8319],[-111.0509,44.8623],[-111.0509,44.8927],[-111.0509,44.9231],[-111.0509,44.9534],[-111.0508,44.9838],[-111.0508,45.0],[-111.0002,45.0],[-110.8914,45.0],[-110.7826,45.0],[-110.6738,45.0],[-110.565,45.0],[-110.4562,45.0],[-110.3474,45.0],[-110.2386,45.0],[-110.1298,45.0],[-110.0211,45.0],[-109.9123,45.0],[-109.8034,45.0],[-109.6947,45.0],[-109.5858,45.0],[-109.477,45.0],[-109.3683,45.0],[-109.2594,45.0],[-109.1506,45.0],[-109.0418,45.0],[-108.933,45.0],[-108.8242,45.0],[-108.7154,45.0],[-108.6066,45.0],[-108.4978,45.0],[-108.389,45.0],[-108.2803,45.0],[-108.1715,45.0],[-108.0626,45.0],[-107.9539,45.0],[-107.8451,45.0],[-107.7362,45.0],[-107.6275,45.0],[-107.5187,45.0001],[-107.4099,45.0001],[-107.3011,45.0001],[-107.1923,45.0001],[-107.0835,45.0001],[-106.9747,45.0001],[-106.8659,45.0001],[-106.7571,45.0001],[-106.6483,45.0001],[-106.5395,45.0001],[-106.4307,45.0001],[-106.3219,45.0001],[-106.2131,45.0001],[-106.1043,45.0001],[-105.9955,45.0001],[-105.8867,45.0001],[-105.7779,45.0001],[-105.6691,45.0001],[-105.5603,45.0001],[-105.4515,45.0001],[-105.3427,45.0001],[-105.2339,45.0001],[-105.1251,45.0001],[-105.0163,45.0001],[-104.9075,45.0001],[-104.7987,45.0001],[-104.6899,45.0001],[-104.5811,45.0001],[-104.4723,45.0001],[-104.3636,45.0001],[-104.2548,45.0001],[-104.1459,45.0001],[-104.0567,45.0001]]}},{"type":"Feature","properties":{},"geometry":{"type":"LineString","coordinates":[[-117.0166,41.9995],[-117.203,41.9995],[-117.3895,41.9995],[-117.576,41.9995],[-117.7624,41.9995],[-117.9489,41.9995],[-118.1354,41.9995],[-118.3218,41.9995],[-118.5083,41.9995],[-118.6947,41.9995],[-118.8812,41.9995],[-119.0677,41.9995],[-119.2541,41.9995],[-119.4405,41.9995],[-119.627,41.9995],[-119.8135,41.9995],[-120.0008,41.9995]]}},{"type":"Feature","properties":{},"geometry":{"type":"LineString","coordinates":[[-117.0166,41.9995],[-116.8307,41.9996],[-116.6449,41.9996],[-116.459,41.9997],[-116.2731,41.9997],[-116.0872,41.9997],[-115.9014,41.9998],[-115.7155,41.9998],[-115.5296,41.9998],[-115.3437,41.9998],[-115.1579,41.9998],[-114.972,41.9999],[-114.7861,41.9999],[-114.6002,42.0],[-114.4143,42.0],[-114.2284,42.0],[-114.0425,42.0001]]}},{"type":"Feature","properties":{},"geometry":{"type":"MultiLineString","coordinates":[[[-114.6276,34.9966],[-114.617,34.8793],[-114.61,34.8675],[-114.5942,34.8628],[-114.58,34.8569],[-114.5686,34.843],[-114.5607,34.8272],[-114.557,34.815],[-114.555,34.787],[-114.5424,34.7679],[-114.5213,34.757],[-114.4943,34.7536],[-114.4289,34.6429],[-114.4245,34.6387],[-114.4211,34.6343],[-114.4197,34.6264],[-114.4211,34.6026],[-114.4197,34.596],[-114.4077,34.5795],[-114.3945,34.571],[-114.3837,34.5611],[-114.3788,34.5407],[-114.3771,34.5401],[-114.3672,34.5301],[-114.3717,34.5155],[-114.3771,34.5004],[-114.3772,34.4997],[-114.376,34.4901],[-114.3729,34.4781],[-114.369,34.4715],[-114.3638,34.467],[-114.3572,34.4656],[-114.3442,34.4651],[-114.3395,34.4646],[-114.3354,34.4633],[-114.3313,34.4606],[-114.3236,34.4534],[-114.3187,34.4499],[-114.2988,34.4391],[-114.2938,34.4355],[-114.2789,34.4208],[-114.1955,34.3704],[-114.1784,34.3627],[-114.1687,34.3559],[-114.157,34.3451],[-114.1251,34.3278],[-114.1249,34.3141],[-114.1191,34.2932],[-114.1274,34.2797],[-114.1591,34.2595],[-114.1926,34.2322],[-114.2243,34.1981],[-114.2438,34.1937],[-114.3459,34.1332],[-114.3821,34.1237],[-114.3982,34.1097],[-114.4086,34.0911],[-114.4169,34.0485],[-114.4286,34.0291],[-114.4443,34.013],[-114.4607,33.9995],[-114.5003,33.9775],[-114.5159,33.9636],[-114.5222,33.9414],[-114.5188,33.9298],[-114.5107,33.9187],[-114.4911,33.8995],[-114.4898,33.8906],[-114.4978,33.8814],[-114.516,33.8691],[-114.5141,33.854],[-114.5139,33.8283],[-114.5103,33.8041],[-114.498,33.7934],[-114.4945,33.788],[-114.4934,33.7763],[-114.4945,33.7646],[-114.498,33.7593],[-114.5032,33.7543],[-114.499,33.7432],[-114.4881,33.7251],[-114.4947,33.7104],[-114.5063,33.6991],[-114.5173,33.6847],[-114.5222,33.6603],[-114.5215,33.6388],[-114.5224,33.6276],[-114.5256,33.6227],[-114.5345,33.6168],[-114.5345,33.6035],[-114.529,33.5817],[-114.5326,33.5686],[-114.5359,33.5619],[-114.5495,33.547],[-114.5693,33.5305],[-114.5793,33.5201],[-114.5888,33.4955],[-114.6258,33.4371],[-114.6437,33.4258],[-114.6683,33.4197],[-114.7174,33.4166],[-114.7269,33.4115],[-114.7224,33.3998],[-114.7121,33.3871],[-114.704,33.3791],[-114.6981,33.3684],[-114.7019,33.3598],[-114.714,33.349],[-114.7235,33.3212],[-114.7213,33.3063],[-114.6901,33.2764],[-114.6832,33.2628],[-114.673,33.205],[-114.6782,33.1616],[-114.6934,33.1241],[-114.6967,33.0894],[-114.6668,33.0542],[-114.6273,33.0409],[-114.5365,33.0354],[-114.5017,33.0194],[-114.4737,32.9853],[-114.4698,32.9726],[-114.4702,32.9628],[-114.4725,32.9531],[-114.4737,32.9406],[-114.458,32.8767],[-114.4607,32.8549],[-114.4721,32.842],[-114.5092,32.8203],[-114.5222,32.8071],[-114.5259,32.7897],[-114.5251,32.7711],[-114.5262,32.7533],[-114.5359,32.7382],[-114.5782,32.7301]],[[-114.5782,32.7301],[-114.6829,32.7481]],[[-114.6829,32.7481],[-114.7208,32.7246],[-114.7243,32.7128]]]}},{"type":"Feature","properties":{},"geometry":{"type":"LineString","coordinates":[[-114.6276,34.9966],[-114.6282,35.0036]]}},{"type":"Feature","properties":{},"geometry":{"type":"MultiLineString","coordinates":[[[-114.2077,36.0232],[-114.1587,36.0297],[-114.1239,36.0459],[-114.1084,36.0895],[-114.0952,36.1265],[-114.0842,36.1576],[-114.0654,36.1782],[-114.0453,36.2005],[-114.0428,36.2103],[-114.042,36.2198],[-114.0418,36.2621],[-114.0418,36.2705],[-114.0418,36.294],[-114.0417,36.3305],[-114.0416,36.3779],[-114.0414,36.4339],[-114.0413,36.4966],[-114.0412,36.5635],[-114.041,36.6326],[-114.0409,36.7017],[-114.0407,36.7687],[-114.0406,36.8313],[-114.0405,36.8873],[-114.0404,36.9347],[-114.0403,36.9713],[-114.0403,36.9949],[-114.0402,37.0031]],[[-114.5548,36.1605],[-114.5455,36.1597],[-114.492,36.1469],[-114.4882,36.1456],[-114.4828,36.1429],[-114.4744,36.1375],[-114.464,36.1321],[-114.4507,36.1284],[-114.4429,36.1277]],[[-114.6282,35.0036],[-114.6293,35.0154],[-114.6389,35.0478],[-114.6154,35.0731],[-114.6116,35.0826],[-114.6155,35.0965],[-114.6343,35.1142],[-114.6389,35.1235],[-114.6355,35.1372],[-114.6254,35.141],[-114.6119,35.141],[-114.5979,35.1434],[-114.5861,35.1483],[-114.5818,35.1513],[-114.5726,35.1912],[-114.5719,35.2126],[-114.5768,35.2526],[-114.5899,35.3005],[-114.5923,35.326],[-114.5909,35.3529],[-114.6006,35.3767],[-114.6323,35.4287],[-114.6506,35.477],[-114.6676,35.517],[-114.6465,35.5655],[-114.6527,35.6089],[-114.6451,35.6306],[-114.6516,35.6468],[-114.6867,35.7194],[-114.6916,35.7396],[-114.6946,35.7671],[-114.6935,35.8224],[-114.6881,35.8372],[-114.6706,35.8628],[-114.6668,35.8739],[-114.6689,35.8854],[-114.6753,35.8942],[-114.7147,35.9362],[-114.7292,35.9593],[-114.7396,35.9858],[-114.7413,36.0136],[-114.7244,36.0279],[-114.7199,36.0389],[-114.7194,36.0502],[-114.7227,36.0731],[-114.7227,36.0843],[-114.7212,36.0927],[-114.7181,36.0974],[-114.711,36.1054],[-114.7071,36.1088],[-114.7028,36.1121],[-114.6694,36.1248],[-114.6368,36.1413],[-114.5788,36.1536],[-114.5632,36.1588],[-114.5548,36.1605]],[[-114.3723,36.1477],[-114.3656,36.1472],[-114.3564,36.1443],[-114.3475,36.1398],[-114.3366,36.1307],[-114.327,36.1208],[-114.3196,36.1111],[-114.2972,36.0705],[-114.2877,36.0581],[-114.2753,36.0457],[-114.2565,36.0324],[-114.2336,36.0244],[-114.2077,36.0232]],[[-114.4429,36.1277],[-114.4355,36.1277],[-114.4287,36.1285],[-114.4229,36.1303],[-114.3972,36.1429],[-114.3918,36.145],[-114.3859,36.1465],[-114.3792,36.1474],[-114.3723,36.1477]]]}},{"type":"Feature","properties":{},"geometry":{"type":"MultiLineString","coordinates":[[[-113.4815,42.0],[-113.6685,42.0],[-113.8555,42.0001]],[[-113.8555,42.0001],[-114.0425,42.0001]],[[-112.3594,41.9999],[-112.5464,42.0],[-112.7334,42.0]],[[-112.7334,42.0],[-112.9205,42.0],[-113.1075,42.0],[-113.2945,42.0],[-113.4815,42.0]],[[-111.2373,41.9998],[-111.4243,41.9999],[-111.6113,41.9999]],[[-111.6113,41.9999],[-111.7983,41.9999],[-111.9854,41.9999],[-112.1724,41.9999],[-112.3594,41.9999]],[[-111.0502,41.9998],[-111.2373,41.9998]]]}},{"type":"Feature","properties":{},"geometry":{"type":"MultiLineString","coordinates":[[[-87.0188,42.4962],[-87.0401,42.6271],[-87.0483,42.7024],[-87.0663,42.8047],[-87.0794,42.8963],[-87.0924,42.9912],[-87.1121,43.1172],[-87.1317,43.2366],[-87.1448,43.334],[-87.1472,43.3799],[-87.1401,43.4748],[-87.1322,43.5739],[-87.1207,43.6958],[-87.1144,43.7652],[-87.0871,43.8736],[-87.0614,43.9696],[-87.0286,44.0711],[-86.9999,44.1677],[-86.953,44.2791],[-86.9288,44.3664],[-86.8912,44.4662],[-86.8519,44.5628],[-86.8127,44.6478],[-86.7469,44.7685],[-86.7146,44.8452],[-86.67,44.894],[-86.6376,44.9448],[-86.595,44.9906],[-86.5359,45.0405],[-86.4977,45.0757],[-86.4486,45.115],[-86.3733,45.1608],[-86.3144,45.1935],[-86.2506,45.2361],[-86.2868,45.249],[-86.3183,45.2623],[-86.3473,45.2739],[-86.3796,45.288],[-86.4145,45.3013],[-86.4459,45.3145],[-86.4791,45.3278],[-86.5106,45.3411],[-86.5421,45.3543],[-86.5752,45.3676],[-86.6076,45.3817],[-86.6403,45.3949],[-86.6787,45.4091],[-86.7105,45.4232],[-86.7424,45.4373],[-86.7636,45.4438]],[[-86.7636,45.4438],[-86.9223,45.4422],[-87.0319,45.4422],[-87.0924,45.4438],[-87.1317,45.3997],[-87.1661,45.3555],[-87.1988,45.3228],[-87.2443,45.2888],[-87.3117,45.2426],[-87.4033,45.205],[-87.423,45.133],[-87.436,45.079],[-87.4884,45.0839],[-87.5427,45.0895],[-87.5969,45.1043],[-87.6536,45.1208],[-87.6704,45.1305],[-87.6726,45.1352],[-87.678,45.1422],[-87.6881,45.152],[-87.7116,45.169],[-87.7267,45.1828],[-87.7336,45.1923],[-87.7348,45.1993],[-87.7303,45.2312],[-87.7267,45.2438],[-87.707,45.2841],[-87.6821,45.3246],[-87.6737,45.3329],[-87.6585,45.3449],[-87.6538,45.3512],[-87.6534,45.3564],[-87.6548,45.3614],[-87.6612,45.3704],[-87.6696,45.3795],[-87.6758,45.385],[-87.6817,45.3881],[-87.6887,45.3888],[-87.6951,45.3874],[-87.7685,45.3595],[-87.7756,45.3584],[-87.7832,45.3579],[-87.7917,45.3584],[-87.8146,45.3634],[-87.8223,45.3636],[-87.829,45.3621],[-87.8407,45.3572],[-87.8486,45.3562],[-87.8583,45.3576],[-87.8733,45.3648],[-87.8795,45.371],[-87.8822,45.3774],[-87.881,45.3834],[-87.8692,45.4048],[-87.8672,45.4114],[-87.8666,45.4197],[-87.8692,45.432],[-87.8684,45.4402],[-87.8658,45.4462],[-87.8614,45.4499],[-87.8285,45.4676],[-87.8238,45.4713],[-87.8195,45.4755],[-87.8119,45.4847],[-87.8064,45.4947],[-87.8041,45.4999],[-87.8036,45.5033],[-87.8038,45.51],[-87.8122,45.5411],[-87.8213,45.5614],[-87.8204,45.5704],[-87.8157,45.5745],[-87.8089,45.576],[-87.8027,45.5782],[-87.7978,45.5814],[-87.7939,45.5874],[-87.7914,45.5954],[-87.7913,45.6086],[-87.7933,45.6162],[-87.7966,45.622],[-87.8138,45.6421],[-87.8207,45.6527],[-87.8215,45.66],[-87.819,45.6655],[-87.8084,45.6719],[-87.8039,45.6753],[-87.8012,45.681],[-87.8011,45.684],[-87.8026,45.687],[-87.8087,45.6929],[-87.8225,45.7033],[-87.835,45.7151],[-87.845,45.7214],[-87.8689,45.7335],[-87.8738,45.737],[-87.8855,45.7494],[-87.8899,45.7531],[-87.8953,45.7561],[-87.9018,45.7589],[-87.9096,45.7605],[-87.9532,45.7631],[-87.9698,45.7667],[-87.9763,45.7693],[-87.9817,45.7724],[-87.9861,45.7758],[-87.9981,45.7872],[-88.0009,45.7888],[-88.0052,45.7902],[-88.011,45.7901],[-88.0317,45.7855],[-88.0474,45.7842],[-88.0558,45.7846],[-88.0725,45.7875],[-88.0875,45.7919],[-88.1023,45.798],[-88.11,45.8032],[-88.1197,45.8125],[-88.1225,45.8197],[-88.1221,45.8264],[-88.1195,45.8317],[-88.1158,45.8366],[-88.0939,45.8572],[-88.0899,45.8621],[-88.0864,45.8678],[-88.0855,45.8767],[-88.0893,45.8842],[-88.1152,45.9246],[-88.1232,45.9315],[-88.1323,45.9357],[-88.1479,45.9398],[-88.1544,45.9425],[-88.1802,45.9573],[-88.1877,45.9594],[-88.1956,45.9595],[-88.2109,45.9577],[-88.2189,45.9575],[-88.2274,45.9584],[-88.2442,45.9628],[-88.2618,45.97],[-88.2699,45.9722],[-88.278,45.9731],[-88.313,45.9736],[-88.33,45.9757],[-88.3359,45.9773],[-88.3614,45.9918],[-88.3704,45.9955],[-88.3791,45.9967],[-88.3999,45.9924],[-88.4083,45.9924],[-88.4181,45.9937],[-88.4523,46.007],[-88.46,46.0091],[-88.4674,46.0089],[-88.4736,46.0073],[-88.482,46.0073],[-88.4919,46.0092],[-88.5085,46.0182],[-88.5191,46.0227],[-88.5292,46.0252],[-88.5373,46.0261],[-88.5451,46.0255],[-88.5517,46.0241],[-88.5641,46.0191],[-88.5709,46.0178],[-88.5789,46.0182],[-88.5862,46.0195],[-88.5937,46.0201],[-88.6003,46.0189],[-88.6219,46.0069],[-88.6306,46.0061],[-88.6421,46.0081],[-88.6762,46.0207],[-88.6989,46.0258],[-88.714,46.0315],[-88.7244,46.0339],[-88.7337,46.0346],[-88.7414,46.0338],[-88.7622,46.0283],[-88.7704,46.028],[-88.7806,46.0295],[-88.7878,46.0344],[-88.795,46.0366],[-88.8018,46.0366],[-88.8166,46.0346],[-88.8243,46.0344],[-88.8373,46.0356],[-88.8613,46.0452],[-88.9206,46.0688],[-88.98,46.0925],[-89.0392,46.1161],[-89.0986,46.1399],[-89.1192,46.1482],[-89.1548,46.155],[-89.1653,46.157],[-89.195,46.1627],[-89.2412,46.1715],[-89.301,46.1831],[-89.3718,46.1968],[-89.4508,46.212],[-89.5354,46.2282],[-89.6226,46.245],[-89.7099,46.2618],[-89.7944,46.2781],[-89.8735,46.2933],[-89.9442,46.3069],[-90.0041,46.3185],[-90.0502,46.3273],[-90.0799,46.3331],[-90.0904,46.3351],[-90.1185,46.3406],[-90.124,46.3451],[-90.1272,46.3502],[-90.135,46.3704],[-90.1516,46.3977],[-90.1779,46.4411],[-90.1951,46.4695],[-90.2051,46.486],[-90.2173,46.4982],[-90.2303,46.5087],[-90.24,46.5135],[-90.2503,46.5158],[-90.2599,46.5165],[-90.2717,46.5193],[-90.28,46.5236],[-90.2894,46.5304],[-90.2987,46.533],[-90.3182,46.5356],[-90.3238,46.5402],[-90.3338,46.5547],[-90.3408,46.5574],[-90.3475,46.5567],[-90.3651,46.5491],[-90.3726,46.5471],[-90.381,46.5466],[-90.3923,46.5479],[-90.399,46.551],[-90.4032,46.5551],[-90.4074,46.5654],[-90.4125,46.5842],[-90.4028,46.5993],[-90.375,46.6422],[-90.3472,46.6851],[-90.3194,46.7281],[-90.2915,46.771],[-90.2637,46.8139],[-90.2359,46.8568],[-90.2081,46.8998],[-90.1802,46.9427],[-90.1524,46.9856],[-90.1246,47.0285],[-90.0967,47.0715],[-90.0689,47.1144],[-90.0411,47.1573],[-90.0133,47.2002],[-89.9855,47.2432],[-89.9576,47.2861]]]}},{"type":"Feature","properties":{},"geometry":{"type":"MultiLineString","coordinates":[[[-91.4418,40.3795],[-91.4419,40.3795],[-91.4729,40.3581],[-91.4961,40.3134],[-91.5112,40.2622],[-91.5182,40.2213],[-91.5189,40.1749],[-91.4925,40.0096],[-91.4871,39.9944],[-91.4735,39.9782],[-91.4565,39.9621],[-91.4505,39.9551],[-91.446,39.9479],[-91.443,39.9401],[-91.4414,39.931],[-91.4419,39.9065],[-91.4501,39.8772],[-91.4493,39.8656],[-91.445,39.8589],[-91.4317,39.8471],[-91.4251,39.8338],[-91.3978,39.8138],[-91.3914,39.8035],[-91.3892,39.793],[-91.3872,39.7694],[-91.3749,39.7357],[-91.3551,39.7108],[-91.1043,39.5331],[-91.0886,39.5181],[-91.0767,39.4994],[-91.0719,39.478],[-91.0657,39.4643],[-91.0509,39.4524],[-90.8196,39.3201],[-90.7973,39.3032],[-90.774,39.2791],[-90.7482,39.242],[-90.7367,39.2203],[-90.7299,39.2008],[-90.7289,39.1874],[-90.7306,39.1597],[-90.7299,39.1462],[-90.7245,39.1339],[-90.7065,39.1122],[-90.7026,39.1012],[-90.7068,39.0903],[-90.7145,39.0788],[-90.7188,39.0664],[-90.7125,39.0531],[-90.7047,39.041],[-90.6993,39.0244],[-90.6981,39.0079],[-90.7026,38.9954],[-90.6575,38.921],[-90.6265,38.8904],[-90.5853,38.8781]],[[-90.4283,38.9674],[-90.4091,38.9615],[-90.3749,38.9438],[-90.3563,38.9402],[-90.3327,38.9382],[-90.2821,38.9265],[-90.1836,38.8827],[-90.1435,38.8568],[-90.1272,38.8303],[-90.1347,38.8125],[-90.1514,38.7874],[-90.1704,38.7649],[-90.185,38.7552],[-90.1979,38.7442],[-90.2006,38.7197],[-90.1955,38.6794],[-90.1965,38.6382],[-90.2135,38.6068],[-90.2638,38.5429],[-90.3148,38.4315],[-90.363,38.3692],[-90.378,38.3376],[-90.382,38.3005],[-90.373,38.2543],[-90.3675,38.2387],[-90.3616,38.2266],[-90.3547,38.2164],[-90.3463,38.2071],[-90.2911,38.1692],[-90.2847,38.1601],[-90.2565,38.1369],[-90.2501,38.128],[-90.2428,38.1129],[-90.2253,38.1009],[-90.1881,38.0836],[-90.1621,38.0625],[-90.138,38.0375],[-90.1108,38.0167],[-90.0754,38.0079],[-90.0205,37.9703],[-90.005,37.9625]],[[-90.5853,38.8781],[-90.542,38.894],[-90.479,38.9589],[-90.4283,38.9674]],[[-89.968,37.963],[-89.9553,37.9601],[-89.9227,37.9526],[-89.8887,37.9318],[-89.8319,37.8846],[-89.8081,37.8717],[-89.7466,37.8508],[-89.7219,37.8372],[-89.6975,37.8093],[-89.669,37.7544],[-89.6468,37.7335],[-89.5496,37.6977],[-89.5233,37.6789],[-89.5308,37.6667],[-89.5275,37.6502],[-89.5204,37.632],[-89.5165,37.614],[-89.5191,37.5972],[-89.5241,37.5802],[-89.527,37.562],[-89.5233,37.5418],[-89.5022,37.5071],[-89.4748,37.4749],[-89.4511,37.4403],[-89.4414,37.3983],[-89.4586,37.3626],[-89.4937,37.3351],[-89.5231,37.3067],[-89.5233,37.268],[-89.518,37.264],[-89.4982,37.2581],[-89.4898,37.2544],[-89.4738,37.2439],[-89.4755,37.2308],[-89.4723,37.2141],[-89.4642,37.1978],[-89.4414,37.165],[-89.4015,37.1201],[-89.3869,37.0914],[-89.3936,37.0626],[-89.3773,37.0473],[-89.3272,37.0142],[-89.2868,37.0005],[-89.2751,37.0004]],[[-90.005,37.9625],[-89.968,37.963]],[[-89.284,37.0834],[-89.2601,37.0831],[-89.2536,37.0782],[-89.2495,37.0543],[-89.2462,37.0455],[-89.2368,37.0386],[-89.2164,37.0284],[-89.2086,37.0216],[-89.2035,37.0108],[-89.2011,36.9998],[-89.1974,36.9895],[-89.1882,36.9806],[-89.1769,36.9783]],[[-89.2751,37.0004],[-89.2701,37.011],[-89.2729,37.0261],[-89.28,37.0343],[-89.2891,37.0404],[-89.298,37.0489],[-89.3088,37.0712],[-89.3022,37.0811],[-89.284,37.0834]],[[-89.1435,36.9868],[-89.1237,36.9796]],[[-89.1769,36.9783],[-89.1646,36.9808],[-89.1528,36.9848],[-89.1435,36.9868]]]}},{"type":"Feature","properties":{},"geometry":{"type":"MultiLineString","coordinates":[[[-89.1237,36.9796],[-89.1189,36.9619],[-89.1254,36.9186],[-89.124,36.8867],[-89.1254,36.877],[-89.1308,36.8704],[-89.1403,36.8616],[-89.1494,36.8512],[-89.1534,36.8394],[-89.1497,36.8184],[-89.1345,36.7833],[-89.1329,36.7609],[-89.1406,36.7345],[-89.1807,36.6653],[-89.2054,36.6076],[-89.2263,36.5805],[-89.2533,36.5691]],[[-89.2533,36.5691],[-89.2845,36.5776],[-89.3109,36.5976],[-89.3348,36.6205],[-89.3588,36.638]],[[-89.3588,36.638],[-89.3701,36.6331],[-89.3763,36.6274],[-89.3862,36.6101],[-89.4004,36.5725],[-89.4033,36.5573],[-89.4191,36.5105],[-89.4245,36.499]]]}},{"type":"Feature","properties":{},"geometry":{"type":"MultiLineString","coordinates":[[[-91.1665,33.0143],[-91.1682,32.9815],[-91.1626,32.9718],[-91.1492,32.9643],[-91.1324,32.9596],[-91.1166,32.9579],[-91.1039,32.9536],[-91.0913,32.9436],[-91.0719,32.9232],[-91.0818,32.9059],[-91.096,32.8881],[-91.1112,32.8742],[-91.1237,32.8686],[-91.1333,32.8585],[-91.1499,32.8105],[-91.1573,32.7709],[-91.1546,32.7559],[-91.1422,32.7476],[-91.0928,32.7406],[-91.0749,32.7285],[-91.0702,32.7109],[-91.0862,32.6898],[-91.1049,32.6856],[-91.1324,32.6846],[-91.1573,32.6804],[-91.1682,32.6662],[-91.1663,32.6445],[-91.161,32.6254],[-91.1524,32.6089],[-91.1408,32.5948],[-91.1307,32.5877],[-91.1067,32.5747],[-91.0992,32.5669],[-91.0971,32.5551],[-91.1,32.5432],[-91.1044,32.532],[-91.1067,32.5225],[-91.1088,32.4815],[-91.1052,32.4651],[-91.093,32.4508],[-91.0597,32.4339],[-91.0289,32.4229],[-91.0062,32.4043],[-90.9974,32.3646],[-90.9905,32.3572],[-90.974,32.3518],[-90.9391,32.3472],[-90.9165,32.3398],[-90.9098,32.3243],[-90.9132,32.3101],[-90.9211,32.3068],[-90.9211,32.3],[-90.9665,32.2617],[-90.998,32.198],[-91.0323,32.1475]],[[-91.0323,32.1475],[-91.0862,32.1492]],[[-91.0862,32.1492],[-91.0954,32.1413],[-91.0991,32.131],[-91.0996,32.1211],[-91.0992,32.1144],[-91.0689,32.0847],[-91.0692,32.0482],[-91.0914,32.0141],[-91.1272,31.9915],[-91.1584,31.9833],[-91.1682,31.9779],[-91.176,31.969],[-91.1858,31.9484],[-91.1923,31.94],[-91.2382,31.8944],[-91.2575,31.8817],[-91.2767,31.8755],[-91.3188,31.8675],[-91.336,31.8581],[-91.3513,31.8407],[-91.3607,31.8233],[-91.3736,31.7861],[-91.4042,31.7384],[-91.4083,31.7209],[-91.4098,31.7012],[-91.4288,31.6148],[-91.4295,31.5908],[-91.4345,31.5801],[-91.4357,31.5732],[-91.5059,31.53],[-91.5289,31.5006],[-91.5244,31.4571],[-91.5201,31.4497],[-91.51,31.4382],[-91.4973,31.4171],[-91.4956,31.4113],[-91.4971,31.3916],[-91.4992,31.3828],[-91.5086,31.3737],[-91.5223,31.309],[-91.5288,31.2935],[-91.541,31.2825],[-91.5623,31.2783]],[[-91.5623,31.2783],[-91.6094,31.28]],[[-91.6094,31.28],[-91.633,31.2783],[-91.6479,31.2715],[-91.6496,31.2554],[-91.6392,31.2352],[-91.6236,31.218],[-91.6098,31.2107],[-91.6046,31.2055],[-91.6065,31.1942],[-91.6108,31.1835],[-91.6132,31.1797],[-91.6158,31.1688],[-91.6264,31.1514],[-91.6275,31.1418],[-91.6158,31.1138],[-91.5852,31.0819],[-91.579,31.0562],[-91.6573,31.0002]],[[-91.44,31.0002],[-91.3255,31.0002]],[[-91.6573,31.0002],[-91.6514,31.0002],[-91.6051,31.0002],[-91.5851,31.0002],[-91.5283,31.0002],[-91.44,31.0002]],[[-91.1901,31.0002],[-91.039,31.0002]],[[-91.3255,31.0002],[-91.1901,31.0002]],[[-89.9809,31.0002],[-89.8927,31.0001]],[[-91.039,31.0002],[-90.8773,31.0002],[-90.7105,31.0002],[-90.5436,31.0002],[-90.382,31.0002],[-90.3569,31.0002],[-90.2308,31.0002],[-90.0954,31.0002],[-89.9809,31.0002]],[[-89.7353,31.0001],[-89.7322,30.9852],[-89.739,30.9504],[-89.752,30.9145],[-89.7752,30.8778],[-89.7908,30.8197],[-89.8156,30.7941],[-89.8245,30.777],[-89.8181,30.7582],[-89.8372,30.7221],[-89.8446,30.7004],[-89.8461,30.6825],[-89.8362,30.6675],[-89.8208,30.6522],[-89.813,30.6349],[-89.8256,30.6142],[-89.7995,30.5659],[-89.784,30.5522],[-89.7521,30.5414],[-89.7358,30.5315],[-89.7223,30.5004],[-89.6942,30.4833],[-89.6776,30.4568],[-89.6748,30.4497],[-89.674,30.4412],[-89.6755,30.4235],[-89.6748,30.415],[-89.6681,30.3991],[-89.6394,30.3604],[-89.6346,30.3434],[-89.6363,30.3023],[-89.6171,30.2732],[-89.5879,30.2121],[-89.5649,30.1891]],[[-89.8927,31.0001],[-89.8359,31.0001],[-89.8158,31.0001],[-89.7728,31.0001],[-89.7353,31.0001]],[[-89.5448,30.2033],[-89.5325,30.2],[-89.526,30.1928]],[[-89.5649,30.1891],[-89.5568,30.1994],[-89.5448,30.2033]]]}},{"type":"Feature","properties":{},"geometry":{"type":"MultiLineString","coordinates":[[[-90.3042,35.0001],[-90.3012,34.9957],[-90.2706,34.9653],[-90.2718,34.9231],[-90.3054,34.889],[-90.3524,34.8641],[-90.4639,34.8279],[-90.4755,34.815],[-90.4712,34.7977],[-90.4598,34.7778],[-90.4547,34.7593],[-90.4692,34.7461],[-90.4782,34.7375],[-90.4997,34.7321]],[[-90.4997,34.7321],[-90.5222,34.733],[-90.5412,34.743]],[[-90.5412,34.743],[-90.5537,34.74],[-90.568,34.7199],[-90.5853,34.6847],[-90.5939,34.6423],[-90.5761,34.5735],[-90.5865,34.489],[-90.5861,34.4544],[-90.594,34.4251],[-90.6263,34.3961],[-90.6629,34.3795],[-90.6858,34.3723],[-90.7275,34.3683]],[[-90.7275,34.3683],[-90.7388,34.3691],[-90.747,34.3728],[-90.7594,34.3807]],[[-90.7594,34.3807],[-90.7639,34.3754],[-90.7641,34.3664],[-90.761,34.3522],[-90.7519,34.3334],[-90.7504,34.321],[-90.7538,34.3129],[-90.7678,34.2942],[-90.7709,34.2841],[-90.7752,34.2797]],[[-90.7752,34.2797],[-90.7851,34.2814],[-90.8013,34.2875]],[[-90.8013,34.2875],[-90.8146,34.2874],[-90.8212,34.2856],[-90.8256,34.2796],[-90.8643,34.2063],[-90.877,34.1981],[-90.8929,34.1931],[-90.9423,34.1676],[-90.9559,34.1571],[-90.9549,34.1288],[-90.8824,34.0995],[-90.8801,34.0609],[-90.893,34.0432],[-90.9092,34.0353],[-90.929,34.0334]],[[-90.929,34.0334],[-90.9525,34.0336]],[[-90.9525,34.0336],[-90.9752,34.0304],[-91.0181,34.0119],[-91.031,34.0063],[-91.0846,33.9967],[-91.093,33.9895],[-91.0891,33.9757],[-91.0791,33.9689],[-91.0658,33.9645],[-91.0521,33.9579],[-91.0356,33.9305],[-91.0503,33.9062],[-91.0693,33.8837],[-91.063,33.8495],[-91.0516,33.8335],[-91.0454,33.8145],[-91.0583,33.7934],[-91.0683,33.7896],[-91.0952,33.7886],[-91.1067,33.7866],[-91.1164,33.7805],[-91.1375,33.7629],[-91.1442,33.7593],[-91.1531,33.7521],[-91.1923,33.7081],[-91.2106,33.697],[-91.2259,33.6899],[-91.2287,33.6807],[-91.2091,33.6637],[-91.1676,33.6467],[-91.1517,33.6334],[-91.1477,33.6085],[-91.1565,33.5875],[-91.1737,33.5775],[-91.1959,33.5744],[-91.2196,33.5743],[-91.2354,33.5669],[-91.2309,33.5504],[-91.2158,33.5339],[-91.1995,33.5265],[-91.1808,33.5208],[-91.161,33.5072],[-91.1272,33.4781],[-91.1262,33.4601],[-91.1252,33.431],[-91.1287,33.4016],[-91.134,33.3825],[-91.1714,33.3415],[-91.1821,33.32],[-91.1682,33.3005],[-91.1573,33.2988],[-91.1262,33.2892],[-91.1129,33.2801],[-91.1076,33.2678],[-91.1067,33.218],[-91.0955,33.1847],[-91.0931,33.1675],[-91.0992,33.1497],[-91.1122,33.1431],[-91.1331,33.138],[-91.1527,33.1311],[-91.1613,33.1187],[-91.1665,33.0143]]]}},{"type":"Feature","properties":{},"geometry":{"type":"MultiLineString","coordinates":[[[-89.7238,36.0005],[-89.7256,35.9933],[-89.707,35.9677],[-89.6807,35.9458],[-89.6673,35.9152],[-89.674,35.8963]],[[-89.674,35.8963],[-89.6894,35.8996],[-89.7188,35.9186]],[[-89.7188,35.9186],[-89.7407,35.9163],[-89.7595,35.9089],[-89.7743,35.8962],[-89.784,35.8776],[-89.7578,35.8674],[-89.731,35.8518],[-89.7221,35.8335],[-89.785,35.7908],[-89.9379,35.7363],[-89.9519,35.723],[-89.9529,35.7051],[-89.9379,35.6818],[-89.9098,35.6522],[-89.9101,35.6391],[-89.928,35.6232],[-89.9448,35.6119],[-89.9513,35.6025],[-89.947,35.5908],[-89.9314,35.5723],[-89.9179,35.548],[-89.9282,35.5355],[-89.9512,35.5302],[-89.9758,35.5276],[-90.0,35.5219],[-90.0123,35.5116],[-90.0168,35.4947],[-90.0174,35.4692],[-90.0223,35.4527],[-90.0344,35.4363],[-90.0498,35.4218],[-90.1031,35.3856],[-90.1153,35.3696],[-90.1198,35.3464],[-90.1183,35.3007],[-90.1143,35.2805],[-90.0946,35.231],[-90.0846,35.189],[-90.0853,35.1483],[-90.1061,35.1235]],[[-90.1061,35.1235],[-90.1265,35.1247],[-90.1538,35.1304]],[[-90.1538,35.1304],[-90.1778,35.1299],[-90.1881,35.1127],[-90.1903,35.0931],[-90.1968,35.0759],[-90.2075,35.0608],[-90.2222,35.0478],[-90.259,35.0307],[-90.2827,35.0231],[-90.3016,35.0199],[-90.3127,35.0125],[-90.3042,35.0001]]]}},{"type":"Feature","properties":{},"geometry":{"type":"LineString","coordinates":[[-89.4944,36.5014],[-89.5599,36.5002]]}},{"type":"Feature","properties":{},"geometry":{"type":"LineString","coordinates":[[-114.6282,35.0036],[-114.8143,35.1464],[-115.0,35.2891],[-115.1938,35.4378],[-115.3743,35.5795],[-115.5349,35.7057],[-115.6956,35.8319],[-115.8563,35.9581],[-116.0169,36.0843],[-116.1776,36.2104],[-116.3383,36.3366],[-116.4989,36.4627],[-116.6595,36.5889],[-116.8429,36.7267],[-117.0262,36.8645],[-117.2096,37.0023],[-117.3929,37.1401],[-117.5762,37.2779],[-117.7595,37.4158],[-117.9429,37.5535],[-118.1262,37.6913],[-118.3604,37.8548],[-118.5947,38.0183],[-118.8289,38.1818],[-119.0631,38.3453],[-119.2973,38.5088],[-119.5316,38.6723],[-119.7658,38.8357],[-120.0,38.9992],[-120.0001,39.0132],[-120.0001,39.0686],[-120.0001,39.2518],[-120.0002,39.435],[-120.0002,39.6182],[-120.0003,39.8013],[-120.0003,39.9845],[-120.0003,40.1677],[-120.0004,40.3509],[-120.0004,40.5341],[-120.0005,40.7173],[-120.0005,40.9004],[-120.0006,41.0836],[-120.0006,41.2668],[-120.0006,41.45],[-120.0007,41.6332],[-120.0007,41.8163],[-120.0008,41.9995]]}},{"type":"Feature","properties":{},"geometry":{"type":"MultiLineString","coordinates":[[[-95.3173,40.0001],[-95.2605,39.9597],[-95.2474,39.9442],[-95.2362,39.9417],[-95.2236,39.9401],[-95.2147,39.937],[-95.2081,39.9284],[-95.2042,39.9201],[-95.1997,39.9126],[-95.1908,39.9065],[-95.1821,39.9045],[-95.1613,39.9027],[-95.1499,39.8991],[-95.1389,39.8928],[-95.1123,39.8687],[-95.0912,39.8607]],[[-94.9612,39.9065],[-94.9482,39.9014],[-94.9414,39.8894],[-94.9419,39.8757],[-94.9506,39.8656],[-94.9358,39.8517],[-94.8916,39.8312],[-94.8823,39.8209],[-94.8834,39.8106],[-94.8881,39.791],[-94.8892,39.7796],[-94.8854,39.7674],[-94.878,39.7603],[-94.8726,39.7534],[-94.8749,39.7421],[-94.8908,39.7296]],[[-95.0912,39.8607],[-95.0678,39.8656],[-95.0468,39.8762],[-95.0168,39.8965],[-95.0019,39.9029],[-94.9846,39.9058],[-94.9612,39.9065]],[[-94.8908,39.7296],[-94.9129,39.731],[-94.9612,39.7421]],[[-94.9612,39.7421],[-94.9694,39.7387],[-94.9747,39.7305],[-94.9777,39.7204],[-94.9806,39.696],[-94.9865,39.6896],[-94.9952,39.6864],[-95.0059,39.6806],[-95.0377,39.6559],[-95.0537,39.6388],[-95.0605,39.6217],[-95.0594,39.6001],[-95.0602,39.5889],[-95.0639,39.5807],[-95.0751,39.5749],[-95.1017,39.5737],[-95.1089,39.5708],[-95.1105,39.5503],[-95.0988,39.5302],[-95.0808,39.5148],[-95.0639,39.5087],[-95.0577,39.5011],[-95.0355,39.4655],[-95.0257,39.4541],[-95.0178,39.4501],[-94.9993,39.4436],[-94.9574,39.42],[-94.9537,39.414],[-94.9485,39.3981],[-94.9438,39.3926],[-94.8997,39.3852],[-94.9086,39.367],[-94.901,39.3272],[-94.879,39.2873],[-94.8448,39.2691],[-94.8351,39.2595],[-94.8339,39.2384],[-94.8296,39.2173],[-94.8106,39.2077],[-94.7904,39.2028],[-94.7462,39.1799],[-94.7241,39.1729]],[[-94.6932,39.1738],[-94.6782,39.1725]],[[-94.7241,39.1729],[-94.6932,39.1738]],[[-94.6681,39.1733],[-94.6632,39.1729],[-94.6581,39.1699],[-94.656,39.1611],[-94.6527,39.1593],[-94.6289,39.1577],[-94.6125,39.1528],[-94.6105,39.1443],[-94.6246,39.1325],[-94.6233,39.1309],[-94.6233,39.128],[-94.6223,39.1245],[-94.6177,39.1231],[-94.6177,39.1162],[-94.6177,39.043],[-94.6177,38.9153],[-94.6178,38.7876],[-94.6178,38.6599],[-94.6178,38.5322],[-94.6178,38.4045],[-94.6179,38.2768],[-94.6179,38.1491],[-94.6179,38.0214],[-94.6179,37.8937],[-94.6179,37.766],[-94.618,37.6383],[-94.618,37.5106],[-94.618,37.3829],[-94.618,37.2552],[-94.618,37.1275],[-94.618,36.9998]],[[-94.6782,39.1725],[-94.6681,39.1733]]]}},{"type":"Feature","properties":{},"geometry":{"type":"LineString","coordinates":[[-94.618,36.9998],[-94.6181,36.8748],[-94.6182,36.7498],[-94.6182,36.6248],[-94.6183,36.4998]]}},{"type":"Feature","properties":{},"geometry":{"type":"MultiLineString","coordinates":[[[-91.7307,40.6188],[-91.7229,40.6089],[-91.7188,40.6037],[-91.7004,40.5941],[-91.6963,40.5881],[-91.6957,40.5751],[-91.6935,40.5655],[-91.6892,40.5579],[-91.682,40.5508],[-91.6725,40.5461],[-91.651,40.5419],[-91.6274,40.5297],[-91.6254,40.5258],[-91.6208,40.5118],[-91.6168,40.5058],[-91.6123,40.5031],[-91.6072,40.5022]],[[-93.095,40.5813],[-92.908,40.586],[-92.721,40.5907],[-92.5341,40.5954],[-92.4638,40.5971],[-92.3471,40.6001],[-92.2463,40.6014],[-92.1455,40.6028],[-92.0447,40.6042],[-91.944,40.6055],[-91.8354,40.6133],[-91.7307,40.6188]],[[-95.7676,40.6005],[-95.7675,40.6004]],[[-95.7674,40.6004],[-95.7673,40.6004]],[[-95.7675,40.6004],[-95.7675,40.6004],[-95.7674,40.6004]],[[-95.7637,40.6004],[-95.7636,40.6004]],[[-95.7673,40.6004],[-95.7672,40.6004],[-95.7671,40.6004],[-95.767,40.6004],[-95.7669,40.6004],[-95.7668,40.6004],[-95.7667,40.6004],[-95.7666,40.6004],[-95.7665,40.6004],[-95.7665,40.6004],[-95.7664,40.6004],[-95.7663,40.6004],[-95.7662,40.6004],[-95.7661,40.6004],[-95.766,40.6004],[-95.7659,40.6004],[-95.7659,40.6004],[-95.7658,40.6004],[-95.7657,40.6004],[-95.7656,40.6004],[-95.7655,40.6004],[-95.7654,40.6004],[-95.7653,40.6004],[-95.7652,40.6004],[-95.7651,40.6004],[-95.765,40.6004],[-95.7649,40.6004],[-95.7649,40.6004],[-95.7648,40.6004],[-95.7647,40.6004],[-95.7646,40.6004],[-95.7645,40.6004],[-95.7644,40.6004],[-95.7643,40.6004],[-95.7643,40.6004],[-95.7642,40.6004],[-95.7641,40.6004],[-95.764,40.6004],[-95.7639,40.6004],[-95.7638,40.6004],[-95.7637,40.6004]],[[-95.7634,40.6004],[-95.7634,40.6004],[-95.7633,40.6003]],[[-95.7636,40.6004],[-95.7635,40.6004],[-95.7634,40.6004]],[[-95.7619,40.6003],[-95.6645,40.5983],[-95.567,40.5963],[-95.4695,40.5943],[-95.3721,40.5922],[-95.2596,40.5895],[-95.1471,40.5868],[-95.0346,40.584],[-94.9221,40.5813],[-94.8112,40.5792],[-94.7002,40.5771],[-94.5893,40.5751],[-94.4783,40.573]],[[-95.7633,40.6003],[-95.7632,40.6003],[-95.7631,40.6003],[-95.763,40.6003],[-95.7629,40.6003],[-95.7628,40.6003],[-95.7628,40.6003],[-95.7627,40.6003],[-95.7626,40.6003],[-95.7625,40.6003],[-95.7624,40.6003],[-95.7623,40.6003],[-95.7622,40.6003],[-95.7621,40.6003],[-95.762,40.6003],[-95.7619,40.6003]],[[-93.5617,40.5855],[-93.445,40.5844],[-93.3283,40.5834],[-93.2117,40.5824],[-93.095,40.5813]],[[-94.4783,40.573],[-94.3627,40.5735],[-94.2471,40.574],[-94.1315,40.5745],[-94.0158,40.5751],[-93.9023,40.5777],[-93.7887,40.5803],[-93.6752,40.5829],[-93.5617,40.5855]],[[-91.5964,40.5024],[-91.5902,40.5005],[-91.5874,40.4959],[-91.5857,40.4903],[-91.5827,40.4854],[-91.5739,40.4799],[-91.5538,40.4731],[-91.5454,40.4683],[-91.5393,40.4615],[-91.5362,40.4545],[-91.536,40.4476],[-91.5386,40.441],[-91.5299,40.4313],[-91.4936,40.4031],[-91.4814,40.3963],[-91.4524,40.3877],[-91.4418,40.3795]],[[-91.6072,40.5022],[-91.5964,40.5024]]]}},{"type":"Feature","properties":{},"geometry":{"type":"MultiLineString","coordinates":[[[-94.4071,33.5847],[-94.4315,33.5908],[-94.4499,33.6049],[-94.4572,33.6258],[-94.4669,33.644],[-94.4841,33.6474]],[[-94.235,33.5743],[-94.2832,33.5951]],[[-94.2832,33.5951],[-94.3001,33.5948],[-94.3103,33.5827],[-94.3174,33.5668],[-94.3278,33.5581]],[[-94.1399,33.573],[-94.1593,33.5773],[-94.1932,33.5939]],[[-94.1932,33.5939],[-94.2082,33.5891],[-94.2213,33.5795],[-94.235,33.5743]],[[-94.3691,33.5585],[-94.3874,33.5618],[-94.3946,33.5715],[-94.3821,33.5817],[-94.3821,33.5879]],[[-94.3821,33.5879],[-94.4071,33.5847]],[[-94.0413,33.0109],[-94.0426,33.1303],[-94.0439,33.2497],[-94.0452,33.369],[-94.0466,33.4884],[-94.0473,33.5534],[-94.0473,33.5542],[-94.057,33.5574],[-94.0719,33.5636],[-94.1009,33.5817]],[[-94.1009,33.5817],[-94.1191,33.5739],[-94.1399,33.573]],[[-94.3278,33.5581],[-94.3479,33.5675]],[[-94.3479,33.5675],[-94.3691,33.5585]]]}},{"type":"Feature","properties":{},"geometry":{"type":"LineString","coordinates":[[-94.6183,36.4998],[-94.5959,36.3606],[-94.5735,36.2214],[-94.5511,36.0822],[-94.5287,35.943],[-94.5063,35.8038],[-94.4839,35.6646],[-94.4615,35.5254],[-94.4391,35.3862],[-94.4447,35.1688],[-94.4503,34.9515],[-94.456,34.7342],[-94.4616,34.5168],[-94.4672,34.2995],[-94.4728,34.0821],[-94.4785,33.8648],[-94.4841,33.6474]]}},{"type":"Feature","properties":{},"geometry":{"type":"MultiLineString","coordinates":[[[-90.1622,36.4998],[-90.161,36.4976],[-90.159,36.4953],[-90.1539,36.4874],[-90.1439,36.4649],[-90.1412,36.4615],[-90.137,36.4585],[-90.1321,36.456],[-90.1285,36.4532],[-90.1268,36.4496],[-90.1258,36.4451],[-90.1248,36.4291],[-90.1239,36.4236],[-90.1223,36.4184],[-90.1195,36.4141],[-90.1156,36.4103],[-90.0825,36.3937],[-90.0777,36.3906],[-90.0733,36.387],[-90.0696,36.3833],[-90.0665,36.3791],[-90.0644,36.3744],[-90.063,36.3689],[-90.0629,36.3633],[-90.0637,36.3571],[-90.07,36.3333],[-90.0706,36.3271],[-90.066,36.2975],[-90.0663,36.2923],[-90.0675,36.2874],[-90.0696,36.2824],[-90.0723,36.2781],[-90.076,36.274],[-90.08,36.2705],[-90.0848,36.2674],[-90.0902,36.2652],[-90.1155,36.2588],[-90.1203,36.2562],[-90.1239,36.2526],[-90.1258,36.2481],[-90.1299,36.2282],[-90.132,36.2231],[-90.135,36.2184],[-90.1387,36.2145],[-90.1433,36.2114],[-90.1747,36.1972],[-90.1972,36.1896],[-90.2099,36.1865],[-90.2154,36.1845],[-90.2254,36.1789],[-90.2295,36.1753],[-90.233,36.171],[-90.2355,36.1663],[-90.2369,36.1613],[-90.2384,36.1523],[-90.2399,36.147],[-90.2421,36.1417],[-90.2448,36.1369],[-90.2487,36.1328],[-90.2531,36.1299],[-90.2585,36.1275],[-90.2642,36.1256],[-90.284,36.1218],[-90.2895,36.1198],[-90.2943,36.1169],[-90.2981,36.1133],[-90.3046,36.1053],[-90.3165,36.0943],[-90.3331,36.0715],[-90.3425,36.0615],[-90.3779,36.0057],[-90.3812,35.9961],[-90.381,35.9917],[-90.3794,35.9877],[-90.3733,35.9862]],[[-94.6183,36.4998],[-94.3441,36.4998],[-94.0699,36.4998],[-93.7957,36.4998],[-93.5216,36.4998],[-93.2474,36.4998],[-92.9732,36.4998],[-92.699,36.4998],[-92.4248,36.4998],[-92.1506,36.4998],[-91.8764,36.4998],[-91.6022,36.4998],[-91.5643,36.4998],[-91.328,36.4998],[-91.0539,36.4998],[-90.7797,36.4998],[-90.5055,36.4998],[-90.2313,36.4998],[-90.1622,36.4998]],[[-89.731,36.0006],[-89.7293,36.0006],[-89.7274,36.0006],[-89.7256,36.0005],[-89.7238,36.0005]],[[-90.3733,35.9862],[-90.3008,35.9878],[-90.1584,35.991],[-90.0159,35.9942],[-89.8735,35.9974],[-89.731,36.0006]]]}},{"type":"Feature","properties":{},"geometry":{"type":"MultiLineString","coordinates":[[[-89.4944,36.5014],[-89.4898,36.5145],[-89.5027,36.5544],[-89.5369,36.5679]],[[-89.5369,36.5679],[-89.5697,36.5564],[-89.5779,36.5213],[-89.5691,36.5088],[-89.5599,36.5002]]]}},{"type":"Feature","properties":{},"geometry":{"type":"MultiLineString","coordinates":[[[-89.4789,36.4524],[-89.5051,36.4582],[-89.5068,36.473],[-89.4973,36.493],[-89.4944,36.5014]],[[-89.5599,36.5002],[-89.5557,36.4962],[-89.5475,36.4815],[-89.5543,36.463],[-89.556,36.4475],[-89.5339,36.4062],[-89.5308,36.3835],[-89.5414,36.3616],[-89.5597,36.3517],[-89.5832,36.3492]],[[-89.4245,36.499],[-89.4271,36.4934],[-89.4497,36.4709],[-89.4661,36.458],[-89.4789,36.4524]],[[-89.5832,36.3492],[-89.6093,36.3494]],[[-89.6093,36.3494],[-89.6284,36.3415],[-89.6262,36.3231],[-89.6112,36.3026],[-89.5922,36.2879],[-89.5672,36.2814],[-89.5573,36.2747],[-89.5612,36.2637],[-89.5713,36.2574],[-89.5834,36.2547],[-89.6765,36.2519],[-89.6946,36.247],[-89.6402,36.1823],[-89.6139,36.1417],[-89.6229,36.1234],[-89.6386,36.1202],[-89.6579,36.1122],[-89.6741,36.1022],[-89.681,36.0927],[-89.6851,36.0762],[-89.7157,36.0347],[-89.7238,36.0005]]]}},{"type":"Feature","properties":{},"geometry":{"type":"LineString","coordinates":[[-82.5995,38.4313],[-82.5894,38.4193]]}},{"type":"Feature","properties":{},"geometry":{"type":"MultiLineString","coordinates":[[[-84.73,39.1462],[-84.7211,39.1428],[-84.7084,39.1279],[-84.703,39.1245],[-84.6883,39.118],[-84.6372,39.0773],[-84.5947,39.0741]],[[-84.8235,39.0974],[-84.7676,39.1245],[-84.7514,39.138],[-84.7422,39.1438],[-84.73,39.1462]],[[-84.4659,39.1115],[-84.4442,39.1018],[-84.4301,39.0832],[-84.4195,39.065],[-84.4082,39.0568],[-84.3886,39.054],[-84.3641,39.0469],[-84.3219,39.0295],[-84.3069,39.0169],[-84.2965,39.0],[-84.2904,38.9814],[-84.2884,38.964],[-84.2833,38.95],[-84.2715,38.9389],[-84.2579,38.9293],[-84.2474,38.9197],[-84.2379,38.9032],[-84.2315,38.8853],[-84.228,38.8648],[-84.227,38.8408],[-84.2176,38.8235],[-84.1956,38.8106],[-84.084,38.7778],[-84.0619,38.7757]],[[-84.5947,39.0741],[-84.5086,39.1048],[-84.4659,39.1115]],[[-83.9725,38.7893],[-83.9489,38.7867],[-83.9084,38.7717],[-83.8659,38.7622],[-83.8504,38.7477],[-83.837,38.7298],[-83.8217,38.7136],[-83.7539,38.6598],[-83.7143,38.6385],[-83.6708,38.631]],[[-84.0619,38.7757],[-83.9725,38.7893]],[[-82.8982,38.7516],[-82.8863,38.7448],[-82.8831,38.7304],[-82.8832,38.7105],[-82.88,38.6911],[-82.8559,38.6248],[-82.8266,38.5865],[-82.7831,38.5672],[-82.7366,38.5545],[-82.6982,38.5355],[-82.6262,38.4777],[-82.6159,38.4635],[-82.5995,38.4313]],[[-83.1727,38.6181],[-83.1515,38.6189],[-83.1336,38.6279],[-83.1257,38.6378],[-83.1152,38.6588],[-83.1097,38.6664],[-83.1019,38.6714],[-83.075,38.6794],[-83.0608,38.69],[-83.0469,38.7039],[-83.031,38.7159],[-83.0104,38.721],[-82.985,38.7241],[-82.9242,38.7483],[-82.8982,38.7516]],[[-83.5343,38.7074],[-83.5123,38.7056],[-83.4915,38.6991],[-83.4725,38.6888],[-83.4561,38.676],[-83.4468,38.672]],[[-83.6708,38.631],[-83.6507,38.636],[-83.6332,38.6479],[-83.6209,38.6642],[-83.6162,38.6829],[-83.6049,38.6894],[-83.5343,38.7074]],[[-83.4114,38.6726],[-83.3973,38.6699],[-83.3687,38.6598],[-83.3561,38.6528],[-83.349,38.6458],[-83.3251,38.6149],[-83.3127,38.6041],[-83.3051,38.6014]],[[-83.4468,38.672],[-83.4114,38.6726]],[[-83.2184,38.6248],[-83.1727,38.6181]],[[-83.3051,38.6014],[-83.2691,38.6081],[-83.2568,38.616],[-83.2418,38.6233],[-83.2184,38.6248]]]}},{"type":"Feature","properties":{},"geometry":{"type":"MultiLineString","coordinates":[[[-87.8391,36.6429],[-87.8444,36.647],[-87.8485,36.6527],[-87.8558,36.6664],[-87.8607,36.6718],[-87.8687,36.674],[-87.9235,36.6783],[-88.0131,36.6855],[-88.0671,36.6897]],[[-88.0671,36.6897],[-88.0721,36.6894],[-88.0737,36.6879],[-88.0738,36.6829],[-88.0714,36.6731],[-88.0535,36.6258],[-88.0403,36.5741],[-88.0387,36.5582],[-88.0398,36.522],[-88.0427,36.4986]],[[-85.4265,36.6187],[-85.634,36.6226],[-85.8672,36.6285],[-86.0668,36.6345],[-86.217,36.6424],[-86.3435,36.6523],[-86.4126,36.6582],[-86.464,36.6626],[-86.5075,36.6638]],[[-86.5075,36.6638],[-86.5161,36.6632],[-86.5522,36.6569],[-86.5954,36.6564],[-86.6088,36.6563],[-86.6468,36.6559],[-86.7059,36.6553],[-86.7825,36.6546],[-86.873,36.6537],[-86.9742,36.6527],[-87.0823,36.6516],[-87.194,36.6505],[-87.3056,36.6494],[-87.4138,36.6483],[-87.5149,36.6473],[-87.6055,36.6465],[-87.6821,36.6457],[-87.7411,36.6451],[-87.7791,36.6447],[-87.7925,36.6446],[-87.8333,36.6442],[-87.8391,36.6429]],[[-83.7303,36.5858],[-83.7787,36.5872],[-83.8089,36.588],[-83.8941,36.5904],[-84.0265,36.5941],[-84.1983,36.599],[-84.4015,36.6046],[-84.6284,36.611],[-84.8709,36.6178],[-85.1214,36.6249]],[[-85.1214,36.6249],[-85.4265,36.6187]],[[-83.6675,36.604],[-83.6947,36.5936],[-83.7303,36.5858]],[[-88.5609,36.4988],[-88.7336,36.4988],[-88.9063,36.4989],[-89.079,36.4989],[-89.2517,36.4989],[-89.4245,36.499]],[[-88.0427,36.4986],[-88.2154,36.4987],[-88.3882,36.4988]],[[-88.3882,36.4988],[-88.5609,36.4988]]]}},{"type":"Feature","properties":{},"geometry":{"type":"MultiLineString","coordinates":[[[-87.6718,35.0055],[-87.8245,35.0065],[-87.982,35.008],[-88.1396,35.0095],[-88.1743,35.0097]],[[-88.1743,35.0097],[-88.1855,35.0097],[-88.1791,34.9978]],[[-86.7265,34.9898],[-86.884,34.9926],[-87.0416,34.9955],[-87.1991,34.9998],[-87.3567,35.0026],[-87.5143,35.0055]],[[-87.5143,35.0055],[-87.6718,35.0055]],[[-85.6057,34.9852],[-85.7811,34.9876],[-85.9424,34.9891],[-86.0962,34.9899],[-86.2538,34.9899]],[[-86.2538,34.9899],[-86.4113,34.9898],[-86.5689,34.9898],[-86.7265,34.9898]]]}},{"type":"Feature","properties":{},"geometry":{"type":"LineString","coordinates":[[-80.5202,40.6468],[-80.5202,40.7516],[-80.5202,40.8564],[-80.5202,40.9613],[-80.5202,41.0662],[-80.5202,41.171],[-80.5202,41.2758],[-80.5202,41.3807],[-80.5202,41.4855],[-80.5202,41.5903],[-80.5202,41.6952],[-80.5202,41.8],[-80.5202,41.9049],[-80.5202,42.0097],[-80.5202,42.1146],[-80.5202,42.2194],[-80.5202,42.3238]]}},{"type":"Feature","properties":{},"geometry":{"type":"LineString","coordinates":[[-82.589,38.4188],[-82.5894,38.4193]]}},{"type":"Feature","properties":{},"geometry":{"type":"MultiLineString","coordinates":[[[-80.5804,40.6191],[-80.5357,40.6435],[-80.5202,40.6468]],[[-80.5973,40.6266],[-80.5804,40.6191]],[[-80.6289,40.3864],[-80.6271,40.4097],[-80.6067,40.4489],[-80.6015,40.4714],[-80.6051,40.4859],[-80.6141,40.5037],[-80.6363,40.5372],[-80.6695,40.5716],[-80.6768,40.5888],[-80.6664,40.6089],[-80.6483,40.6194],[-80.6225,40.626],[-80.5973,40.6266]],[[-80.778,39.9183],[-80.7654,39.9196],[-80.7587,39.9294],[-80.7599,39.9388],[-80.7639,39.9471],[-80.7654,39.9537],[-80.7579,39.9709],[-80.7489,39.9829],[-80.7413,39.9968],[-80.7381,40.0195],[-80.7391,40.0608],[-80.7353,40.08],[-80.7244,40.1045],[-80.7029,40.1395],[-80.6944,40.1575],[-80.6871,40.1931],[-80.6778,40.2161],[-80.6568,40.2554],[-80.6473,40.2633],[-80.6202,40.2804],[-80.6146,40.2864],[-80.605,40.3175],[-80.6006,40.3233],[-80.6019,40.3366],[-80.6084,40.359],[-80.6089,40.3639],[-80.6076,40.3747],[-80.6084,40.3795],[-80.6127,40.3831],[-80.6196,40.3855],[-80.6261,40.3865]],[[-80.6261,40.3865],[-80.6289,40.3864]],[[-80.802,39.925],[-80.7914,39.924],[-80.778,39.9183]],[[-81.3687,39.351],[-81.345,39.3535],[-81.3102,39.3789],[-81.2899,39.3852],[-81.269,39.3869],[-81.247,39.3918],[-81.2269,39.3985],[-81.2116,39.4063],[-81.1833,39.4306],[-81.1656,39.4423],[-81.1258,39.4537],[-81.1107,39.4689],[-81.0875,39.5019],[-81.0553,39.53],[-80.9442,39.5981],[-80.8752,39.6288],[-80.8734,39.639],[-80.8616,39.6664],[-80.8612,39.6712],[-80.8626,39.6824],[-80.8616,39.6868],[-80.8571,39.691],[-80.8411,39.7011],[-80.8357,39.7204],[-80.839,39.7337],[-80.8495,39.7453],[-80.8653,39.7592],[-80.871,39.7712],[-80.8629,39.7795],[-80.8411,39.7905],[-80.8357,39.8008],[-80.8316,39.8206],[-80.8281,39.8309],[-80.8217,39.8424],[-80.8154,39.8509],[-80.7967,39.8687],[-80.7943,39.8769],[-80.7981,39.8878],[-80.8036,39.8993],[-80.8064,39.9096],[-80.802,39.925]],[[-81.4632,39.4065],[-81.4205,39.4063],[-81.4112,39.3985],[-81.4016,39.3809],[-81.3884,39.3622],[-81.3687,39.351]],[[-81.581,39.2753],[-81.5694,39.2877],[-81.5623,39.3264],[-81.5543,39.3442],[-81.4789,39.4006],[-81.4632,39.4065]],[[-81.6157,39.2828],[-81.6089,39.2753]],[[-81.7836,38.9327],[-81.764,38.9372],[-81.7645,38.9488],[-81.7737,38.9645],[-81.7802,38.9811],[-81.7752,39.0172],[-81.7771,39.035],[-81.7902,39.0426],[-81.7964,39.0448],[-81.8038,39.0502],[-81.8105,39.0569],[-81.8143,39.063],[-81.8189,39.0762],[-81.8185,39.0798],[-81.8126,39.0801],[-81.7624,39.0961],[-81.7546,39.1053],[-81.7523,39.1282],[-81.7551,39.1653],[-81.7537,39.1777],[-81.7461,39.1934],[-81.6981,39.2371],[-81.6824,39.271],[-81.6623,39.2756],[-81.6375,39.2762],[-81.6157,39.2828]],[[-81.5949,39.2824],[-81.5889,39.2807],[-81.581,39.2753]],[[-81.6089,39.2753],[-81.6009,39.2806],[-81.5949,39.2824]],[[-82.0266,39.0221],[-82.003,39.0217],[-81.9843,39.0121],[-81.9689,39.0008],[-81.9374,38.9906],[-81.924,38.9785],[-81.9148,38.9628],[-81.9099,38.947],[-81.9065,38.9417],[-81.9042,38.9363],[-81.9031,38.9296],[-81.9053,38.9238],[-81.9102,38.9211],[-81.9152,38.9194],[-81.9174,38.9166],[-81.9204,38.9033],[-81.9257,38.8976],[-81.9276,38.8928],[-81.9205,38.8818],[-81.9017,38.8742]],[[-82.2151,38.592],[-82.1927,38.5953],[-82.1775,38.6118],[-82.1767,38.6219],[-82.1791,38.6354],[-82.1832,38.6481],[-82.1925,38.6655],[-82.1907,38.6757],[-82.1843,38.69],[-82.1875,38.7153],[-82.1953,38.7317],[-82.2043,38.7454],[-82.2116,38.7627],[-82.2087,38.786],[-82.1918,38.798],[-82.1728,38.8083],[-82.1612,38.8314],[-82.1482,38.849],[-82.1433,38.8582],[-82.1365,38.8992],[-82.1207,38.93],[-82.0922,38.9686],[-82.0584,39.0032],[-82.0266,39.0221]],[[-81.8243,38.9544],[-81.8121,38.951],[-81.7945,38.9361],[-81.7836,38.9327]],[[-81.9017,38.8742],[-81.88,38.8832],[-81.8606,38.8993],[-81.8485,38.9134],[-81.8408,38.9375],[-81.8348,38.9494],[-81.8243,38.9544]],[[-82.2631,38.5975],[-82.2151,38.592]],[[-82.5527,38.4055],[-82.509,38.4091],[-82.4245,38.4331],[-82.3495,38.4379],[-82.3317,38.4436],[-82.317,38.461],[-82.3095,38.4787],[-82.2882,38.5666],[-82.2771,38.5883],[-82.2631,38.5975]],[[-82.589,38.4188],[-82.5527,38.4055]]]}},{"type":"Feature","properties":{},"geometry":{"type":"MultiLineString","coordinates":[[[-82.1981,37.6282],[-82.2009,37.63],[-82.2194,37.6514],[-82.2289,37.6591],[-82.2364,37.6633],[-82.2443,37.6667],[-82.2831,37.6783],[-82.2917,37.6829],[-82.2965,37.6884],[-82.3009,37.7032],[-82.3153,37.7364],[-82.3166,37.7415],[-82.3168,37.747],[-82.3238,37.7576],[-82.3363,37.7718],[-82.3992,37.823],[-82.4019,37.8271],[-82.4041,37.8317],[-82.4073,37.8418],[-82.4121,37.874],[-82.4139,37.8805],[-82.4174,37.8876],[-82.4248,37.8979],[-82.4306,37.9036],[-82.4362,37.908],[-82.4767,37.9311],[-82.4819,37.9366],[-82.4828,37.9414],[-82.481,37.9443],[-82.4685,37.96],[-82.4659,37.9643],[-82.4654,37.968],[-82.4665,37.9733],[-82.4701,37.981],[-82.4752,37.9869],[-82.479,37.9904],[-82.5337,38.0288],[-82.5406,38.0358],[-82.5452,38.0451],[-82.5505,38.0595],[-82.556,38.0682],[-82.6312,38.1529],[-82.6368,38.1616],[-82.6374,38.1665],[-82.637,38.1713],[-82.6357,38.1746],[-82.6339,38.177],[-82.6307,38.1794],[-82.6126,38.1898],[-82.6053,38.1962],[-82.6022,38.2003],[-82.6006,38.2045],[-82.5998,38.2096],[-82.601,38.2258],[-82.6004,38.2313],[-82.5988,38.2357],[-82.5957,38.2386],[-82.5907,38.2398],[-82.5786,38.2417],[-82.5744,38.244],[-82.5718,38.2476],[-82.5714,38.2526],[-82.5716,38.2582],[-82.5723,38.2636],[-82.5726,38.2742],[-82.5703,38.2968],[-82.5677,38.3092],[-82.5688,38.3189],[-82.572,38.3305],[-82.5901,38.3621],[-82.5936,38.3697],[-82.5939,38.3724],[-82.5938,38.3762],[-82.59,38.4023],[-82.5897,38.4134],[-82.5894,38.4193]],[[-82.0247,37.5423],[-82.0368,37.5433],[-82.1159,37.5634],[-82.1294,37.5696],[-82.1362,37.5755],[-82.1355,37.5808],[-82.1354,37.5864],[-82.1365,37.5916],[-82.1388,37.5962],[-82.1421,37.6003],[-82.15,37.6078],[-82.1811,37.6302],[-82.1888,37.6316]],[[-82.1888,37.6316],[-82.1941,37.63],[-82.1981,37.6282]],[[-81.9652,37.5387],[-81.9839,37.5469],[-81.9949,37.5478]],[[-81.9949,37.5478],[-82.0247,37.5423]]]}},{"type":"Feature","properties":{},"geometry":{"type":"MultiLineString","coordinates":[[[-80.5194,39.7215],[-80.5195,39.7911],[-80.5195,39.8608],[-80.5196,39.9304],[-80.5197,40.0001],[-80.5197,40.0804],[-80.5198,40.1606],[-80.5199,40.2408],[-80.5199,40.3211],[-80.52,40.4014],[-80.5201,40.4816],[-80.5202,40.5619],[-80.5202,40.6422],[-80.5202,40.6427],[-80.5202,40.6433],[-80.5202,40.6439],[-80.5202,40.6445],[-80.5202,40.6451],[-80.5202,40.6456],[-80.5202,40.6462],[-80.5202,40.6468]],[[-79.4774,39.7218],[-79.6077,39.7217],[-79.738,39.7217],[-79.8682,39.7216],[-79.9984,39.7216],[-80.1287,39.7216],[-80.2589,39.7215],[-80.3891,39.7215],[-80.5194,39.7215]]]}},{"type":"Feature","properties":{},"geometry":{"type":"MultiLineString","coordinates":[[[-93.5858,31.1921],[-93.5894,31.1921],[-93.5925,31.1925],[-93.5946,31.1934],[-93.5974,31.1953],[-93.6005,31.198],[-93.6032,31.2016],[-93.6052,31.2068],[-93.6091,31.2335],[-93.6108,31.2386],[-93.6162,31.246],[-93.6192,31.2512],[-93.6216,31.2581],[-93.6236,31.2663],[-93.6258,31.2718],[-93.6285,31.2766],[-93.6316,31.2806],[-93.6427,31.2908],[-93.6683,31.3094],[-93.6726,31.3141],[-93.6759,31.32],[-93.6779,31.3307],[-93.6768,31.3377],[-93.6749,31.3436],[-93.6706,31.3523],[-93.6676,31.3563],[-93.6551,31.3703],[-93.6545,31.3736],[-93.6562,31.3763],[-93.6701,31.3843],[-93.6855,31.3987],[-93.6954,31.4103],[-93.6987,31.4169],[-93.7016,31.4255],[-93.7045,31.4416],[-93.7069,31.4499],[-93.7102,31.4559],[-93.7144,31.4588],[-93.7199,31.4609],[-93.7318,31.4637],[-93.7364,31.4659],[-93.7402,31.4687],[-93.7433,31.473],[-93.7454,31.4775],[-93.7476,31.4855],[-93.7468,31.4903],[-93.7437,31.4943],[-93.7332,31.5002],[-93.7328,31.5006],[-93.7316,31.5016],[-93.7292,31.5045],[-93.7263,31.5097],[-93.7267,31.515],[-93.7299,31.5191],[-93.7347,31.5219],[-93.7405,31.5241],[-93.7649,31.5304],[-93.7705,31.5328],[-93.7753,31.5355],[-93.7841,31.5417],[-93.8109,31.5672],[-93.8207,31.5787],[-93.8269,31.5878],[-93.8296,31.5938],[-93.8329,31.6034],[-93.8335,31.611],[-93.8329,31.6179],[-93.829,31.6283],[-93.8248,31.6356],[-93.8232,31.6409],[-93.8219,31.6493],[-93.8202,31.6773],[-93.8186,31.6865],[-93.8139,31.7024],[-93.8134,31.7081],[-93.8143,31.7131],[-93.8169,31.7169],[-93.8199,31.7202],[-93.8234,31.7233],[-93.8269,31.731],[-93.8306,31.7428],[-93.8373,31.7814],[-93.8401,31.7904],[-93.8658,31.8228],[-93.8729,31.8356],[-93.8769,31.8453],[-93.8818,31.8547],[-93.8905,31.8679],[-93.9042,31.8832],[-93.9236,31.9006],[-93.9324,31.9067],[-93.9653,31.921],[-93.9697,31.9235],[-93.974,31.9265],[-93.9774,31.9301],[-93.9978,31.9626],[-94.0025,31.9673],[-94.0149,31.9756],[-94.0213,31.9785],[-94.035,31.9872],[-94.0404,31.9923],[-94.0425,31.9961],[-94.0432,31.9982],[-94.0431,32.0723],[-94.0428,32.1896],[-94.0426,32.307],[-94.0424,32.4243],[-94.0422,32.5416],[-94.042,32.6589],[-94.0417,32.7763],[-94.0415,32.8936],[-94.0413,33.0109]],[[-93.7984,29.9856],[-93.7964,29.9902],[-93.7761,30.0218],[-93.7172,30.0798],[-93.7249,30.0918],[-93.7233,30.1011],[-93.7104,30.1208],[-93.704,30.1438],[-93.7047,30.1597],[-93.7082,30.174],[-93.7104,30.1925],[-93.7126,30.1992],[-93.7223,30.2138],[-93.7247,30.2238],[-93.7228,30.2351],[-93.7133,30.2548],[-93.7104,30.2648],[-93.7152,30.2873],[-93.7297,30.3018],[-93.7449,30.314],[-93.752,30.3294],[-93.7558,30.3734],[-93.7524,30.3927],[-93.7383,30.415],[-93.714,30.4413],[-93.7064,30.4548],[-93.7036,30.4733],[-93.705,30.4813],[-93.7172,30.5112],[-93.7163,30.5123],[-93.7172,30.5317],[-93.7198,30.5364],[-93.728,30.5409],[-93.7309,30.546],[-93.7305,30.5657],[-93.7217,30.5832],[-93.7065,30.5958],[-93.6868,30.6006],[-93.6849,30.6111],[-93.6704,30.6607],[-93.662,30.6763],[-93.6278,30.6999],[-93.6182,30.7141],[-93.61,30.7619],[-93.5738,30.8197],[-93.5682,30.8365],[-93.5668,30.8453],[-93.5664,30.8572],[-93.5676,30.8684],[-93.5727,30.8874],[-93.5738,30.8985],[-93.5699,30.9088],[-93.5611,30.9173],[-93.5459,30.9289],[-93.5396,30.9394],[-93.5382,30.9439],[-93.5459,30.9568],[-93.5533,30.9641],[-93.5691,30.9857],[-93.5776,31.0084],[-93.563,31.0189],[-93.5537,31.0201],[-93.5266,31.0273],[-93.5186,31.032],[-93.5148,31.042],[-93.5188,31.0492],[-93.5329,31.0599],[-93.5596,31.0971],[-93.5574,31.1082],[-93.5481,31.1217],[-93.5459,31.1316],[-93.543,31.1762],[-93.5485,31.1925],[-93.5664,31.1964]],[[-93.5664,31.1964],[-93.5858,31.1921]]]}},{"type":"Feature","properties":{},"geometry":{"type":"LineString","coordinates":[[-94.0413,33.0109],[-93.8625,33.0111],[-93.6837,33.0113],[-93.5049,33.0115],[-93.3261,33.0116],[-93.1473,33.0118],[-92.9685,33.012],[-92.7897,33.0122],[-92.6109,33.0123],[-92.4321,33.0125],[-92.2533,33.0127],[-92.0745,33.0129],[-91.8957,33.013],[-91.7169,33.0132],[-91.5381,33.0133],[-91.3593,33.0135],[-91.1805,33.0137],[-91.1665,33.0143]]}},{"type":"Feature","properties":{},"geometry":{"type":"MultiLineString","coordinates":[[[-90.3042,35.0001],[-90.1742,34.9999],[-90.0443,34.9998],[-89.9143,34.9997],[-89.7842,34.9995],[-89.6543,34.9994],[-89.5243,34.9992],[-89.3943,34.9991],[-89.2644,34.999],[-89.1344,34.9988],[-89.0044,34.9987],[-88.8744,34.9985],[-88.7444,34.9984],[-88.6144,34.9982],[-88.4845,34.9981],[-88.3545,34.998],[-88.2245,34.9978]],[[-88.2245,34.9978],[-88.1888,34.9978],[-88.1791,34.9978]]]}},{"type":"Feature","properties":{},"geometry":{"type":"LineString","coordinates":[[-88.1791,34.9978],[-88.1616,34.9575],[-88.1374,34.9286],[-88.105,34.91],[-88.0882,34.9081],[-88.0894,34.892],[-88.0941,34.856],[-88.0953,34.8475],[-88.0986,34.8226],[-88.1038,34.7826],[-88.111,34.7285],[-88.1199,34.6613],[-88.1303,34.5822],[-88.1422,34.4923],[-88.1554,34.3925],[-88.1697,34.284],[-88.185,34.1679],[-88.2012,34.0454],[-88.2182,33.9174],[-88.2356,33.785],[-88.2536,33.6494],[-88.2718,33.5116],[-88.2901,33.3727],[-88.3085,33.2338],[-88.3267,33.0961],[-88.3446,32.9605],[-88.3621,32.8281],[-88.379,32.7001],[-88.3952,32.5775],[-88.4105,32.4615],[-88.4249,32.353],[-88.4381,32.2532],[-88.45,32.1633],[-88.4604,32.0841],[-88.4693,32.017],[-88.4765,31.9628],[-88.4818,31.9228],[-88.485,31.8981],[-88.4862,31.8895],[-88.4809,31.7957],[-88.4756,31.7018],[-88.4704,31.6079],[-88.4652,31.5141],[-88.4599,31.4203],[-88.4547,31.3264],[-88.4494,31.2325],[-88.4442,31.1387],[-88.4389,31.0448],[-88.4336,30.951],[-88.4284,30.8571],[-88.4232,30.7633],[-88.4179,30.6694],[-88.4127,30.5756],[-88.4074,30.4817],[-88.4022,30.3879],[-88.4022,30.3878]]}},{"type":"Feature","properties":{},"geometry":{"type":"LineString","coordinates":[[-85.0066,31.0001],[-85.1654,31.0001],[-85.3243,31.0001],[-85.4832,31.0],[-85.6421,31.0],[-85.8009,31.0],[-85.9598,31.0],[-86.1187,30.9999],[-86.2776,30.9999],[-86.4364,30.9999],[-86.5953,30.9999],[-86.7542,30.9998],[-86.913,30.9998],[-87.0719,30.9998],[-87.2308,30.9998],[-87.3896,30.9998],[-87.5485,30.9998],[-87.5936,30.9997],[-87.6003,30.9859],[-87.5983,30.9389],[-87.5999,30.9341],[-87.6204,30.8955],[-87.6244,30.8852],[-87.626,30.8793],[-87.6269,30.8731],[-87.6253,30.8652],[-87.6211,30.8569],[-87.6111,30.8434],[-87.5997,30.8311],[-87.5515,30.7899],[-87.5458,30.7825],[-87.5252,30.7494],[-87.5112,30.7323],[-87.4968,30.7226],[-87.4165,30.6801],[-87.4085,30.6738],[-87.4052,30.6702],[-87.4038,30.6601],[-87.4047,30.6453],[-87.4112,30.6107],[-87.4193,30.5843],[-87.4364,30.5577],[-87.4402,30.5491],[-87.4414,30.5448],[-87.439,30.5287],[-87.4203,30.4809],[-87.4197,30.4798],[-87.4196,30.4796],[-87.4196,30.4796]]}},{"type":"Feature","properties":{},"geometry":{"type":"MultiLineString","coordinates":[[[-84.3246,34.9871],[-84.4125,34.9883]],[[-84.4125,34.9883],[-84.5064,34.9883],[-84.5772,34.9883],[-84.619,34.9883],[-84.7446,34.9883],[-84.8701,34.9883],[-84.9957,34.9876],[-85.1213,34.9868],[-85.2468,34.9852],[-85.3724,34.9836],[-85.498,34.9836]],[[-85.498,34.9836],[-85.6057,34.9852]]]}},{"type":"Feature","properties":{},"geometry":{"type":"LineString","coordinates":[[-84.9666,32.4203],[-84.9677,32.4335],[-84.9762,32.4483],[-84.9866,32.4626],[-84.9941,32.4782],[-84.999,32.5103],[-85.0031,32.5231],[-85.0146,32.5396],[-85.0835,32.6153],[-85.0777,32.6285],[-85.0855,32.6364],[-85.0973,32.6431],[-85.1034,32.6525],[-85.1011,32.6702],[-85.1018,32.6828],[-85.1118,32.7034],[-85.1177,32.7382],[-85.1258,32.7499],[-85.1352,32.7601],[-85.139,32.7697],[-85.1307,32.7792],[-85.1362,32.7859],[-85.1564,32.8043],[-85.1625,32.8108],[-85.1675,32.8177],[-85.1707,32.8256],[-85.1717,32.8344],[-85.1687,32.8632],[-85.2013,32.9352],[-85.1986,32.9444],[-85.2068,32.9836],[-85.208,32.9894],[-85.2115,33.0063],[-85.2171,33.0335],[-85.2247,33.0703],[-85.2341,33.1159],[-85.2447,33.1697],[-85.2572,33.2309],[-85.2682,33.2987],[-85.283,33.3724],[-85.2987,33.4513],[-85.3143,33.5346],[-85.3322,33.6216],[-85.3502,33.7115],[-85.3657,33.7931],[-85.3862,33.8973],[-85.4049,33.9917],[-85.4221,34.0829],[-85.4408,34.1798],[-85.4588,34.2719],[-85.4776,34.3619],[-85.4971,34.4489],[-85.5151,34.5322],[-85.5315,34.6111],[-85.5479,34.6848],[-85.5627,34.7526],[-85.5744,34.8138],[-85.5846,34.8676],[-85.5932,34.9132],[-85.5994,34.95],[-85.601,34.9626],[-85.6045,34.9795],[-85.6057,34.9852]]}},{"type":"Feature","properties":{},"geometry":{"type":"MultiLineString","coordinates":[[[-84.9666,32.4203],[-84.9681,32.4074],[-84.9746,32.3962],[-84.9789,32.3865],[-84.9737,32.3751],[-84.9954,32.3552],[-84.9919,32.3369],[-84.9723,32.3206],[-84.9246,32.2972],[-84.915,32.2904],[-84.9089,32.2791],[-84.9045,32.2784],[-84.9,32.2763],[-84.8979,32.269],[-84.9007,32.2609],[-84.9077,32.2555],[-84.9166,32.2527],[-84.9253,32.2522],[-84.9195,32.2397],[-84.9225,32.2297],[-84.9302,32.2223],[-84.9389,32.2175]],[[-84.9389,32.2175],[-84.9569,32.224]],[[-84.9569,32.224],[-84.9717,32.2208],[-84.9753,32.2125],[-84.9594,32.2038],[-84.9713,32.1962],[-84.9876,32.1896],[-85.0044,32.185],[-85.0177,32.1833],[-85.0245,32.1796],[-85.0314,32.1704],[-85.0474,32.1376],[-85.0491,32.1292],[-85.0487,32.1045],[-85.0512,32.0915],[-85.0613,32.0739],[-85.0645,32.0511],[-85.057,32.0288],[-85.0604,32.0039],[-85.0619,32.0002],[-85.0704,31.9853],[-85.0745,31.9807],[-85.1027,31.9414],[-85.1221,31.903],[-85.1301,31.8695],[-85.1351,31.8564],[-85.1364,31.8515],[-85.1374,31.8452],[-85.1439,31.824],[-85.1371,31.8037],[-85.1095,31.6923],[-85.1013,31.6756],[-85.067,31.6353],[-85.058,31.6165],[-85.0561,31.6039],[-85.0556,31.5766],[-85.0535,31.5689],[-85.0446,31.549],[-85.0425,31.5353],[-85.0485,31.5117],[-85.0596,31.4927],[-85.0654,31.4721],[-85.0556,31.4435],[-85.0767,31.4196],[-85.0837,31.3829],[-85.0897,31.3063],[-85.0945,31.2974],[-85.1071,31.2817],[-85.1102,31.2715],[-85.1084,31.2636],[-85.0993,31.244],[-85.0972,31.2343],[-85.1025,31.1985],[-85.101,31.1827],[-85.0897,31.1698],[-85.0696,31.1612],[-85.0423,31.1289],[-85.0182,31.0868],[-85.0056,31.0399],[-84.9961,31.0294],[-84.9941,31.0189],[-84.9974,31.0106],[-85.0038,31.0044],[-85.0066,31.0001]]]}},{"type":"Feature","properties":{},"geometry":{"type":"MultiLineString","coordinates":[[[-85.0066,31.0001],[-85.0088,30.9968],[-85.0078,30.9842],[-85.0033,30.9797],[-84.9859,30.9691],[-84.9799,30.9637],[-84.9742,30.9528],[-84.9662,30.9227],[-84.9577,30.9152],[-84.9441,30.8917],[-84.9366,30.8681],[-84.9353,30.8259],[-84.9205,30.7601],[-84.8758,30.7191]],[[-81.9457,30.821],[-81.9318,30.8203]],[[-81.99,30.7816],[-81.981,30.7831],[-81.9767,30.7862],[-81.9736,30.7907],[-81.9722,30.7955],[-81.9712,30.8023],[-81.9713,30.8043],[-81.9697,30.8107],[-81.9669,30.8146],[-81.962,30.8184],[-81.9534,30.8206],[-81.9457,30.821]],[[-81.9255,30.8207],[-81.9179,30.8202],[-81.9091,30.8185],[-81.8944,30.8105],[-81.8866,30.8052],[-81.873,30.7985],[-81.7818,30.7662]],[[-81.9318,30.8203],[-81.9255,30.8207]],[[-82.0086,30.7854],[-81.9982,30.7825],[-81.99,30.7816]],[[-82.0896,30.3627],[-82.0852,30.3627],[-82.0577,30.3692],[-82.0524,30.3717],[-82.0486,30.3754],[-82.0465,30.3833],[-82.0463,30.3896],[-82.0482,30.4183],[-82.0476,30.4246],[-82.045,30.4376],[-82.0249,30.5001],[-82.0113,30.5665],[-82.011,30.578],[-82.0122,30.588],[-82.0137,30.5927],[-82.0181,30.6004],[-82.0374,30.6239],[-82.0419,30.6329],[-82.0454,30.6421],[-82.0473,30.6501],[-82.0482,30.6617],[-82.0475,30.6672],[-82.0406,30.6901],[-82.0393,30.6963],[-82.0388,30.7023],[-82.0421,30.7269],[-82.0413,30.7367],[-82.0398,30.7413],[-82.0378,30.7456],[-82.035,30.7494],[-82.0232,30.7596],[-82.0203,30.7645],[-82.0185,30.7701],[-82.0167,30.7804],[-82.0136,30.7841],[-82.0086,30.7854]],[[-81.7729,30.7673],[-81.7638,30.7665],[-81.7498,30.7633],[-81.7399,30.7572],[-81.7335,30.7521],[-81.7235,30.7467],[-81.7088,30.7411],[-81.6604,30.7284],[-81.6497,30.7274]],[[-81.7818,30.7662],[-81.7729,30.7673]],[[-81.6393,30.7291],[-81.6322,30.7289],[-81.6186,30.7213],[-81.6086,30.7175],[-81.5672,30.7094]],[[-81.6497,30.7274],[-81.6393,30.7291]],[[-84.867,30.7204],[-84.8353,30.7185],[-84.8289,30.7181],[-84.8103,30.7171],[-84.7801,30.7153],[-84.7391,30.7128],[-84.6882,30.7098],[-84.628,30.7063],[-84.5593,30.7022],[-84.4829,30.6976],[-84.3994,30.6927],[-84.3098,30.6874],[-84.2146,30.6818],[-84.1147,30.6758],[-84.0107,30.6697],[-83.9036,30.6633],[-83.794,30.6568],[-83.6827,30.6502],[-83.5704,30.6435],[-83.4579,30.6368],[-83.3459,30.6302],[-83.2352,30.6236],[-83.1265,30.6172],[-83.0207,30.6109],[-82.9183,30.6048],[-82.8203,30.599],[-82.7273,30.5935],[-82.6402,30.5883],[-82.5595,30.5835],[-82.4862,30.5792],[-82.421,30.5753],[-82.3645,30.572],[-82.3177,30.5692],[-82.2811,30.567],[-82.2398,30.5647],[-82.2378,30.5631],[-82.2378,30.5602],[-82.2406,30.5537],[-82.2448,30.5472],[-82.2465,30.5435],[-82.2467,30.5395],[-82.2455,30.5352],[-82.24,30.5272],[-82.2163,30.5005],[-82.2121,30.4941],[-82.2073,30.4854],[-82.2059,30.4807],[-82.2053,30.4763],[-82.2057,30.471],[-82.2068,30.4656],[-82.2117,30.4511],[-82.2143,30.4394],[-82.2149,30.4336],[-82.2148,30.4285],[-82.2125,30.4196],[-82.1975,30.3826],[-82.1919,30.3739],[-82.188,30.3703],[-82.1829,30.3673],[-82.1758,30.3652],[-82.1662,30.3646]],[[-84.8758,30.7191],[-84.867,30.7204]],[[-81.5253,30.7181],[-81.5072,30.7137],[-81.5,30.7122]],[[-81.5672,30.7094],[-81.5577,30.7096],[-81.5253,30.7181]],[[-82.12,30.3693],[-82.1132,30.3681],[-82.0945,30.3631],[-82.0896,30.3627]],[[-82.1662,30.3646],[-82.12,30.3693]]]}},{"type":"Feature","properties":{},"geometry":{"type":"MultiLineString","coordinates":[[[-83.1148,35.0004],[-83.1143,34.9992],[-83.1158,34.9872],[-83.1215,34.9754],[-83.1252,34.9624],[-83.1345,34.9425],[-83.1584,34.9352],[-83.1829,34.9153],[-83.2041,34.8987],[-83.2207,34.8868],[-83.2399,34.8775],[-83.2562,34.8619],[-83.2662,34.8479],[-83.2797,34.8379],[-83.2948,34.8296],[-83.3082,34.82],[-83.3166,34.8057],[-83.3206,34.8],[-83.322,34.7926],[-83.3228,34.7845],[-83.3246,34.7765],[-83.3289,34.7684],[-83.3459,34.7506],[-83.3555,34.7084],[-83.3239,34.6717],[-83.2326,34.6226],[-83.1991,34.609]],[[-83.1754,34.6146],[-83.1683,34.6131],[-83.1664,34.5997],[-83.159,34.5872],[-83.1217,34.5699],[-83.1006,34.5463],[-83.0795,34.5351],[-83.0634,34.5115],[-83.0472,34.4966],[-83.015,34.4817]],[[-83.1991,34.609],[-83.1754,34.6146]],[[-82.8995,34.483],[-82.8573,34.4606],[-82.8461,34.4346],[-82.8412,34.4073],[-82.8275,34.375],[-82.8185,34.3661],[-82.7614,34.2928],[-82.7534,34.2701],[-82.7344,34.1847],[-82.7289,34.1708],[-82.7221,34.1665],[-82.7057,34.1477],[-82.6821,34.1396],[-82.6694,34.1302],[-82.6581,34.1188],[-82.6504,34.1087],[-82.6395,34.0809],[-82.6313,34.0669],[-82.6078,34.0564],[-82.5994,34.0454],[-82.5892,34.0175],[-82.578,33.9939],[-82.5705,33.9678],[-82.5581,33.9566],[-82.542,33.9517]],[[-83.015,34.4817],[-82.9678,34.483],[-82.8995,34.483]],[[-82.5221,33.9517],[-82.506,33.938],[-82.4886,33.9169],[-82.465,33.8946],[-82.434,33.8772],[-82.4017,33.8648],[-82.3633,33.8437],[-82.321,33.8151],[-82.2726,33.7779],[-82.2453,33.7505],[-82.2329,33.7059],[-82.2168,33.686],[-82.2083,33.6637],[-82.1939,33.6346],[-82.174,33.6165],[-82.1505,33.603],[-82.129,33.5948],[-82.0815,33.5829],[-82.0618,33.5747],[-82.0409,33.56],[-81.9987,33.5154],[-81.9782,33.4992],[-81.9381,33.4761],[-81.9239,33.4586],[-81.931,33.4371],[-81.9259,33.432],[-81.9174,33.4166],[-81.9332,33.4145],[-81.9359,33.407],[-81.9236,33.3825],[-81.9379,33.3762],[-81.931,33.3612],[-81.8885,33.3186],[-81.8801,33.3124]],[[-82.542,33.9517],[-82.5221,33.9517]],[[-81.8715,33.3218],[-81.8605,33.3206],[-81.8487,33.3168],[-81.8417,33.3136],[-81.8417,33.3068],[-81.8553,33.3005],[-81.8383,33.2894],[-81.8312,33.2779],[-81.8345,33.2675],[-81.8485,33.2596],[-81.8332,33.2372],[-81.8175,33.2247],[-81.7995,33.2192],[-81.7771,33.218],[-81.7705,33.2098],[-81.7648,33.1699],[-81.7597,33.1559],[-81.7241,33.1311],[-81.6361,33.1006],[-81.5952,33.0809],[-81.5671,33.0577],[-81.5519,33.0498],[-81.5301,33.0467],[-81.5176,33.0396],[-81.5052,33.0226],[-81.4957,33.0022],[-81.4922,32.9853],[-81.5005,32.951],[-81.5004,32.9317],[-81.4888,32.9232],[-81.4376,32.8481],[-81.4281,32.8204],[-81.4251,32.8048],[-81.4239,32.79],[-81.4186,32.7747],[-81.4085,32.7606],[-81.4025,32.7449],[-81.4034,32.7314],[-81.4097,32.7246],[-81.4122,32.7123],[-81.4161,32.702],[-81.4134,32.6973],[-81.4087,32.6945],[-81.4029,32.688],[-81.398,32.6801],[-81.396,32.6733],[-81.3993,32.6542],[-81.4047,32.6388],[-81.4058,32.6243],[-81.396,32.6079],[-81.3834,32.5973],[-81.3654,32.5864],[-81.3448,32.5778],[-81.3148,32.5729],[-81.3058,32.5691],[-81.2976,32.5636],[-81.2902,32.5573],[-81.2754,32.5426],[-81.2701,32.5389]],[[-81.8801,33.3124],[-81.8764,33.3173],[-81.8715,33.3218]],[[-81.2663,32.5396],[-81.2444,32.5297],[-81.239,32.526],[-81.2353,32.5171],[-81.2334,32.5058],[-81.2283,32.496],[-81.2148,32.4918],[-81.2008,32.4845],[-81.1963,32.4678],[-81.1974,32.4366],[-81.167,32.3546],[-81.152,32.3503],[-81.1397,32.3386],[-81.1318,32.3212],[-81.1298,32.3],[-81.1318,32.2882],[-81.1395,32.2747],[-81.1428,32.2653],[-81.1445,32.2541],[-81.1428,32.228],[-81.1449,32.2221],[-81.1543,32.2049],[-81.1564,32.1939],[-81.1538,32.1873],[-81.136,32.1554],[-81.1363,32.1523],[-81.1381,32.1482],[-81.1388,32.1427],[-81.136,32.1355],[-81.1315,32.1309],[-81.1209,32.1257],[-81.1154,32.1219],[-81.0865,32.0915],[-81.0779,32.0871]],[[-81.2701,32.5389],[-81.2663,32.5396]],[[-81.02,32.0912],[-80.9982,32.0871],[-80.958,32.0708],[-80.951,32.0635],[-80.9446,32.0497],[-80.9292,32.0397],[-80.911,32.0339],[-80.8909,32.0325]],[[-81.0779,32.0871],[-81.02,32.0912]],[[-80.8909,32.0325],[-80.8903,32.0327]]]}},{"type":"Feature","properties":{},"geometry":{"type":"MultiLineString","coordinates":[[[-81.721,36.3429],[-81.7164,36.3436],[-81.7143,36.3466],[-81.716,36.3518],[-81.7188,36.3562],[-81.7324,36.3717],[-81.7429,36.3891],[-81.7446,36.3934],[-81.744,36.4003],[-81.7405,36.4095],[-81.7145,36.4515],[-81.6985,36.4882],[-81.6991,36.4972],[-81.7133,36.5215],[-81.715,36.5263],[-81.7059,36.5467],[-81.6589,36.6095]],[[-81.805,36.3606],[-81.752,36.3463],[-81.721,36.3429]],[[-82.0937,36.1004],[-82.0866,36.1006],[-82.0779,36.1037],[-82.0683,36.1088],[-82.0521,36.1205],[-82.0425,36.1245],[-82.0325,36.1316],[-82.0247,36.1399],[-81.924,36.2941],[-81.9197,36.2984],[-81.8924,36.3167],[-81.8148,36.3589],[-81.8098,36.3606],[-81.805,36.3606]],[[-82.2078,36.1601],[-82.2041,36.1601],[-82.1988,36.1585],[-82.1894,36.1529],[-82.1838,36.1507],[-82.1771,36.1498],[-82.1634,36.1494],[-82.1573,36.1484],[-82.1517,36.1463],[-82.1476,36.1437],[-82.1445,36.1405],[-82.1424,36.136],[-82.141,36.1313],[-82.1403,36.1264],[-82.1389,36.1216],[-82.1369,36.1172],[-82.1332,36.1134],[-82.1287,36.1102],[-82.1232,36.1073],[-82.1167,36.1048],[-82.1015,36.1013],[-82.0937,36.1004]],[[-82.261,36.135],[-82.2555,36.1368],[-82.2244,36.1551],[-82.2132,36.1592],[-82.2078,36.1601]],[[-82.2823,36.1355],[-82.261,36.135]],[[-82.5596,35.9618],[-82.5534,35.9628],[-82.5444,35.9661],[-82.4983,35.9897],[-82.4938,35.9915],[-82.4893,35.9938],[-82.4826,35.9985],[-82.4753,36.0049],[-82.4572,36.0245],[-82.4527,36.0309],[-82.4395,36.0545],[-82.4293,36.066],[-82.3946,36.0957],[-82.3766,36.1066],[-82.3606,36.1135],[-82.3512,36.1166],[-82.3156,36.1246],[-82.2906,36.1346],[-82.2823,36.1355]],[[-82.6203,36.0589],[-82.6131,36.0579],[-82.609,36.0543],[-82.5924,36.0353],[-82.5908,36.0326],[-82.5907,36.0295],[-82.5923,36.0252],[-82.5984,36.0129],[-82.5999,36.0053],[-82.6004,35.9994],[-82.5996,35.9938],[-82.594,35.9807],[-82.5911,35.9765],[-82.5876,35.9725],[-82.5837,35.9688],[-82.5787,35.9658],[-82.5729,35.9632],[-82.5662,35.9618],[-82.5596,35.9618]],[[-82.8167,35.9324],[-82.8102,35.9333],[-82.8042,35.9365],[-82.7985,35.9439],[-82.7961,35.9498],[-82.7913,35.9582],[-82.7796,35.9689],[-82.7766,35.9732],[-82.7749,35.978],[-82.7752,35.9923],[-82.7738,35.996],[-82.7717,35.9989],[-82.7703,36.0002],[-82.7018,36.0306],[-82.6779,36.0378],[-82.6298,36.0574],[-82.6203,36.0589]],[[-82.8783,35.9556],[-82.8678,35.9555],[-82.8591,35.9539],[-82.8464,35.9492],[-82.8323,35.9412],[-82.822,35.9338],[-82.8167,35.9324]],[[-82.9967,35.7822],[-82.9906,35.7837],[-82.9827,35.788],[-82.9569,35.8127],[-82.9322,35.8429],[-82.9268,35.8517],[-82.9251,35.8568],[-82.9229,35.8668],[-82.9197,35.8714],[-82.9083,35.8832],[-82.9058,35.8892],[-82.9057,35.8943],[-82.9144,35.9106],[-82.916,35.9155],[-82.917,35.9207],[-82.9168,35.9262],[-82.9156,35.9318],[-82.9135,35.9372],[-82.9108,35.9417],[-82.9075,35.9459],[-82.9018,35.95],[-82.8937,35.9531],[-82.8783,35.9556]],[[-83.0646,35.7913],[-83.0529,35.7885],[-83.0113,35.7855],[-82.9967,35.7822]],[[-83.3093,35.6664],[-83.3018,35.6667],[-83.2951,35.6692],[-83.2746,35.6923],[-83.2534,35.7094],[-83.2501,35.713],[-83.2442,35.7167],[-83.2365,35.72],[-83.2113,35.7276],[-83.2013,35.7326],[-83.1768,35.7527],[-83.1707,35.7561],[-83.1627,35.7589],[-83.1278,35.7673],[-83.0754,35.7895],[-83.07,35.7911],[-83.0646,35.7913]],[[-83.3256,35.6683],[-83.3166,35.6679],[-83.3093,35.6664]],[[-83.5651,35.5593],[-83.4992,35.57],[-83.493,35.5727],[-83.4859,35.577],[-83.4635,35.5948],[-83.4531,35.6049],[-83.4466,35.6097],[-83.4378,35.6145],[-83.3839,35.6332],[-83.3706,35.6418],[-83.3595,35.6519],[-83.3448,35.6629],[-83.336,35.6666],[-83.3256,35.6683]],[[-83.6103,35.5734],[-83.6005,35.5729],[-83.5932,35.571],[-83.5891,35.5675],[-83.5844,35.5643],[-83.5788,35.5614],[-83.5721,35.5597],[-83.5651,35.5593]],[[-83.6501,35.5667],[-83.6411,35.5668],[-83.6298,35.5684],[-83.6103,35.5734]],[[-83.6625,35.5688],[-83.656,35.568],[-83.6501,35.5667]],[[-83.6927,35.5639],[-83.6886,35.5641],[-83.6852,35.5647],[-83.6755,35.5675],[-83.669,35.5686],[-83.6625,35.5688]],[[-83.7281,35.5666],[-83.6927,35.5639]],[[-84.099,35.2573],[-84.0952,35.2579],[-84.0883,35.2616],[-84.0784,35.2683],[-84.0589,35.2843],[-84.0508,35.2934],[-84.0461,35.3016],[-84.0445,35.3336],[-84.0431,35.3392],[-84.0388,35.3493],[-84.036,35.3541],[-84.0185,35.3746],[-84.0157,35.3795],[-84.0136,35.3847],[-84.0126,35.3905],[-84.0132,35.3955],[-84.0176,35.4086],[-84.0176,35.4122],[-84.0167,35.4161],[-84.0147,35.4199],[-84.0115,35.4245],[-83.9887,35.4447],[-83.9815,35.4494],[-83.9725,35.4535],[-83.9304,35.4655],[-83.9236,35.469],[-83.9157,35.476],[-83.9112,35.481],[-83.8948,35.5081],[-83.8887,35.5123],[-83.8802,35.5165],[-83.8636,35.5213],[-83.8317,35.5267],[-83.8233,35.5296],[-83.8136,35.534],[-83.7981,35.5443],[-83.7743,35.5562],[-83.7548,35.5621],[-83.7346,35.5662],[-83.7281,35.5666]],[[-84.2315,35.2672],[-84.2232,35.267],[-84.2169,35.2652],[-84.2093,35.2586],[-84.2047,35.2557],[-84.1998,35.2537],[-84.193,35.2526],[-84.1786,35.2524]],[[-84.3246,34.9871],[-84.3196,35.0339],[-84.3143,35.0816],[-84.3083,35.1375],[-84.3043,35.1743],[-84.3005,35.2084],[-84.2987,35.2161],[-84.2967,35.2206],[-84.2906,35.2299],[-84.2788,35.2417],[-84.2612,35.2557],[-84.255,35.2597],[-84.247,35.2631],[-84.2315,35.2672]],[[-84.1247,35.2575],[-84.099,35.2573]],[[-84.1786,35.2524],[-84.1247,35.2575]]]}},{"type":"Feature","properties":{},"geometry":{"type":"LineString","coordinates":[[-83.0965,35.0006],[-83.1148,35.0004]]}},{"type":"Feature","properties":{},"geometry":{"type":"MultiLineString","coordinates":[[[-82.3912,35.2183],[-82.3844,35.2179],[-82.3808,35.2151],[-82.3777,35.2119],[-82.3733,35.2059],[-82.3708,35.2034],[-82.3671,35.2013],[-82.3628,35.2001]],[[-82.6555,35.1271],[-82.6477,35.128],[-82.6382,35.1312],[-82.6052,35.1453],[-82.554,35.1591],[-82.5465,35.1602],[-82.5106,35.1607],[-82.503,35.1621],[-82.4977,35.1643],[-82.493,35.1685],[-82.4853,35.1739],[-82.4789,35.1761],[-82.4428,35.1763],[-82.4351,35.1786],[-82.43,35.1827],[-82.4245,35.1975],[-82.4197,35.2031],[-82.4131,35.2081],[-82.3983,35.2162],[-82.3912,35.2183]],[[-82.2872,35.2059],[-82.2157,35.2028],[-82.2062,35.2024],[-82.179,35.2013],[-82.1364,35.1995],[-82.0804,35.197],[-82.0131,35.1942],[-81.9366,35.1909],[-81.8531,35.1874],[-81.7647,35.1836],[-81.6735,35.1797],[-81.5817,35.1758],[-81.4913,35.172],[-81.4045,35.1682],[-81.3234,35.1648],[-81.25,35.1617],[-81.1866,35.1589],[-81.1353,35.1568],[-81.0735,35.1542],[-81.061,35.1522],[-81.0526,35.1496],[-81.0485,35.1463],[-81.0447,35.1428],[-81.0419,35.1388],[-81.0396,35.1348],[-81.0382,35.1298],[-81.0379,35.1245],[-81.0384,35.1192],[-81.0407,35.1141],[-81.052,35.095],[-81.0535,35.0908],[-81.0543,35.0872],[-81.0547,35.0831],[-81.0537,35.0786],[-81.0523,35.0739],[-81.049,35.0691],[-81.0452,35.0646],[-81.0385,35.06],[-81.0333,35.0598]],[[-82.3628,35.2001],[-82.2872,35.2059]],[[-82.6673,35.128],[-82.6555,35.1271]],[[-82.7564,35.0724],[-82.7511,35.0732],[-82.7421,35.0771],[-82.7315,35.0832],[-82.7077,35.0937],[-82.6969,35.1002],[-82.6898,35.1062],[-82.6856,35.1175],[-82.6823,35.1231],[-82.6756,35.1275],[-82.6673,35.128]],[[-80.938,35.113],[-80.9336,35.1127],[-80.9304,35.1111],[-80.9271,35.1081],[-80.8905,35.0681],[-80.8366,35.0093],[-80.7929,34.9617],[-80.7894,34.9557],[-80.7886,34.9493],[-80.7926,34.8459],[-80.7923,34.839],[-80.7902,34.8327],[-80.784,34.8276],[-80.7762,34.8257],[-80.7368,34.825],[-80.7256,34.8248],[-80.694,34.8242],[-80.6449,34.8233],[-80.5812,34.8221],[-80.5059,34.8207],[-80.4218,34.8192],[-80.3319,34.8175],[-80.239,34.8158],[-80.1461,34.814],[-80.0562,34.8124],[-79.9721,34.8108],[-79.8967,34.8094],[-79.8331,34.8082],[-79.784,34.8073],[-79.7523,34.8068],[-79.7412,34.8065],[-79.7038,34.8058],[-79.6735,34.8013],[-79.6535,34.7957],[-79.6217,34.7689],[-79.5562,34.7136],[-79.4906,34.6582],[-79.4251,34.6028],[-79.3596,34.5474],[-79.294,34.492],[-79.2285,34.4366],[-79.163,34.3812],[-79.0974,34.3258],[-79.0319,34.2704],[-78.9664,34.215],[-78.9008,34.1596],[-78.8353,34.1042],[-78.7697,34.0488],[-78.7042,33.9934],[-78.6387,33.938],[-78.5732,33.8826],[-78.5731,33.8826]],[[-81.0333,35.0598],[-81.0277,35.0613],[-80.9449,35.11],[-80.938,35.113]],[[-82.7719,35.0866],[-82.7676,35.0781],[-82.7637,35.0744],[-82.7564,35.0724]],[[-83.0965,35.0006],[-82.8039,35.0808],[-82.7719,35.0866]]]}},{"type":"Feature","properties":{},"geometry":{"type":"LineString","coordinates":[[-84.3246,34.9871],[-84.249,34.9879],[-84.1734,34.9887],[-84.0978,34.9896],[-84.0222,34.9904],[-83.9466,34.9913],[-83.871,34.9921],[-83.7953,34.9929],[-83.7197,34.9937],[-83.6441,34.9946],[-83.5685,34.9954],[-83.4929,34.9962],[-83.4173,34.9971],[-83.3416,34.9979],[-83.266,34.9988],[-83.1904,34.9996],[-83.1148,35.0004]]}},{"type":"Feature","properties":{},"geometry":{"type":"MultiLineString","coordinates":[[[-75.4245,39.8066],[-75.4252,39.8071],[-75.4315,39.811],[-75.4464,39.8167],[-75.4699,39.8253],[-75.4949,39.8332],[-75.5293,39.8378],[-75.5731,39.8386]],[[-75.5731,39.8386],[-75.6013,39.8378],[-75.6302,39.8308],[-75.6521,39.8253],[-75.6779,39.8152],[-75.7022,39.8018],[-75.7311,39.7823],[-75.7585,39.7518],[-75.7753,39.7226],[-75.777,39.721]],[[-75.777,39.721],[-75.7847,39.7213]]]}},{"type":"Feature","properties":{},"geometry":{"type":"MultiLineString","coordinates":[[[-71.4389,42.0164],[-71.3871,42.0158],[-71.3859,42.0023],[-71.3841,41.9709],[-71.3805,41.9079],[-71.379,41.9014],[-71.3759,41.8961],[-71.368,41.8945]],[[-71.8008,42.0109],[-71.7103,42.0123],[-71.6199,42.0137],[-71.5294,42.0151],[-71.4389,42.0164]],[[-71.3491,41.8954],[-71.3411,41.8942],[-71.3376,41.8904],[-71.3356,41.8791],[-71.3361,41.8719],[-71.3372,41.8658],[-71.3397,41.8573],[-71.3395,41.8525],[-71.338,41.8424],[-71.3428,41.8085],[-71.3425,41.8032],[-71.3407,41.7969],[-71.3352,41.7893],[-71.3238,41.7778],[-71.3074,41.7684],[-71.296,41.7636],[-71.2862,41.7611],[-71.2678,41.7498],[-71.2369,41.7096]],[[-71.368,41.8945],[-71.3491,41.8954]]]}},{"type":"Feature","properties":{},"geometry":{"type":"MultiLineString","coordinates":[[[-73.4805,42.0545],[-73.3588,42.051],[-73.2369,42.0476],[-73.1151,42.044],[-72.9933,42.0406],[-72.9258,42.0387],[-72.8617,42.0368],[-72.8076,42.033],[-72.8064,42.007]],[[-72.7576,42.033],[-72.6203,42.0315],[-72.597,42.0261],[-72.5842,42.0244]],[[-72.8064,42.007],[-72.7633,42.0102],[-72.7576,42.033]],[[-72.5574,42.0317],[-72.5068,42.031],[-72.359,42.0289],[-72.2112,42.0267],[-72.0635,42.0245],[-71.9158,42.0223],[-71.8016,42.0217],[-71.8008,42.0109]],[[-72.5842,42.0244],[-72.5757,42.0248],[-72.5574,42.0317]]]}},{"type":"Feature","properties":{},"geometry":{"type":"LineString","coordinates":[[-71.8008,42.0109],[-71.8002,41.9532],[-71.7996,41.8954],[-71.799,41.8377],[-71.7984,41.78],[-71.7978,41.7222],[-71.7972,41.6645],[-71.7966,41.6067],[-71.7961,41.549],[-71.7957,41.5189],[-71.7992,41.4775],[-71.8045,41.4157],[-71.8175,41.4131],[-71.8238,41.4052],[-71.8298,41.3917],[-71.8387,41.3412],[-71.845,41.3215]]}},{"type":"Feature","properties":{},"geometry":{"type":"LineString","coordinates":[[-81.9652,37.5387],[-82.0214,37.5009],[-82.107,37.4431],[-82.1687,37.4015],[-82.2647,37.3368],[-82.3514,37.2785],[-82.3757,37.2653],[-82.4479,37.2368],[-82.5267,37.2057],[-82.6326,37.1639],[-82.6815,37.1371],[-82.6997,37.1226],[-82.7081,37.1131],[-82.709,37.1067],[-82.7054,37.0912],[-82.7038,37.0686],[-82.7046,37.0628],[-82.7065,37.0571],[-82.7092,37.0518],[-82.7125,37.0472],[-82.7166,37.0435],[-82.7269,37.038],[-82.8154,37.0032],[-82.8395,36.9882],[-82.849,36.9799],[-82.8546,36.972],[-82.8549,36.9555],[-82.8541,36.9502],[-82.8536,36.9394],[-82.8554,36.9242],[-82.8569,36.9192],[-82.8588,36.9143],[-82.8615,36.9092],[-82.8649,36.9047],[-82.8691,36.901],[-82.8843,36.8943],[-82.9447,36.8757],[-83.0073,36.8564],[-83.0498,36.8562],[-83.0563,36.8546],[-83.0624,36.8517],[-83.0824,36.8346],[-83.1007,36.8023],[-83.1077,36.7938],[-83.1196,36.7833],[-83.1221,36.7799],[-83.1226,36.7762],[-83.1207,36.7668],[-83.121,36.7616],[-83.1231,36.757],[-83.1285,36.7533],[-83.1372,36.75],[-83.2396,36.7371],[-83.3423,36.7093],[-83.3818,36.6914],[-83.3947,36.6826],[-83.4025,36.6793],[-83.4132,36.6763],[-83.509,36.6685],[-83.5971,36.6426],[-83.6041,36.642],[-83.6233,36.6346],[-83.6675,36.604]]}},{"type":"Feature","properties":{},"geometry":{"type":"MultiLineString","coordinates":[[[-81.9053,36.6175],[-81.8368,36.6153],[-81.7525,36.6126],[-81.6589,36.6095]],[[-81.9525,36.597],[-81.9445,36.5998],[-81.9229,36.6151],[-81.9142,36.6168],[-81.9053,36.6175]],[[-83.6675,36.604],[-83.5633,36.6036],[-83.4591,36.6032],[-83.3549,36.6027],[-83.2508,36.6023],[-83.1466,36.6019],[-83.0424,36.6015],[-82.9383,36.6011],[-82.8341,36.6006],[-82.73,36.6002],[-82.6258,36.5998],[-82.5216,36.5993],[-82.4175,36.5989],[-82.3133,36.5985],[-82.2091,36.5981],[-82.105,36.5976],[-82.0008,36.5972],[-81.9525,36.597]]]}},{"type":"Feature","properties":{},"geometry":{"type":"MultiLineString","coordinates":[[[-78.3222,39.4508],[-78.3063,39.4409],[-78.2498,39.4054],[-78.1934,39.3699],[-78.137,39.3343],[-78.0806,39.2988],[-78.0241,39.2633],[-77.9677,39.2278],[-77.9112,39.1922],[-77.8548,39.1567],[-77.8443,39.1501],[-77.8357,39.1442]],[[-78.7113,38.9156],[-78.705,38.9159],[-78.697,38.9174],[-78.6741,38.9256],[-78.6664,38.9299],[-78.6605,38.9343],[-78.6536,38.9427],[-78.643,38.9604],[-78.6369,38.9686],[-78.6314,38.9724],[-78.6231,38.9751],[-78.6126,38.9767],[-78.5964,38.9812],[-78.5878,38.9852],[-78.5812,38.9896],[-78.5556,39.0157],[-78.5502,39.0238],[-78.5497,39.0276],[-78.5504,39.0315],[-78.5516,39.0352],[-78.5508,39.0389],[-78.5488,39.0428],[-78.5323,39.064],[-78.4927,39.1011],[-78.4528,39.1257],[-78.4204,39.157],[-78.4156,39.1624],[-78.4139,39.1664],[-78.4134,39.1712],[-78.4139,39.1759],[-78.4182,39.1904],[-78.4191,39.1955],[-78.4194,39.201],[-78.4182,39.207],[-78.4163,39.2129],[-78.4098,39.2288],[-78.4085,39.2345],[-78.4081,39.2404],[-78.4092,39.2509],[-78.4103,39.2552],[-78.4107,39.2596],[-78.4108,39.264],[-78.4094,39.2689],[-78.4071,39.2735],[-78.4039,39.2778],[-78.3729,39.3121],[-78.3589,39.3313],[-78.3543,39.3416],[-78.3526,39.3476],[-78.3508,39.3593],[-78.3513,39.3695],[-78.3572,39.3995],[-78.3577,39.4096],[-78.3553,39.4178],[-78.3502,39.4276],[-78.336,39.445],[-78.3222,39.4508]],[[-77.8357,39.1442],[-77.8295,39.1563],[-77.8227,39.1688],[-77.8066,39.1983],[-77.7819,39.2439],[-77.7651,39.2747],[-77.7432,39.3151],[-77.7366,39.3273],[-77.7347,39.3311]],[[-78.7377,38.9328],[-78.7326,38.9327],[-78.7294,38.9303],[-78.7263,38.9267],[-78.7236,38.9227],[-78.7204,38.9194],[-78.7163,38.9167],[-78.7113,38.9156]],[[-78.8736,38.7852],[-78.8677,38.7882],[-78.8622,38.7932],[-78.8331,38.8267],[-78.7967,38.8685],[-78.7659,38.904],[-78.7432,38.9301],[-78.7377,38.9328]],[[-78.9937,38.8459],[-78.9882,38.8456],[-78.9588,38.8295],[-78.9161,38.8062],[-78.8807,38.7868],[-78.8736,38.7852]],[[-79.29,38.4243],[-79.2845,38.4269],[-79.2801,38.4303],[-79.2446,38.4691],[-79.2204,38.4955],[-79.2025,38.5151],[-79.196,38.5241],[-79.1902,38.5341],[-79.1755,38.5685],[-79.1747,38.5713],[-79.1733,38.575],[-79.1729,38.5767],[-79.1714,38.5795],[-79.162,38.6125],[-79.1591,38.6187],[-79.1547,38.626],[-79.1459,38.6373],[-79.1357,38.6454],[-79.1251,38.6518],[-79.1101,38.659],[-79.1026,38.6639],[-79.098,38.6683],[-79.0964,38.6722],[-79.0859,38.7286],[-79.0836,38.7349],[-79.0789,38.7428],[-79.0615,38.7622],[-79.0568,38.7691],[-79.054,38.775],[-79.0526,38.7802],[-79.0481,38.7883],[-79.0411,38.7975],[-78.9987,38.8423],[-78.9937,38.8459]],[[-79.6422,38.5923],[-79.636,38.5921],[-79.5524,38.5676],[-79.5499,38.5664],[-79.5468,38.5641],[-79.5437,38.5607],[-79.5048,38.5051],[-79.5024,38.5008],[-79.502,38.4989],[-79.502,38.4958],[-79.5031,38.4922],[-79.5073,38.4845],[-79.5084,38.4808],[-79.5071,38.4799],[-79.5043,38.4787],[-79.4576,38.4666],[-79.4123,38.4548],[-79.3597,38.4411],[-79.2974,38.4248],[-79.29,38.4243]],[[-80.4629,37.428],[-80.4579,37.4283],[-80.4525,37.4295],[-80.4462,37.4329],[-80.4161,37.4543],[-80.2943,37.5092],[-80.2898,37.5137],[-80.2862,37.5194],[-80.2859,37.5301],[-80.29,37.5346],[-80.3014,37.5406],[-80.3053,37.5438],[-80.3077,37.5478],[-80.3087,37.5525],[-80.3087,37.5574],[-80.3062,37.5637],[-80.3016,37.5705],[-80.2914,37.5792],[-80.2839,37.5838],[-80.2773,37.5871],[-80.2608,37.5934],[-80.2401,37.604],[-80.2307,37.6107],[-80.2272,37.6155],[-80.225,37.6216],[-80.2259,37.6307],[-80.2289,37.6359],[-80.2333,37.6397],[-80.2622,37.6513],[-80.2731,37.6574],[-80.2857,37.6669],[-80.2877,37.6691],[-80.2885,37.6713],[-80.2894,37.675],[-80.2849,37.6851],[-80.2485,37.7394],[-80.2201,37.7815],[-80.2165,37.7886],[-80.2085,37.8117],[-80.2069,37.8148],[-80.1643,37.8533],[-80.1293,37.8849],[-80.0867,37.9233],[-80.0319,37.9728],[-79.9999,38.0016],[-79.9669,38.0526],[-79.9434,38.0886],[-79.921,38.1448],[-79.9197,38.1512],[-79.9223,38.1613],[-79.9222,38.1692],[-79.92,38.1744],[-79.9166,38.1791],[-79.87,38.2131],[-79.8481,38.2349],[-79.8383,38.2418],[-79.816,38.2535],[-79.7991,38.2675],[-79.7945,38.2739],[-79.792,38.2802],[-79.7926,38.2853],[-79.7939,38.2897],[-79.7981,38.2996],[-79.7994,38.3055],[-79.7974,38.3149],[-79.7922,38.3219],[-79.7823,38.3322],[-79.7768,38.3406],[-79.7727,38.3497],[-79.7694,38.3551],[-79.7654,38.3585],[-79.7458,38.3643],[-79.7356,38.3695],[-79.7311,38.3749],[-79.7212,38.4046],[-79.7155,38.4134],[-79.6993,38.4304],[-79.6948,38.4365],[-79.6926,38.4421],[-79.6914,38.484],[-79.6886,38.4984],[-79.6878,38.5008],[-79.6692,38.5217],[-79.6649,38.5289],[-79.6627,38.5347],[-79.6626,38.5402],[-79.6631,38.5454],[-79.6624,38.5535],[-79.6604,38.5631],[-79.6541,38.5803],[-79.6486,38.5881],[-79.6422,38.5923]],[[-81.9652,37.5387],[-81.9566,37.5315],[-81.9538,37.528],[-81.951,37.5231],[-81.9496,37.518],[-81.9495,37.5124],[-81.9507,37.5071],[-81.9521,37.503],[-81.9534,37.501],[-81.954,37.5002],[-81.9781,37.485],[-81.9814,37.4814],[-81.984,37.4768],[-81.9837,37.4723],[-81.9816,37.4682],[-81.9776,37.4648],[-81.942,37.4464],[-81.9384,37.4435],[-81.9352,37.4399],[-81.9326,37.4357],[-81.9308,37.4309],[-81.9297,37.4257],[-81.9291,37.4206],[-81.9294,37.4148],[-81.9331,37.3908],[-81.9334,37.385],[-81.9327,37.3797],[-81.9307,37.3749],[-81.9274,37.3708],[-81.9232,37.3672],[-81.8754,37.3403],[-81.866,37.3338],[-81.8624,37.33],[-81.8595,37.3259],[-81.8505,37.3071],[-81.8477,37.303],[-81.8442,37.2991],[-81.8353,37.2921],[-81.8238,37.2864],[-81.82,37.2857],[-81.8074,37.2846]],[[-80.5043,37.4703],[-80.4968,37.4699],[-80.4869,37.4678],[-80.4833,37.464],[-80.4819,37.4602],[-80.481,37.4565],[-80.4813,37.4477],[-80.4809,37.4427],[-80.4793,37.438],[-80.4765,37.4339],[-80.4726,37.4307],[-80.4684,37.4288],[-80.4629,37.428]],[[-80.7437,37.3818],[-80.736,37.3831],[-80.7312,37.3848],[-80.6862,37.4066],[-80.6414,37.4282],[-80.5928,37.4464],[-80.551,37.4621],[-80.5278,37.4683],[-80.5043,37.4703]],[[-80.8361,37.4258],[-80.827,37.4254],[-80.7994,37.4204],[-80.7962,37.4193],[-80.7928,37.4172],[-80.7911,37.4146],[-80.7908,37.4066],[-80.7888,37.4031],[-80.7844,37.4008],[-80.7669,37.3979],[-80.7617,37.3962],[-80.7578,37.3934],[-80.7553,37.39],[-80.7533,37.3862],[-80.7505,37.3835],[-80.7475,37.3821],[-80.7437,37.3818]],[[-80.9551,37.2935],[-80.9483,37.2948],[-80.8824,37.3258],[-80.877,37.3302],[-80.8714,37.3361],[-80.8649,37.3464],[-80.8637,37.3533],[-80.8644,37.359],[-80.8792,37.3805],[-80.881,37.3853],[-80.8815,37.3908],[-80.8809,37.3966],[-80.8789,37.4023],[-80.8763,37.4074],[-80.8728,37.4122],[-80.8673,37.4166],[-80.8596,37.4207],[-80.8459,37.4248],[-80.8361,37.4258]],[[-81.3509,37.3353],[-81.3426,37.3339],[-81.3365,37.3307],[-81.3324,37.3272],[-81.3126,37.3044],[-81.3069,37.2993],[-81.3022,37.2962],[-81.2498,37.2696],[-81.2418,37.2642],[-81.2379,37.2608],[-81.2352,37.2573],[-81.2315,37.25],[-81.2291,37.2471],[-81.2267,37.2455],[-81.2241,37.2443]],[[-81.5839,37.2048],[-81.5601,37.2063],[-81.5534,37.2086],[-81.5456,37.2128],[-81.4938,37.2575],[-81.4873,37.2611],[-81.479,37.2644],[-81.4639,37.2679],[-81.4241,37.2713],[-81.4168,37.2744],[-81.4086,37.2796],[-81.3967,37.2908],[-81.3908,37.2985],[-81.3867,37.3056],[-81.3796,37.3221],[-81.3768,37.3263],[-81.3719,37.3305],[-81.3635,37.3346],[-81.3509,37.3353]],[[-80.9825,37.3051],[-80.9748,37.3041],[-80.9608,37.2945],[-80.9551,37.2935]],[[-81.2241,37.2443],[-81.213,37.2466],[-81.1321,37.2803],[-81.0284,37.2909],[-81.0196,37.2932],[-80.9922,37.3043],[-80.9825,37.3051]],[[-81.7935,37.2847],[-81.7716,37.283],[-81.7628,37.2805],[-81.757,37.2782],[-81.7518,37.2751],[-81.7474,37.2717],[-81.7437,37.268],[-81.7304,37.2516],[-81.7221,37.2444],[-81.7172,37.2413],[-81.6816,37.2266],[-81.6567,37.2122],[-81.6446,37.2094],[-81.5839,37.2048]],[[-81.8074,37.2846],[-81.7935,37.2847]]]}},{"type":"Feature","properties":{},"geometry":{"type":"MultiLineString","coordinates":[[[-80.0896,36.5398],[-80.1631,36.5426],[-80.2365,36.5454],[-80.3099,36.5482],[-80.3834,36.551],[-80.4568,36.5538],[-80.5302,36.5566],[-80.6037,36.5594],[-80.6771,36.5622],[-80.7459,36.5631],[-80.8147,36.564],[-80.8834,36.5649],[-80.9522,36.5659],[-81.021,36.5669],[-81.0898,36.5678],[-81.1585,36.5687],[-81.2273,36.5696],[-81.2763,36.5727],[-81.3253,36.5757],[-81.3743,36.5787],[-81.4233,36.5817],[-81.4723,36.5848],[-81.5213,36.5878],[-81.5703,36.5908],[-81.6193,36.5939],[-81.6416,36.594],[-81.6483,36.5956],[-81.652,36.5986],[-81.6589,36.6095]],[[-76.0317,36.5503],[-76.0583,36.5504],[-76.0952,36.5507],[-76.1322,36.551],[-76.1692,36.5512],[-76.2062,36.5515],[-76.2498,36.5518],[-76.2935,36.5522],[-76.3371,36.5525],[-76.3808,36.5528]],[[-76.3808,36.5528],[-76.4473,36.5524],[-76.5138,36.5521],[-76.5803,36.5517],[-76.6468,36.5513],[-76.7133,36.5509],[-76.7799,36.5505],[-76.8464,36.5501],[-76.9129,36.5497],[-77.0362,36.5488],[-77.1594,36.5479],[-77.2826,36.5469],[-77.4058,36.546],[-77.5291,36.5451],[-77.6523,36.5441],[-77.7755,36.5432],[-77.8987,36.5423],[-78.0537,36.5423],[-78.2087,36.5423],[-78.3637,36.5423],[-78.5187,36.5423],[-78.6737,36.5423],[-78.8286,36.5423],[-78.9836,36.5423],[-79.1386,36.5423],[-79.2574,36.5419],[-79.3763,36.5417],[-79.4952,36.5413],[-79.6141,36.541],[-79.733,36.5407],[-79.8518,36.5404],[-79.9707,36.5401],[-80.0896,36.5398]],[[-75.9669,36.5498],[-76.0131,36.5502],[-76.0132,36.5502]],[[-75.909,36.5494],[-75.9267,36.5495],[-75.943,36.5496]],[[-75.8531,36.549],[-75.8671,36.5491],[-75.8805,36.5492],[-75.8806,36.5492]]]}},{"type":"Feature","properties":{},"geometry":{"type":"LineString","coordinates":[[-75.7886,39.7213],[-75.7847,39.7213]]}},{"type":"Feature","properties":{},"geometry":{"type":"MultiLineString","coordinates":[[[-79.3621,39.7218],[-79.2467,39.7217],[-79.1313,39.7217]],[[-79.4774,39.7218],[-79.3621,39.7218]],[[-78.6697,39.7217],[-78.5542,39.7216],[-78.4388,39.7216]],[[-79.1313,39.7217],[-79.0159,39.7217],[-78.9005,39.7217],[-78.785,39.7217],[-78.6697,39.7217]],[[-77.9773,39.7216],[-77.8618,39.7216],[-77.7465,39.7215]],[[-78.4388,39.7216],[-78.3235,39.7216],[-78.2081,39.7216],[-78.0927,39.7216],[-77.9773,39.7216]],[[-77.2849,39.7215],[-77.1695,39.7215],[-77.054,39.7214]],[[-77.7465,39.7215],[-77.6311,39.7215],[-77.5156,39.7215],[-77.4003,39.7215],[-77.2849,39.7215]],[[-76.5924,39.7214],[-76.4771,39.7214],[-76.3617,39.7213]],[[-77.054,39.7214],[-76.9386,39.7214],[-76.8233,39.7214],[-76.7079,39.7214],[-76.5924,39.7214]],[[-75.9001,39.7213],[-75.7886,39.7213]],[[-76.3617,39.7213],[-76.2463,39.7213],[-76.1309,39.7213],[-76.0154,39.7213],[-75.9001,39.7213]]]}},{"type":"Feature","properties":{},"geometry":{"type":"MultiLineString","coordinates":[[[-79.4774,39.7218],[-79.4879,39.2099],[-79.4858,39.2069],[-79.4819,39.2067]],[[-78.1844,39.7043],[-78.133,39.7013],[-78.0869,39.6783],[-78.0108,39.6179],[-77.9918,39.608],[-77.9691,39.6016],[-77.9477,39.6008]],[[-78.2999,39.635],[-78.28,39.6354],[-78.2727,39.6402],[-78.2548,39.6582],[-78.2432,39.6654],[-78.2135,39.6933],[-78.2053,39.6979],[-78.196,39.7014],[-78.1844,39.7043]],[[-78.3403,39.6418],[-78.2999,39.635]],[[-78.3954,39.6273],[-78.3862,39.6282],[-78.3602,39.6382],[-78.3403,39.6418]],[[-78.7747,39.6378],[-78.77,39.6371],[-78.763,39.632],[-78.7599,39.6279],[-78.7509,39.6201],[-78.7397,39.6142],[-78.7377,39.6106],[-78.7388,39.6083],[-78.7439,39.6069],[-78.752,39.6031],[-78.7544,39.6008],[-78.7559,39.5982],[-78.7574,39.5945],[-78.7577,39.5905],[-78.7576,39.5878],[-78.7571,39.5861],[-78.7564,39.5849],[-78.7508,39.5788],[-78.7486,39.5772],[-78.7452,39.5754],[-78.7088,39.5615],[-78.6923,39.5526],[-78.6881,39.5493],[-78.6832,39.5462],[-78.6588,39.5399],[-78.5773,39.5291]],[[-78.9775,39.4499],[-78.969,39.4503],[-78.9578,39.4542],[-78.9521,39.4577],[-78.9475,39.4617],[-78.9375,39.4741],[-78.8776,39.5217],[-78.8656,39.5347],[-78.8555,39.5481],[-78.8523,39.5514],[-78.8482,39.5548],[-78.8444,39.5574],[-78.8396,39.5596],[-78.8344,39.5611],[-78.817,39.564],[-78.8112,39.5659],[-78.808,39.5684],[-78.8091,39.5712],[-78.8133,39.577],[-78.8143,39.5812],[-78.8137,39.5864],[-78.8112,39.5916],[-78.8081,39.5962],[-78.7935,39.6135],[-78.7881,39.6218],[-78.784,39.6299],[-78.7814,39.6335],[-78.7786,39.6368],[-78.7747,39.6378]],[[-78.4149,39.6299],[-78.3954,39.6273]],[[-78.469,39.5336],[-78.4378,39.5516],[-78.4331,39.5617],[-78.438,39.5669],[-78.458,39.5722],[-78.4547,39.5863],[-78.4384,39.59],[-78.419,39.5902],[-78.4062,39.5941],[-78.4338,39.6242],[-78.4237,39.6293],[-78.4149,39.6299]],[[-77.8705,39.6172],[-77.8568,39.6151],[-77.8469,39.6117],[-77.8323,39.5965],[-77.8374,39.5811],[-77.8557,39.569],[-77.8804,39.5639],[-77.8744,39.553],[-77.8599,39.5155]],[[-77.8935,39.6046],[-77.8879,39.608],[-77.8826,39.6156],[-77.8705,39.6172]],[[-77.9214,39.6107],[-77.8935,39.6046]],[[-77.9477,39.6008],[-77.9323,39.608],[-77.9214,39.6107]],[[-77.8386,39.5427],[-77.8295,39.5397],[-77.823,39.5284],[-77.8265,39.5209],[-77.8324,39.5151],[-77.8332,39.5087],[-77.8206,39.4969],[-77.8059,39.4968]],[[-77.8599,39.5155],[-77.8537,39.5155],[-77.8513,39.5251],[-77.8461,39.536],[-77.8386,39.5427]],[[-78.5407,39.5414],[-78.469,39.5336]],[[-78.5773,39.5291],[-78.5749,39.5329],[-78.5407,39.5414]],[[-77.7706,39.5019],[-77.7706,39.495],[-77.7844,39.492],[-77.7909,39.4842],[-77.7908,39.4733],[-77.7848,39.4609],[-77.8062,39.4481],[-77.7935,39.4384],[-77.7476,39.4231],[-77.7389,39.4061],[-77.7438,39.3877],[-77.7515,39.369],[-77.7513,39.351],[-77.7361,39.3315],[-77.7347,39.3311]],[[-77.8059,39.4968],[-77.7891,39.5009],[-77.7706,39.5019]],[[-79.0571,39.4833],[-79.0479,39.4826],[-79.0308,39.4775],[-79.0146,39.4699],[-78.9957,39.4559],[-78.9851,39.4511],[-78.9775,39.4499]],[[-79.4819,39.2067],[-79.472,39.2105],[-79.4593,39.2171],[-79.3475,39.2953],[-79.3395,39.2973],[-79.2982,39.3028],[-79.2904,39.3055],[-79.2864,39.3095],[-79.2746,39.3307],[-79.2675,39.3394],[-79.2545,39.35],[-79.2261,39.3668],[-79.1795,39.3863],[-79.1746,39.3892],[-79.1701,39.3929],[-79.159,39.4053],[-79.1399,39.4169],[-79.1361,39.4198],[-79.1323,39.4234],[-79.1295,39.4268],[-79.1271,39.4303],[-79.1144,39.4556],[-79.1113,39.4599],[-79.1073,39.4642],[-79.1027,39.4673],[-79.0647,39.4823],[-79.0571,39.4833]]]}},{"type":"Feature","properties":{},"geometry":{"type":"MultiLineString","coordinates":[[[-75.7886,39.7213],[-75.7885,39.6474],[-75.7815,39.574],[-75.7772,39.5001],[-75.7707,39.424],[-75.764,39.3549],[-75.7596,39.2816],[-75.7536,39.2122],[-75.7472,39.1354],[-75.7412,39.0616],[-75.7347,38.9894],[-75.7298,38.914],[-75.7239,38.8415],[-75.718,38.7709],[-75.7122,38.6979],[-75.7066,38.6213],[-75.701,38.5545],[-75.6982,38.5016],[-75.6937,38.4604],[-75.6303,38.4573],[-75.5554,38.4556],[-75.4747,38.4537],[-75.3967,38.4536],[-75.3188,38.4535],[-75.2409,38.4534],[-75.163,38.4533]],[[-75.0577,38.4534],[-75.044,38.4538]],[[-75.163,38.4533],[-75.1088,38.4535],[-75.0839,38.4536]]]}},{"type":"Feature","properties":{},"geometry":{"type":"LineString","coordinates":[[-75.7886,39.7214],[-75.7886,39.7213]]}},{"type":"Feature","properties":{},"geometry":{"type":"LineString","coordinates":[[-77.1198,38.9341],[-77.1324,38.9506],[-77.1465,38.9647],[-77.172,38.9696],[-77.2054,38.979],[-77.2197,38.9811],[-77.2335,38.9866],[-77.2402,38.9998],[-77.2443,39.0158],[-77.2504,39.0295],[-77.2723,39.0478],[-77.3016,39.0603],[-77.3335,39.0675],[-77.4216,39.0742],[-77.4451,39.0846],[-77.4808,39.1131],[-77.4958,39.1239],[-77.509,39.1372],[-77.5148,39.1526],[-77.5074,39.1695],[-77.4744,39.1924],[-77.4595,39.2077],[-77.4559,39.2282],[-77.4667,39.2438],[-77.4867,39.2506],[-77.5092,39.2556],[-77.5282,39.2657],[-77.5474,39.2911],[-77.5584,39.299],[-77.6036,39.3076],[-77.6459,39.321],[-77.6644,39.3238],[-77.7153,39.3239],[-77.7347,39.3311]]}},{"type":"Feature","properties":{},"geometry":{"type":"LineString","coordinates":[[-75.6479,37.9657],[-75.6416,37.9748],[-75.6317,37.9837],[-75.6236,37.9943],[-75.6163,37.9958],[-75.5911,37.9972],[-75.548,38.0011],[-75.5054,38.0045],[-75.4603,38.0089],[-75.4215,38.0118],[-75.3934,38.0137],[-75.3779,38.0152]]}},{"type":"Feature","properties":{},"geometry":{"type":"LineString","coordinates":[[-77.0683,38.9019],[-77.0843,38.9034],[-77.0972,38.9082],[-77.1198,38.9341]]}},{"type":"Feature","properties":{},"geometry":{"type":"MultiLineString","coordinates":[[[-77.0229,38.8028],[-76.9683,38.8462],[-76.9093,38.893],[-76.9805,38.9484],[-77.0419,38.9961]],[[-77.0419,38.9961],[-77.0791,38.9665],[-77.1198,38.9341]]]}},{"type":"Feature","properties":{},"geometry":{"type":"MultiLineString","coordinates":[[[-74.699,41.3563],[-74.6986,41.3545],[-74.7184,41.3447],[-74.7406,41.3437],[-74.7509,41.3408],[-74.7644,41.3317],[-74.7751,41.3307],[-74.7801,41.3279],[-74.7832,41.3238],[-74.7886,41.314],[-74.7907,41.3112],[-74.8447,41.273],[-74.8521,41.2596],[-74.8529,41.2526],[-74.8626,41.2248],[-74.8863,41.1808],[-74.9382,41.1276],[-74.9511,41.1194],[-74.9582,41.1174],[-74.9687,41.1125],[-74.9783,41.1068],[-74.9825,41.102],[-74.9821,41.0897],[-74.9824,41.0872],[-74.9862,41.086],[-75.027,41.0468],[-75.0457,41.0352],[-75.0678,41.0306],[-75.0827,41.0258],[-75.1064,41.0137],[-75.1288,40.9981],[-75.1395,40.9822],[-75.1373,40.9752],[-75.1313,40.9672],[-75.1197,40.9549],[-75.1188,40.9509],[-75.1199,40.9464],[-75.12,40.9428],[-75.1163,40.9412],[-75.1102,40.941],[-75.1045,40.9398],[-75.1002,40.9366],[-75.0986,40.9307],[-75.0913,40.9223],[-75.0757,40.9087],[-75.0612,40.8915],[-75.0576,40.8723],[-75.0677,40.8551],[-75.0814,40.8477],[-75.0934,40.8381],[-75.0986,40.814],[-75.1054,40.7956],[-75.1219,40.7857],[-75.1423,40.784]],[[-75.1423,40.784],[-75.1607,40.7904]],[[-75.1607,40.7904],[-75.1697,40.7736],[-75.1765,40.7658],[-75.1839,40.7625],[-75.1887,40.7585],[-75.1874,40.7503],[-75.1835,40.7432],[-75.1805,40.7426],[-75.1942,40.714],[-75.1982,40.7005],[-75.1948,40.688],[-75.1909,40.6779],[-75.194,40.6705],[-75.1948,40.6607],[-75.1911,40.6291],[-75.1957,40.6191],[-75.1939,40.6087],[-75.1897,40.5982],[-75.1822,40.5704],[-75.1696,40.5663]],[[-75.1395,40.5707],[-75.0888,40.5583],[-75.0716,40.5319],[-75.0644,40.454],[-75.0543,40.4354],[-75.0359,40.4152],[-75.0137,40.4033]],[[-75.1696,40.5663],[-75.1395,40.5707]],[[-74.9745,40.4146],[-74.9615,40.3976],[-74.9477,40.359],[-74.8955,40.3234],[-74.8863,40.314],[-74.8831,40.3081],[-74.8492,40.2713],[-74.818,40.2417],[-74.7647,40.2063],[-74.7394,40.1849],[-74.7286,40.1632],[-74.741,40.1437],[-74.7699,40.1298],[-74.8031,40.1216],[-74.8283,40.1189],[-74.8378,40.1149],[-74.8726,40.0909],[-74.8828,40.0872],[-74.9204,40.0779],[-74.9358,40.0703],[-74.9751,40.0363],[-74.9886,40.0292],[-75.0236,40.0163]],[[-75.0137,40.4033],[-74.9745,40.4146]]]}},{"type":"Feature","properties":{},"geometry":{"type":"MultiLineString","coordinates":[[[-79.7629,41.9999],[-79.7629,42.0337],[-79.7629,42.0628],[-79.7629,42.092],[-79.7629,42.1211],[-79.763,42.1503],[-79.763,42.1794],[-79.763,42.2085],[-79.763,42.2376],[-79.763,42.2668],[-79.763,42.3007],[-79.763,42.3346],[-79.763,42.3686],[-79.763,42.4025],[-79.763,42.4365],[-79.763,42.4704],[-79.763,42.5044],[-79.763,42.5377]],[[-75.3513,41.9974],[-75.3735,41.9975],[-75.5095,41.9975],[-75.6455,41.9976],[-75.7815,41.9976],[-75.9175,41.9978],[-76.0536,41.9978],[-76.1896,41.9979],[-76.3257,41.998],[-76.4617,41.9981],[-76.5977,41.9981],[-76.7338,41.9982],[-76.8698,41.9983],[-77.0058,41.9984],[-77.1419,41.9984],[-77.2779,41.9985],[-77.4139,41.9986],[-77.55,41.9987],[-77.686,41.9988],[-77.822,41.9988],[-77.9581,41.9989],[-78.0941,41.999],[-78.2301,41.9991],[-78.3662,41.9992],[-78.5022,41.9992],[-78.6383,41.9993],[-78.7743,41.9994],[-78.9103,41.9994],[-79.0464,41.9995],[-79.1824,41.9996],[-79.3184,41.9997],[-79.4545,41.9998],[-79.5905,41.9998],[-79.7266,41.9999]],[[-79.7266,41.9999],[-79.7629,41.9999]],[[-75.2326,41.8729],[-75.2491,41.8824],[-75.2549,41.9046],[-75.2571,41.9296],[-75.2631,41.948],[-75.2842,41.9591],[-75.3155,41.9702],[-75.3394,41.984],[-75.339,41.9974]],[[-75.339,41.9974],[-75.3513,41.9974]],[[-74.8621,41.4445],[-74.8863,41.4483],[-74.9004,41.458],[-74.9102,41.4692],[-74.9226,41.4786],[-74.9672,41.4869],[-74.9843,41.4983],[-74.9979,41.5138],[-75.0484,41.596],[-75.061,41.6054],[-75.0639,41.6157],[-75.0577,41.6673],[-75.0576,41.6879],[-75.0713,41.7258],[-75.0681,41.7352],[-75.0545,41.7437],[-75.0514,41.7531],[-75.0559,41.7749],[-75.0679,41.784],[-75.0854,41.7887],[-75.106,41.7972],[-75.0831,41.8188],[-75.0789,41.8281],[-75.0917,41.8319],[-75.1012,41.8362],[-75.1156,41.855],[-75.1428,41.8624],[-75.1647,41.8766],[-75.1774,41.8797]],[[-75.1774,41.8797],[-75.2326,41.8729]],[[-74.7704,41.4288],[-74.7809,41.4289],[-74.7938,41.4378],[-74.8132,41.4469]],[[-74.8132,41.4469],[-74.8621,41.4445]],[[-74.699,41.3563],[-74.7045,41.3761],[-74.7199,41.3977],[-74.7286,41.4074],[-74.7364,41.4236],[-74.7416,41.4314],[-74.7491,41.4347]],[[-74.7491,41.4347],[-74.7605,41.4324],[-74.7704,41.4288]]]}},{"type":"Feature","properties":{},"geometry":{"type":"LineString","coordinates":[[-73.2655,42.7456],[-73.2699,42.7352],[-73.2784,42.7116],[-73.3046,42.6395],[-73.3307,42.5672],[-73.3569,42.495],[-73.3831,42.4228],[-73.4092,42.3506],[-73.4354,42.2783],[-73.4615,42.2061],[-73.4877,42.1339],[-73.501,42.0971],[-73.5072,42.079],[-73.4805,42.0545]]}},{"type":"Feature","properties":{},"geometry":{"type":"LineString","coordinates":[[-73.4805,42.0545],[-73.4844,42.0082],[-73.4883,41.962],[-73.4922,41.9157],[-73.4962,41.8694],[-73.5001,41.8231],[-73.504,41.7768],[-73.5079,41.7305],[-73.5118,41.6842],[-73.5157,41.6379],[-73.5195,41.5917],[-73.5235,41.5453],[-73.5274,41.4991],[-73.5313,41.4528],[-73.5352,41.4065],[-73.5391,41.3602],[-73.543,41.3139],[-73.5447,41.2949],[-73.5262,41.2703],[-73.5122,41.2517],[-73.4991,41.2344],[-73.4841,41.2179],[-73.5,41.2088],[-73.5487,41.186],[-73.6093,41.1574],[-73.6648,41.1314],[-73.7089,41.1106],[-73.723,41.1035],[-73.7174,41.0963],[-73.6935,41.0675],[-73.6689,41.038],[-73.6656,41.0351],[-73.661,41.0326],[-73.6587,41.031],[-73.6554,41.0278],[-73.6504,41.0191],[-73.6475,41.0123],[-73.6428,41.0009]]}},{"type":"Feature","properties":{},"geometry":{"type":"LineString","coordinates":[[-74.699,41.3563],[-74.6,41.3106],[-74.501,41.2649],[-74.402,41.2192],[-74.303,41.1735],[-74.204,41.1278],[-74.105,41.0821],[-74.006,41.0365],[-73.9071,40.9908]]}},{"type":"Feature","properties":{},"geometry":{"type":"MultiLineString","coordinates":[[[-73.1473,42.7442],[-73.2053,42.7453],[-73.2655,42.7456]],[[-73.0003,42.7413],[-73.0499,42.7422],[-73.0977,42.7442]],[[-73.0977,42.7442],[-73.1473,42.7442]],[[-72.4668,42.7293],[-72.516,42.7306],[-72.5651,42.732],[-72.6143,42.7334],[-72.6634,42.7347],[-72.7126,42.7361],[-72.7617,42.7375],[-72.8109,42.7388],[-72.86,42.7402],[-72.9091,42.7416]],[[-72.9091,42.7416],[-72.9516,42.7413],[-73.0003,42.7413]]]}},{"type":"Feature","properties":{},"geometry":{"type":"MultiLineString","coordinates":[[[-73.4067,43.5703],[-73.4086,43.5708],[-73.4108,43.5731],[-73.4179,43.5831],[-73.4235,43.5946],[-73.425,43.6069],[-73.4254,43.6285],[-73.4236,43.6397],[-73.4207,43.6485],[-73.3683,43.7477],[-73.3654,43.7585],[-73.3634,43.7795],[-73.3639,43.7899],[-73.3654,43.7979],[-73.3681,43.8025],[-73.3864,43.8268],[-73.3876,43.8328],[-73.3866,43.8388],[-73.3807,43.8544],[-73.3784,43.8676],[-73.3786,43.8753],[-73.3796,43.8817],[-73.3816,43.8865],[-73.3846,43.8907],[-73.3921,43.8991],[-73.3964,43.9075],[-73.4008,43.9201],[-73.4101,43.9637],[-73.4111,43.9789],[-73.41,44.0062],[-73.4113,44.0149],[-73.4137,44.0215],[-73.4168,44.0258],[-73.4296,44.0383],[-73.4341,44.0439],[-73.4385,44.0528],[-73.4385,44.0597],[-73.4362,44.0658],[-73.4244,44.0804],[-73.3898,44.1608],[-73.3859,44.1743],[-73.3829,44.1955],[-73.3809,44.2011],[-73.3775,44.2061],[-73.3733,44.2107],[-73.3632,44.2179],[-73.3522,44.224],[-73.3405,44.229],[-73.3298,44.2348],[-73.3246,44.2419],[-73.3208,44.2527],[-73.3174,44.2741],[-73.3171,44.2937],[-73.3188,44.3038],[-73.3327,44.3487],[-73.3333,44.3567],[-73.3327,44.3638],[-73.3302,44.3698],[-73.3269,44.3754],[-73.3079,44.4017],[-73.3016,44.4137],[-73.2966,44.4303],[-73.2937,44.445],[-73.2931,44.4543],[-73.2936,44.4637],[-73.2947,44.4697],[-73.3005,44.4843],[-73.3102,44.5002],[-73.3528,44.552],[-73.3667,44.574],[-73.3698,44.5825],[-73.3773,44.6187],[-73.3787,44.6407],[-73.3778,44.6464],[-73.3761,44.6525],[-73.3598,44.6907],[-73.3579,44.7024],[-73.3565,44.7249],[-73.3531,44.737],[-73.3438,44.7574],[-73.3406,44.7666],[-73.3372,44.7809],[-73.3365,44.7894],[-73.3367,44.7962],[-73.3378,44.8012],[-73.34,44.8057],[-73.3431,44.8102],[-73.3618,44.8251],[-73.3664,44.8298],[-73.3709,44.8355],[-73.3756,44.8441],[-73.3773,44.8508],[-73.3778,44.857],[-73.3762,44.8686],[-73.3745,44.8746],[-73.3689,44.8871],[-73.3652,44.8929],[-73.3486,44.9127],[-73.3442,44.9192],[-73.3405,44.9275],[-73.3369,44.9407],[-73.3364,44.9486],[-73.3373,44.9553],[-73.3424,44.9699],[-73.3474,44.993],[-73.3513,45.0046]],[[-73.2655,42.7456],[-73.2762,42.7461],[-73.2881,42.7974],[-73.2801,42.8121],[-73.2693,42.8475],[-73.2665,42.8637],[-73.2661,42.8746],[-73.2659,42.882],[-73.2653,42.9028],[-73.2644,42.9351],[-73.2633,42.977],[-73.2619,43.0266],[-73.2603,43.082],[-73.2586,43.1412],[-73.2569,43.2023],[-73.2551,43.2635],[-73.2535,43.3227],[-73.2519,43.378],[-73.2505,43.4276],[-73.2493,43.4696],[-73.2484,43.5019],[-73.2479,43.5227],[-73.2476,43.5301],[-73.247,43.552],[-73.2545,43.56],[-73.264,43.5667],[-73.2691,43.5692],[-73.2772,43.5779],[-73.2914,43.6139],[-73.2958,43.6195],[-73.3014,43.6238],[-73.3089,43.6263],[-73.3247,43.6289],[-73.3323,43.6291]],[[-73.3323,43.6291],[-73.3394,43.6286],[-73.346,43.6273],[-73.352,43.6251],[-73.3572,43.6218],[-73.3613,43.6172],[-73.3643,43.612],[-73.3689,43.5946],[-73.3718,43.5891],[-73.376,43.5846],[-73.3808,43.5807],[-73.3917,43.5748],[-73.4028,43.5711],[-73.4067,43.5703]]]}},{"type":"Feature","properties":{},"geometry":{"type":"MultiLineString","coordinates":[[[-70.85,42.8707],[-70.8709,42.8747],[-70.9045,42.8854],[-70.9164,42.8868]],[[-70.9164,42.8868],[-70.9256,42.8865],[-71.0225,42.8547],[-71.0335,42.8489],[-71.0386,42.8453],[-71.0534,42.832],[-71.0608,42.8264],[-71.0738,42.8194],[-71.0833,42.8171]],[[-70.8143,42.8773],[-70.85,42.8707]],[[-71.0833,42.8171],[-71.0945,42.8171],[-71.106,42.8187],[-71.123,42.8194]],[[-71.123,42.8194],[-71.1329,42.8182],[-71.141,42.8159],[-71.1463,42.8132],[-71.1516,42.8097],[-71.1607,42.8014],[-71.1649,42.7969],[-71.1727,42.7863],[-71.1818,42.7675],[-71.1859,42.7607],[-71.1962,42.7522],[-71.208,42.7481],[-71.2276,42.7438],[-71.2379,42.7405],[-71.2455,42.7367],[-71.2591,42.7239],[-71.2737,42.7132],[-71.2884,42.7049],[-71.2963,42.7021],[-71.3063,42.7009]],[[-72.4667,42.7292],[-72.4668,42.7293]],[[-71.3063,42.7009],[-71.3296,42.7014],[-71.4005,42.7032],[-71.4715,42.7049],[-71.5425,42.7066],[-71.6134,42.7084],[-71.6843,42.7101],[-71.7553,42.7118],[-71.8263,42.7136],[-71.8973,42.7153],[-71.9682,42.7171],[-72.0392,42.7189],[-72.1101,42.7205],[-72.1811,42.7223],[-72.252,42.724],[-72.323,42.7257],[-72.394,42.7275],[-72.4649,42.7292]],[[-72.4649,42.7292],[-72.4651,42.7292],[-72.4652,42.7292],[-72.4653,42.7292],[-72.4654,42.7292],[-72.4655,42.7292],[-72.4656,42.7292],[-72.4658,42.7292],[-72.4659,42.7292],[-72.466,42.7292],[-72.4661,42.7292],[-72.4662,42.7292],[-72.4664,42.7292],[-72.4664,42.7292],[-72.4666,42.7292],[-72.4667,42.7292]]]}},{"type":"Feature","properties":{},"geometry":{"type":"MultiLineString","coordinates":[[[-71.5058,45.0137],[-71.5216,45.0096],[-71.5318,45.0001],[-71.5351,44.9738],[-71.5279,44.9506],[-71.5141,44.9353],[-71.5057,44.9196],[-71.5146,44.895],[-71.5592,44.8494],[-71.6062,44.8014],[-71.6307,44.7653],[-71.635,44.7403],[-71.6249,44.7243],[-71.611,44.7107],[-71.604,44.6927],[-71.6001,44.6782],[-71.5693,44.6207],[-71.5566,44.6067],[-71.55,44.5964],[-71.5494,44.5866],[-71.5589,44.5764],[-71.5711,44.5747]],[[-71.5711,44.5747],[-71.5835,44.5748]],[[-71.5835,44.5748],[-71.5935,44.5698],[-71.6006,44.5505],[-71.5974,44.5325],[-71.5983,44.5151],[-71.6177,44.4972],[-71.6518,44.4767],[-71.6691,44.455],[-71.678,44.4461],[-71.7041,44.4383],[-71.7915,44.3985],[-71.8073,44.3879],[-71.8405,44.3572],[-71.8594,44.3477],[-71.8834,44.3448]],[[-71.8834,44.3448],[-71.9324,44.3463]],[[-71.9324,44.3463],[-71.9834,44.3392],[-72.0201,44.3177],[-72.0423,44.2817],[-72.0497,44.2309],[-72.0492,44.1429],[-72.0548,44.1045],[-72.0695,44.0726],[-72.1119,44.0168],[-72.1179,44.0009],[-72.1136,43.9926],[-72.105,43.9864],[-72.0985,43.9806],[-72.1006,43.9733],[-72.166,43.9056],[-72.1808,43.8848],[-72.1868,43.8638],[-72.1889,43.8418],[-72.1946,43.8202],[-72.203,43.8005],[-72.2135,43.7846],[-72.2663,43.7492],[-72.2793,43.7361],[-72.3063,43.7201],[-72.3125,43.7097],[-72.3159,43.6748],[-72.3248,43.6333],[-72.3329,43.6135],[-72.347,43.5966],[-72.3817,43.572],[-72.3918,43.5577],[-72.3979,43.5314],[-72.4053,43.3607],[-72.4013,43.3229],[-72.4037,43.3002],[-72.4159,43.2812],[-72.4261,43.2722],[-72.4337,43.2631],[-72.4384,43.2529],[-72.4401,43.24],[-72.439,43.2371],[-72.4367,43.2352],[-72.4343,43.2322],[-72.4332,43.2263],[-72.4353,43.2204],[-72.44,43.2154],[-72.4469,43.2099],[-72.4531,43.1689],[-72.4529,43.1566],[-72.4469,43.1307],[-72.4493,43.1079],[-72.4668,43.0516],[-72.471,43.0057],[-72.4805,42.9892],[-72.5047,42.9827],[-72.5219,42.9755],[-72.5287,42.9579],[-72.5357,42.9144],[-72.5433,42.9001],[-72.5505,42.8897],[-72.5555,42.878],[-72.5562,42.8598],[-72.5539,42.8443],[-72.55,42.8329],[-72.5441,42.823],[-72.5357,42.812],[-72.4928,42.7792],[-72.4733,42.7585],[-72.4668,42.7294],[-72.4668,42.7293]]]}},{"type":"Feature","properties":{},"geometry":{"type":"LineString","coordinates":[[-70.7441,43.0838],[-70.7719,43.1075],[-70.8064,43.1367],[-70.8251,43.1615],[-70.8259,43.1675],[-70.8246,43.1786],[-70.8146,43.2089],[-70.8133,43.2168],[-70.8136,43.2256],[-70.8171,43.2399],[-70.8219,43.2471],[-70.828,43.2523],[-70.8667,43.271],[-70.8975,43.3048],[-70.9298,43.3402],[-70.9607,43.3666],[-70.9674,43.3748],[-70.9726,43.3831],[-70.9768,43.3945],[-70.9779,43.4022],[-70.9778,43.4091],[-70.9764,43.415],[-70.9666,43.4396],[-70.9636,43.4507],[-70.9648,43.4674],[-70.9677,43.4819],[-70.9676,43.4907],[-70.9666,43.4969],[-70.9647,43.5018],[-70.9622,43.516],[-70.9624,43.5311],[-70.9578,43.5622],[-70.96,43.5922],[-70.9639,43.6458],[-70.9678,43.6993],[-70.9717,43.7528],[-70.9756,43.8063],[-70.9795,43.8598],[-70.9834,43.9133],[-70.9873,43.9668],[-70.9912,44.0203],[-70.9952,44.0739],[-70.999,44.1273],[-71.0029,44.1809],[-71.0069,44.2344],[-71.0108,44.2879],[-71.0147,44.3414],[-71.0186,44.3949],[-71.0225,44.4484],[-71.0264,44.502],[-71.0303,44.5555],[-71.0342,44.609],[-71.0381,44.6625],[-71.042,44.716],[-71.0459,44.7695],[-71.0498,44.8231],[-71.0537,44.8766],[-71.0576,44.9301],[-71.0615,44.9836],[-71.0654,45.0371],[-71.0693,45.0906],[-71.0733,45.1442],[-71.0772,45.1977],[-71.0811,45.2511],[-71.085,45.3043]]}},{"type":"Feature","properties":{},"geometry":{"type":"MultiLineString","coordinates":[[[-96.8043,46.9439],[-96.8047,46.9513],[-96.8083,46.9644],[-96.8208,46.9801],[-96.8261,46.9891],[-96.8282,47.0023],[-96.8209,47.068],[-96.822,47.0879],[-96.8357,47.1289],[-96.8359,47.1406],[-96.8332,47.1506],[-96.8298,47.1592],[-96.8282,47.1668],[-96.8317,47.1881],[-96.8466,47.2366],[-96.8499,47.2592],[-96.8425,47.3865],[-96.8464,47.3964],[-96.8551,47.405],[-96.8642,47.412],[-96.8692,47.4169],[-96.8687,47.4377],[-96.8529,47.4883],[-96.853,47.5028],[-96.8626,47.5199],[-96.8636,47.5375],[-96.8618,47.5574],[-96.863,47.5814],[-96.8616,47.5851],[-96.8584,47.5898],[-96.8557,47.5955],[-96.8561,47.6019],[-96.8606,47.607],[-96.8766,47.6161],[-96.8886,47.6437],[-96.8944,47.6791],[-96.9049,47.6964],[-96.9184,47.712],[-96.9319,47.7322],[-96.9441,47.7674],[-96.9517,47.78],[-96.9754,47.8002],[-96.979,47.8042],[-96.9801,47.8067],[-96.9829,47.8078],[-96.9865,47.8087],[-96.9899,47.8107],[-96.9918,47.8152],[-96.9863,47.8226],[-96.9865,47.8284],[-97.012,47.8774],[-97.0148,47.9001],[-97.0001,47.924],[-97.035,47.952],[-97.0513,47.9858],[-97.0626,48.0231],[-97.1063,48.0968],[-97.1219,48.1327],[-97.1297,48.1706],[-97.1299,48.212],[-97.1152,48.2812],[-97.1199,48.297],[-97.1265,48.3112],[-97.1441,48.3765],[-97.1405,48.3885],[-97.1282,48.4064],[-97.1237,48.4175],[-97.1228,48.4286],[-97.1283,48.4444],[-97.1337,48.4761],[-97.1572,48.5341],[-97.1484,48.5763],[-97.1218,48.6124],[-97.101,48.6505],[-97.1094,48.6986],[-97.1326,48.7328],[-97.1409,48.7495],[-97.1482,48.7882],[-97.1777,48.842],[-97.1851,48.8768],[-97.1904,48.8857],[-97.1972,48.8942],[-97.203,48.9034],[-97.2078,48.9234],[-97.2109,48.9367],[-97.2215,48.9523],[-97.2292,48.9686],[-97.2261,48.9927]],[[-96.8083,46.9439],[-96.8043,46.9439]],[[-96.5563,45.9418],[-96.5762,46.0165],[-96.576,46.0402],[-96.5641,46.0624],[-96.557,46.0904],[-96.5567,46.103],[-96.5635,46.1401],[-96.5681,46.1457],[-96.5666,46.1573],[-96.5644,46.1648],[-96.5649,46.1714],[-96.5878,46.1985],[-96.5922,46.2071],[-96.5954,46.2177],[-96.5979,46.238],[-96.5954,46.3028],[-96.6016,46.3239],[-96.6165,46.3412],[-96.6507,46.3685],[-96.7087,46.4337],[-96.7154,46.4446],[-96.717,46.4547],[-96.7169,46.4635],[-96.7183,46.471],[-96.7243,46.4787],[-96.7406,46.4918],[-96.7463,46.4989],[-96.7396,46.5192],[-96.7404,46.5404],[-96.7463,46.5774],[-96.753,46.5971],[-96.7848,46.6284],[-96.7947,46.6423],[-96.7968,46.6638],[-96.7846,46.6986],[-96.781,46.7211],[-96.7844,46.743],[-96.7987,46.7781],[-96.8015,46.7937],[-96.7993,46.8038],[-96.7901,46.8203],[-96.7872,46.8272],[-96.7858,46.8382],[-96.7872,46.8719],[-96.784,46.8823],[-96.77,46.896],[-96.7647,46.912],[-96.7611,46.9164],[-96.7592,46.9209],[-96.763,46.9272],[-96.7694,46.9314],[-96.7812,46.9338],[-96.7913,46.9389],[-96.8029,46.9413],[-96.8083,46.9439]]]}},{"type":"Feature","properties":{},"geometry":{"type":"LineString","coordinates":[[-96.4536,43.5001],[-96.4536,43.7198],[-96.4536,43.9395],[-96.4536,44.1592],[-96.4536,44.3788],[-96.4536,44.5985],[-96.4536,44.8182],[-96.4536,45.0379],[-96.4536,45.2575],[-96.4536,45.2963],[-96.4536,45.2966],[-96.4588,45.2997],[-96.4655,45.3098],[-96.4929,45.3475],[-96.5027,45.355],[-96.5265,45.3695],[-96.5373,45.3783],[-96.5665,45.3935],[-96.609,45.4029],[-96.6882,45.409],[-96.7082,45.4216],[-96.7304,45.4512],[-96.7667,45.512],[-96.7871,45.5351],[-96.8365,45.5756],[-96.8631,45.6008],[-96.8588,45.6219],[-96.8464,45.6429],[-96.8389,45.6492],[-96.8299,45.6544],[-96.792,45.6738],[-96.7692,45.6923],[-96.7589,45.6987],[-96.686,45.7286],[-96.6592,45.744],[-96.6496,45.7511],[-96.6416,45.759],[-96.6379,45.7635],[-96.608,45.8129],[-96.5877,45.8388],[-96.581,45.8561],[-96.5721,45.917],[-96.5695,45.9223],[-96.566,45.9276],[-96.5628,45.9314],[-96.5563,45.9418]]}},{"type":"Feature","properties":{},"geometry":{"type":"LineString","coordinates":[[-91.2501,43.501],[-91.5754,43.5009],[-91.9006,43.5008],[-92.2258,43.5008],[-92.551,43.5008],[-92.8762,43.5006],[-93.1012,43.5006],[-93.2014,43.5006],[-93.5266,43.5006],[-93.8519,43.5005],[-94.1771,43.5005],[-94.5023,43.5004],[-94.8275,43.5003],[-95.1527,43.5003],[-95.4779,43.5003],[-95.8032,43.5002],[-96.1284,43.5001],[-96.4536,43.5001]]}},{"type":"Feature","properties":{},"geometry":{"type":"LineString","coordinates":[[-84.8061,41.6968],[-84.737,41.699],[-84.6412,41.7021],[-84.5563,41.7032],[-84.4735,41.7042],[-84.3886,41.7073],[-84.3032,41.7073],[-84.2234,41.7104],[-84.1396,41.7125],[-84.0547,41.7166],[-83.9687,41.7187],[-83.8895,41.7197],[-83.8025,41.7228],[-83.7259,41.7259],[-83.64,41.7291],[-83.5546,41.7291],[-83.4138,41.7353],[-83.2599,41.8456],[-83.1309,41.938]]}},{"type":"Feature","properties":{},"geometry":{"type":"LineString","coordinates":[[-89.9576,47.2861],[-89.929,47.3304],[-89.9003,47.3748],[-89.8716,47.4191],[-89.8429,47.4635],[-89.8142,47.5078],[-89.7855,47.5521],[-89.7569,47.5964],[-89.7282,47.6408],[-89.6995,47.6851],[-89.6708,47.7294],[-89.6422,47.7738],[-89.6134,47.8181],[-89.5848,47.8625],[-89.5561,47.9068],[-89.5274,47.9511],[-89.499,47.9951]]}},{"type":"Feature","properties":{},"geometry":{"type":"LineString","coordinates":[[-91.2501,43.501],[-91.2505,43.4996],[-91.2519,43.4869],[-91.251,43.4744],[-91.2479,43.4628],[-91.2429,43.4519],[-91.2292,43.4315],[-91.2242,43.4215],[-91.221,43.4109],[-91.2165,43.3834],[-91.2088,43.3729],[-91.1971,43.366],[-91.111,43.34],[-91.0865,43.3174],[-91.0848,43.2801],[-91.1035,43.2493],[-91.1565,43.1953],[-91.1678,43.1605],[-91.1624,43.0904],[-91.1547,43.0565],[-91.1542,43.0198],[-91.1523,43.0076],[-91.1477,42.9963],[-91.1464,42.9504],[-91.1415,42.9283],[-91.1306,42.9113],[-91.102,42.885],[-91.0922,42.8709],[-91.0862,42.853],[-91.0831,42.8106],[-91.0795,42.792],[-91.0455,42.7421],[-91.033,42.7292],[-91.0105,42.7164],[-90.9666,42.7016],[-90.7957,42.6769],[-90.75,42.6638],[-90.7265,42.6612],[-90.703,42.6553],[-90.6873,42.6404],[-90.6679,42.5997],[-90.6597,42.5883],[-90.6345,42.5598],[-90.6263,42.5445],[-90.6287,42.5331],[-90.6413,42.5118]]}},{"type":"Feature","properties":{},"geometry":{"type":"MultiLineString","coordinates":[[[-90.654,47.3081],[-90.567,47.3053],[-90.4799,47.3026],[-90.3928,47.2999],[-90.3058,47.2971],[-90.2187,47.2943],[-90.1317,47.2916],[-90.0446,47.2888],[-89.9576,47.2861]],[[-91.9649,46.7287],[-91.9222,46.7455],[-91.8654,46.7678],[-91.8087,46.7902],[-91.752,46.8125],[-91.6953,46.8348],[-91.6385,46.8571],[-91.5818,46.8794],[-91.5251,46.9017],[-91.4683,46.9241],[-91.3665,46.9721],[-91.2647,47.0201],[-91.1629,47.0681],[-91.0611,47.1161],[-90.9593,47.1641],[-90.8575,47.2121],[-90.7558,47.2601],[-90.654,47.3081]],[[-92.11,46.7687],[-92.0756,46.7592],[-92.028,46.7461],[-91.9649,46.7287]],[[-92.2522,46.6577],[-92.2353,46.6585],[-92.2207,46.6612],[-92.2155,46.6637],[-92.2118,46.6668],[-92.2098,46.6694],[-92.2073,46.6738],[-92.2025,46.6993],[-92.2008,46.7055],[-92.1972,46.7106],[-92.193,46.7148],[-92.1879,46.718],[-92.1822,46.7198],[-92.1659,46.7229],[-92.1607,46.7255],[-92.1571,46.7293],[-92.1487,46.7462],[-92.1407,46.7553],[-92.1247,46.7637],[-92.11,46.7687]],[[-92.2892,46.663],[-92.2847,46.6625],[-92.2703,46.6587],[-92.2522,46.6577]],[[-92.3633,46.0273],[-92.3537,46.0358],[-92.3491,46.0495],[-92.338,46.063],[-92.3244,46.074],[-92.3121,46.0805],[-92.2926,46.0833],[-92.2926,46.1163],[-92.2925,46.1309],[-92.2924,46.1943],[-92.2923,46.2576],[-92.2922,46.321],[-92.2921,46.3843],[-92.292,46.4477],[-92.2919,46.511],[-92.2918,46.5744],[-92.2916,46.6377],[-92.2916,46.6597],[-92.2892,46.663]],[[-92.4288,46.0327],[-92.411,46.0319],[-92.3858,46.0281],[-92.3633,46.0273]],[[-92.8397,45.5689],[-92.8832,45.5761],[-92.9017,45.6113],[-92.8949,45.687],[-92.8912,45.7038],[-92.882,45.7159],[-92.7953,45.7753],[-92.7677,45.8051],[-92.772,45.8342],[-92.7319,45.8883],[-92.7041,45.9131],[-92.6727,45.9235],[-92.6545,45.9269],[-92.6007,45.9508],[-92.5748,45.9539],[-92.5665,45.957],[-92.5617,45.9613],[-92.55,45.9752],[-92.5488,45.9781],[-92.545,45.9803],[-92.5392,45.985],[-92.5315,45.9897],[-92.5219,45.9918],[-92.4806,45.9918],[-92.4657,45.9973],[-92.4434,46.0238],[-92.4288,46.0327]],[[-91.2501,43.501],[-91.2444,43.5244],[-91.2428,43.537],[-91.2441,43.5502],[-91.25,43.5761],[-91.2508,43.5893],[-91.2466,43.6207],[-91.247,43.6312],[-91.2545,43.6578],[-91.2548,43.667],[-91.2427,43.7213],[-91.2428,43.7402],[-91.2458,43.7598],[-91.2492,43.7689],[-91.2555,43.7766],[-91.2692,43.7886],[-91.2746,43.7956],[-91.2785,43.8041],[-91.2805,43.8126],[-91.2812,43.8212],[-91.2787,43.8506],[-91.2795,43.8736],[-91.2842,43.8978],[-91.2884,43.9091],[-91.295,43.919],[-91.305,43.9269],[-91.3183,43.933],[-91.361,43.9448],[-91.3688,43.958],[-91.3919,43.9795],[-91.3991,43.9935],[-91.4009,44.0011],[-91.4035,44.0077],[-91.4075,44.0134],[-91.414,44.0182],[-91.426,44.0225],[-91.4626,44.0246],[-91.4711,44.0266],[-91.4785,44.0296],[-91.5352,44.0638],[-91.541,44.0656],[-91.6377,44.0657],[-91.6501,44.0684],[-91.6626,44.0733],[-91.7784,44.1496],[-91.8171,44.1627],[-91.8369,44.1818],[-91.9122,44.289],[-91.9501,44.3357],[-92.1026,44.4369],[-92.1561,44.4515],[-92.2726,44.4658],[-92.2861,44.4707],[-92.2968,44.479],[-92.3052,44.4901],[-92.331,44.5332],[-92.3598,44.5598],[-92.3938,44.5796],[-92.429,44.5893],[-92.5847,44.608],[-92.628,44.6275],[-92.6324,44.6337],[-92.6372,44.6431],[-92.6433,44.6517],[-92.6611,44.6603],[-92.7313,44.7116],[-92.793,44.7406],[-92.8198,44.7578],[-92.7785,44.8202],[-92.772,44.8472],[-92.7725,44.8594],[-92.7788,44.8916],[-92.7756,44.9024],[-92.7616,44.9194],[-92.7583,44.9257],[-92.7628,44.9686],[-92.772,45.0111],[-92.7959,45.0559],[-92.8024,45.078],[-92.7887,45.0875],[-92.7683,45.0927],[-92.7554,45.1066],[-92.7497,45.1263],[-92.7509,45.1489],[-92.7683,45.1824],[-92.7728,45.1875],[-92.7709,45.1993],[-92.7645,45.2203],[-92.7633,45.2647],[-92.7593,45.2833],[-92.7509,45.2997],[-92.7372,45.3119],[-92.7215,45.3213],[-92.7085,45.3327],[-92.7031,45.3509],[-92.6963,45.3741],[-92.6674,45.4083],[-92.663,45.4263],[-92.6677,45.4454],[-92.682,45.4612],[-92.7001,45.4747],[-92.7174,45.4909],[-92.725,45.5056],[-92.7396,45.5439],[-92.7509,45.5592],[-92.7895,45.5698]],[[-92.7895,45.5698],[-92.8397,45.5689]]]}},{"type":"Feature","properties":{},"geometry":{"type":"MultiLineString","coordinates":[[[-90.4146,42.3186],[-90.4322,42.3526],[-90.4632,42.376],[-90.5491,42.4173],[-90.5811,42.4378],[-90.5962,42.452],[-90.6115,42.4631],[-90.642,42.4757],[-90.6542,42.4898],[-90.6413,42.5118]],[[-91.4418,40.3795],[-91.3826,40.3929],[-91.3736,40.4031],[-91.375,40.4179],[-91.3804,40.4444],[-91.3804,40.4615],[-91.3741,40.4922],[-91.3747,40.51],[-91.3838,40.5263],[-91.4108,40.5454],[-91.4145,40.5539],[-91.4124,40.5638],[-91.403,40.5743],[-91.4009,40.5813],[-91.3833,40.5986],[-91.343,40.6178],[-91.2982,40.6332],[-91.2674,40.6396],[-91.2273,40.6428],[-91.1878,40.6533],[-91.153,40.6725],[-91.1272,40.7016],[-91.1077,40.7419],[-91.1015,40.7638],[-91.0982,40.8078],[-91.0935,40.8236],[-91.0834,40.8391],[-91.0657,40.8587],[-90.9666,40.9462],[-90.949,40.9822],[-90.9453,41.0293],[-90.9515,41.0754],[-90.9686,41.1161],[-90.9974,41.1467],[-91.0477,41.1766],[-91.062,41.1808],[-91.0824,41.1897],[-91.094,41.2109],[-91.099,41.236],[-91.0992,41.2565],[-91.0911,41.2998],[-91.0755,41.3434],[-91.0548,41.3829],[-91.031,41.4136],[-90.9915,41.4336],[-90.7045,41.4512],[-90.6616,41.462],[-90.6413,41.4761],[-90.6032,41.5105],[-90.5822,41.5173],[-90.4829,41.5309],[-90.4409,41.5434],[-90.4223,41.554],[-90.4146,41.5679],[-90.4055,41.5743],[-90.3615,41.5933],[-90.3463,41.6054],[-90.3413,41.6159],[-90.3392,41.6264],[-90.3389,41.6501],[-90.341,41.6559],[-90.3447,41.6604],[-90.3465,41.6648],[-90.3321,41.6845],[-90.3282,41.7062],[-90.3183,41.7285],[-90.305,41.7485],[-90.2911,41.7637],[-90.277,41.7744],[-90.2351,41.7997],[-90.2188,41.8046],[-90.2012,41.8136],[-90.1886,41.8348],[-90.1744,41.8797],[-90.167,41.9413],[-90.1494,41.9763],[-90.144,42.0187],[-90.1403,42.0306],[-90.165,42.0752],[-90.1682,42.0889],[-90.168,42.1047],[-90.1697,42.1165],[-90.1765,42.1237],[-90.1918,42.1262],[-90.2011,42.1309],[-90.2262,42.1534],[-90.2365,42.1609],[-90.3219,42.1996],[-90.3355,42.2019],[-90.3489,42.2072],[-90.3704,42.2306],[-90.4031,42.2454],[-90.4121,42.2684],[-90.4146,42.3254]],[[-90.4146,42.3254],[-90.4146,42.3186]]]}},{"type":"Feature","properties":{},"geometry":{"type":"MultiLineString","coordinates":[[[-88.0453,37.8067],[-88.0497,37.7935],[-88.0499,37.7736],[-88.0603,37.7512],[-88.0758,37.7377],[-88.1323,37.6994],[-88.1439,37.6859],[-88.1567,37.6639],[-88.1633,37.64],[-88.1566,37.6209],[-88.1398,37.5936],[-88.1347,37.588],[-88.105,37.5628],[-88.083,37.5197],[-88.091,37.4913],[-88.1231,37.4746],[-88.3071,37.4481],[-88.3656,37.4215],[-88.3825,37.4177]],[[-88.3825,37.4177],[-88.4275,37.4182]],[[-88.4275,37.4182],[-88.4483,37.4158],[-88.465,37.4089],[-88.4782,37.3983],[-88.4886,37.3847],[-88.5079,37.3427],[-88.5124,37.3033],[-88.5034,37.267],[-88.4818,37.2338],[-88.4517,37.1988],[-88.434,37.1685],[-88.4334,37.1366],[-88.4545,37.0961],[-88.4843,37.0725],[-88.5215,37.0676]],[[-88.5215,37.0676],[-88.5611,37.0769],[-88.633,37.1149],[-88.907,37.2202],[-88.9555,37.2278]],[[-88.9555,37.2278],[-89.0019,37.2233],[-89.0437,37.2086],[-89.0783,37.1855],[-89.0885,37.1747],[-89.1226,37.1242],[-89.1568,37.093],[-89.1787,37.0623],[-89.1763,37.0359],[-89.1581,37.0115],[-89.1237,36.9796]]]}},{"type":"Feature","properties":{},"geometry":{"type":"LineString","coordinates":[[-87.2077,41.7597],[-87.1913,41.8313],[-87.167,41.9325],[-87.137,42.0561],[-87.1127,42.1581],[-87.0908,42.2489],[-87.0673,42.342],[-87.0424,42.4212],[-87.0188,42.4962]]}},{"type":"Feature","properties":{},"geometry":{"type":"LineString","coordinates":[]}},{"type":"Feature","properties":{},"geometry":{"type":"MultiLineString","coordinates":[[[-90.6369,42.5118],[-90.4597,42.5105],[-90.2824,42.5093],[-90.1052,42.508],[-89.928,42.5068],[-89.7507,42.5055],[-89.5735,42.5043],[-89.3962,42.503],[-89.219,42.5018],[-89.0417,42.5005],[-88.8645,42.4993],[-88.6873,42.498],[-88.51,42.4968],[-88.3327,42.4955],[-88.1555,42.4943],[-87.9783,42.4931],[-87.801,42.4918]],[[-90.6413,42.5118],[-90.641,42.5118],[-90.6407,42.5118],[-90.6405,42.5118],[-90.6402,42.5118],[-90.6399,42.5118],[-90.6397,42.5118],[-90.6394,42.5118],[-90.6391,42.5118],[-90.6388,42.5118],[-90.6386,42.5118],[-90.6383,42.5118],[-90.638,42.5118],[-90.6377,42.5118],[-90.6375,42.5118],[-90.6372,42.5118],[-90.6369,42.5118]],[[-87.801,42.4918],[-87.6105,42.4918],[-87.4201,42.4918],[-87.2374,42.4935],[-87.1265,42.4949],[-87.0188,42.4962]]]}},{"type":"Feature","properties":{},"geometry":{"type":"LineString","coordinates":[[-84.8235,39.0974],[-84.8226,39.1787],[-84.8218,39.2601],[-84.8209,39.3415],[-84.8201,39.4228],[-84.8192,39.5042],[-84.8184,39.5855],[-84.8175,39.6668],[-84.8166,39.7482],[-84.8158,39.8295],[-84.815,39.9108],[-84.8141,39.9922],[-84.8133,40.0735],[-84.8124,40.1549],[-84.8115,40.2362],[-84.8107,40.3176],[-84.8098,40.3989],[-84.8089,40.4803],[-84.8081,40.5616],[-84.8072,40.6429],[-84.8063,40.7243],[-84.8055,40.8056],[-84.8046,40.8869],[-84.8038,40.9683],[-84.8029,41.0496],[-84.8021,41.131],[-84.8012,41.2123],[-84.8004,41.2937],[-84.8042,41.3687],[-84.8042,41.4481],[-84.8061,41.537],[-84.8061,41.6174],[-84.8061,41.6968]]}},{"type":"Feature","properties":{},"geometry":{"type":"MultiLineString","coordinates":[[[-84.8194,38.7893],[-84.8062,38.795],[-84.8198,38.8282],[-84.8126,38.8477],[-84.7986,38.8611],[-84.7853,38.8782],[-84.784,38.8929],[-84.8058,38.8992],[-84.8492,38.9012],[-84.8652,38.9072],[-84.8775,38.9197],[-84.8685,38.9294],[-84.8329,38.957],[-84.8228,38.9743],[-84.8281,38.9914],[-84.8427,39.0065],[-84.8706,39.0295],[-84.8731,39.0617],[-84.8428,39.088],[-84.8235,39.0974]],[[-84.9013,38.7961],[-84.8194,38.7893]],[[-85.186,38.6937],[-85.1454,38.7007],[-84.9995,38.7717],[-84.9359,38.7924],[-84.9013,38.7961]],[[-85.3209,38.7433],[-85.2573,38.7409],[-85.2398,38.7343],[-85.2055,38.7033],[-85.186,38.6937]],[[-85.7583,38.2698],[-85.7205,38.2789],[-85.7005,38.2877],[-85.6651,38.3095],[-85.6434,38.3436],[-85.6197,38.4319],[-85.59,38.461],[-85.5695,38.4653],[-85.5266,38.4687],[-85.5112,38.4777],[-85.4958,38.4952],[-85.4821,38.5076],[-85.4289,38.5386],[-85.4148,38.5534],[-85.4102,38.5721],[-85.4312,38.6111],[-85.4398,38.6726],[-85.447,38.6866],[-85.4552,38.7075],[-85.4547,38.7264],[-85.4361,38.7347],[-85.3209,38.7433]],[[-85.8057,38.289],[-85.7921,38.2865],[-85.7801,38.2826],[-85.775,38.2788],[-85.7699,38.27],[-85.7583,38.2698]],[[-86.0513,37.9696],[-86.0418,37.9772],[-86.032,37.994],[-86.0087,38.001],[-85.9599,38.0079],[-85.9484,38.0139],[-85.9388,38.0209],[-85.931,38.029],[-85.9247,38.0378],[-85.9146,38.0636],[-85.9053,38.1593],[-85.9006,38.1799],[-85.8913,38.2021],[-85.8779,38.2198],[-85.861,38.227],[-85.8511,38.236],[-85.8294,38.2772],[-85.8159,38.289],[-85.8057,38.289]],[[-86.3829,38.1946],[-86.3617,38.1929],[-86.3435,38.186],[-86.2917,38.1536],[-86.2827,38.1419],[-86.2861,38.0999],[-86.2844,38.0844],[-86.2752,38.0699],[-86.2594,38.059],[-86.2197,38.0422],[-86.2035,38.0321],[-86.1837,38.0229],[-86.1333,38.02],[-86.1108,38.0153],[-86.0729,37.9832],[-86.0513,37.9696]],[[-86.4161,38.1152],[-86.3925,38.1171],[-86.3504,38.1314],[-86.3328,38.1471],[-86.3409,38.1544],[-86.3616,38.1596],[-86.3817,38.1692],[-86.3939,38.1878],[-86.3829,38.1946]],[[-86.4618,38.1373],[-86.4503,38.1367],[-86.4387,38.1317],[-86.4335,38.128],[-86.4283,38.1183],[-86.4161,38.1152]],[[-86.6244,37.8538],[-86.6036,37.8645],[-86.5955,37.8847],[-86.5956,37.9044],[-86.5897,37.9194],[-86.5359,37.9286],[-86.5232,37.9383],[-86.5203,37.9535],[-86.5235,38.0192],[-86.5186,38.0405],[-86.5052,38.0495],[-86.4838,38.0509],[-86.4608,38.0565],[-86.4437,38.069],[-86.4397,38.0904],[-86.4454,38.1015],[-86.4632,38.1173],[-86.467,38.128],[-86.4618,38.1373]],[[-86.8188,37.9952],[-86.8029,37.9772],[-86.7946,37.9507],[-86.7728,37.9238],[-86.7422,37.9039],[-86.7072,37.8986]],[[-87.1181,37.7887],[-87.0867,37.8054],[-87.0705,37.8289],[-87.043,37.8918],[-87.0313,37.9081],[-87.0195,37.9191],[-87.0056,37.9266],[-86.9878,37.9328],[-86.9296,37.9377],[-86.9161,37.943],[-86.8932,37.9608],[-86.8549,37.984],[-86.8188,37.9952]],[[-87.5986,37.9764],[-87.5911,37.9737],[-87.5857,37.9662],[-87.5868,37.9495],[-87.5837,37.9396],[-87.5489,37.9134]],[[-87.657,37.8252],[-87.6271,37.8345],[-87.6014,37.857],[-87.5911,37.8844],[-87.5961,37.905],[-87.6144,37.934],[-87.6184,37.9564],[-87.6152,37.9689],[-87.6076,37.9752],[-87.5986,37.9764]],[[-87.4266,37.9464],[-87.4052,37.9421],[-87.3816,37.9332],[-87.3591,37.9217],[-87.341,37.9092],[-87.323,37.8995],[-87.2553,37.8782],[-87.2198,37.8591],[-87.2093,37.8549],[-87.1952,37.8519],[-87.1768,37.8508],[-87.1649,37.8471],[-87.1603,37.838],[-87.1581,37.8267],[-87.1529,37.8161],[-87.1376,37.8004],[-87.1291,37.7944],[-87.1181,37.7887]],[[-87.5489,37.9134],[-87.51,37.9198],[-87.4687,37.9378],[-87.4266,37.9464]],[[-87.9091,37.9316],[-87.8877,37.9286],[-87.8686,37.9157],[-87.8539,37.9011],[-87.838,37.8896],[-87.8196,37.8817],[-87.7972,37.8782]],[[-87.9508,37.7819],[-87.9458,37.7886],[-87.8996,37.8297],[-87.9298,37.8889],[-87.9337,37.9023],[-87.9265,37.9233],[-87.9091,37.9316]],[[-87.6867,37.9069],[-87.6737,37.8986],[-87.6718,37.8849],[-87.6822,37.8524],[-87.6799,37.8372],[-87.657,37.8252]],[[-87.7972,37.8782],[-87.7774,37.8804],[-87.7377,37.8911],[-87.7283,37.8918],[-87.719,37.8991],[-87.7035,37.9056],[-87.6867,37.9069]],[[-86.663,37.9055],[-86.6439,37.9014],[-86.6554,37.8813],[-86.663,37.8638],[-86.6485,37.8541],[-86.6244,37.8538]],[[-86.7072,37.8986],[-86.663,37.9055]],[[-88.0225,37.8093],[-88.005,37.8038],[-87.9693,37.7858],[-87.9508,37.7819]],[[-88.0453,37.8067],[-88.0225,37.8093]]]}},{"type":"Feature","properties":{},"geometry":{"type":"LineString","coordinates":[[-87.2212,41.7597],[-87.2077,41.7597]]}},{"type":"Feature","properties":{},"geometry":{"type":"MultiLineString","coordinates":[[[-87.1239,41.7597],[-87.0464,41.7597],[-86.9687,41.7596],[-86.8912,41.7596],[-86.8136,41.7595],[-86.736,41.7595],[-86.6584,41.7595],[-86.5808,41.7594],[-86.5032,41.7594]],[[-87.2077,41.7597],[-87.2015,41.7597],[-87.1239,41.7597]],[[-86.4257,41.7594],[-86.3481,41.7594],[-86.2705,41.7593]],[[-86.5032,41.7594],[-86.4257,41.7594]],[[-86.1929,41.7593],[-86.1153,41.7593],[-86.0377,41.7592],[-85.9601,41.7592],[-85.8825,41.7592],[-85.805,41.7591],[-85.7274,41.7591],[-85.6498,41.7591],[-85.5722,41.759]],[[-86.2705,41.7593],[-86.1929,41.7593]],[[-85.4946,41.759],[-85.417,41.7589],[-85.3394,41.7589]],[[-85.5722,41.759],[-85.4946,41.759]],[[-85.2618,41.7589],[-85.1843,41.7589],[-85.1067,41.7588],[-85.0291,41.7588],[-84.9515,41.7588],[-84.8739,41.7587],[-84.8061,41.7583],[-84.8061,41.6968]],[[-85.3394,41.7589],[-85.2618,41.7589]]]}},{"type":"Feature","properties":{},"geometry":{"type":"MultiLineString","coordinates":[[[-87.2791,41.7597],[-87.2278,41.7597]],[[-87.5597,38.6808],[-87.5478,38.6828],[-87.5427,38.69],[-87.5112,38.7634],[-87.5242,38.8026],[-87.5458,38.8412],[-87.557,38.8781],[-87.5537,38.8898],[-87.5396,38.9055],[-87.5365,38.9166],[-87.5365,38.9575],[-87.5425,38.9702],[-87.5722,38.9904],[-87.5837,39.0016],[-87.59,39.0185],[-87.5983,39.0557],[-87.6085,39.0736],[-87.6389,39.0978],[-87.6537,39.105],[-87.6612,39.1099],[-87.6668,39.1183],[-87.6633,39.1566],[-87.5987,39.2056],[-87.5979,39.2486],[-87.6207,39.2824],[-87.6254,39.2997],[-87.615,39.32],[-87.597,39.3349],[-87.5365,39.3572],[-87.5327,39.3616],[-87.5325,39.3996],[-87.5318,39.5445],[-87.5311,39.6893],[-87.5304,39.8342],[-87.5297,39.979],[-87.5289,40.1239],[-87.5282,40.2687],[-87.5275,40.4136],[-87.5268,40.5585],[-87.526,40.7033],[-87.5254,40.8482],[-87.5247,40.9931],[-87.5239,41.1379],[-87.5232,41.2828],[-87.5225,41.4276],[-87.5218,41.5725],[-87.521,41.7173],[-87.521,41.7597],[-87.3832,41.7597],[-87.2791,41.7597]],[[-87.2278,41.7597],[-87.2212,41.7597]],[[-87.5734,38.6809],[-87.5597,38.6808]],[[-87.6321,38.5975],[-87.6282,38.5997],[-87.6247,38.6025],[-87.6215,38.6064],[-87.6184,38.6118],[-87.6233,38.6318],[-87.615,38.6517],[-87.5998,38.6686],[-87.5837,38.6794],[-87.5734,38.6809]],[[-87.6532,38.4971],[-87.6464,38.5081],[-87.6465,38.5199],[-87.6633,38.5409],[-87.6668,38.5565],[-87.6619,38.5716],[-87.6517,38.5829],[-87.6388,38.5913],[-87.6258,38.5975]],[[-87.6258,38.5975],[-87.6321,38.5975]],[[-87.6645,38.5024],[-87.6585,38.498],[-87.6532,38.4971]],[[-87.8552,38.289],[-87.8486,38.2939],[-87.8459,38.3051],[-87.8444,38.3178],[-87.8413,38.3269],[-87.8347,38.3378],[-87.8259,38.3606],[-87.8176,38.3716],[-87.8096,38.3764],[-87.79,38.382],[-87.7829,38.3853],[-87.7676,38.4003],[-87.7523,38.4216],[-87.7472,38.4417],[-87.7624,38.4535],[-87.7624,38.461],[-87.7319,38.4686],[-87.7004,38.4815],[-87.6919,38.4872],[-87.6811,38.4972],[-87.6737,38.5019],[-87.6645,38.5024]],[[-87.8754,38.317],[-87.8715,38.3127],[-87.869,38.303],[-87.8646,38.2934],[-87.8552,38.289]],[[-87.9048,38.2795],[-87.8969,38.2982],[-87.8905,38.3064],[-87.8826,38.3138],[-87.8754,38.317]],[[-87.9263,38.3027],[-87.9251,38.2964],[-87.9156,38.2848],[-87.9048,38.2795]],[[-88.014,38.0916],[-88.0299,38.0979],[-88.0069,38.1112],[-87.9852,38.128],[-87.9754,38.1334],[-87.9535,38.1375],[-87.9443,38.1419],[-87.934,38.1599],[-87.9464,38.1713],[-87.9654,38.1799],[-87.9753,38.1894],[-87.9786,38.196],[-87.9857,38.2023],[-87.9926,38.21],[-87.9952,38.2208],[-87.9919,38.2328],[-87.9852,38.2396],[-87.9767,38.2454],[-87.9678,38.2543],[-87.9605,38.2703],[-87.955,38.2866],[-87.9456,38.2988],[-87.9263,38.3027]],[[-88.0572,37.8918],[-88.0414,37.8984],[-88.0382,37.9056],[-88.0411,37.9152],[-88.0436,37.9291],[-88.0497,37.9495],[-88.0494,37.9616],[-88.0399,37.9669],[-88.035,37.9737],[-88.0358,37.989],[-88.0396,38.0054],[-88.0436,38.0153],[-88.0314,38.0271],[-88.0454,38.0517],[-88.0331,38.0563],[-88.0162,38.0586],[-87.9986,38.0649],[-87.9818,38.0736],[-87.9678,38.0836],[-87.9824,38.0942]],[[-87.9824,38.0942],[-88.014,38.0916]],[[-88.1119,37.8986],[-88.0673,37.8919],[-88.0572,37.8918]],[[-88.0658,37.8281],[-88.0505,37.829],[-88.0399,37.8335],[-88.0462,37.8446],[-88.0953,37.8818],[-88.1119,37.8986]],[[-88.0948,37.8297],[-88.0658,37.8281]],[[-88.0453,37.8067],[-88.0687,37.8144],[-88.088,37.8161],[-88.0949,37.8182],[-88.0985,37.8229],[-88.0985,37.8276],[-88.0948,37.8297]]]}},{"type":"Feature","properties":{},"geometry":{"type":"LineString","coordinates":[]}},{"type":"Feature","properties":{},"geometry":{"type":"LineString","coordinates":[[-84.885,10.9477],[-84.9418,10.9801],[-85.0273,11.0086],[-85.1617,11.0575],[-85.2106,11.0779],[-85.3002,11.1105],[-85.341,11.1471],[-85.1015,11.6315]]}},{"type":"Feature","properties":{},"geometry":{"type":"MultiLineString","coordinates":[[[-78.6128,26.5462],[-78.5981,26.5314]],[[-78.6464,26.5049],[-78.6567,26.5207],[-78.6359,26.5462],[-78.6128,26.5462]]]}},{"type":"Feature","properties":{},"geometry":{"type":"LineString","coordinates":[[-78.4744,26.7128],[-78.4459,26.6612],[-78.4112,26.5942]]}},{"type":"Feature","properties":{},"geometry":{"type":"LineString","coordinates":[[-77.3754,26.6995],[-77.328,26.7091]]}},{"type":"Feature","properties":{},"geometry":{"type":"LineString","coordinates":[[-77.2306,26.2851],[-77.0316,26.3553]]}},{"type":"Feature","properties":{},"geometry":{"type":"MultiLineString","coordinates":[[[-77.8341,24.649],[-77.7418,24.6347]],[[-78.1344,24.5016],[-78.0998,24.5476],[-78.0718,24.5965],[-78.0299,24.6175],[-77.9424,24.6385],[-77.8341,24.649]]]}},{"type":"Feature","properties":{},"geometry":{"type":"LineString","coordinates":[[-77.744,24.0355],[-77.7816,24.0083],[-77.8226,23.9802]]}},{"type":"Feature","properties":{},"geometry":{"type":"LineString","coordinates":[[-76.3326,25.2853],[-76.314,25.2996]]}},{"type":"Feature","properties":{},"geometry":{"type":"LineString","coordinates":[[-76.1703,24.9889],[-76.1544,24.9814]]}},{"type":"Feature","properties":{},"geometry":{"type":"LineString","coordinates":[[-61.1989,13.2393],[-61.2002,13.2229],[-61.1928,13.2167]]}},{"type":"Feature","properties":{},"geometry":{"type":"MultiLineString","coordinates":[[[-61.1713,13.38],[-61.1713,13.3593],[-61.1615,13.3553],[-61.1608,13.3422],[-61.1694,13.3409],[-61.1726,13.3226],[-61.172,13.3088],[-61.1707,13.2924],[-61.172,13.2734],[-61.1746,13.2603]],[[-61.1746,13.2603],[-61.1877,13.2629]]]}},{"type":"Feature","properties":{},"geometry":{"type":"MultiLineString","coordinates":[[[-61.1928,13.2167],[-61.1877,13.2124],[-61.1746,13.2032]],[[-61.1628,13.2052],[-61.1477,13.2026],[-61.1355,13.1978]],[[-61.1746,13.2032],[-61.1628,13.2052]]]}},{"type":"Feature","properties":{},"geometry":{"type":"LineString","coordinates":[[-61.1877,13.2629],[-61.1949,13.2491],[-61.1989,13.2393]]}},{"type":"Feature","properties":{},"geometry":{"type":"MultiLineString","coordinates":[[[-61.2008,13.276],[-61.1877,13.2629]],[[-61.2279,13.2553],[-61.2146,13.2642],[-61.2008,13.276]],[[-61.2684,13.2659],[-61.25,13.2603],[-61.2279,13.2553]]]}},{"type":"Feature","properties":{},"geometry":{"type":"LineString","coordinates":[[-61.1989,13.2393],[-61.212,13.2373],[-61.2198,13.2341],[-61.2382,13.2144],[-61.2585,13.2],[-61.2714,13.1865]]}},{"type":"Feature","properties":{},"geometry":{"type":"LineString","coordinates":[[-61.1928,13.2167],[-61.1989,13.2046],[-61.2211,13.1803],[-61.2379,13.1634]]}},{"type":"Feature","properties":{},"geometry":{"type":"LineString","coordinates":[[-61.6864,12.1109],[-61.6814,12.0912],[-61.6765,12.0846]]}},{"type":"Feature","properties":{},"geometry":{"type":"LineString","coordinates":[[-61.6625,12.1586],[-61.6765,12.1356],[-61.688,12.1216],[-61.6864,12.1109]]}},{"type":"Feature","properties":{},"geometry":{"type":"LineString","coordinates":[[-61.6559,12.1792],[-61.6625,12.1586]]}},{"type":"Feature","properties":{},"geometry":{"type":"LineString","coordinates":[[-61.6765,12.0846],[-61.6897,12.0805],[-61.6963,12.0583],[-61.6963,12.041],[-61.6889,12.0295],[-61.683,12.0254]]}},{"type":"Feature","properties":{},"geometry":{"type":"LineString","coordinates":[[-61.6821,12.2233],[-61.6691,12.2137],[-61.6592,12.1997],[-61.6559,12.1792]]}},{"type":"Feature","properties":{},"geometry":{"type":"MultiLineString","coordinates":[[[-61.6584,12.0895],[-61.6428,12.0829],[-61.6245,12.069]],[[-61.6765,12.0846],[-61.6584,12.0895]]]}},{"type":"Feature","properties":{},"geometry":{"type":"MultiLineString","coordinates":[[[-61.6313,12.1792],[-61.6032,12.1767]],[[-61.6559,12.1792],[-61.6313,12.1792]]]}},{"type":"Feature","properties":{},"geometry":{"type":"LineString","coordinates":[[-61.6625,12.1586],[-61.6773,12.1701],[-61.6963,12.1792],[-61.7151,12.1839]]}},{"type":"Feature","properties":{},"geometry":{"type":"MultiLineString","coordinates":[[[-61.6864,12.1109],[-61.716,12.1101]],[[-61.716,12.1101],[-61.751,12.1101]]]}},{"type":"Feature","properties":{},"geometry":{"type":"LineString","coordinates":[[-60.9816,13.8358],[-60.9919,13.8301],[-61.0257,13.8176],[-61.0496,13.8063],[-61.0681,13.7922]]}},{"type":"Feature","properties":{},"geometry":{"type":"LineString","coordinates":[[-60.9356,14.018],[-60.9368,14.0094],[-60.9405,13.9793]]}},{"type":"Feature","properties":{},"geometry":{"type":"LineString","coordinates":[[-60.901,14.0734],[-60.9155,14.0645],[-60.928,14.0532],[-60.933,14.0369],[-60.9356,14.018]]}},{"type":"Feature","properties":{},"geometry":{"type":"LineString","coordinates":[[-60.9405,13.9793],[-60.9468,13.9542],[-60.9568,13.9279],[-60.9606,13.9003]]}},{"type":"Feature","properties":{},"geometry":{"type":"LineString","coordinates":[[-60.9643,13.8452],[-60.9752,13.8392]]}},{"type":"Feature","properties":{},"geometry":{"type":"LineString","coordinates":[[-60.9606,13.9003],[-60.9606,13.879]]}},{"type":"Feature","properties":{},"geometry":{"type":"LineString","coordinates":[[-60.9606,13.879],[-60.9606,13.869],[-60.9643,13.8452]]}},{"type":"Feature","properties":{},"geometry":{"type":"LineString","coordinates":[[-60.9752,13.8392],[-60.9816,13.8358]]}},{"type":"Feature","properties":{},"geometry":{"type":"LineString","coordinates":[[-60.98,14.0435],[-60.9656,14.0344],[-60.9581,14.0219],[-60.9356,14.018]]}},{"type":"Feature","properties":{},"geometry":{"type":"LineString","coordinates":[[-61.0266,13.9874],[-61.0095,13.9818],[-60.9919,13.978],[-60.9844,13.9655],[-60.9819,13.9454],[-60.9806,13.9241],[-60.9806,13.9116],[-60.9806,13.8928]]}},{"type":"Feature","properties":{},"geometry":{"type":"LineString","coordinates":[[-60.9806,13.8928],[-60.9719,13.8828],[-60.9606,13.879]]}},{"type":"Feature","properties":{},"geometry":{"type":"MultiLineString","coordinates":[[[-60.9907,13.8665],[-61.0107,13.8715],[-61.0245,13.894],[-61.0408,13.9053],[-61.0558,13.9091]],[[-61.0558,13.9091],[-61.0669,13.909]],[[-60.9806,13.8928],[-60.9831,13.874],[-60.9907,13.8665]]]}},{"type":"Feature","properties":{},"geometry":{"type":"MultiLineString","coordinates":[[[-60.9017,13.983],[-60.883,13.9806]],[[-60.9405,13.9793],[-60.9205,13.9818],[-60.9017,13.983]]]}},{"type":"Feature","properties":{},"geometry":{"type":"MultiLineString","coordinates":[[[-60.9217,13.8978],[-60.9067,13.9053],[-60.8902,13.9085]],[[-60.9393,13.9041],[-60.9217,13.8978]],[[-60.9606,13.9003],[-60.9393,13.9041]]]}},{"type":"Feature","properties":{},"geometry":{"type":"MultiLineString","coordinates":[[[-60.9643,13.8452],[-60.943,13.8402],[-60.9155,13.8326]],[[-60.9155,13.8326],[-60.8922,13.8332]]]}},{"type":"Feature","properties":{},"geometry":{"type":"LineString","coordinates":[[-60.9752,13.8392],[-60.9618,13.8239],[-60.9418,13.8026],[-60.9292,13.7888],[-60.918,13.774]]}},{"type":"Feature","properties":{},"geometry":{"type":"LineString","coordinates":[[-60.9816,13.8358],[-60.9809,13.8308]]}},{"type":"Feature","properties":{},"geometry":{"type":"LineString","coordinates":[[-60.9809,13.8308],[-60.9804,13.8264],[-60.9769,13.8134],[-60.9702,13.7909],[-60.9639,13.7758],[-60.9628,13.7554],[-60.9624,13.7417],[-60.9671,13.7306]]}},{"type":"Feature","properties":{},"geometry":{"type":"LineString","coordinates":[[-61.0189,13.7562],[-61.012,13.7709],[-61.0011,13.792],[-60.9888,13.8194],[-60.9857,13.8278],[-60.9809,13.8308]]}},{"type":"Feature","properties":{},"geometry":{"type":"LineString","coordinates":[[-62.17,16.777],[-62.1775,16.768],[-62.1842,16.7546],[-62.1886,16.739]]}},{"type":"Feature","properties":{},"geometry":{"type":"LineString","coordinates":[[-62.1886,16.739],[-62.179,16.7293],[-62.1686,16.7234],[-62.1508,16.7204]]}},{"type":"Feature","properties":{},"geometry":{"type":"LineString","coordinates":[[-62.2255,16.7478],[-62.202,16.7449],[-62.1886,16.739]]}},{"type":"Feature","properties":{},"geometry":{"type":"LineString","coordinates":[[-60.6547,11.308],[-60.647,11.2919],[-60.6666,11.2682],[-60.6944,11.2503],[-60.7042,11.2407],[-60.679,11.231],[-60.6646,11.2186],[-60.6471,11.2042]]}},{"type":"Feature","properties":{},"geometry":{"type":"LineString","coordinates":[[-61.7934,17.1649],[-61.7916,17.1449],[-61.8058,17.1439],[-61.8048,17.1235],[-61.7967,17.1163],[-61.7936,17.0949],[-61.7956,17.0837],[-61.7814,17.0745],[-61.7742,17.0714]]}},{"type":"Feature","properties":{},"geometry":{"type":"LineString","coordinates":[[-61.7742,17.0714],[-61.7742,17.0602]]}},{"type":"Feature","properties":{},"geometry":{"type":"LineString","coordinates":[[-61.815,17.048],[-61.8079,17.0347],[-61.8109,17.0235],[-61.8041,17.0073]]}},{"type":"Feature","properties":{},"geometry":{"type":"MultiLineString","coordinates":[[[-61.7742,17.0602],[-61.7844,17.0622]],[[-61.7844,17.0622],[-61.8069,17.0561],[-61.815,17.048]]]}},{"type":"Feature","properties":{},"geometry":{"type":"LineString","coordinates":[[-61.7742,17.0602],[-61.7487,17.0602],[-61.7334,17.0643]]}},{"type":"Feature","properties":{},"geometry":{"type":"LineString","coordinates":[[-61.7334,17.0643],[-61.7283,17.0837],[-61.7148,17.0931]]}},{"type":"Feature","properties":{},"geometry":{"type":"LineString","coordinates":[[-61.7262,17.0385],[-61.7334,17.0643]]}},{"type":"Feature","properties":{},"geometry":{"type":"LineString","coordinates":[[-61.7742,17.0714],[-61.7671,17.0857],[-61.7558,17.0898],[-61.7569,17.1],[-61.762,17.1082],[-61.7564,17.1142]]}},{"type":"Feature","properties":{},"geometry":{"type":"MultiLineString","coordinates":[[[-61.8538,17.0949],[-61.8446,17.0867],[-61.8273,17.0827],[-61.8263,17.0796],[-61.8314,17.0684],[-61.8354,17.0429]],[[-61.8662,17.0869],[-61.8538,17.0949]],[[-61.8201,17.0592],[-61.815,17.048]],[[-61.8354,17.0429],[-61.8201,17.0592]]]}},{"type":"Feature","properties":{},"geometry":{"type":"LineString","coordinates":[[-62.7875,17.3498],[-62.7804,17.3421],[-62.7791,17.3356],[-62.7544,17.331]]}},{"type":"Feature","properties":{},"geometry":{"type":"LineString","coordinates":[[-62.7544,17.331],[-62.7453,17.331]]}},{"type":"Feature","properties":{},"geometry":{"type":"LineString","coordinates":[[-62.7343,17.3187],[-62.7291,17.309],[-62.7317,17.3057],[-62.7238,17.2917]]}},{"type":"Feature","properties":{},"geometry":{"type":"LineString","coordinates":[[-62.8076,17.3667],[-62.7875,17.3498]]}},{"type":"Feature","properties":{},"geometry":{"type":"LineString","coordinates":[[-62.7453,17.331],[-62.7382,17.3304]]}},{"type":"Feature","properties":{},"geometry":{"type":"MultiLineString","coordinates":[[[-62.8407,17.3823],[-62.8349,17.3797],[-62.8362,17.3726],[-62.8076,17.3667]],[[-62.8446,17.3771],[-62.8407,17.3823]],[[-62.8566,17.3804],[-62.8446,17.3771]]]}},{"type":"Feature","properties":{},"geometry":{"type":"LineString","coordinates":[[-62.7382,17.3304],[-62.7343,17.3187]]}},{"type":"Feature","properties":{},"geometry":{"type":"MultiLineString","coordinates":[[[-62.7278,17.3207],[-62.7233,17.3135],[-62.7097,17.3109],[-62.6993,17.3057],[-62.6902,17.2986]],[[-62.7343,17.3187],[-62.7278,17.3207]],[[-62.6902,17.2986],[-62.6812,17.2994]]]}},{"type":"Feature","properties":{},"geometry":{"type":"MultiLineString","coordinates":[[[-62.722,17.3375],[-62.7116,17.3375],[-62.7036,17.3416]],[[-62.7317,17.3388],[-62.722,17.3375]],[[-62.7382,17.3304],[-62.7317,17.3388]]]}},{"type":"Feature","properties":{},"geometry":{"type":"LineString","coordinates":[[-62.7453,17.331],[-62.746,17.344],[-62.7414,17.3544],[-62.7376,17.3609],[-62.7305,17.3646]]}},{"type":"Feature","properties":{},"geometry":{"type":"LineString","coordinates":[[-62.7875,17.3498],[-62.7752,17.3674],[-62.7765,17.3745],[-62.7694,17.387]]}},{"type":"Feature","properties":{},"geometry":{"type":"LineString","coordinates":[[-62.8076,17.3667],[-62.8083,17.3726],[-62.8148,17.3745],[-62.818,17.3803],[-62.8186,17.392],[-62.8186,17.4017],[-62.8223,17.4101]]}},{"type":"Feature","properties":{},"geometry":{"type":"LineString","coordinates":[[-62.8076,17.3667],[-62.8148,17.3531],[-62.8193,17.3531],[-62.8245,17.3414],[-62.8316,17.3301]]}},{"type":"Feature","properties":{},"geometry":{"type":"LineString","coordinates":[[-62.7544,17.331],[-62.7583,17.3174],[-62.7661,17.3135],[-62.7693,17.3051],[-62.7716,17.298]]}},{"type":"Feature","properties":{},"geometry":{"type":"LineString","coordinates":[[-62.5786,17.1455],[-62.5657,17.1005]]}},{"type":"Feature","properties":{},"geometry":{"type":"LineString","coordinates":[[-62.6125,17.1891],[-62.5955,17.1773],[-62.5786,17.1455]]}},{"type":"Feature","properties":{},"geometry":{"type":"MultiLineString","coordinates":[[[-62.5624,17.15],[-62.5488,17.1455],[-62.537,17.1384]],[[-62.5786,17.1455],[-62.5624,17.15]]]}},{"type":"Feature","properties":{},"geometry":{"type":"MultiLineString","coordinates":[[[-62.5786,17.1455],[-62.5968,17.1384]],[[-62.5968,17.1384],[-62.6264,17.1407]]]}},{"type":"Feature","properties":{},"geometry":{"type":"LineString","coordinates":[[-62.5786,17.1455],[-62.5922,17.1325],[-62.6085,17.1293],[-62.6216,17.1283]]}},{"type":"Feature","properties":{},"geometry":{"type":"LineString","coordinates":[[-63.1228,18.2081],[-63.1226,18.1836]]}},{"type":"Feature","properties":{},"geometry":{"type":"MultiLineString","coordinates":[[[-62.9952,18.2562],[-62.9964,18.2522],[-63.002,18.2438]],[[-62.9944,18.2438],[-62.9948,18.2345]],[[-63.002,18.2438],[-62.9944,18.2438]]]}},{"type":"Feature","properties":{},"geometry":{"type":"MultiLineString","coordinates":[[[-63.0135,18.272],[-63.0135,18.261]],[[-63.0032,18.261],[-62.9952,18.2562]],[[-63.0135,18.261],[-63.0032,18.261]]]}},{"type":"Feature","properties":{},"geometry":{"type":"MultiLineString","coordinates":[[[-63.0075,18.2673],[-63.0,18.2673],[-62.9945,18.2749]],[[-63.0074,18.273],[-63.0075,18.2673]]]}},{"type":"Feature","properties":{},"geometry":{"type":"LineString","coordinates":[[-63.1138,18.1898],[-63.1139,18.1969],[-63.1027,18.1969],[-63.1019,18.2012],[-63.0876,18.2016],[-63.0812,18.2068],[-63.0726,18.2121]]}},{"type":"Feature","properties":{},"geometry":{"type":"LineString","coordinates":[[-63.0726,18.2121],[-63.0613,18.2192]]}},{"type":"Feature","properties":{},"geometry":{"type":"LineString","coordinates":[[-63.0613,18.2125],[-63.0614,18.1989]]}},{"type":"Feature","properties":{},"geometry":{"type":"LineString","coordinates":[[-63.0613,18.2192],[-63.0613,18.2125]]}},{"type":"Feature","properties":{},"geometry":{"type":"LineString","coordinates":[[-63.0613,18.2192],[-63.047,18.2267]]}},{"type":"Feature","properties":{},"geometry":{"type":"LineString","coordinates":[[-63.0342,18.2279],[-63.0314,18.2247],[-63.0304,18.215]]}},{"type":"Feature","properties":{},"geometry":{"type":"LineString","coordinates":[[-63.047,18.2267],[-63.0342,18.2279]]}},{"type":"Feature","properties":{},"geometry":{"type":"LineString","coordinates":[[-63.0342,18.2279],[-63.0293,18.2352]]}},{"type":"Feature","properties":{},"geometry":{"type":"LineString","coordinates":[[-63.0293,18.2352],[-63.0428,18.2349],[-63.0441,18.2323]]}},{"type":"Feature","properties":{},"geometry":{"type":"LineString","coordinates":[[-63.0441,18.2323],[-63.047,18.2267]]}},{"type":"Feature","properties":{},"geometry":{"type":"MultiLineString","coordinates":[[[-63.0613,18.2192],[-63.0693,18.2196]],[[-63.0693,18.2196],[-63.0758,18.2163]]]}},{"type":"Feature","properties":{},"geometry":{"type":"LineString","coordinates":[[-63.0758,18.2163],[-63.0788,18.2148],[-63.0972,18.2125]]}},{"type":"Feature","properties":{},"geometry":{"type":"LineString","coordinates":[[-63.0727,18.2313],[-63.047,18.2267]]}},{"type":"Feature","properties":{},"geometry":{"type":"LineString","coordinates":[[-63.0612,18.2458],[-63.0481,18.2354]]}},{"type":"Feature","properties":{},"geometry":{"type":"LineString","coordinates":[[-63.0481,18.2354],[-63.0441,18.2323]]}},{"type":"Feature","properties":{},"geometry":{"type":"LineString","coordinates":[[-63.0481,18.2354],[-63.039,18.2526],[-63.0259,18.253],[-63.0223,18.2626],[-63.0229,18.2704]]}},{"type":"Feature","properties":{},"geometry":{"type":"MultiLineString","coordinates":[[[-63.0111,18.2502],[-62.9952,18.2562]],[[-63.0231,18.251],[-63.0111,18.2502]],[[-63.0293,18.2352],[-63.0231,18.251]]]}},{"type":"Feature","properties":{},"geometry":{"type":"MultiLineString","coordinates":[[[-63.0721,18.2028],[-63.0655,18.2058],[-63.0613,18.2125]],[[-63.0726,18.2121],[-63.0721,18.2028]]]}},{"type":"Feature","properties":{},"geometry":{"type":"LineString","coordinates":[[-63.0779,18.226],[-63.0755,18.2205],[-63.0758,18.2163]]}},{"type":"Feature","properties":{},"geometry":{"type":"LineString","coordinates":[[-64.8631,32.269],[-64.8802,32.2659]]}},{"type":"Feature","properties":{},"geometry":{"type":"MultiLineString","coordinates":[[[-64.8207,32.2619],[-64.8152,32.2543]],[[-64.8329,32.2597],[-64.8207,32.2619]]]}},{"type":"Feature","properties":{},"geometry":{"type":"MultiLineString","coordinates":[[[-64.7844,32.2973],[-64.7844,32.2906]],[[-64.7945,32.2895],[-64.7938,32.2964],[-64.7844,32.2973]]]}},{"type":"Feature","properties":{},"geometry":{"type":"LineString","coordinates":[[-64.8077,32.2864],[-64.8112,32.2822]]}},{"type":"Feature","properties":{},"geometry":{"type":"LineString","coordinates":[[-64.7971,32.2791],[-64.7883,32.2653]]}},{"type":"Feature","properties":{},"geometry":{"type":"MultiLineString","coordinates":[[[-64.767,32.2964],[-64.7608,32.2862]],[[-64.779,32.2911],[-64.767,32.2964]]]}},{"type":"Feature","properties":{},"geometry":{"type":"LineString","coordinates":[[-64.7801,32.3034],[-64.779,32.2911]]}},{"type":"Feature","properties":{},"geometry":{"type":"LineString","coordinates":[[-64.7482,32.3165],[-64.7379,32.3021]]}},{"type":"Feature","properties":{},"geometry":{"type":"MultiLineString","coordinates":[[[-64.7397,32.317],[-64.7312,32.3231]],[[-64.7427,32.3218],[-64.7397,32.317]]]}},{"type":"Feature","properties":{},"geometry":{"type":"LineString","coordinates":[[-64.7139,32.3295],[-64.7073,32.3212]]}},{"type":"Feature","properties":{},"geometry":{"type":"LineString","coordinates":[[-64.7054,32.3361],[-64.6984,32.3264]]}},{"type":"Feature","properties":{},"geometry":{"type":"LineString","coordinates":[[-64.7054,32.3361],[-64.6949,32.3399]]}},{"type":"Feature","properties":{},"geometry":{"type":"MultiLineString","coordinates":[[[-64.677,32.3698],[-64.6685,32.3743],[-64.6721,32.381]],[[-64.6721,32.381],[-64.681,32.376],[-64.677,32.3698]]]}},{"type":"Feature","properties":{},"geometry":{"type":"LineString","coordinates":[[-64.7081,32.3516],[-64.722,32.3525]]}},{"type":"Feature","properties":{},"geometry":{"type":"LineString","coordinates":[[-82.4359,22.9573],[-82.4374,22.9226],[-82.4374,22.8961],[-82.4496,22.8716],[-82.4578,22.8389],[-82.4578,22.8021],[-82.4374,22.7633],[-82.4169,22.7367],[-82.4044,22.7299],[-82.3913,22.7222],[-82.388,22.7097],[-82.3916,22.6884]]}},{"type":"Feature","properties":{},"geometry":{"type":"LineString","coordinates":[[-77.6925,8.7724],[-77.6916,8.7669]]}},{"type":"Feature","properties":{},"geometry":{"type":"LineString","coordinates":[[-77.6925,8.7724],[-77.6916,8.7669]]}},{"type":"Feature","properties":{},"geometry":{"type":"LineString","coordinates":[[-77.6925,8.7724],[-77.6948,8.7861]]}},{"type":"Feature","properties":{},"geometry":{"type":"LineString","coordinates":[[-77.6925,8.7724],[-77.6948,8.7861]]}},{"type":"Feature","properties":{},"geometry":{"type":"LineString","coordinates":[[-81.5225,8.3793],[-81.5193,8.3417]]}},{"type":"Feature","properties":{},"geometry":{"type":"LineString","coordinates":[[-81.5225,8.3793],[-81.5193,8.3417]]}},{"type":"Feature","properties":{},"geometry":{"type":"LineString","coordinates":[[-81.5225,8.3793],[-81.5267,8.4292]]}},{"type":"Feature","properties":{},"geometry":{"type":"LineString","coordinates":[[-81.5225,8.3793],[-81.5267,8.4292]]}},{"type":"Feature","properties":{},"geometry":{"type":"LineString","coordinates":[[-82.1549,8.7626],[-82.1532,8.7626]]}},{"type":"Feature","properties":{},"geometry":{"type":"LineString","coordinates":[[-82.1549,8.7626],[-82.1532,8.7626]]}},{"type":"Feature","properties":{},"geometry":{"type":"LineString","coordinates":[[-88.5687,17.2704],[-88.57,17.2343],[-88.5687,17.229],[-88.5575,17.2134],[-88.5491,17.1943],[-88.5483,17.1832],[-88.5485,17.174],[-88.5535,17.1622],[-88.5547,17.1551],[-88.5582,17.1443],[-88.5604,17.1391],[-88.5623,17.1369],[-88.5646,17.1357],[-88.5664,17.1328],[-88.5682,17.1294],[-88.5691,17.1244],[-88.5726,17.1183],[-88.5746,17.116],[-88.5769,17.1139],[-88.58,17.1123],[-88.6024,17.1045]]}},{"type":"Feature","properties":{},"geometry":{"type":"LineString","coordinates":[[-88.6289,17.454],[-88.6053,17.4635],[-88.5993,17.4734],[-88.5934,17.486],[-88.585,17.4899]]}},{"type":"Feature","properties":{},"geometry":{"type":"LineString","coordinates":[[-58.6677,4.6633],[-58.6633,4.6609],[-58.6201,4.6471],[-58.6096,4.6417],[-58.6026,4.6367],[-58.5883,4.6283],[-58.5678,4.6212],[-58.521,4.6138]]}},{"type":"Feature","properties":{},"geometry":{"type":"MultiLineString","coordinates":[[[-58.8447,5.415],[-58.859,5.4087],[-58.8663,5.3883],[-58.8753,5.3718],[-58.8787,5.3621],[-58.8799,5.3511],[-58.8797,5.3418],[-58.8805,5.3339],[-58.8849,5.3267],[-58.8382,5.2561],[-58.8269,5.2448],[-58.8206,5.2291],[-58.8218,5.1571],[-58.8459,5.0128],[-58.844,4.9717],[-58.8196,4.9081],[-58.7943,4.7659],[-58.7807,4.7489],[-58.7351,4.7622]],[[-58.521,4.6138],[-58.3704,4.615],[-58.2969,4.632],[-58.2822,4.6343]]]}},{"type":"Feature","properties":{},"geometry":{"type":"LineString","coordinates":[[-58.4865,4.2709],[-58.5167,4.2837],[-58.5324,4.2876],[-58.5405,4.2885]]}},{"type":"Feature","properties":{},"geometry":{"type":"MultiLineString","coordinates":[[[-58.5405,4.2885],[-58.5485,4.2885],[-58.5643,4.2865],[-58.5727,4.2841],[-58.5979,4.2729],[-58.6185,4.2599],[-58.6328,4.2482],[-58.6482,4.2307],[-58.6682,4.1967],[-58.6738,4.1896],[-58.8075,4.0708],[-58.8262,4.0471],[-58.8537,4.0186],[-58.8693,4.0064],[-58.8761,4.0026],[-58.8806,4.0006],[-58.8915,3.9995]],[[-58.8915,3.9995],[-58.9249,3.9999],[-58.9389,4.004],[-58.946,4.009],[-58.9548,4.0166],[-59.0231,4.1045],[-59.0288,4.1154],[-59.0324,4.1257],[-59.0377,4.151],[-59.0472,4.1742],[-59.0504,4.1783],[-59.0553,4.1829],[-59.0631,4.1854],[-59.0685,4.1864],[-59.0751,4.186],[-59.0817,4.1846],[-59.0888,4.1823],[-59.1337,4.1601],[-59.1407,4.1575],[-59.148,4.1558],[-59.1548,4.1557],[-59.1762,4.159],[-59.1901,4.1597],[-59.2492,4.1501],[-59.3847,4.1546],[-59.3991,4.158],[-59.4138,4.1634],[-59.4469,4.1792],[-59.4547,4.1845],[-59.4622,4.191],[-59.4695,4.2002],[-59.4728,4.2094],[-59.473,4.219],[-59.4679,4.2318],[-59.4625,4.2407],[-59.4503,4.2553],[-59.4462,4.2636],[-59.4459,4.2729],[-59.4534,4.3153],[-59.4547,4.3581],[-59.4509,4.3775],[-59.4456,4.3914],[-59.4397,4.3983],[-59.4353,4.4052],[-59.4353,4.4176],[-59.4394,4.4341],[-59.4534,4.4678],[-59.4583,4.484],[-59.4663,4.501],[-59.488,4.509],[-59.5091,4.5031],[-59.5172,4.4995],[-59.5247,4.4953],[-59.5328,4.4895],[-59.5409,4.4822],[-59.5515,4.4697],[-59.5576,4.461],[-59.5899,4.3954],[-59.5945,4.3889],[-59.6008,4.382],[-59.6084,4.3767],[-59.6183,4.3722],[-59.6384,4.3698],[-59.6752,4.3734],[-59.6871,4.3715]]]}},{"type":"Feature","properties":{},"geometry":{"type":"LineString","coordinates":[[-77.0683,38.9019],[-77.0637,38.8913],[-77.0518,38.8811],[-77.0452,38.8762],[-77.039,38.8683],[-77.035,38.861],[-77.033,38.854],[-77.0328,38.8453],[-77.037,38.8398],[-77.0438,38.8394],[-77.0433,38.8354],[-77.04,38.8274],[-77.0376,38.815],[-77.0384,38.7963],[-77.043,38.7919],[-77.0497,38.7887],[-77.0403,38.7852],[-77.0229,38.8028]]}},{"type":"Feature","properties":{},"geometry":{"type":"LineString","coordinates":[[-77.0403,38.7852],[-77.0425,38.7289],[-77.0478,38.7157],[-77.07,38.7107],[-77.0827,38.7075],[-77.088,38.7047],[-77.131,38.6772],[-77.138,38.6504],[-77.1349,38.6363],[-77.1629,38.6315],[-77.1872,38.6208],[-77.2255,38.6056],[-77.2464,38.5929],[-77.2544,38.5673],[-77.2686,38.5534],[-77.285,38.5203],[-77.3054,38.5022],[-77.3266,38.4509],[-77.3143,38.4061],[-77.2974,38.3687],[-77.2908,38.3538],[-77.2806,38.3378],[-77.249,38.3299],[-77.1667,38.3479],[-77.1335,38.3671],[-77.0857,38.3684],[-77.0585,38.3942],[-77.0408,38.3959],[-77.0204,38.3846],[-77.0148,38.3723],[-77.017,38.3551],[-77.014,38.3435],[-77.0145,38.3305],[-77.023,38.3201],[-77.0247,38.3021],[-77.0005,38.2773],[-76.9749,38.2707],[-76.9654,38.2672],[-76.9598,38.2601],[-76.9551,38.2472],[-76.9566,38.2355],[-76.9614,38.2183],[-76.9542,38.2102],[-76.9129,38.1992],[-76.8818,38.177],[-76.8646,38.1734],[-76.83,38.1655],[-76.797,38.1694],[-76.7751,38.167],[-76.6815,38.1592],[-76.67,38.1574],[-76.6146,38.1504],[-76.6072,38.1435],[-76.6014,38.1325],[-76.6072,38.113],[-76.5953,38.1051],[-76.5813,38.0976],[-76.5611,38.0895],[-76.5344,38.0752],[-76.5287,38.0643],[-76.5207,38.0528],[-76.5144,38.0349],[-76.5071,38.0228],[-76.5045,38.0236],[-76.4851,38.0218],[-76.4705,38.0163],[-76.4631,38.0149],[-76.4544,38.0062],[-76.4618,38.0023],[-76.4691,38.001],[-76.4082,37.9696],[-76.373,37.9606],[-76.2912,37.925],[-76.262,37.9143],[-76.2479,37.9035],[-76.2334,37.8876],[-76.0483,37.9545],[-76.0455,37.9545]]}},{"type":"Feature","properties":{},"geometry":{"type":"LineString","coordinates":[[-75.4245,39.8066],[-75.4201,39.8048],[-75.4383,39.7844],[-75.4577,39.7696],[-75.4664,39.7525],[-75.4741,39.7266],[-75.4969,39.7026],[-75.5092,39.6853],[-75.5277,39.6556],[-75.5508,39.6409],[-75.5653,39.6277],[-75.5696,39.6163],[-75.5675,39.6052],[-75.5608,39.5964],[-75.5489,39.5868],[-75.5294,39.5708],[-75.5254,39.5567],[-75.5282,39.5356],[-75.5309,39.5195],[-75.5413,39.5089],[-75.5591,39.4958],[-75.5628,39.4839],[-75.5622,39.4713],[-75.5555,39.4513],[-75.4814,39.3876],[-75.4423,39.353],[-75.321,39.2514],[-75.1685,39.0562],[-75.1385,39.0027],[-75.0418,38.8353]]}},{"type":"Feature","properties":{},"geometry":{"type":"LineString","coordinates":[[-75.4201,39.8048],[-75.3694,39.8331],[-75.3465,39.8426],[-75.32,39.8497],[-75.2942,39.8524],[-75.2479,39.8582],[-75.2158,39.8684],[-75.185,39.8817],[-75.1703,39.8865],[-75.1562,39.8879],[-75.1404,39.8873],[-75.1327,39.8926],[-75.1282,39.8989],[-75.1272,39.9088],[-75.1306,39.9228],[-75.1303,39.9445],[-75.1278,39.9547],[-75.1224,39.9608],[-75.1128,39.9684],[-75.0946,39.9752],[-75.0756,39.978],[-75.0707,39.9797],[-75.0601,39.9934],[-75.0534,39.998],[-75.0236,40.0163]]}},{"type":"Feature","properties":{},"geometry":{"type":"LineString","coordinates":[[-74.1876,40.4803],[-74.0421,40.5093],[-73.9503,40.5255],[-73.8867,40.4898]]}},{"type":"Feature","properties":{},"geometry":{"type":"LineString","coordinates":[[-73.6417,41.0018],[-73.6131,40.9508],[-73.4347,40.9884],[-73.0045,41.0859],[-72.5279,41.1785],[-72.3315,41.215],[-72.1415,41.2501]]}},{"type":"Feature","properties":{},"geometry":{"type":"LineString","coordinates":[[-74.0403,40.6765],[-74.0346,40.6849],[-74.0263,40.6999],[-74.0138,40.7566],[-73.9848,40.7977],[-73.9623,40.8288],[-73.9439,40.8659],[-73.9326,40.8842],[-73.9179,40.9176],[-73.8959,40.9855],[-73.9071,40.9908]]}},{"type":"Feature","properties":{},"geometry":{"type":"LineString","coordinates":[[-87.4196,30.4796],[-87.4031,30.4636],[-87.3822,30.4501],[-87.3712,30.4479],[-87.3669,30.4405],[-87.3697,30.4309],[-87.3765,30.4271],[-87.4061,30.4147],[-87.43,30.3976],[-87.4391,30.3829],[-87.4518,30.3567],[-87.4619,30.343],[-87.4891,30.3311],[-87.5059,30.3194],[-87.491,30.3069],[-87.4842,30.3087],[-87.4473,30.3131],[-87.4463,30.2982],[-87.4711,30.2937],[-87.4883,30.2851],[-87.4964,30.2875],[-87.5185,30.2822],[-87.5184,30.2533]]}},{"type":"Feature","properties":{},"geometry":{"type":"LineString","coordinates":[[-88.4022,30.3878],[-88.3811,30.1603]]}},{"type":"Feature","properties":{},"geometry":{"type":"LineString","coordinates":[[-88.9578,30.1487],[-89.0965,30.1658]]}},{"type":"Feature","properties":{},"geometry":{"type":"LineString","coordinates":[[-89.526,30.1928],[-89.5148,30.1618],[-89.5001,30.1607],[-89.4494,30.1678],[-89.4216,30.177],[-89.3061,30.1779],[-89.2574,30.183]]}},{"type":"Feature","properties":{},"geometry":{"type":"LineString","coordinates":[[-123.1801,46.1791],[-123.2131,46.1725],[-123.2816,46.1436],[-123.3033,46.1448],[-123.3726,46.1471],[-123.4274,46.1807],[-123.4276,46.2293],[-123.4463,46.2485],[-123.4748,46.2678],[-123.5016,46.2701],[-123.5405,46.2602],[-123.6499,46.2586],[-123.6881,46.2501],[-123.7276,46.2648],[-123.7414,46.2692],[-123.7817,46.2536],[-123.8151,46.2498],[-123.8719,46.2349],[-123.9305,46.2388],[-123.9409,46.2415],[-123.9603,46.2567],[-123.967,46.2652],[-123.9713,46.2677],[-123.9972,46.2701],[-124.0013,46.274],[-124.0074,46.2862],[-124.013,46.29],[-124.0254,46.2934],[-124.0312,46.2952],[-124.0372,46.2908],[-124.0357,46.2844],[-124.0315,46.2818],[-124.0309,46.2752],[-124.0318,46.2602],[-124.0926,46.2597]]}},{"type":"Feature","properties":{},"geometry":{"type":"LineString","coordinates":[[-76.0441,37.9544],[-76.0331,37.9547],[-76.0186,37.9545]]}},{"type":"Feature","properties":{},"geometry":{"type":"LineString","coordinates":[[-76.0164,37.9545],[-76.007,37.9543],[-75.9938,37.9541]]}},{"type":"Feature","properties":{},"geometry":{"type":"LineString","coordinates":[[-75.9919,37.954],[-75.9437,37.9461],[-75.9527,37.9068],[-75.8012,37.9122],[-75.7616,37.9414],[-75.6956,37.9553],[-75.663,37.9484],[-75.649,37.9644]]}},{"type":"Feature","properties":{},"geometry":{"type":"LineString","coordinates":[[-75.0839,38.4536],[-75.0581,38.4537]]}}]}