{"type":"FeatureCollection","features":[{"type":"Feature","properties":{"name":"Virginia","sr":7,"cap":0,"pop":8709},"geometry":{"type":"Point","coordinates":[-92.5364,47.5237]}},{"type":"Feature","properties":{"name":"Winona","sr":7,"cap":0,"pop":32897},"geometry":{"type":"Point","coordinates":[-91.6392,44.0504]}},{"type":"Feature","properties":{"name":"Rochester","sr":7,"cap":0,"pop":108511},"geometry":{"type":"Point","coordinates":[-92.4697,44.0221]}},{"type":"Feature","properties":{"name":"Lakeville","sr":7,"cap":0,"pop":261308},"geometry":{"type":"Point","coordinates":[-93.2425,44.6501]}},{"type":"Feature","properties":{"name":"Ely","sr":7,"cap":0,"pop":3731},"geometry":{"type":"Point","coordinates":[-91.8257,47.9004]}},{"type":"Feature","properties":{"name":"Moorhead","sr":7,"cap":0,"pop":35528},"geometry":{"type":"Point","coordinates":[-96.7422,46.8743]}},{"type":"Feature","properties":{"name":"St. Cloud","sr":7,"cap":0,"pop":112794},"geometry":{"type":"Point","coordinates":[-94.1622,45.5612]}},{"type":"Feature","properties":{"name":"Miles City","sr":7,"cap":0,"pop":8615},"geometry":{"type":"Point","coordinates":[-105.84,46.4089]}},{"type":"Feature","properties":{"name":"Bozeman","sr":7,"cap":0,"pop":44921},"geometry":{"type":"Point","coordinates":[-111.0378,45.6801]}},{"type":"Feature","properties":{"name":"Glasgow","sr":7,"cap":0,"pop":3240},"geometry":{"type":"Point","coordinates":[-106.6353,48.184]}},{"type":"Feature","properties":{"name":"Dickinson","sr":7,"cap":0,"pop":16399},"geometry":{"type":"Point","coordinates":[-102.7888,46.884]}},{"type":"Feature","properties":{"name":"Jamestown","sr":7,"cap":0,"pop":15081},"geometry":{"type":"Point","coordinates":[-98.703,46.906]}},{"type":"Feature","properties":{"name":"Williston","sr":7,"cap":0,"pop":13564},"geometry":{"type":"Point","coordinates":[-103.628,48.1568]}},{"type":"Feature","properties":{"name":"Montpelier","sr":7,"cap":0,"pop":2997},"geometry":{"type":"Point","coordinates":[-111.2969,42.3226]}},{"type":"Feature","properties":{"name":"Twin Falls","sr":7,"cap":0,"pop":47315},"geometry":{"type":"Point","coordinates":[-114.4606,42.561]}},{"type":"Feature","properties":{"name":"Caldwell","sr":7,"cap":0,"pop":132476},"geometry":{"type":"Point","coordinates":[-116.6705,43.661]}},{"type":"Feature","properties":{"name":"Salmon","sr":7,"cap":0,"pop":3601},"geometry":{"type":"Point","coordinates":[-113.895,45.1757]}},{"type":"Feature","properties":{"name":"Coeur d'Alene","sr":7,"cap":0,"pop":34514},"geometry":{"type":"Point","coordinates":[-116.7794,47.6781]}},{"type":"Feature","properties":{"name":"Richland","sr":7,"cap":0,"pop":44869},"geometry":{"type":"Point","coordinates":[-119.2911,46.2918]}},{"type":"Feature","properties":{"name":"Bellingham","sr":7,"cap":0,"pop":99662},"geometry":{"type":"Point","coordinates":[-122.4869,48.7601]}},{"type":"Feature","properties":{"name":"Longview","sr":7,"cap":0,"pop":66231},"geometry":{"type":"Point","coordinates":[-122.937,46.1387]}},{"type":"Feature","properties":{"name":"Walla Walla","sr":7,"cap":0,"pop":45150},"geometry":{"type":"Point","coordinates":[-118.3419,46.0652]}},{"type":"Feature","properties":{"name":"Aberdeen","sr":7,"cap":0,"pop":32745},"geometry":{"type":"Point","coordinates":[-123.8144,46.9749]}},{"type":"Feature","properties":{"name":"Bremerton","sr":7,"cap":0,"pop":126820},"geometry":{"type":"Point","coordinates":[-122.642,47.5736]}},{"type":"Feature","properties":{"name":"Everett","sr":7,"cap":0,"pop":486903},"geometry":{"type":"Point","coordinates":[-122.2,47.9604]}},{"type":"Feature","properties":{"name":"Bullhead City","sr":7,"cap":0,"pop":37989},"geometry":{"type":"Point","coordinates":[-114.5675,35.1482]}},{"type":"Feature","properties":{"name":"Winslow","sr":7,"cap":0,"pop":9931},"geometry":{"type":"Point","coordinates":[-110.6968,35.0236]}},{"type":"Feature","properties":{"name":"Gila Bend","sr":7,"cap":0,"pop":2088},"geometry":{"type":"Point","coordinates":[-112.7247,32.9504]}},{"type":"Feature","properties":{"name":"Tombstone","sr":7,"cap":0,"pop":1570},"geometry":{"type":"Point","coordinates":[-110.0669,31.7131]}},{"type":"Feature","properties":{"name":"Willcox","sr":7,"cap":0,"pop":5146},"geometry":{"type":"Point","coordinates":[-109.8314,32.2532]}},{"type":"Feature","properties":{"name":"Scottsdale","sr":7,"cap":0,"pop":15401},"geometry":{"type":"Point","coordinates":[-111.9254,33.4885]}},{"type":"Feature","properties":{"name":"Kingman","sr":7,"cap":0,"pop":42182},"geometry":{"type":"Point","coordinates":[-114.0522,35.1899]}},{"type":"Feature","properties":{"name":"Grand Canyon","sr":7,"cap":0,"pop":1550},"geometry":{"type":"Point","coordinates":[-112.1386,36.0548]}},{"type":"Feature","properties":{"name":"Arcata","sr":7,"cap":0,"pop":20905},"geometry":{"type":"Point","coordinates":[-124.0828,40.8627]}},{"type":"Feature","properties":{"name":"Stockton","sr":7,"cap":0,"pop":685306},"geometry":{"type":"Point","coordinates":[-121.2897,37.9581]}},{"type":"Feature","properties":{"name":"Barstow","sr":7,"cap":0,"pop":21119},"geometry":{"type":"Point","coordinates":[-117.0219,34.899]}},{"type":"Feature","properties":{"name":"Victorville","sr":7,"cap":0,"pop":83496},"geometry":{"type":"Point","coordinates":[-117.2903,34.5365]}},{"type":"Feature","properties":{"name":"Pasadena","sr":7,"cap":0,"pop":144618},"geometry":{"type":"Point","coordinates":[-118.1389,34.1604]}},{"type":"Feature","properties":{"name":"Visalia","sr":7,"cap":0,"pop":121968},"geometry":{"type":"Point","coordinates":[-119.316,36.325]}},{"type":"Feature","properties":{"name":"El Centro","sr":7,"cap":0,"pop":45000},"geometry":{"type":"Point","coordinates":[-115.558,32.7924]}},{"type":"Feature","properties":{"name":"San Luis Obispo","sr":7,"cap":0,"pop":65386},"geometry":{"type":"Point","coordinates":[-120.6586,35.2832]}},{"type":"Feature","properties":{"name":"Merced","sr":7,"cap":0,"pop":96091},"geometry":{"type":"Point","coordinates":[-120.4819,37.3026]}},{"type":"Feature","properties":{"name":"Yuba City","sr":7,"cap":0,"pop":116217},"geometry":{"type":"Point","coordinates":[-121.6158,39.141]}},{"type":"Feature","properties":{"name":"Redding","sr":7,"cap":0,"pop":96058},"geometry":{"type":"Point","coordinates":[-122.3906,40.587]}},{"type":"Feature","properties":{"name":"Santa Rosa","sr":7,"cap":0,"pop":231792},"geometry":{"type":"Point","coordinates":[-122.7,38.4504]}},{"type":"Feature","properties":{"name":"Oceanside","sr":7,"cap":0,"pop":609854},"geometry":{"type":"Point","coordinates":[-117.3458,33.1915]}},{"type":"Feature","properties":{"name":"Modesto","sr":7,"cap":0,"pop":323386},"geometry":{"type":"Point","coordinates":[-120.99,37.6554]}},{"type":"Feature","properties":{"name":"Irvine","sr":7,"cap":0,"pop":3010232},"geometry":{"type":"Point","coordinates":[-117.8299,33.6804]}},{"type":"Feature","properties":{"name":"Ukiah","sr":7,"cap":0,"pop":27828},"geometry":{"type":"Point","coordinates":[-123.2109,39.1542]}},{"type":"Feature","properties":{"name":"Needles","sr":7,"cap":0,"pop":6974},"geometry":{"type":"Point","coordinates":[-114.6134,34.8484]}},{"type":"Feature","properties":{"name":"Bishop","sr":7,"cap":0,"pop":4827},"geometry":{"type":"Point","coordinates":[-118.3941,37.364]}},{"type":"Feature","properties":{"name":"Palm Springs","sr":7,"cap":0,"pop":390115},"geometry":{"type":"Point","coordinates":[-116.5331,33.7774]}},{"type":"Feature","properties":{"name":"Santa Maria","sr":7,"cap":0,"pop":110705},"geometry":{"type":"Point","coordinates":[-120.4366,34.9401]}},{"type":"Feature","properties":{"name":"Tulare","sr":7,"cap":0,"pop":55908},"geometry":{"type":"Point","coordinates":[-119.3441,36.207]}},{"type":"Feature","properties":{"name":"Mt. Shasta","sr":7,"cap":0,"pop":3855},"geometry":{"type":"Point","coordinates":[-122.3094,41.3104]}},{"type":"Feature","properties":{"name":"Crescent City","sr":7,"cap":0,"pop":11534},"geometry":{"type":"Point","coordinates":[-124.2005,41.7565]}},{"type":"Feature","properties":{"name":"Fort Collins","sr":7,"cap":0,"pop":228385},"geometry":{"type":"Point","coordinates":[-105.0589,40.5607]}},{"type":"Feature","properties":{"name":"Pueblo","sr":7,"cap":0,"pop":112195},"geometry":{"type":"Point","coordinates":[-104.63,38.2804]}},{"type":"Feature","properties":{"name":"Lamar","sr":7,"cap":0,"pop":8620},"geometry":{"type":"Point","coordinates":[-102.6194,38.0865]}},{"type":"Feature","properties":{"name":"Trinidad","sr":7,"cap":0,"pop":9156},"geometry":{"type":"Point","coordinates":[-104.5064,37.1713]}},{"type":"Feature","properties":{"name":"Gunnison","sr":7,"cap":0,"pop":7324},"geometry":{"type":"Point","coordinates":[-106.9283,38.5448]}},{"type":"Feature","properties":{"name":"Durango","sr":7,"cap":0,"pop":23233},"geometry":{"type":"Point","coordinates":[-107.88,37.2756]}},{"type":"Feature","properties":{"name":"Montrose","sr":7,"cap":0,"pop":21789},"geometry":{"type":"Point","coordinates":[-107.8655,38.4773]}},{"type":"Feature","properties":{"name":"Craig","sr":7,"cap":0,"pop":9391},"geometry":{"type":"Point","coordinates":[-107.5504,40.5173]}},{"type":"Feature","properties":{"name":"Boulder","sr":7,"cap":0,"pop":122274},"geometry":{"type":"Point","coordinates":[-105.2445,40.0081]}},{"type":"Feature","properties":{"name":"Boulder City","sr":7,"cap":0,"pop":15479},"geometry":{"type":"Point","coordinates":[-114.8316,35.979]}},{"type":"Feature","properties":{"name":"Winnemucca","sr":7,"cap":0,"pop":9666},"geometry":{"type":"Point","coordinates":[-117.7347,40.9734]}},{"type":"Feature","properties":{"name":"Roswell","sr":7,"cap":0,"pop":46096},"geometry":{"type":"Point","coordinates":[-104.5225,33.3945]}},{"type":"Feature","properties":{"name":"Clovis","sr":7,"cap":0,"pop":33792},"geometry":{"type":"Point","coordinates":[-103.2048,34.4051]}},{"type":"Feature","properties":{"name":"Las Cruces","sr":7,"cap":0,"pop":115167},"geometry":{"type":"Point","coordinates":[-106.7778,32.3126]}},{"type":"Feature","properties":{"name":"Hobbs","sr":7,"cap":0,"pop":28738},"geometry":{"type":"Point","coordinates":[-103.1406,32.7126]}},{"type":"Feature","properties":{"name":"Socorro","sr":7,"cap":0,"pop":8668},"geometry":{"type":"Point","coordinates":[-106.899,34.0621]}},{"type":"Feature","properties":{"name":"Gallup","sr":7,"cap":0,"pop":23800},"geometry":{"type":"Point","coordinates":[-108.734,35.5241]}},{"type":"Feature","properties":{"name":"Raton","sr":7,"cap":0,"pop":7073},"geometry":{"type":"Point","coordinates":[-104.4399,36.8974]}},{"type":"Feature","properties":{"name":"Tucumcari","sr":7,"cap":0,"pop":5313},"geometry":{"type":"Point","coordinates":[-103.7255,35.1698]}},{"type":"Feature","properties":{"name":"Roseburg","sr":7,"cap":0,"pop":30479},"geometry":{"type":"Point","coordinates":[-123.3561,43.2184]}},{"type":"Feature","properties":{"name":"Pendleton","sr":7,"cap":0,"pop":16799},"geometry":{"type":"Point","coordinates":[-118.7875,45.6726]}},{"type":"Feature","properties":{"name":"John Day","sr":7,"cap":0,"pop":1573},"geometry":{"type":"Point","coordinates":[-118.952,44.4165]}},{"type":"Feature","properties":{"name":"Grants Pass","sr":7,"cap":0,"pop":46189},"geometry":{"type":"Point","coordinates":[-123.3272,42.4395]}},{"type":"Feature","properties":{"name":"Corvallis","sr":7,"cap":0,"pop":59030},"geometry":{"type":"Point","coordinates":[-123.28,44.5724]}},{"type":"Feature","properties":{"name":"Albany","sr":7,"cap":0,"pop":51376},"geometry":{"type":"Point","coordinates":[-123.0869,44.6205]}},{"type":"Feature","properties":{"name":"Astoria","sr":7,"cap":0,"pop":10011},"geometry":{"type":"Point","coordinates":[-123.83,46.1884]}},{"type":"Feature","properties":{"name":"Logan","sr":7,"cap":0,"pop":72490},"geometry":{"type":"Point","coordinates":[-111.8336,41.7359]}},{"type":"Feature","properties":{"name":"Parowan","sr":7,"cap":0,"pop":2571},"geometry":{"type":"Point","coordinates":[-112.8272,37.8425]}},{"type":"Feature","properties":{"name":"Kanab","sr":7,"cap":0,"pop":3442},"geometry":{"type":"Point","coordinates":[-112.5255,37.0474]}},{"type":"Feature","properties":{"name":"Monticello","sr":7,"cap":0,"pop":1864},"geometry":{"type":"Point","coordinates":[-109.3422,37.8718]}},{"type":"Feature","properties":{"name":"Moab","sr":7,"cap":0,"pop":5730},"geometry":{"type":"Point","coordinates":[-109.5492,38.5737]}},{"type":"Feature","properties":{"name":"Price","sr":7,"cap":0,"pop":10281},"geometry":{"type":"Point","coordinates":[-110.81,39.5998]}},{"type":"Feature","properties":{"name":"Cedar City","sr":7,"cap":0,"pop":27738},"geometry":{"type":"Point","coordinates":[-113.0611,37.6774]}},{"type":"Feature","properties":{"name":"Vernal","sr":7,"cap":0,"pop":14353},"geometry":{"type":"Point","coordinates":[-109.528,40.4554]}},{"type":"Feature","properties":{"name":"Ogden","sr":7,"cap":0,"pop":377224},"geometry":{"type":"Point","coordinates":[-111.968,41.2324]}},{"type":"Feature","properties":{"name":"Green River","sr":7,"cap":0,"pop":11358},"geometry":{"type":"Point","coordinates":[-109.465,41.5146]}},{"type":"Feature","properties":{"name":"Rawlins","sr":7,"cap":0,"pop":8533},"geometry":{"type":"Point","coordinates":[-107.2343,41.7907]}},{"type":"Feature","properties":{"name":"Douglas","sr":7,"cap":0,"pop":6298},"geometry":{"type":"Point","coordinates":[-105.3845,42.7565]}},{"type":"Feature","properties":{"name":"Riverton","sr":7,"cap":0,"pop":11508},"geometry":{"type":"Point","coordinates":[-108.395,43.0282]}},{"type":"Feature","properties":{"name":"Thermopolis","sr":7,"cap":0,"pop":3445},"geometry":{"type":"Point","coordinates":[-108.2147,43.646]}},{"type":"Feature","properties":{"name":"Gillette","sr":7,"cap":0,"pop":29113},"geometry":{"type":"Point","coordinates":[-105.5053,44.2832]}},{"type":"Feature","properties":{"name":"Jonesboro","sr":7,"cap":0,"pop":58619},"geometry":{"type":"Point","coordinates":[-90.7042,35.8426]}},{"type":"Feature","properties":{"name":"Texarkana","sr":7,"cap":0,"pop":74414},"geometry":{"type":"Point","coordinates":[-94.0375,33.4421]}},{"type":"Feature","properties":{"name":"Pine Bluff","sr":7,"cap":0,"pop":53217},"geometry":{"type":"Point","coordinates":[-92.0031,34.2287]}},{"type":"Feature","properties":{"name":"Hot Springs","sr":7,"cap":0,"pop":44182},"geometry":{"type":"Point","coordinates":[-93.055,34.504]}},{"type":"Feature","properties":{"name":"Fort Smith","sr":7,"cap":0,"pop":93988},"geometry":{"type":"Point","coordinates":[-94.3984,35.3862]}},{"type":"Feature","properties":{"name":"Fayetteville","sr":7,"cap":0,"pop":151671},"geometry":{"type":"Point","coordinates":[-94.1572,36.063]}},{"type":"Feature","properties":{"name":"Conway","sr":7,"cap":0,"pop":61995},"geometry":{"type":"Point","coordinates":[-92.4513,35.0913]}},{"type":"Feature","properties":{"name":"El Dorado","sr":7,"cap":0,"pop":22416},"geometry":{"type":"Point","coordinates":[-92.6625,33.2139]}},{"type":"Feature","properties":{"name":"Davenport","sr":7,"cap":0,"pop":255738},"geometry":{"type":"Point","coordinates":[-90.5875,41.554]}},{"type":"Feature","properties":{"name":"Burlington","sr":7,"cap":0,"pop":29773},"geometry":{"type":"Point","coordinates":[-91.1128,40.8079]}},{"type":"Feature","properties":{"name":"Dubuque","sr":7,"cap":0,"pop":62483},"geometry":{"type":"Point","coordinates":[-90.6645,42.5009]}},{"type":"Feature","properties":{"name":"Waterloo","sr":7,"cap":0,"pop":98347},"geometry":{"type":"Point","coordinates":[-92.3428,42.4932]}},{"type":"Feature","properties":{"name":"Sioux City","sr":7,"cap":0,"pop":90932},"geometry":{"type":"Point","coordinates":[-96.4,42.5004]}},{"type":"Feature","properties":{"name":"Council Bluffs","sr":7,"cap":0,"pop":101805},"geometry":{"type":"Point","coordinates":[-95.8608,41.2623]}},{"type":"Feature","properties":{"name":"Ames","sr":7,"cap":0,"pop":57104},"geometry":{"type":"Point","coordinates":[-93.6231,42.0187]}},{"type":"Feature","properties":{"name":"Mason City","sr":7,"cap":0,"pop":27802},"geometry":{"type":"Point","coordinates":[-93.2008,43.154]}},{"type":"Feature","properties":{"name":"Emporia","sr":7,"cap":0,"pop":29048},"geometry":{"type":"Point","coordinates":[-96.1814,38.4042]}},{"type":"Feature","properties":{"name":"Salina","sr":7,"cap":0,"pop":48031},"geometry":{"type":"Point","coordinates":[-97.6072,38.8247]}},{"type":"Feature","properties":{"name":"Dodge City","sr":7,"cap":0,"pop":25932},"geometry":{"type":"Point","coordinates":[-100.0182,37.7601]}},{"type":"Feature","properties":{"name":"Coffeyville","sr":7,"cap":0,"pop":11760},"geometry":{"type":"Point","coordinates":[-95.6263,37.0381]}},{"type":"Feature","properties":{"name":"St. Charles","sr":7,"cap":0,"pop":360485},"geometry":{"type":"Point","coordinates":[-90.5062,38.7843]}},{"type":"Feature","properties":{"name":"Poplar Bluff","sr":7,"cap":0,"pop":20662},"geometry":{"type":"Point","coordinates":[-90.4027,36.7602]}},{"type":"Feature","properties":{"name":"Joplin","sr":7,"cap":0,"pop":73763},"geometry":{"type":"Point","coordinates":[-94.5131,37.0846]}},{"type":"Feature","properties":{"name":"Columbia","sr":7,"cap":0,"pop":398093},"geometry":{"type":"Point","coordinates":[-92.3339,38.9521]}},{"type":"Feature","properties":{"name":"St. Joseph","sr":7,"cap":0,"pop":78012},"geometry":{"type":"Point","coordinates":[-94.8464,39.769]}},{"type":"Feature","properties":{"name":"McCook","sr":7,"cap":0,"pop":8012},"geometry":{"type":"Point","coordinates":[-100.6262,40.2056]}},{"type":"Feature","properties":{"name":"Norfolk","sr":7,"cap":0,"pop":25030},"geometry":{"type":"Point","coordinates":[-97.4336,42.0287]}},{"type":"Feature","properties":{"name":"North Platte","sr":7,"cap":0,"pop":25247},"geometry":{"type":"Point","coordinates":[-100.7705,41.1363]}},{"type":"Feature","properties":{"name":"Sidney","sr":7,"cap":0,"pop":6492},"geometry":{"type":"Point","coordinates":[-102.9783,41.1398]}},{"type":"Feature","properties":{"name":"Scottsbluff","sr":7,"cap":0,"pop":25475},"geometry":{"type":"Point","coordinates":[-103.6607,41.8675]}},{"type":"Feature","properties":{"name":"Chadron","sr":7,"cap":0,"pop":5798},"geometry":{"type":"Point","coordinates":[-103.0031,42.8279]}},{"type":"Feature","properties":{"name":"Lawton","sr":7,"cap":0,"pop":91752},"geometry":{"type":"Point","coordinates":[-98.41,34.599]}},{"type":"Feature","properties":{"name":"Norman","sr":7,"cap":0,"pop":113525},"geometry":{"type":"Point","coordinates":[-97.442,35.2205]}},{"type":"Feature","properties":{"name":"Muskogee","sr":7,"cap":0,"pop":39295},"geometry":{"type":"Point","coordinates":[-95.3694,35.7482]}},{"type":"Feature","properties":{"name":"Ponca City","sr":7,"cap":0,"pop":25273},"geometry":{"type":"Point","coordinates":[-97.0853,36.7074]}},{"type":"Feature","properties":{"name":"Shawnee","sr":7,"cap":0,"pop":29628},"geometry":{"type":"Point","coordinates":[-96.9338,35.3428]}},{"type":"Feature","properties":{"name":"Woodward","sr":7,"cap":0,"pop":12931},"geometry":{"type":"Point","coordinates":[-99.3977,36.4334]}},{"type":"Feature","properties":{"name":"Guymon","sr":7,"cap":0,"pop":11178},"geometry":{"type":"Point","coordinates":[-101.4795,36.6858]}},{"type":"Feature","properties":{"name":"Yankton","sr":7,"cap":0,"pop":15580},"geometry":{"type":"Point","coordinates":[-97.3925,42.882]}},{"type":"Feature","properties":{"name":"Brookings","sr":7,"cap":0,"pop":22411},"geometry":{"type":"Point","coordinates":[-96.788,44.3068]}},{"type":"Feature","properties":{"name":"Mitchell","sr":7,"cap":0,"pop":15205},"geometry":{"type":"Point","coordinates":[-98.0262,43.7143]}},{"type":"Feature","properties":{"name":"Aberdeen","sr":7,"cap":0,"pop":26041},"geometry":{"type":"Point","coordinates":[-98.4864,45.4651]}},{"type":"Feature","properties":{"name":"Mobridge","sr":7,"cap":0,"pop":3156},"geometry":{"type":"Point","coordinates":[-100.4347,45.5401]}},{"type":"Feature","properties":{"name":"Houma","sr":7,"cap":0,"pop":64592},"geometry":{"type":"Point","coordinates":[-90.7195,29.5959]}},{"type":"Feature","properties":{"name":"Monroe","sr":7,"cap":0,"pop":101724},"geometry":{"type":"Point","coordinates":[-92.1192,32.5096]}},{"type":"Feature","properties":{"name":"Conroe","sr":7,"cap":0,"pop":41643},"geometry":{"type":"Point","coordinates":[-95.4559,30.3121]}},{"type":"Feature","properties":{"name":"Nacogdoches","sr":7,"cap":0,"pop":30691},"geometry":{"type":"Point","coordinates":[-94.6553,31.6037]}},{"type":"Feature","properties":{"name":"Eagle Pass","sr":7,"cap":0,"pop":53276},"geometry":{"type":"Point","coordinates":[-100.4893,28.711]}},{"type":"Feature","properties":{"name":"Edinburg","sr":7,"cap":0,"pop":150000},"geometry":{"type":"Point","coordinates":[-98.16,26.3032]}},{"type":"Feature","properties":{"name":"Kingsville","sr":7,"cap":0,"pop":25264},"geometry":{"type":"Point","coordinates":[-97.8558,27.516]}},{"type":"Feature","properties":{"name":"Port Arthur","sr":7,"cap":0,"pop":56945},"geometry":{"type":"Point","coordinates":[-93.9286,29.899]}},{"type":"Feature","properties":{"name":"Huntsville","sr":7,"cap":0,"pop":35590},"geometry":{"type":"Point","coordinates":[-95.5506,30.7238]}},{"type":"Feature","properties":{"name":"Killeen","sr":7,"cap":0,"pop":137919},"geometry":{"type":"Point","coordinates":[-97.7275,31.1173]}},{"type":"Feature","properties":{"name":"Lufkin","sr":7,"cap":0,"pop":43264},"geometry":{"type":"Point","coordinates":[-94.7289,31.3384]}},{"type":"Feature","properties":{"name":"Del Rio","sr":7,"cap":0,"pop":36068},"geometry":{"type":"Point","coordinates":[-100.8964,29.3629]}},{"type":"Feature","properties":{"name":"San Angelo","sr":7,"cap":0,"pop":88256},"geometry":{"type":"Point","coordinates":[-100.4367,31.464]}},{"type":"Feature","properties":{"name":"Sherman","sr":7,"cap":0,"pop":40284},"geometry":{"type":"Point","coordinates":[-96.6086,33.636]}},{"type":"Feature","properties":{"name":"Beaumont","sr":7,"cap":0,"pop":111485},"geometry":{"type":"Point","coordinates":[-94.1017,30.0863]}},{"type":"Feature","properties":{"name":"Bay City","sr":7,"cap":0,"pop":18663},"geometry":{"type":"Point","coordinates":[-95.9644,28.9811]}},{"type":"Feature","properties":{"name":"Port Lavaca","sr":7,"cap":0,"pop":11743},"geometry":{"type":"Point","coordinates":[-96.6297,28.616]}},{"type":"Feature","properties":{"name":"Falfurrias","sr":7,"cap":0,"pop":5349},"geometry":{"type":"Point","coordinates":[-98.1449,27.2269]}},{"type":"Feature","properties":{"name":"Beeville","sr":7,"cap":0,"pop":13004},"geometry":{"type":"Point","coordinates":[-97.7508,28.406]}},{"type":"Feature","properties":{"name":"Fort Stockton","sr":7,"cap":0,"pop":7721},"geometry":{"type":"Point","coordinates":[-102.885,30.8917]}},{"type":"Feature","properties":{"name":"Pecos","sr":7,"cap":0,"pop":8372},"geometry":{"type":"Point","coordinates":[-103.4999,31.4158]}},{"type":"Feature","properties":{"name":"Dumas","sr":7,"cap":0,"pop":13629},"geometry":{"type":"Point","coordinates":[-101.9669,35.8624]}},{"type":"Feature","properties":{"name":"Denton","sr":7,"cap":0,"pop":176930},"geometry":{"type":"Point","coordinates":[-97.1288,33.2158]}},{"type":"Feature","properties":{"name":"Midland","sr":7,"cap":0,"pop":98501},"geometry":{"type":"Point","coordinates":[-102.0975,32.0307]}},{"type":"Feature","properties":{"name":"Temple","sr":7,"cap":0,"pop":61161},"geometry":{"type":"Point","coordinates":[-97.363,31.1021]}},{"type":"Feature","properties":{"name":"Trujillo","sr":7,"cap":0,"pop":50353},"geometry":{"type":"Point","coordinates":[-70.44,9.3804]}},{"type":"Feature","properties":{"name":"Santa Rita","sr":7,"cap":0,"pop":31810},"geometry":{"type":"Point","coordinates":[-71.5039,10.5318]}},{"type":"Feature","properties":{"name":"Machiques","sr":7,"cap":0,"pop":62968},"geometry":{"type":"Point","coordinates":[-72.5499,10.0704]}},{"type":"Feature","properties":{"name":"San Carlos del Zulia","sr":7,"cap":0,"pop":97288},"geometry":{"type":"Point","coordinates":[-71.92,9.0104]}},{"type":"Feature","properties":{"name":"Puerto Cabello","sr":7,"cap":0,"pop":174000},"geometry":{"type":"Point","coordinates":[-68.0065,10.4597]}},{"type":"Feature","properties":{"name":"Acarigua","sr":7,"cap":0,"pop":260921},"geometry":{"type":"Point","coordinates":[-69.2,9.5804]}},{"type":"Feature","properties":{"name":"New Haven","sr":7,"cap":0,"pop":846766},"geometry":{"type":"Point","coordinates":[-72.9,41.3304]}},{"type":"Feature","properties":{"name":"Lowell","sr":7,"cap":0,"pop":723629},"geometry":{"type":"Point","coordinates":[-71.3167,42.6337]}},{"type":"Feature","properties":{"name":"Worcester","sr":7,"cap":0,"pop":287365},"geometry":{"type":"Point","coordinates":[-71.8,42.2704]}},{"type":"Feature","properties":{"name":"Manchester","sr":7,"cap":0,"pop":196566},"geometry":{"type":"Point","coordinates":[-71.4553,42.996]}},{"type":"Feature","properties":{"name":"Newport","sr":7,"cap":0,"pop":45968},"geometry":{"type":"Point","coordinates":[-71.3134,41.4904]}},{"type":"Feature","properties":{"name":"Dothan","sr":7,"cap":0,"pop":61741},"geometry":{"type":"Point","coordinates":[-85.3906,31.2235]}},{"type":"Feature","properties":{"name":"Tuscaloosa","sr":7,"cap":0,"pop":121373},"geometry":{"type":"Point","coordinates":[-87.5442,33.2251]}},{"type":"Feature","properties":{"name":"Gadsden","sr":7,"cap":0,"pop":41709},"geometry":{"type":"Point","coordinates":[-86.0066,34.0145]}},{"type":"Feature","properties":{"name":"Enterprise","sr":7,"cap":0,"pop":24205},"geometry":{"type":"Point","coordinates":[-85.844,31.3278]}},{"type":"Feature","properties":{"name":"Selma","sr":7,"cap":0,"pop":20126},"geometry":{"type":"Point","coordinates":[-87.0212,32.4076]}},{"type":"Feature","properties":{"name":"Coral Gables","sr":7,"cap":0,"pop":150000},"geometry":{"type":"Point","coordinates":[-80.2911,25.7154]}},{"type":"Feature","properties":{"name":"Cape Coral","sr":7,"cap":0,"pop":132489},"geometry":{"type":"Point","coordinates":[-81.9797,26.6029]}},{"type":"Feature","properties":{"name":"Naples","sr":7,"cap":0,"pop":262306},"geometry":{"type":"Point","coordinates":[-81.795,26.1421]}},{"type":"Feature","properties":{"name":"Fort Pierce","sr":7,"cap":0,"pop":228245},"geometry":{"type":"Point","coordinates":[-80.3258,27.4468]}},{"type":"Feature","properties":{"name":"Kissimmee","sr":7,"cap":0,"pop":225494},"geometry":{"type":"Point","coordinates":[-81.4078,28.2921]}},{"type":"Feature","properties":{"name":"Titusville","sr":7,"cap":0,"pop":52311},"geometry":{"type":"Point","coordinates":[-80.8078,28.6123]}},{"type":"Feature","properties":{"name":"St. Augustine","sr":7,"cap":0,"pop":76331},"geometry":{"type":"Point","coordinates":[-81.3147,29.8949]}},{"type":"Feature","properties":{"name":"Ocala","sr":7,"cap":0,"pop":141382},"geometry":{"type":"Point","coordinates":[-82.1403,29.1874]}},{"type":"Feature","properties":{"name":"Fort Lauderdale","sr":7,"cap":0,"pop":2042042},"geometry":{"type":"Point","coordinates":[-80.1418,26.1361]}},{"type":"Feature","properties":{"name":"Apalachicola","sr":7,"cap":0,"pop":2284},"geometry":{"type":"Point","coordinates":[-84.9925,29.7256]}},{"type":"Feature","properties":{"name":"Vero Beach","sr":7,"cap":0,"pop":86039},"geometry":{"type":"Point","coordinates":[-80.3911,27.6423]}},{"type":"Feature","properties":{"name":"Valdosta","sr":7,"cap":0,"pop":61179},"geometry":{"type":"Point","coordinates":[-83.2786,30.8329]}},{"type":"Feature","properties":{"name":"Albany","sr":7,"cap":0,"pop":88766},"geometry":{"type":"Point","coordinates":[-84.1558,31.5787]}},{"type":"Feature","properties":{"name":"Athens","sr":7,"cap":0,"pop":110301},"geometry":{"type":"Point","coordinates":[-83.378,33.9613]}},{"type":"Feature","properties":{"name":"Macon","sr":7,"cap":0,"pop":115592},"geometry":{"type":"Point","coordinates":[-83.63,32.8504]}},{"type":"Feature","properties":{"name":"Columbus","sr":7,"cap":0,"pop":217980},"geometry":{"type":"Point","coordinates":[-84.98,32.4704]}},{"type":"Feature","properties":{"name":"Douglas","sr":7,"cap":0,"pop":13441},"geometry":{"type":"Point","coordinates":[-82.8507,31.5078]}},{"type":"Feature","properties":{"name":"Dublin","sr":7,"cap":0,"pop":22623},"geometry":{"type":"Point","coordinates":[-82.9183,32.5375]}},{"type":"Feature","properties":{"name":"Gulfport","sr":7,"cap":0,"pop":82165},"geometry":{"type":"Point","coordinates":[-89.0928,30.3676]}},{"type":"Feature","properties":{"name":"Hattiesburg","sr":7,"cap":0,"pop":58874},"geometry":{"type":"Point","coordinates":[-89.2902,31.3273]}},{"type":"Feature","properties":{"name":"Tupelo","sr":7,"cap":0,"pop":35956},"geometry":{"type":"Point","coordinates":[-88.7033,34.2579]}},{"type":"Feature","properties":{"name":"Greenville","sr":7,"cap":0,"pop":38107},"geometry":{"type":"Point","coordinates":[-91.0617,33.4104]}},{"type":"Feature","properties":{"name":"Natchez","sr":7,"cap":0,"pop":23863},"geometry":{"type":"Point","coordinates":[-91.3875,31.5548]}},{"type":"Feature","properties":{"name":"Florence","sr":7,"cap":0,"pop":57438},"geometry":{"type":"Point","coordinates":[-79.7628,34.1957]}},{"type":"Feature","properties":{"name":"Greenville","sr":7,"cap":0,"pop":350954},"geometry":{"type":"Point","coordinates":[-82.3942,34.8529]}},{"type":"Feature","properties":{"name":"Sumter","sr":7,"cap":0,"pop":50868},"geometry":{"type":"Point","coordinates":[-80.3417,33.9207]}},{"type":"Feature","properties":{"name":"Anderson","sr":7,"cap":0,"pop":61558},"geometry":{"type":"Point","coordinates":[-82.6503,34.5037]}},{"type":"Feature","properties":{"name":"Aiken","sr":7,"cap":0,"pop":46196},"geometry":{"type":"Point","coordinates":[-81.7206,33.5495]}},{"type":"Feature","properties":{"name":"Beaufort","sr":7,"cap":0,"pop":31626},"geometry":{"type":"Point","coordinates":[-80.6895,32.4322]}},{"type":"Feature","properties":{"name":"Rock Hill","sr":7,"cap":0,"pop":94564},"geometry":{"type":"Point","coordinates":[-81.03,34.9404]}},{"type":"Feature","properties":{"name":"Decatur","sr":7,"cap":0,"pop":77868},"geometry":{"type":"Point","coordinates":[-88.9547,39.8407]}},{"type":"Feature","properties":{"name":"Alton","sr":7,"cap":0,"pop":84276},"geometry":{"type":"Point","coordinates":[-90.1842,38.891]}},{"type":"Feature","properties":{"name":"Quincy","sr":7,"cap":0,"pop":47108},"geometry":{"type":"Point","coordinates":[-91.4097,39.936]}},{"type":"Feature","properties":{"name":"Urbana","sr":7,"cap":0,"pop":144074},"geometry":{"type":"Point","coordinates":[-88.2042,40.11]}},{"type":"Feature","properties":{"name":"Bloomington","sr":7,"cap":0,"pop":128979},"geometry":{"type":"Point","coordinates":[-88.9936,40.4846]}},{"type":"Feature","properties":{"name":"Kankakee","sr":7,"cap":0,"pop":69608},"geometry":{"type":"Point","coordinates":[-87.8611,41.1204]}},{"type":"Feature","properties":{"name":"Waukegan","sr":7,"cap":0,"pop":200000},"geometry":{"type":"Point","coordinates":[-87.8447,42.364]}},{"type":"Feature","properties":{"name":"Aurora","sr":7,"cap":0,"pop":350000},"geometry":{"type":"Point","coordinates":[-88.3,41.7654]}},{"type":"Feature","properties":{"name":"Carbondale","sr":7,"cap":0,"pop":32444},"geometry":{"type":"Point","coordinates":[-89.2202,37.7268]}},{"type":"Feature","properties":{"name":"Belleville","sr":7,"cap":0,"pop":143900},"geometry":{"type":"Point","coordinates":[-90.0002,38.5252]}},{"type":"Feature","properties":{"name":"Bloomington","sr":7,"cap":0,"pop":100310},"geometry":{"type":"Point","coordinates":[-86.5264,39.1657]}},{"type":"Feature","properties":{"name":"Muncie","sr":7,"cap":0,"pop":85449},"geometry":{"type":"Point","coordinates":[-85.3864,40.1938]}},{"type":"Feature","properties":{"name":"Kokomo","sr":7,"cap":0,"pop":61121},"geometry":{"type":"Point","coordinates":[-86.1336,40.4868]}},{"type":"Feature","properties":{"name":"Gary","sr":7,"cap":0,"pop":591180},"geometry":{"type":"Point","coordinates":[-87.33,41.5804]}},{"type":"Feature","properties":{"name":"Fort Wayne","sr":7,"cap":0,"pop":299871},"geometry":{"type":"Point","coordinates":[-85.13,41.0804]}},{"type":"Feature","properties":{"name":"Covington","sr":7,"cap":0,"pop":585489},"geometry":{"type":"Point","coordinates":[-84.5086,39.084]}},{"type":"Feature","properties":{"name":"Bowling Green","sr":7,"cap":0,"pop":71140},"geometry":{"type":"Point","coordinates":[-86.4436,36.9907]}},{"type":"Feature","properties":{"name":"Paducah","sr":7,"cap":0,"pop":41317},"geometry":{"type":"Point","coordinates":[-88.6,37.0837]}},{"type":"Feature","properties":{"name":"Owensboro","sr":7,"cap":0,"pop":67825},"geometry":{"type":"Point","coordinates":[-87.1133,37.7746]}},{"type":"Feature","properties":{"name":"Jacksonville","sr":7,"cap":0,"pop":77288},"geometry":{"type":"Point","coordinates":[-77.4306,34.7543]}},{"type":"Feature","properties":{"name":"Goldsboro","sr":7,"cap":0,"pop":47602},"geometry":{"type":"Point","coordinates":[-77.9931,35.3851]}},{"type":"Feature","properties":{"name":"Greenville","sr":7,"cap":0,"pop":92565},"geometry":{"type":"Point","coordinates":[-77.3667,35.6129]}},{"type":"Feature","properties":{"name":"Fayetteville","sr":7,"cap":0,"pop":243306},"geometry":{"type":"Point","coordinates":[-78.887,35.0511]}},{"type":"Feature","properties":{"name":"Hickory","sr":7,"cap":0,"pop":89462},"geometry":{"type":"Point","coordinates":[-81.3414,35.7335]}},{"type":"Feature","properties":{"name":"Asheville","sr":7,"cap":0,"pop":142755},"geometry":{"type":"Point","coordinates":[-82.5541,35.6012]}},{"type":"Feature","properties":{"name":"Winston-Salem","sr":7,"cap":0,"pop":281683},"geometry":{"type":"Point","coordinates":[-80.26,36.1054]}},{"type":"Feature","properties":{"name":"Kitty Hawk","sr":7,"cap":0,"pop":3413},"geometry":{"type":"Point","coordinates":[-75.7047,36.0773]}},{"type":"Feature","properties":{"name":"Akron","sr":7,"cap":0,"pop":703200},"geometry":{"type":"Point","coordinates":[-81.52,41.0704]}},{"type":"Feature","properties":{"name":"Lima","sr":7,"cap":0,"pop":68364},"geometry":{"type":"Point","coordinates":[-84.1053,40.7429]}},{"type":"Feature","properties":{"name":"Oak Ridge","sr":7,"cap":0,"pop":33556},"geometry":{"type":"Point","coordinates":[-84.2697,36.0107]}},{"type":"Feature","properties":{"name":"Murfreesboro","sr":7,"cap":0,"pop":115774},"geometry":{"type":"Point","coordinates":[-86.3903,35.846]}},{"type":"Feature","properties":{"name":"Clarksville","sr":7,"cap":0,"pop":132536},"geometry":{"type":"Point","coordinates":[-87.3594,36.5301]}},{"type":"Feature","properties":{"name":"Jackson","sr":7,"cap":0,"pop":63196},"geometry":{"type":"Point","coordinates":[-88.8139,35.6149]}},{"type":"Feature","properties":{"name":"Alexandria","sr":7,"cap":0,"pop":127273},"geometry":{"type":"Point","coordinates":[-77.0552,38.8043]}},{"type":"Feature","properties":{"name":"Fredericksburg","sr":7,"cap":0,"pop":133134},"geometry":{"type":"Point","coordinates":[-77.4608,38.3035]}},{"type":"Feature","properties":{"name":"Roanoke","sr":7,"cap":0,"pop":198171},"geometry":{"type":"Point","coordinates":[-79.9416,37.2712]}},{"type":"Feature","properties":{"name":"Danville","sr":7,"cap":0,"pop":45894},"geometry":{"type":"Point","coordinates":[-79.3953,36.5863]}},{"type":"Feature","properties":{"name":"Winchester","sr":7,"cap":0,"pop":53941},"geometry":{"type":"Point","coordinates":[-78.1666,39.1787]}},{"type":"Feature","properties":{"name":"Bristol","sr":7,"cap":0,"pop":37443},"geometry":{"type":"Point","coordinates":[-82.176,36.6115]}},{"type":"Feature","properties":{"name":"Superior","sr":7,"cap":0,"pop":27580},"geometry":{"type":"Point","coordinates":[-92.1039,46.7212]}},{"type":"Feature","properties":{"name":"West Bend","sr":7,"cap":0,"pop":34530},"geometry":{"type":"Point","coordinates":[-88.1833,43.4257]}},{"type":"Feature","properties":{"name":"Fond du Lac","sr":7,"cap":0,"pop":54299},"geometry":{"type":"Point","coordinates":[-88.4469,43.7734]}},{"type":"Feature","properties":{"name":"Oshkosh","sr":7,"cap":0,"pop":72698},"geometry":{"type":"Point","coordinates":[-88.5425,44.0251]}},{"type":"Feature","properties":{"name":"Rhinelander","sr":7,"cap":0,"pop":11483},"geometry":{"type":"Point","coordinates":[-89.4121,45.6399]}},{"type":"Feature","properties":{"name":"Racine","sr":7,"cap":0,"pop":131654},"geometry":{"type":"Point","coordinates":[-87.8118,42.7277]}},{"type":"Feature","properties":{"name":"Marinette","sr":7,"cap":0,"pop":27169},"geometry":{"type":"Point","coordinates":[-87.6305,45.1004]}},{"type":"Feature","properties":{"name":"Wheeling","sr":7,"cap":0,"pop":52492},"geometry":{"type":"Point","coordinates":[-80.7211,40.0643]}},{"type":"Feature","properties":{"name":"Morgantown","sr":7,"cap":0,"pop":58808},"geometry":{"type":"Point","coordinates":[-79.9561,39.6298]}},{"type":"Feature","properties":{"name":"Huntington","sr":7,"cap":0,"pop":85396},"geometry":{"type":"Point","coordinates":[-82.4453,38.4196]}},{"type":"Feature","properties":{"name":"Beckley","sr":7,"cap":0,"pop":37836},"geometry":{"type":"Point","coordinates":[-81.183,37.7802]}},{"type":"Feature","properties":{"name":"Wilmington","sr":7,"cap":0,"pop":161560},"geometry":{"type":"Point","coordinates":[-75.5469,39.7463]}},{"type":"Feature","properties":{"name":"Cumberland","sr":7,"cap":0,"pop":21316},"geometry":{"type":"Point","coordinates":[-78.7628,39.6532]}},{"type":"Feature","properties":{"name":"Atlantic City","sr":7,"cap":0,"pop":76573},"geometry":{"type":"Point","coordinates":[-74.4233,39.3646]}},{"type":"Feature","properties":{"name":"Newark","sr":7,"cap":0,"pop":280123},"geometry":{"type":"Point","coordinates":[-74.17,40.7004]}},{"type":"Feature","properties":{"name":"Schenectady","sr":7,"cap":0,"pop":149255},"geometry":{"type":"Point","coordinates":[-73.94,42.8146]}},{"type":"Feature","properties":{"name":"Binghamton","sr":7,"cap":0,"pop":139895},"geometry":{"type":"Point","coordinates":[-75.9183,42.099]}},{"type":"Feature","properties":{"name":"Utica","sr":7,"cap":0,"pop":105150},"geometry":{"type":"Point","coordinates":[-75.2331,43.1012]}},{"type":"Feature","properties":{"name":"Watertown","sr":7,"cap":0,"pop":33821},"geometry":{"type":"Point","coordinates":[-75.9111,43.9752]}},{"type":"Feature","properties":{"name":"Niagara Falls","sr":7,"cap":0,"pop":153134},"geometry":{"type":"Point","coordinates":[-79.0369,43.0948]}},{"type":"Feature","properties":{"name":"Jamestown","sr":7,"cap":0,"pop":45756},"geometry":{"type":"Point","coordinates":[-79.2355,42.0974]}},{"type":"Feature","properties":{"name":"Elmira","sr":7,"cap":0,"pop":62376},"geometry":{"type":"Point","coordinates":[-76.808,42.0901]}},{"type":"Feature","properties":{"name":"York","sr":7,"cap":0,"pop":218010},"geometry":{"type":"Point","coordinates":[-76.728,39.9629]}},{"type":"Feature","properties":{"name":"Johnstown","sr":7,"cap":0,"pop":69286},"geometry":{"type":"Point","coordinates":[-78.9222,40.3271]}},{"type":"Feature","properties":{"name":"Scranton","sr":7,"cap":0,"pop":156196},"geometry":{"type":"Point","coordinates":[-75.6627,41.4093]}},{"type":"Feature","properties":{"name":"State College","sr":7,"cap":0,"pop":87926},"geometry":{"type":"Point","coordinates":[-77.8602,40.7937]}},{"type":"Feature","properties":{"name":"Erie","sr":7,"cap":0,"pop":178182},"geometry":{"type":"Point","coordinates":[-80.085,42.1299]}},{"type":"Feature","properties":{"name":"Wilkes-Barre","sr":7,"cap":0,"pop":158913},"geometry":{"type":"Point","coordinates":[-75.8779,41.249]}},{"type":"Feature","properties":{"name":"Nieuw Nickerie","sr":7,"cap":0,"pop":15992},"geometry":{"type":"Point","coordinates":[-56.99,5.9504]}},{"type":"Feature","properties":{"name":"Upata","sr":7,"cap":0,"pop":53685},"geometry":{"type":"Point","coordinates":[-62.41,8.0204]}},{"type":"Feature","properties":{"name":"El Manteco","sr":7,"cap":0,"pop":2215},"geometry":{"type":"Point","coordinates":[-62.5333,7.3504]}},{"type":"Feature","properties":{"name":"Chaguaramas","sr":7,"cap":0,"pop":15000},"geometry":{"type":"Point","coordinates":[-66.2545,9.336]}},{"type":"Feature","properties":{"name":"Barcelona","sr":7,"cap":0,"pop":600954},"geometry":{"type":"Point","coordinates":[-64.72,10.1304]}},{"type":"Feature","properties":{"name":"El Tigre","sr":7,"cap":0,"pop":197440},"geometry":{"type":"Point","coordinates":[-64.26,8.8903]}},{"type":"Feature","properties":{"name":"Maiquet\u00eda","sr":7,"cap":0,"pop":315442},"geometry":{"type":"Point","coordinates":[-66.97,10.6004]}},{"type":"Feature","properties":{"name":"Calabozo","sr":7,"cap":0,"pop":117132},"geometry":{"type":"Point","coordinates":[-67.44,8.9304]}},{"type":"Feature","properties":{"name":"Zaraza","sr":7,"cap":0,"pop":41483},"geometry":{"type":"Point","coordinates":[-65.32,9.3404]}},{"type":"Feature","properties":{"name":"Altagracia de Orituco","sr":7,"cap":0,"pop":40052},"geometry":{"type":"Point","coordinates":[-66.38,9.8504]}},{"type":"Feature","properties":{"name":"Tucupita","sr":7,"cap":0,"pop":51534},"geometry":{"type":"Point","coordinates":[-62.06,9.0605]}},{"type":"Feature","properties":{"name":"Porlamar","sr":7,"cap":0,"pop":196934},"geometry":{"type":"Point","coordinates":[-63.85,10.9604]}},{"type":"Feature","properties":{"name":"Brokopondo","sr":7,"cap":0,"pop":8340},"geometry":{"type":"Point","coordinates":[-55.02,5.0404]}},{"type":"Feature","properties":{"name":"Totness","sr":7,"cap":0,"pop":1685},"geometry":{"type":"Point","coordinates":[-56.32,5.8904]}},{"type":"Feature","properties":{"name":"Bar Harbor","sr":7,"cap":0,"pop":6090},"geometry":{"type":"Point","coordinates":[-68.2044,44.3879]}},{"type":"Feature","properties":{"name":"Lewiston","sr":7,"cap":0,"pop":57688},"geometry":{"type":"Point","coordinates":[-70.2153,44.1007]}},{"type":"Feature","properties":{"name":"Presque Isle","sr":7,"cap":0,"pop":9466},"geometry":{"type":"Point","coordinates":[-68.0125,46.6756]}},{"type":"Feature","properties":{"name":"Ann Arbor","sr":7,"cap":0,"pop":265976},"geometry":{"type":"Point","coordinates":[-83.72,42.3004]}},{"type":"Feature","properties":{"name":"Kalamazoo","sr":7,"cap":0,"pop":183381},"geometry":{"type":"Point","coordinates":[-85.5872,42.2922]}},{"type":"Feature","properties":{"name":"Muskegon","sr":7,"cap":0,"pop":101177},"geometry":{"type":"Point","coordinates":[-86.2484,43.2346]}},{"type":"Feature","properties":{"name":"Flint","sr":7,"cap":0,"pop":295212},"geometry":{"type":"Point","coordinates":[-83.6875,43.0129]}},{"type":"Feature","properties":{"name":"Grand Rapids","sr":7,"cap":0,"pop":535829},"geometry":{"type":"Point","coordinates":[-85.6699,42.9637]}},{"type":"Feature","properties":{"name":"Pontiac","sr":7,"cap":0,"pop":67994},"geometry":{"type":"Point","coordinates":[-83.2902,42.6519]}},{"type":"Feature","properties":{"name":"Cadillac","sr":7,"cap":0,"pop":14097},"geometry":{"type":"Point","coordinates":[-85.4136,44.2512]}},{"type":"Feature","properties":{"name":"Traverse City","sr":7,"cap":0,"pop":43189},"geometry":{"type":"Point","coordinates":[-85.6222,44.7684]}},{"type":"Feature","properties":{"name":"Petoskey","sr":7,"cap":0,"pop":12667},"geometry":{"type":"Point","coordinates":[-84.9552,45.3738]}},{"type":"Feature","properties":{"name":"Escanaba","sr":7,"cap":0,"pop":17318},"geometry":{"type":"Point","coordinates":[-87.0644,45.7457]}},{"type":"Feature","properties":{"name":"Marquette","sr":7,"cap":0,"pop":26591},"geometry":{"type":"Point","coordinates":[-87.4066,46.5467]}},{"type":"Feature","properties":{"name":"Hancock","sr":7,"cap":0,"pop":16355},"geometry":{"type":"Point","coordinates":[-88.5808,47.1273]}},{"type":"Feature","properties":{"name":"Wrangell","sr":7,"cap":0,"pop":2070},"geometry":{"type":"Point","coordinates":[-132.3716,56.4713]}},{"type":"Feature","properties":{"name":"Hoonah","sr":7,"cap":0,"pop":361},"geometry":{"type":"Point","coordinates":[-135.4386,58.1154]}},{"type":"Feature","properties":{"name":"Yakutat","sr":7,"cap":0,"pop":109},"geometry":{"type":"Point","coordinates":[-139.7272,59.5473]}},{"type":"Feature","properties":{"name":"Trujillo","sr":7,"cap":0,"pop":9646},"geometry":{"type":"Point","coordinates":[-85.96,15.9104]}},{"type":"Feature","properties":{"name":"Brus Laguna","sr":7,"cap":0,"pop":4067},"geometry":{"type":"Point","coordinates":[-84.48,15.7504]}},{"type":"Feature","properties":{"name":"Puerto Lempira","sr":7,"cap":0,"pop":4856},"geometry":{"type":"Point","coordinates":[-83.7716,15.262]}},{"type":"Feature","properties":{"name":"Juticalpa","sr":7,"cap":0,"pop":37442},"geometry":{"type":"Point","coordinates":[-86.23,14.6704]}},{"type":"Feature","properties":{"name":"Comayagua","sr":7,"cap":0,"pop":71142},"geometry":{"type":"Point","coordinates":[-87.65,14.4604]}},{"type":"Feature","properties":{"name":"Choluteca","sr":7,"cap":0,"pop":99429},"geometry":{"type":"Point","coordinates":[-87.1908,13.3007]}},{"type":"Feature","properties":{"name":"Kumaka","sr":7,"cap":0,"pop":2190},"geometry":{"type":"Point","coordinates":[-58.38,3.9004]}},{"type":"Feature","properties":{"name":"Bartica","sr":7,"cap":0,"pop":11524},"geometry":{"type":"Point","coordinates":[-58.63,6.4104]}},{"type":"Feature","properties":{"name":"Anna Regina","sr":7,"cap":0,"pop":3113},"geometry":{"type":"Point","coordinates":[-58.5001,7.2704]}},{"type":"Feature","properties":{"name":"Les Cayes","sr":7,"cap":0,"pop":175457},"geometry":{"type":"Point","coordinates":[-73.75,18.2004]}},{"type":"Feature","properties":{"name":"Gona\u00efves","sr":7,"cap":0,"pop":166678},"geometry":{"type":"Point","coordinates":[-72.6832,19.4504]}},{"type":"Feature","properties":{"name":"Rivas","sr":7,"cap":0,"pop":31941},"geometry":{"type":"Point","coordinates":[-85.82,11.4404]}},{"type":"Feature","properties":{"name":"San Juan de Nicaragua","sr":7,"cap":0,"pop":1000},"geometry":{"type":"Point","coordinates":[-83.7,10.9204]}},{"type":"Feature","properties":{"name":"Granada\u200e","sr":7,"cap":0,"pop":105219},"geometry":{"type":"Point","coordinates":[-85.95,11.9337]}},{"type":"Feature","properties":{"name":"Chinandega","sr":7,"cap":0,"pop":139023},"geometry":{"type":"Point","coordinates":[-87.13,12.6304]}},{"type":"Feature","properties":{"name":"Matagalpa","sr":7,"cap":0,"pop":109089},"geometry":{"type":"Point","coordinates":[-85.9167,12.9171]}},{"type":"Feature","properties":{"name":"Las Tablas","sr":7,"cap":0,"pop":11358},"geometry":{"type":"Point","coordinates":[-80.28,7.7604]}},{"type":"Feature","properties":{"name":"Santiago","sr":7,"cap":0,"pop":45955},"geometry":{"type":"Point","coordinates":[-80.9833,8.1004]}},{"type":"Feature","properties":{"name":"La Palma","sr":7,"cap":0,"pop":1845},"geometry":{"type":"Point","coordinates":[-78.1402,8.3982]}},{"type":"Feature","properties":{"name":"San Quint\u00edn","sr":7,"cap":0,"pop":5433},"geometry":{"type":"Point","coordinates":[-115.9401,30.5585]}},{"type":"Feature","properties":{"name":"Punta Prieta","sr":7,"cap":0,"pop":527},"geometry":{"type":"Point","coordinates":[-114.1666,28.9337]}},{"type":"Feature","properties":{"name":"San Felipe","sr":7,"cap":0,"pop":20750},"geometry":{"type":"Point","coordinates":[-114.8496,31.0241]}},{"type":"Feature","properties":{"name":"Santa Rosal\u00eda","sr":7,"cap":0,"pop":11899},"geometry":{"type":"Point","coordinates":[-112.2834,27.3171]}},{"type":"Feature","properties":{"name":"Guerrero Negro","sr":7,"cap":0,"pop":13054},"geometry":{"type":"Point","coordinates":[-114.17,27.9904]}},{"type":"Feature","properties":{"name":"Piedras Negras","sr":7,"cap":0,"pop":139619},"geometry":{"type":"Point","coordinates":[-100.5317,28.7076]}},{"type":"Feature","properties":{"name":"San Pedro de las Colonias","sr":7,"cap":0,"pop":53688},"geometry":{"type":"Point","coordinates":[-102.9827,25.7592]}},{"type":"Feature","properties":{"name":"Sierra Mojada","sr":7,"cap":0,"pop":10},"geometry":{"type":"Point","coordinates":[-103.7018,27.2889]}},{"type":"Feature","properties":{"name":"Parras","sr":7,"cap":0,"pop":32253},"geometry":{"type":"Point","coordinates":[-102.1799,25.4204]}},{"type":"Feature","properties":{"name":"Cuauht\u00e9moc","sr":7,"cap":0,"pop":90835},"geometry":{"type":"Point","coordinates":[-106.8696,28.4257]}},{"type":"Feature","properties":{"name":"Nuevo Casas Grandes","sr":7,"cap":0,"pop":54826},"geometry":{"type":"Point","coordinates":[-107.9119,30.4185]}},{"type":"Feature","properties":{"name":"Ojinaga","sr":7,"cap":0,"pop":22128},"geometry":{"type":"Point","coordinates":[-104.41,29.5404]}},{"type":"Feature","properties":{"name":"Villa Ahumada","sr":7,"cap":0,"pop":9326},"geometry":{"type":"Point","coordinates":[-106.51,30.6104]}},{"type":"Feature","properties":{"name":"Santa Barbara","sr":7,"cap":0,"pop":10800},"geometry":{"type":"Point","coordinates":[-105.82,26.8004]}},{"type":"Feature","properties":{"name":"Ciudad Camargo","sr":7,"cap":0,"pop":37743},"geometry":{"type":"Point","coordinates":[-105.1701,27.6904]}},{"type":"Feature","properties":{"name":"Cuencame","sr":7,"cap":0,"pop":8876},"geometry":{"type":"Point","coordinates":[-103.7,24.8704]}},{"type":"Feature","properties":{"name":"Papasquiaro","sr":7,"cap":0,"pop":22750},"geometry":{"type":"Point","coordinates":[-105.34,24.8304]}},{"type":"Feature","properties":{"name":"Escuinapa","sr":7,"cap":0,"pop":28248},"geometry":{"type":"Point","coordinates":[-105.8,22.8504]}},{"type":"Feature","properties":{"name":"Guam\u00fachil","sr":7,"cap":0,"pop":62695},"geometry":{"type":"Point","coordinates":[-108.09,25.4704]}},{"type":"Feature","properties":{"name":"Guasave","sr":7,"cap":0,"pop":96860},"geometry":{"type":"Point","coordinates":[-108.47,25.5705]}},{"type":"Feature","properties":{"name":"El Fuerte","sr":7,"cap":0,"pop":11171},"geometry":{"type":"Point","coordinates":[-108.62,26.4204]}},{"type":"Feature","properties":{"name":"Eldorado","sr":7,"cap":0,"pop":17365},"geometry":{"type":"Point","coordinates":[-107.37,24.3305]}},{"type":"Feature","properties":{"name":"La Cruz","sr":7,"cap":0,"pop":11900},"geometry":{"type":"Point","coordinates":[-106.9,23.9204]}},{"type":"Feature","properties":{"name":"Agua Prieta","sr":7,"cap":0,"pop":86083},"geometry":{"type":"Point","coordinates":[-109.563,31.3223]}},{"type":"Feature","properties":{"name":"Ciudad Obregon","sr":7,"cap":0,"pop":288002},"geometry":{"type":"Point","coordinates":[-109.925,27.4666]}},{"type":"Feature","properties":{"name":"Navajoa","sr":7,"cap":0,"pop":116093},"geometry":{"type":"Point","coordinates":[-109.4546,27.0819]}},{"type":"Feature","properties":{"name":"Caborca","sr":7,"cap":0,"pop":57357},"geometry":{"type":"Point","coordinates":[-112.1642,30.7161]}},{"type":"Feature","properties":{"name":"Mazatl\u00e1n","sr":7,"cap":0,"pop":500000},"geometry":{"type":"Point","coordinates":[-110.1333,29.0171]}},{"type":"Feature","properties":{"name":"Cananea","sr":7,"cap":0,"pop":33433},"geometry":{"type":"Point","coordinates":[-110.3,30.9904]}},{"type":"Feature","properties":{"name":"Huatabampo","sr":7,"cap":0,"pop":30426},"geometry":{"type":"Point","coordinates":[-109.63,26.8304]}},{"type":"Feature","properties":{"name":"Zacatecas","sr":7,"cap":0,"pop":234481},"geometry":{"type":"Point","coordinates":[-102.58,22.7704]}},{"type":"Feature","properties":{"name":"Juan Aldama","sr":7,"cap":0,"pop":14162},"geometry":{"type":"Point","coordinates":[-103.39,24.2904]}},{"type":"Feature","properties":{"name":"Valpara\u00edso","sr":7,"cap":0,"pop":10545},"geometry":{"type":"Point","coordinates":[-103.57,22.7704]}},{"type":"Feature","properties":{"name":"Fresnillo","sr":7,"cap":0,"pop":105488},"geometry":{"type":"Point","coordinates":[-102.86,23.1704]}},{"type":"Feature","properties":{"name":"Linares","sr":7,"cap":0,"pop":57731},"geometry":{"type":"Point","coordinates":[-99.57,24.8604]}},{"type":"Feature","properties":{"name":"Matehuala","sr":7,"cap":0,"pop":67717},"geometry":{"type":"Point","coordinates":[-100.65,23.6604]}},{"type":"Feature","properties":{"name":"Tamu\u00edn","sr":7,"cap":0,"pop":14748},"geometry":{"type":"Point","coordinates":[-98.75,21.9804]}},{"type":"Feature","properties":{"name":"Tamazunchale","sr":7,"cap":0,"pop":72685},"geometry":{"type":"Point","coordinates":[-98.7799,21.2704]}},{"type":"Feature","properties":{"name":"Tula","sr":7,"cap":0,"pop":9054},"geometry":{"type":"Point","coordinates":[-99.72,23.0004]}},{"type":"Feature","properties":{"name":"Aldama","sr":7,"cap":0,"pop":12292},"geometry":{"type":"Point","coordinates":[-98.07,22.9204]}},{"type":"Feature","properties":{"name":"San Fernando","sr":7,"cap":0,"pop":29171},"geometry":{"type":"Point","coordinates":[-98.16,24.8504]}},{"type":"Feature","properties":{"name":"Tecoman","sr":7,"cap":0,"pop":91321},"geometry":{"type":"Point","coordinates":[-103.88,18.9204]}},{"type":"Feature","properties":{"name":"Puerto Vallarta","sr":7,"cap":0,"pop":187134},"geometry":{"type":"Point","coordinates":[-105.245,20.6771]}},{"type":"Feature","properties":{"name":"La Barca","sr":7,"cap":0,"pop":35345},"geometry":{"type":"Point","coordinates":[-102.56,20.2804]}},{"type":"Feature","properties":{"name":"Ciudad Guzman","sr":7,"cap":0,"pop":92161},"geometry":{"type":"Point","coordinates":[-103.46,19.7104]}},{"type":"Feature","properties":{"name":"Lagos de Moreno","sr":7,"cap":0,"pop":94127},"geometry":{"type":"Point","coordinates":[-101.93,21.3704]}},{"type":"Feature","properties":{"name":"Morelia","sr":7,"cap":0,"pop":644306},"geometry":{"type":"Point","coordinates":[-101.1895,19.7334]}},{"type":"Feature","properties":{"name":"L\u00e1zaro C\u00e1rdenas","sr":7,"cap":0,"pop":160087},"geometry":{"type":"Point","coordinates":[-102.2,17.9587]}},{"type":"Feature","properties":{"name":"Zamora","sr":7,"cap":0,"pop":214947},"geometry":{"type":"Point","coordinates":[-102.28,19.9804]}},{"type":"Feature","properties":{"name":"Coalcoman","sr":7,"cap":0,"pop":10715},"geometry":{"type":"Point","coordinates":[-103.15,18.7804]}},{"type":"Feature","properties":{"name":"Uruapan","sr":7,"cap":0,"pop":264531},"geometry":{"type":"Point","coordinates":[-102.07,19.4204]}},{"type":"Feature","properties":{"name":"Tuxpan","sr":7,"cap":0,"pop":26115},"geometry":{"type":"Point","coordinates":[-105.27,21.9304]}},{"type":"Feature","properties":{"name":"Tepic","sr":7,"cap":0,"pop":318781},"geometry":{"type":"Point","coordinates":[-104.88,21.5054]}},{"type":"Feature","properties":{"name":"Compostela","sr":7,"cap":0,"pop":16162},"geometry":{"type":"Point","coordinates":[-104.9,21.2304]}},{"type":"Feature","properties":{"name":"Tecuala","sr":7,"cap":0,"pop":14921},"geometry":{"type":"Point","coordinates":[-105.46,22.4004]}},{"type":"Feature","properties":{"name":"Ciudad del Carmen","sr":7,"cap":0,"pop":156195},"geometry":{"type":"Point","coordinates":[-91.8245,18.6537]}},{"type":"Feature","properties":{"name":"Champot\u00f3n","sr":7,"cap":0,"pop":26636},"geometry":{"type":"Point","coordinates":[-90.72,19.3504]}},{"type":"Feature","properties":{"name":"Salina Cruz","sr":7,"cap":0,"pop":81063},"geometry":{"type":"Point","coordinates":[-95.2,16.1671]}},{"type":"Feature","properties":{"name":"Puerto Escondido","sr":7,"cap":0,"pop":19488},"geometry":{"type":"Point","coordinates":[-97.0659,15.8592]}},{"type":"Feature","properties":{"name":"Pochutla","sr":7,"cap":0,"pop":24481},"geometry":{"type":"Point","coordinates":[-96.47,15.7304]}},{"type":"Feature","properties":{"name":"Mitla","sr":7,"cap":0,"pop":7547},"geometry":{"type":"Point","coordinates":[-96.4,16.917]}},{"type":"Feature","properties":{"name":"Tlaxiaco","sr":7,"cap":0,"pop":21391},"geometry":{"type":"Point","coordinates":[-97.68,17.2704]}},{"type":"Feature","properties":{"name":"Huajuapan de Le\u00f3n","sr":7,"cap":0,"pop":47844},"geometry":{"type":"Point","coordinates":[-97.79,17.8104]}},{"type":"Feature","properties":{"name":"Tehuacan","sr":7,"cap":0,"pop":241429},"geometry":{"type":"Point","coordinates":[-97.38,18.4504]}},{"type":"Feature","properties":{"name":"Teziutl\u00e1n","sr":7,"cap":0,"pop":177796},"geometry":{"type":"Point","coordinates":[-97.36,19.8204]}},{"type":"Feature","properties":{"name":"Frontera","sr":7,"cap":0,"pop":22621},"geometry":{"type":"Point","coordinates":[-92.65,18.5804]}},{"type":"Feature","properties":{"name":"Tenosique","sr":7,"cap":0,"pop":32415},"geometry":{"type":"Point","coordinates":[-91.43,17.4804]}},{"type":"Feature","properties":{"name":"Salamanca","sr":7,"cap":0,"pop":197524},"geometry":{"type":"Point","coordinates":[-101.2,20.5704]}},{"type":"Feature","properties":{"name":"Guanajuato","sr":7,"cap":0,"pop":112200},"geometry":{"type":"Point","coordinates":[-101.28,21.0204]}},{"type":"Feature","properties":{"name":"Taxco","sr":7,"cap":0,"pop":53217},"geometry":{"type":"Point","coordinates":[-99.62,18.5704]}},{"type":"Feature","properties":{"name":"Ayutla","sr":7,"cap":0,"pop":9897},"geometry":{"type":"Point","coordinates":[-99.0947,16.9644]}},{"type":"Feature","properties":{"name":"Ciudad Altamirano","sr":7,"cap":0,"pop":24533},"geometry":{"type":"Point","coordinates":[-100.65,18.3204]}},{"type":"Feature","properties":{"name":"Petatl\u00e1n","sr":7,"cap":0,"pop":31910},"geometry":{"type":"Point","coordinates":[-101.27,17.5204]}},{"type":"Feature","properties":{"name":"Pachuca","sr":7,"cap":0,"pop":319581},"geometry":{"type":"Point","coordinates":[-98.7356,20.1064]}},{"type":"Feature","properties":{"name":"Toluca","sr":7,"cap":0,"pop":1531000},"geometry":{"type":"Point","coordinates":[-99.6532,19.2893]}},{"type":"Feature","properties":{"name":"Zumpango","sr":7,"cap":0,"pop":250000},"geometry":{"type":"Point","coordinates":[-99.11,19.8104]}},{"type":"Feature","properties":{"name":"Minatitl\u00e1n","sr":7,"cap":0,"pop":201902},"geometry":{"type":"Point","coordinates":[-94.53,17.9805]}},{"type":"Feature","properties":{"name":"Coatzacoalcos","sr":7,"cap":0,"pop":287285},"geometry":{"type":"Point","coordinates":[-94.42,18.1204]}},{"type":"Feature","properties":{"name":"Poza Rica de Hidalgo","sr":7,"cap":0,"pop":254481},"geometry":{"type":"Point","coordinates":[-97.4439,20.5257]}},{"type":"Feature","properties":{"name":"C\u00f3rdoba","sr":7,"cap":0,"pop":220563},"geometry":{"type":"Point","coordinates":[-96.92,18.9204]}},{"type":"Feature","properties":{"name":"Santiago Tuxtla","sr":7,"cap":0,"pop":15681},"geometry":{"type":"Point","coordinates":[-95.3,18.4704]}},{"type":"Feature","properties":{"name":"Tuxpam","sr":7,"cap":0,"pop":109049},"geometry":{"type":"Point","coordinates":[-97.41,20.9604]}},{"type":"Feature","properties":{"name":"P\u00e1nuco","sr":7,"cap":0,"pop":35316},"geometry":{"type":"Point","coordinates":[-98.19,22.0604]}},{"type":"Feature","properties":{"name":"Pijijiapan","sr":7,"cap":0,"pop":23675},"geometry":{"type":"Point","coordinates":[-93.22,15.6904]}},{"type":"Feature","properties":{"name":"Isla Mujeres","sr":7,"cap":0,"pop":12491},"geometry":{"type":"Point","coordinates":[-86.7115,21.2084]}},{"type":"Feature","properties":{"name":"Felipe Carrillo Puerto","sr":7,"cap":0,"pop":24807},"geometry":{"type":"Point","coordinates":[-88.05,19.5804]}},{"type":"Feature","properties":{"name":"Tizim\u00edn","sr":7,"cap":0,"pop":41993},"geometry":{"type":"Point","coordinates":[-88.15,21.1304]}},{"type":"Feature","properties":{"name":"Valladolid","sr":7,"cap":0,"pop":48479},"geometry":{"type":"Point","coordinates":[-88.2,20.6704]}},{"type":"Feature","properties":{"name":"Izamal","sr":7,"cap":0,"pop":14954},"geometry":{"type":"Point","coordinates":[-89.0201,20.9304]}},{"type":"Feature","properties":{"name":"Ticul","sr":7,"cap":0,"pop":30519},"geometry":{"type":"Point","coordinates":[-89.53,20.4004]}},{"type":"Feature","properties":{"name":"Yarumal","sr":7,"cap":0,"pop":35315},"geometry":{"type":"Point","coordinates":[-75.5905,7.0306]}},{"type":"Feature","properties":{"name":"Puerto Berr\u00edo","sr":7,"cap":0,"pop":33983},"geometry":{"type":"Point","coordinates":[-74.42,6.4804]}},{"type":"Feature","properties":{"name":"Turbo","sr":7,"cap":0,"pop":50508},"geometry":{"type":"Point","coordinates":[-76.74,8.1004]}},{"type":"Feature","properties":{"name":"Tunja","sr":7,"cap":0,"pop":161412},"geometry":{"type":"Point","coordinates":[-73.37,5.5504]}},{"type":"Feature","properties":{"name":"Chiquinquir\u00e1","sr":7,"cap":0,"pop":53975},"geometry":{"type":"Point","coordinates":[-73.8199,5.6204]}},{"type":"Feature","properties":{"name":"Duitama","sr":7,"cap":0,"pop":101156},"geometry":{"type":"Point","coordinates":[-73.02,5.8305]}},{"type":"Feature","properties":{"name":"Ayapel","sr":7,"cap":0,"pop":23639},"geometry":{"type":"Point","coordinates":[-75.15,8.3304]}},{"type":"Feature","properties":{"name":"Lorica","sr":7,"cap":0,"pop":52771},"geometry":{"type":"Point","coordinates":[-75.816,9.2419]}},{"type":"Feature","properties":{"name":"Socorro","sr":7,"cap":0,"pop":24895},"geometry":{"type":"Point","coordinates":[-73.27,6.4603]}},{"type":"Feature","properties":{"name":"Riohacha","sr":7,"cap":0,"pop":133186},"geometry":{"type":"Point","coordinates":[-72.91,11.5403]}},{"type":"Feature","properties":{"name":"Cienfuegos","sr":7,"cap":0,"pop":186644},"geometry":{"type":"Point","coordinates":[-80.4403,22.1444]}},{"type":"Feature","properties":{"name":"Nueva Gerona","sr":7,"cap":0,"pop":25566},"geometry":{"type":"Point","coordinates":[-82.8,21.8837]}},{"type":"Feature","properties":{"name":"Sancti Sp\u00edritus","sr":7,"cap":0,"pop":127069},"geometry":{"type":"Point","coordinates":[-79.4425,21.9301]}},{"type":"Feature","properties":{"name":"Sixaola","sr":7,"cap":0,"pop":1823},"geometry":{"type":"Point","coordinates":[-82.62,9.5204]}},{"type":"Feature","properties":{"name":"Puntarenas","sr":7,"cap":0,"pop":57102},"geometry":{"type":"Point","coordinates":[-84.8336,9.9702]}},{"type":"Feature","properties":{"name":"Ciudad Cort\u00e9s","sr":7,"cap":0,"pop":3850},"geometry":{"type":"Point","coordinates":[-83.53,8.9604]}},{"type":"Feature","properties":{"name":"Quesada","sr":7,"cap":0,"pop":31106},"geometry":{"type":"Point","coordinates":[-84.44,10.3305]}},{"type":"Feature","properties":{"name":"Liberia","sr":7,"cap":0,"pop":45380},"geometry":{"type":"Point","coordinates":[-85.4333,10.6338]}},{"type":"Feature","properties":{"name":"La Cruz","sr":7,"cap":0,"pop":4319},"geometry":{"type":"Point","coordinates":[-85.63,11.0704]}},{"type":"Feature","properties":{"name":"Santa Ana","sr":7,"cap":0,"pop":234478},"geometry":{"type":"Point","coordinates":[-89.5598,13.9946]}},{"type":"Feature","properties":{"name":"Mor\u00f3n","sr":7,"cap":0,"pop":66060},"geometry":{"type":"Point","coordinates":[-78.6275,22.1099]}},{"type":"Feature","properties":{"name":"Nuevitas","sr":7,"cap":0,"pop":54022},"geometry":{"type":"Point","coordinates":[-77.2644,21.5456]}},{"type":"Feature","properties":{"name":"Manzanillo","sr":7,"cap":0,"pop":128188},"geometry":{"type":"Point","coordinates":[-77.1166,20.3438]}},{"type":"Feature","properties":{"name":"Bayamo","sr":7,"cap":0,"pop":192632},"geometry":{"type":"Point","coordinates":[-76.6433,20.3795]}},{"type":"Feature","properties":{"name":"Banes","sr":7,"cap":0,"pop":53104},"geometry":{"type":"Point","coordinates":[-75.7186,20.9629]}},{"type":"Feature","properties":{"name":"Las Tunas","sr":7,"cap":0,"pop":203684},"geometry":{"type":"Point","coordinates":[-76.9544,20.9601]}},{"type":"Feature","properties":{"name":"San Pedro de Macor\u00eds","sr":7,"cap":0,"pop":217899},"geometry":{"type":"Point","coordinates":[-69.3,18.4504]}},{"type":"Feature","properties":{"name":"Armenia","sr":7,"cap":0,"pop":315328},"geometry":{"type":"Point","coordinates":[-75.6811,4.5343]}},{"type":"Feature","properties":{"name":"Pereira","sr":7,"cap":0,"pop":568750},"geometry":{"type":"Point","coordinates":[-75.68,4.8104]}},{"type":"Feature","properties":{"name":"Honda","sr":7,"cap":0,"pop":35469},"geometry":{"type":"Point","coordinates":[-74.75,5.1903]}},{"type":"Feature","properties":{"name":"San Vicente del Cagu\u00e1n","sr":7,"cap":0,"pop":1500},"geometry":{"type":"Point","coordinates":[-74.7703,2.1095]}},{"type":"Feature","properties":{"name":"Guapi","sr":7,"cap":0,"pop":13853},"geometry":{"type":"Point","coordinates":[-77.86,2.5604]}},{"type":"Feature","properties":{"name":"Neiva","sr":7,"cap":0,"pop":352855},"geometry":{"type":"Point","coordinates":[-75.3302,2.931]}},{"type":"Feature","properties":{"name":"Garz\u00f3n","sr":7,"cap":0,"pop":56603},"geometry":{"type":"Point","coordinates":[-75.65,2.2104]}},{"type":"Feature","properties":{"name":"Buenaventura","sr":7,"cap":0,"pop":252805},"geometry":{"type":"Point","coordinates":[-77.0505,3.8724]}},{"type":"Feature","properties":{"name":"Tulu\u00e1","sr":7,"cap":0,"pop":165501},"geometry":{"type":"Point","coordinates":[-76.21,4.0904]}},{"type":"Feature","properties":{"name":"El Carmen de Bol\u00edvar","sr":7,"cap":0,"pop":60980},"geometry":{"type":"Point","coordinates":[-75.13,9.7204]}},{"type":"Feature","properties":{"name":"Jurad\u00f3","sr":7,"cap":0,"pop":2351},"geometry":{"type":"Point","coordinates":[-77.7564,7.1217]}},{"type":"Feature","properties":{"name":"Nuqu\u00ed","sr":7,"cap":0,"pop":2741},"geometry":{"type":"Point","coordinates":[-77.2745,5.6852]}},{"type":"Feature","properties":{"name":"Quibd\u00f3","sr":7,"cap":0,"pop":92780},"geometry":{"type":"Point","coordinates":[-76.66,5.6904]}},{"type":"Feature","properties":{"name":"El Banco","sr":7,"cap":0,"pop":54522},"geometry":{"type":"Point","coordinates":[-73.98,9.0003]}},{"type":"Feature","properties":{"name":"Ci\u00e9naga","sr":7,"cap":0,"pop":131171},"geometry":{"type":"Point","coordinates":[-74.25,11.0104]}},{"type":"Feature","properties":{"name":"Sincelejo","sr":7,"cap":0,"pop":261187},"geometry":{"type":"Point","coordinates":[-75.38,9.2904]}},{"type":"Feature","properties":{"name":"Tol\u00fa","sr":7,"cap":0,"pop":27390},"geometry":{"type":"Point","coordinates":[-75.572,9.5358]}},{"type":"Feature","properties":{"name":"Arauca","sr":7,"cap":0,"pop":69264},"geometry":{"type":"Point","coordinates":[-70.7616,7.0907]}},{"type":"Feature","properties":{"name":"Tame","sr":7,"cap":0,"pop":29099},"geometry":{"type":"Point","coordinates":[-71.74,6.4603]}},{"type":"Feature","properties":{"name":"Pamplona","sr":7,"cap":0,"pop":53587},"geometry":{"type":"Point","coordinates":[-72.66,7.3904]}},{"type":"Feature","properties":{"name":"Oca\u00f1a","sr":7,"cap":0,"pop":83511},"geometry":{"type":"Point","coordinates":[-73.35,8.2404]}},{"type":"Feature","properties":{"name":"Orocue","sr":7,"cap":0,"pop":2835},"geometry":{"type":"Point","coordinates":[-71.34,4.7946]}},{"type":"Feature","properties":{"name":"In\u00edrida","sr":7,"cap":0,"pop":9065},"geometry":{"type":"Point","coordinates":[-67.9061,3.854]}},{"type":"Feature","properties":{"name":"San Mart\u00edn","sr":7,"cap":0,"pop":16273},"geometry":{"type":"Point","coordinates":[-73.69,3.6904]}},{"type":"Feature","properties":{"name":"Puerto Carre\u00f1o","sr":7,"cap":0,"pop":10216},"geometry":{"type":"Point","coordinates":[-67.493,6.185]}},{"type":"Feature","properties":{"name":"Artemisa","sr":7,"cap":0,"pop":68073},"geometry":{"type":"Point","coordinates":[-82.7619,22.8134]}},{"type":"Feature","properties":{"name":"Matanzas","sr":7,"cap":0,"pop":146733},"geometry":{"type":"Point","coordinates":[-81.5775,23.0415]}},{"type":"Feature","properties":{"name":"Col\u00f3n","sr":7,"cap":0,"pop":63882},"geometry":{"type":"Point","coordinates":[-80.9058,22.7196]}},{"type":"Feature","properties":{"name":"Sagua la Grande","sr":7,"cap":0,"pop":62073},"geometry":{"type":"Point","coordinates":[-80.0711,22.809]}},{"type":"Feature","properties":{"name":"Fort-de-France","sr":7,"cap":0,"pop":253995},"geometry":{"type":"Point","coordinates":[-61.08,14.6104]}},{"type":"Feature","properties":{"name":"Huehuetenango","sr":7,"cap":0,"pop":85992},"geometry":{"type":"Point","coordinates":[-91.47,15.3204]}},{"type":"Feature","properties":{"name":"Flores","sr":7,"cap":0,"pop":38035},"geometry":{"type":"Point","coordinates":[-89.8833,16.9337]}},{"type":"Feature","properties":{"name":"La Libertad","sr":7,"cap":0,"pop":8646},"geometry":{"type":"Point","coordinates":[-90.12,16.7804]}},{"type":"Feature","properties":{"name":"San Jose","sr":7,"cap":0,"pop":18655},"geometry":{"type":"Point","coordinates":[-90.82,13.9397]}},{"type":"Feature","properties":{"name":"Escuintla","sr":7,"cap":0,"pop":107638},"geometry":{"type":"Point","coordinates":[-90.78,14.3004]}},{"type":"Feature","properties":{"name":"Mazatenango","sr":7,"cap":0,"pop":64652},"geometry":{"type":"Point","coordinates":[-91.51,14.5304]}},{"type":"Feature","properties":{"name":"Monte Cristi","sr":7,"cap":0,"pop":17001},"geometry":{"type":"Point","coordinates":[-71.65,19.867]}},{"type":"Feature","properties":{"name":"Barahona","sr":7,"cap":0,"pop":90128},"geometry":{"type":"Point","coordinates":[-71.1,18.2004]}},{"type":"Feature","properties":{"name":"B\u00e1varo","sr":7,"cap":0,"pop":795},"geometry":{"type":"Point","coordinates":[-68.45,18.717]}},{"type":"Feature","properties":{"name":"Saint-Laurent-du-Maroni","sr":7,"cap":0,"pop":24287},"geometry":{"type":"Point","coordinates":[-54.0325,5.4976]}},{"type":"Feature","properties":{"name":"Iracoubo","sr":7,"cap":0,"pop":1536},"geometry":{"type":"Point","coordinates":[-53.22,5.4804]}},{"type":"Feature","properties":{"name":"Pointe-\u00e0-Pitre","sr":7,"cap":0,"pop":145511},"geometry":{"type":"Point","coordinates":[-61.533,16.2415]}},{"type":"Feature","properties":{"name":"Basse-terre","sr":7,"cap":0,"pop":307},"geometry":{"type":"Point","coordinates":[-61.7055,16.0104]}},{"type":"Feature","properties":{"name":"Steinbach","sr":7,"cap":0,"pop":9729},"geometry":{"type":"Point","coordinates":[-96.6833,49.5171]}},{"type":"Feature","properties":{"name":"Nelson House","sr":7,"cap":0,"pop":2500},"geometry":{"type":"Point","coordinates":[-98.85,55.8005]}},{"type":"Feature","properties":{"name":"Shamattawa","sr":7,"cap":0,"pop":870},"geometry":{"type":"Point","coordinates":[-92.0833,55.8504]}},{"type":"Feature","properties":{"name":"Oxford House","sr":7,"cap":0,"pop":184},"geometry":{"type":"Point","coordinates":[-95.2666,54.9504]}},{"type":"Feature","properties":{"name":"Yorkton","sr":7,"cap":0,"pop":15172},"geometry":{"type":"Point","coordinates":[-102.4665,51.2171]}},{"type":"Feature","properties":{"name":"Swift Current","sr":7,"cap":0,"pop":14906},"geometry":{"type":"Point","coordinates":[-107.7666,50.2837]}},{"type":"Feature","properties":{"name":"Biggar","sr":7,"cap":0,"pop":2192},"geometry":{"type":"Point","coordinates":[-107.9833,52.0504]}},{"type":"Feature","properties":{"name":"Kindersley","sr":7,"cap":0,"pop":4383},"geometry":{"type":"Point","coordinates":[-109.1333,51.467]}},{"type":"Feature","properties":{"name":"Meadow Lake","sr":7,"cap":0,"pop":5882},"geometry":{"type":"Point","coordinates":[-108.4347,54.1301]}},{"type":"Feature","properties":{"name":"Hudson Bay","sr":7,"cap":0,"pop":2157},"geometry":{"type":"Point","coordinates":[-102.3833,52.8504]}},{"type":"Feature","properties":{"name":"Lethbridge","sr":7,"cap":0,"pop":70617},"geometry":{"type":"Point","coordinates":[-112.8333,49.7005]}},{"type":"Feature","properties":{"name":"Brooks","sr":7,"cap":0,"pop":14163},"geometry":{"type":"Point","coordinates":[-111.9,50.5671]}},{"type":"Feature","properties":{"name":"Lake Louise","sr":7,"cap":0,"pop":1248},"geometry":{"type":"Point","coordinates":[-116.1833,51.4337]}},{"type":"Feature","properties":{"name":"Athabasca","sr":7,"cap":0,"pop":2539},"geometry":{"type":"Point","coordinates":[-113.2666,54.717]}},{"type":"Feature","properties":{"name":"Fort Chipewyan","sr":7,"cap":0,"pop":3222},"geometry":{"type":"Point","coordinates":[-111.15,58.7171]}},{"type":"Feature","properties":{"name":"Bella Bella","sr":7,"cap":0,"pop":1400},"geometry":{"type":"Point","coordinates":[-128.1173,52.1484]}},{"type":"Feature","properties":{"name":"Sandspit","sr":7,"cap":0,"pop":538},"geometry":{"type":"Point","coordinates":[-131.8333,53.2404]}},{"type":"Feature","properties":{"name":"Campbell River","sr":7,"cap":0,"pop":33430},"geometry":{"type":"Point","coordinates":[-125.25,50.0171]}},{"type":"Feature","properties":{"name":"Port Hardy","sr":7,"cap":0,"pop":2295},"geometry":{"type":"Point","coordinates":[-127.5,50.7171]}},{"type":"Feature","properties":{"name":"Nanaimo","sr":7,"cap":0,"pop":84905},"geometry":{"type":"Point","coordinates":[-123.9343,49.146]}},{"type":"Feature","properties":{"name":"Quesnel","sr":7,"cap":0,"pop":13788},"geometry":{"type":"Point","coordinates":[-122.4833,52.9837]}},{"type":"Feature","properties":{"name":"Abbotsford","sr":7,"cap":0,"pop":151683},"geometry":{"type":"Point","coordinates":[-122.3,49.0504]}},{"type":"Feature","properties":{"name":"Dawson Creek","sr":7,"cap":0,"pop":10802},"geometry":{"type":"Point","coordinates":[-120.2333,55.767]}},{"type":"Feature","properties":{"name":"Penticton","sr":7,"cap":0,"pop":37721},"geometry":{"type":"Point","coordinates":[-119.5833,49.5004]}},{"type":"Feature","properties":{"name":"Nelson","sr":7,"cap":0,"pop":11779},"geometry":{"type":"Point","coordinates":[-117.2833,49.4837]}},{"type":"Feature","properties":{"name":"Lillooet","sr":7,"cap":0,"pop":2893},"geometry":{"type":"Point","coordinates":[-121.9333,50.6837]}},{"type":"Feature","properties":{"name":"Powell River","sr":7,"cap":0,"pop":12779},"geometry":{"type":"Point","coordinates":[-124.55,49.8837]}},{"type":"Feature","properties":{"name":"Revelstoke","sr":7,"cap":0,"pop":7668},"geometry":{"type":"Point","coordinates":[-118.1833,51.0005]}},{"type":"Feature","properties":{"name":"Burns Lake","sr":7,"cap":0,"pop":2635},"geometry":{"type":"Point","coordinates":[-125.7666,54.217]}},{"type":"Feature","properties":{"name":"Dease Lake","sr":7,"cap":0,"pop":303},"geometry":{"type":"Point","coordinates":[-130.0333,58.4503]}},{"type":"Feature","properties":{"name":"Orangeville","sr":7,"cap":0,"pop":32640},"geometry":{"type":"Point","coordinates":[-80.0833,43.9171]}},{"type":"Feature","properties":{"name":"Little Current","sr":7,"cap":0,"pop":1595},"geometry":{"type":"Point","coordinates":[-81.9333,45.967]}},{"type":"Feature","properties":{"name":"Chapleau","sr":7,"cap":0,"pop":2663},"geometry":{"type":"Point","coordinates":[-83.4,47.8337]}},{"type":"Feature","properties":{"name":"Wawa","sr":7,"cap":0,"pop":2174},"geometry":{"type":"Point","coordinates":[-84.7833,48.0004]}},{"type":"Feature","properties":{"name":"Hearst","sr":7,"cap":0,"pop":5043},"geometry":{"type":"Point","coordinates":[-83.6666,49.7005]}},{"type":"Feature","properties":{"name":"Marathon","sr":7,"cap":0,"pop":4627},"geometry":{"type":"Point","coordinates":[-86.3667,48.7504]}},{"type":"Feature","properties":{"name":"Sioux Lookout","sr":7,"cap":0,"pop":4570},"geometry":{"type":"Point","coordinates":[-91.9166,50.263]}},{"type":"Feature","properties":{"name":"Red Lake","sr":7,"cap":0,"pop":1765},"geometry":{"type":"Point","coordinates":[-93.8333,51.0337]}},{"type":"Feature","properties":{"name":"Deer Lake","sr":7,"cap":0,"pop":3743},"geometry":{"type":"Point","coordinates":[-94.0666,52.617]}},{"type":"Feature","properties":{"name":"Cat Lake","sr":7,"cap":0,"pop":277},"geometry":{"type":"Point","coordinates":[-91.8,51.717]}},{"type":"Feature","properties":{"name":"Cornwall","sr":7,"cap":0,"pop":48821},"geometry":{"type":"Point","coordinates":[-74.7333,45.0171]}},{"type":"Feature","properties":{"name":"Kingston","sr":7,"cap":0,"pop":114195},"geometry":{"type":"Point","coordinates":[-76.4833,44.2337]}},{"type":"Feature","properties":{"name":"Barrie","sr":7,"cap":0,"pop":182041},"geometry":{"type":"Point","coordinates":[-79.7,44.3838]}},{"type":"Feature","properties":{"name":"Parry Sound","sr":7,"cap":0,"pop":7105},"geometry":{"type":"Point","coordinates":[-80.033,45.3337]}},{"type":"Feature","properties":{"name":"Wiarton","sr":7,"cap":0,"pop":2182},"geometry":{"type":"Point","coordinates":[-81.1333,44.7337]}},{"type":"Feature","properties":{"name":"Cobalt","sr":7,"cap":0,"pop":1372},"geometry":{"type":"Point","coordinates":[-79.6833,47.3837]}},{"type":"Feature","properties":{"name":"Cochrane","sr":7,"cap":0,"pop":4441},"geometry":{"type":"Point","coordinates":[-81.0166,49.067]}},{"type":"Feature","properties":{"name":"Nipigon","sr":7,"cap":0,"pop":1204},"geometry":{"type":"Point","coordinates":[-88.25,49.017]}},{"type":"Feature","properties":{"name":"Atikokan","sr":7,"cap":0,"pop":3625},"geometry":{"type":"Point","coordinates":[-91.6166,48.7504]}},{"type":"Feature","properties":{"name":"Rimouski","sr":7,"cap":0,"pop":35584},"geometry":{"type":"Point","coordinates":[-68.5167,48.4337]}},{"type":"Feature","properties":{"name":"Saint-Georges","sr":7,"cap":0,"pop":26149},"geometry":{"type":"Point","coordinates":[-70.6667,46.1171]}},{"type":"Feature","properties":{"name":"Victoriaville","sr":7,"cap":0,"pop":41500},"geometry":{"type":"Point","coordinates":[-71.9667,46.0504]}},{"type":"Feature","properties":{"name":"Chevery","sr":7,"cap":0,"pop":284},"geometry":{"type":"Point","coordinates":[-59.6098,50.4813]}},{"type":"Feature","properties":{"name":"Mistassini","sr":7,"cap":0,"pop":2645},"geometry":{"type":"Point","coordinates":[-73.8666,50.4171]}},{"type":"Feature","properties":{"name":"Shawinigan","sr":7,"cap":0,"pop":49161},"geometry":{"type":"Point","coordinates":[-72.7333,46.5504]}},{"type":"Feature","properties":{"name":"Matagami","sr":7,"cap":0,"pop":1966},"geometry":{"type":"Point","coordinates":[-77.6333,49.7504]}},{"type":"Feature","properties":{"name":"Mont-Laurier","sr":7,"cap":0,"pop":11642},"geometry":{"type":"Point","coordinates":[-75.5,46.5504]}},{"type":"Feature","properties":{"name":"Pembroke","sr":7,"cap":0,"pop":15551},"geometry":{"type":"Point","coordinates":[-77.1166,45.8503]}},{"type":"Feature","properties":{"name":"Radisson","sr":7,"cap":0,"pop":270},"geometry":{"type":"Point","coordinates":[-77.6166,53.7836]}},{"type":"Feature","properties":{"name":"Saint John","sr":7,"cap":0,"pop":87857},"geometry":{"type":"Point","coordinates":[-66.0767,45.267]}},{"type":"Feature","properties":{"name":"Edmundston","sr":7,"cap":0,"pop":17894},"geometry":{"type":"Point","coordinates":[-68.3333,47.3794]}},{"type":"Feature","properties":{"name":"Shelburne","sr":7,"cap":0,"pop":3167},"geometry":{"type":"Point","coordinates":[-65.3194,43.7656]}},{"type":"Feature","properties":{"name":"Antigonish","sr":7,"cap":0,"pop":6739},"geometry":{"type":"Point","coordinates":[-61.9982,45.6269]}},{"type":"Feature","properties":{"name":"Windsor","sr":7,"cap":0,"pop":3864},"geometry":{"type":"Point","coordinates":[-64.1291,44.9806]}},{"type":"Feature","properties":{"name":"Digby","sr":7,"cap":0,"pop":3949},"geometry":{"type":"Point","coordinates":[-65.7605,44.6226]}},{"type":"Feature","properties":{"name":"Stephenville","sr":7,"cap":0,"pop":7054},"geometry":{"type":"Point","coordinates":[-58.5666,48.5504]}},{"type":"Feature","properties":{"name":"Argentia","sr":7,"cap":0,"pop":1063},"geometry":{"type":"Point","coordinates":[-53.99,47.3004]}},{"type":"Feature","properties":{"name":"St. Anthony","sr":7,"cap":0,"pop":224},"geometry":{"type":"Point","coordinates":[-55.5999,51.3837]}},{"type":"Feature","properties":{"name":"Channel-Port aux Basques","sr":7,"cap":0,"pop":4220},"geometry":{"type":"Point","coordinates":[-59.15,47.567]}},{"type":"Feature","properties":{"name":"Buchans","sr":7,"cap":0,"pop":685},"geometry":{"type":"Point","coordinates":[-56.8666,48.817]}},{"type":"Feature","properties":{"name":"Trout River","sr":7,"cap":0,"pop":452},"geometry":{"type":"Point","coordinates":[-58.1166,49.4837]}},{"type":"Feature","properties":{"name":"Churchill Falls","sr":7,"cap":0,"pop":100},"geometry":{"type":"Point","coordinates":[-63.9807,53.5264]}},{"type":"Feature","properties":{"name":"Forteau","sr":7,"cap":0,"pop":448},"geometry":{"type":"Point","coordinates":[-56.95,51.4504]}},{"type":"Feature","properties":{"name":"Belize City","sr":7,"cap":0,"pop":63028},"geometry":{"type":"Point","coordinates":[-88.1884,17.4987]}},{"type":"Feature","properties":{"name":"Orange Walk","sr":7,"cap":0,"pop":20835},"geometry":{"type":"Point","coordinates":[-88.56,18.0904]}},{"type":"Feature","properties":{"name":"Punta Gorda","sr":7,"cap":0,"pop":7748},"geometry":{"type":"Point","coordinates":[-88.81,16.1003]}},{"type":"Feature","properties":{"name":"Christiansted","sr":7,"cap":0,"pop":32543},"geometry":{"type":"Point","coordinates":[-64.75,17.7504]}},{"type":"Feature","properties":{"name":"Ponce","sr":7,"cap":0,"pop":160334},"geometry":{"type":"Point","coordinates":[-66.6166,18.0004]}},{"type":"Feature","properties":{"name":"Mayag\u00fcez","sr":7,"cap":0,"pop":291339},"geometry":{"type":"Point","coordinates":[-67.1397,18.2015]}},{"type":"Feature","properties":{"name":"George Town","sr":7,"cap":0,"pop":4268},"geometry":{"type":"Point","coordinates":[-81.3716,19.2947]}},{"type":"Feature","properties":{"name":"Grand Turk","sr":7,"cap":0,"pop":5801},"geometry":{"type":"Point","coordinates":[-71.136,21.4664]}},{"type":"Feature","properties":{"name":"Willemstad","sr":7,"cap":0,"pop":146813},"geometry":{"type":"Point","coordinates":[-68.8724,12.1123]}},{"type":"Feature","properties":{"name":"Oranjestad","sr":7,"cap":0,"pop":68775},"geometry":{"type":"Point","coordinates":[-70.0255,12.5215]}},{"type":"Feature","properties":{"name":"La Romana","sr":7,"cap":0,"pop":208437},"geometry":{"type":"Point","coordinates":[-68.9666,18.417]}},{"type":"Feature","properties":{"name":"Trepassey","sr":7,"cap":0,"pop":398},"geometry":{"type":"Point","coordinates":[-53.3633,46.737]}},{"type":"Feature","properties":{"name":"Butte","sr":6,"cap":0,"pop":34190},"geometry":{"type":"Point","coordinates":[-112.5338,46.0039]}},{"type":"Feature","properties":{"name":"Grand Forks","sr":6,"cap":0,"pop":58566},"geometry":{"type":"Point","coordinates":[-97.0325,47.9253]}},{"type":"Feature","properties":{"name":"Pocatello","sr":6,"cap":0,"pop":63998},"geometry":{"type":"Point","coordinates":[-112.4447,42.8713]}},{"type":"Feature","properties":{"name":"Tacoma","sr":6,"cap":0,"pop":719868},"geometry":{"type":"Point","coordinates":[-122.4468,47.2406]}},{"type":"Feature","properties":{"name":"Yuma","sr":6,"cap":0,"pop":92489},"geometry":{"type":"Point","coordinates":[-114.6236,32.6853]}},{"type":"Feature","properties":{"name":"Prescott","sr":6,"cap":0,"pop":55038},"geometry":{"type":"Point","coordinates":[-112.4478,34.59]}},{"type":"Feature","properties":{"name":"Long Beach","sr":6,"cap":0,"pop":2036134},"geometry":{"type":"Point","coordinates":[-118.2003,33.777]}},{"type":"Feature","properties":{"name":"Grand Junction","sr":6,"cap":0,"pop":104214},"geometry":{"type":"Point","coordinates":[-108.55,39.0939]}},{"type":"Feature","properties":{"name":"Ely","sr":6,"cap":0,"pop":4216},"geometry":{"type":"Point","coordinates":[-114.8877,39.247]}},{"type":"Feature","properties":{"name":"Carson City","sr":6,"cap":0,"pop":57341},"geometry":{"type":"Point","coordinates":[-119.7664,39.1638]}},{"type":"Feature","properties":{"name":"Carlsbad","sr":6,"cap":0,"pop":25302},"geometry":{"type":"Point","coordinates":[-104.2283,32.4206]}},{"type":"Feature","properties":{"name":"Alamogordo","sr":6,"cap":0,"pop":36058},"geometry":{"type":"Point","coordinates":[-105.9597,32.8995]}},{"type":"Feature","properties":{"name":"Medford","sr":6,"cap":0,"pop":108525},"geometry":{"type":"Point","coordinates":[-122.8744,42.3266]}},{"type":"Feature","properties":{"name":"Klamath Falls","sr":6,"cap":0,"pop":42978},"geometry":{"type":"Point","coordinates":[-121.7805,42.225]}},{"type":"Feature","properties":{"name":"St. George","sr":6,"cap":0,"pop":98638},"geometry":{"type":"Point","coordinates":[-113.5833,37.1042]}},{"type":"Feature","properties":{"name":"Provo","sr":6,"cap":0,"pop":356712},"geometry":{"type":"Point","coordinates":[-111.6378,40.2489]}},{"type":"Feature","properties":{"name":"Laramie","sr":6,"cap":0,"pop":26934},"geometry":{"type":"Point","coordinates":[-105.5906,41.3114]}},{"type":"Feature","properties":{"name":"Little Rock","sr":6,"cap":0,"pop":270893},"geometry":{"type":"Point","coordinates":[-92.3311,34.7361]}},{"type":"Feature","properties":{"name":"Wichita","sr":6,"cap":0,"pop":401843},"geometry":{"type":"Point","coordinates":[-97.3277,37.6763]}},{"type":"Feature","properties":{"name":"Jefferson City","sr":6,"cap":0,"pop":55139},"geometry":{"type":"Point","coordinates":[-92.1733,38.5766]}},{"type":"Feature","properties":{"name":"Rapid City","sr":6,"cap":0,"pop":73632},"geometry":{"type":"Point","coordinates":[-103.2306,44.0806]}},{"type":"Feature","properties":{"name":"Lafayette","sr":6,"cap":0,"pop":158214},"geometry":{"type":"Point","coordinates":[-92.0199,30.2]}},{"type":"Feature","properties":{"name":"Galveston","sr":6,"cap":0,"pop":68612},"geometry":{"type":"Point","coordinates":[-94.7975,29.3011]}},{"type":"Feature","properties":{"name":"Freeport","sr":6,"cap":0,"pop":74892},"geometry":{"type":"Point","coordinates":[-95.3569,28.9595]}},{"type":"Feature","properties":{"name":"Victoria","sr":6,"cap":0,"pop":64209},"geometry":{"type":"Point","coordinates":[-97.0033,28.805]}},{"type":"Feature","properties":{"name":"Odessa","sr":6,"cap":0,"pop":106054},"geometry":{"type":"Point","coordinates":[-102.3672,31.8456]}},{"type":"Feature","properties":{"name":"Wichita Falls","sr":6,"cap":0,"pop":101212},"geometry":{"type":"Point","coordinates":[-98.4931,33.9136]}},{"type":"Feature","properties":{"name":"Waco","sr":6,"cap":0,"pop":167347},"geometry":{"type":"Point","coordinates":[-97.1464,31.5492]}},{"type":"Feature","properties":{"name":"Lubbock","sr":6,"cap":0,"pop":213300},"geometry":{"type":"Point","coordinates":[-101.88,33.58]}},{"type":"Feature","properties":{"name":"San Fernando de Apure","sr":6,"cap":0,"pop":122701},"geometry":{"type":"Point","coordinates":[-67.4699,7.9]}},{"type":"Feature","properties":{"name":"Barquisimeto","sr":6,"cap":0,"pop":1116000},"geometry":{"type":"Point","coordinates":[-69.3019,10.0519]}},{"type":"Feature","properties":{"name":"Hartford","sr":6,"cap":0,"pop":913000},"geometry":{"type":"Point","coordinates":[-72.6819,41.772]}},{"type":"Feature","properties":{"name":"Providence","sr":6,"cap":0,"pop":1277000},"geometry":{"type":"Point","coordinates":[-71.4169,41.823]}},{"type":"Feature","properties":{"name":"Birmingham","sr":6,"cap":0,"pop":1128047},"geometry":{"type":"Point","coordinates":[-86.825,33.53]}},{"type":"Feature","properties":{"name":"Mobile","sr":6,"cap":0,"pop":253466},"geometry":{"type":"Point","coordinates":[-88.05,30.68]}},{"type":"Feature","properties":{"name":"Pensacola","sr":6,"cap":0,"pop":234384},"geometry":{"type":"Point","coordinates":[-87.2169,30.4211]}},{"type":"Feature","properties":{"name":"St. Petersburg","sr":6,"cap":0,"pop":800313},"geometry":{"type":"Point","coordinates":[-82.6794,27.7705]}},{"type":"Feature","properties":{"name":"Biloxi","sr":6,"cap":0,"pop":50644},"geometry":{"type":"Point","coordinates":[-88.8853,30.3958]}},{"type":"Feature","properties":{"name":"Springfield","sr":6,"cap":0,"pop":134715},"geometry":{"type":"Point","coordinates":[-89.6371,39.7882]}},{"type":"Feature","properties":{"name":"Frankfort","sr":6,"cap":0,"pop":36688},"geometry":{"type":"Point","coordinates":[-84.8734,38.2008]}},{"type":"Feature","properties":{"name":"Greensboro","sr":6,"cap":0,"pop":388887},"geometry":{"type":"Point","coordinates":[-79.8,36.07]}},{"type":"Feature","properties":{"name":"Dayton","sr":6,"cap":0,"pop":773000},"geometry":{"type":"Point","coordinates":[-84.2019,39.7523]}},{"type":"Feature","properties":{"name":"Virginia Beach","sr":6,"cap":0,"pop":1491000},"geometry":{"type":"Point","coordinates":[-75.9803,36.8552]}},{"type":"Feature","properties":{"name":"Madison","sr":6,"cap":0,"pop":327447},"geometry":{"type":"Point","coordinates":[-89.4011,43.073]}},{"type":"Feature","properties":{"name":"Green Bay","sr":6,"cap":0,"pop":198611},"geometry":{"type":"Point","coordinates":[-88.0,44.53]}},{"type":"Feature","properties":{"name":"Trenton","sr":6,"cap":0,"pop":366513},"geometry":{"type":"Point","coordinates":[-74.7434,40.217]}},{"type":"Feature","properties":{"name":"Matur\u00edn","sr":6,"cap":0,"pop":410972},"geometry":{"type":"Point","coordinates":[-63.17,9.75]}},{"type":"Feature","properties":{"name":"Cuman\u00e1","sr":6,"cap":0,"pop":317603},"geometry":{"type":"Point","coordinates":[-64.18,10.45]}},{"type":"Feature","properties":{"name":"Lansing","sr":6,"cap":0,"pop":279952},"geometry":{"type":"Point","coordinates":[-84.5467,42.7335]}},{"type":"Feature","properties":{"name":"La Ceiba","sr":6,"cap":0,"pop":145926},"geometry":{"type":"Point","coordinates":[-86.797,15.7631]}},{"type":"Feature","properties":{"name":"San Pedro Sula","sr":6,"cap":0,"pop":680091},"geometry":{"type":"Point","coordinates":[-88.03,15.5]}},{"type":"Feature","properties":{"name":"Linden","sr":6,"cap":0,"pop":44690},"geometry":{"type":"Point","coordinates":[-58.27,5.99]}},{"type":"Feature","properties":{"name":"Cap-Ha\u00eftien","sr":6,"cap":0,"pop":281487},"geometry":{"type":"Point","coordinates":[-72.2125,19.7592]}},{"type":"Feature","properties":{"name":"Bilwi","sr":6,"cap":0,"pop":43001},"geometry":{"type":"Point","coordinates":[-83.3834,14.0333]}},{"type":"Feature","properties":{"name":"Le\u00f3n","sr":6,"cap":0,"pop":164441},"geometry":{"type":"Point","coordinates":[-86.8794,12.4356]}},{"type":"Feature","properties":{"name":"Col\u00f3n","sr":6,"cap":0,"pop":204000},"geometry":{"type":"Point","coordinates":[-79.875,9.365]}},{"type":"Feature","properties":{"name":"Balboa","sr":6,"cap":0,"pop":62882},"geometry":{"type":"Point","coordinates":[-79.5667,8.95]}},{"type":"Feature","properties":{"name":"Ensenada","sr":6,"cap":0,"pop":256565},"geometry":{"type":"Point","coordinates":[-116.62,31.87]}},{"type":"Feature","properties":{"name":"Saltillo","sr":6,"cap":0,"pop":754000},"geometry":{"type":"Point","coordinates":[-101.0069,25.4219]}},{"type":"Feature","properties":{"name":"Ciudad Ju\u00e1rez","sr":6,"cap":0,"pop":1343000},"geometry":{"type":"Point","coordinates":[-106.492,31.6923]}},{"type":"Feature","properties":{"name":"Delicias","sr":6,"cap":0,"pop":114783},"geometry":{"type":"Point","coordinates":[-105.5,28.2]}},{"type":"Feature","properties":{"name":"Durango","sr":6,"cap":0,"pop":457140},"geometry":{"type":"Point","coordinates":[-104.67,24.0311]}},{"type":"Feature","properties":{"name":"Los Mochis","sr":6,"cap":0,"pop":249047},"geometry":{"type":"Point","coordinates":[-109.0,25.79]}},{"type":"Feature","properties":{"name":"Ciudad Victoria","sr":6,"cap":0,"pop":274900},"geometry":{"type":"Point","coordinates":[-99.13,23.72]}},{"type":"Feature","properties":{"name":"Aguascalientes","sr":6,"cap":0,"pop":869000},"geometry":{"type":"Point","coordinates":[-102.2924,21.8814]}},{"type":"Feature","properties":{"name":"Manzanillo","sr":6,"cap":0,"pop":110735},"geometry":{"type":"Point","coordinates":[-104.3231,19.0496]}},{"type":"Feature","properties":{"name":"Tehuantepec","sr":6,"cap":0,"pop":42776},"geometry":{"type":"Point","coordinates":[-95.23,16.33]}},{"type":"Feature","properties":{"name":"Villahermosa","sr":6,"cap":0,"pop":428564},"geometry":{"type":"Point","coordinates":[-92.9,18.0]}},{"type":"Feature","properties":{"name":"Cuernavaca","sr":6,"cap":0,"pop":834001},"geometry":{"type":"Point","coordinates":[-99.24,18.9211]}},{"type":"Feature","properties":{"name":"Quer\u00e9taro","sr":6,"cap":0,"pop":961000},"geometry":{"type":"Point","coordinates":[-100.3867,20.5777]}},{"type":"Feature","properties":{"name":"Tapachula","sr":6,"cap":0,"pop":221521},"geometry":{"type":"Point","coordinates":[-92.27,14.9]}},{"type":"Feature","properties":{"name":"Chetumal","sr":6,"cap":0,"pop":154517},"geometry":{"type":"Point","coordinates":[-88.3,18.5]}},{"type":"Feature","properties":{"name":"Progreso","sr":6,"cap":0,"pop":47124},"geometry":{"type":"Point","coordinates":[-89.6666,21.2833]}},{"type":"Feature","properties":{"name":"Bello","sr":6,"cap":0,"pop":519670},"geometry":{"type":"Point","coordinates":[-75.57,6.33]}},{"type":"Feature","properties":{"name":"Monter\u00eda","sr":6,"cap":0,"pop":275198},"geometry":{"type":"Point","coordinates":[-75.89,8.7575]}},{"type":"Feature","properties":{"name":"Bucaramanga","sr":6,"cap":0,"pop":1009000},"geometry":{"type":"Point","coordinates":[-73.1278,7.132]}},{"type":"Feature","properties":{"name":"Pinar del Rio","sr":6,"cap":0,"pop":186990},"geometry":{"type":"Point","coordinates":[-83.6981,22.4175]}},{"type":"Feature","properties":{"name":"Camag\u00fcey","sr":6,"cap":0,"pop":347562},"geometry":{"type":"Point","coordinates":[-77.9169,21.3808]}},{"type":"Feature","properties":{"name":"Guant\u00e1namo","sr":6,"cap":0,"pop":272801},"geometry":{"type":"Point","coordinates":[-75.2061,20.1453]}},{"type":"Feature","properties":{"name":"Holgu\u00edn","sr":6,"cap":0,"pop":319102},"geometry":{"type":"Point","coordinates":[-76.2631,20.8872]}},{"type":"Feature","properties":{"name":"Montego Bay","sr":6,"cap":0,"pop":126008},"geometry":{"type":"Point","coordinates":[-77.9167,18.4667]}},{"type":"Feature","properties":{"name":"Ibagu\u00e9","sr":6,"cap":0,"pop":421685},"geometry":{"type":"Point","coordinates":[-75.2322,4.4389]}},{"type":"Feature","properties":{"name":"Popay\u00e1n","sr":6,"cap":0,"pop":258750},"geometry":{"type":"Point","coordinates":[-76.61,2.42]}},{"type":"Feature","properties":{"name":"Santa Marta","sr":6,"cap":0,"pop":431781},"geometry":{"type":"Point","coordinates":[-74.2017,11.2472]}},{"type":"Feature","properties":{"name":"C\u00facuta","sr":6,"cap":0,"pop":722146},"geometry":{"type":"Point","coordinates":[-72.52,7.92]}},{"type":"Feature","properties":{"name":"Villavicencio","sr":6,"cap":0,"pop":374763},"geometry":{"type":"Point","coordinates":[-73.635,4.1533]}},{"type":"Feature","properties":{"name":"Santa Clara","sr":6,"cap":0,"pop":250512},"geometry":{"type":"Point","coordinates":[-79.9667,22.4]}},{"type":"Feature","properties":{"name":"Puerto Barrios","sr":6,"cap":0,"pop":56605},"geometry":{"type":"Point","coordinates":[-88.5927,15.7175]}},{"type":"Feature","properties":{"name":"Duluth","sr":6,"cap":0,"pop":84800},"geometry":{"type":"Point","coordinates":[-92.1064,46.7833]}},{"type":"Feature","properties":{"name":"Bemidji","sr":6,"cap":0,"pop":14796},"geometry":{"type":"Point","coordinates":[-94.8802,47.4736]}},{"type":"Feature","properties":{"name":"Havre","sr":6,"cap":0,"pop":11154},"geometry":{"type":"Point","coordinates":[-109.6777,48.5452]}},{"type":"Feature","properties":{"name":"Kalispell","sr":6,"cap":0,"pop":32062},"geometry":{"type":"Point","coordinates":[-114.316,48.1978]}},{"type":"Feature","properties":{"name":"Idaho Falls","sr":6,"cap":0,"pop":79399},"geometry":{"type":"Point","coordinates":[-112.0333,43.4667]}},{"type":"Feature","properties":{"name":"Lewiston","sr":6,"cap":0,"pop":49289},"geometry":{"type":"Point","coordinates":[-117.0166,46.4166]}},{"type":"Feature","properties":{"name":"Yakima","sr":6,"cap":0,"pop":99287},"geometry":{"type":"Point","coordinates":[-120.5047,46.6022]}},{"type":"Feature","properties":{"name":"Wenatchee","sr":6,"cap":0,"pop":62625},"geometry":{"type":"Point","coordinates":[-120.309,47.4236]}},{"type":"Feature","properties":{"name":"Douglas","sr":6,"cap":0,"pop":30185},"geometry":{"type":"Point","coordinates":[-109.5484,31.3586]}},{"type":"Feature","properties":{"name":"Bakersfield","sr":6,"cap":0,"pop":443129},"geometry":{"type":"Point","coordinates":[-119.02,35.37]}},{"type":"Feature","properties":{"name":"Oakland","sr":6,"cap":0,"pop":1510271},"geometry":{"type":"Point","coordinates":[-122.278,37.8047]}},{"type":"Feature","properties":{"name":"Lancaster","sr":6,"cap":0,"pop":225799},"geometry":{"type":"Point","coordinates":[-118.1358,34.698]}},{"type":"Feature","properties":{"name":"Chico","sr":6,"cap":0,"pop":95888},"geometry":{"type":"Point","coordinates":[-121.8364,39.7286]}},{"type":"Feature","properties":{"name":"Monterey","sr":6,"cap":0,"pop":124288},"geometry":{"type":"Point","coordinates":[-121.8936,36.6003]}},{"type":"Feature","properties":{"name":"Salinas","sr":6,"cap":0,"pop":156784},"geometry":{"type":"Point","coordinates":[-121.6417,36.6822]}},{"type":"Feature","properties":{"name":"Los Alamos","sr":6,"cap":0,"pop":12233},"geometry":{"type":"Point","coordinates":[-106.2977,35.8911]}},{"type":"Feature","properties":{"name":"Eugene","sr":6,"cap":0,"pop":245158},"geometry":{"type":"Point","coordinates":[-123.1,44.05]}},{"type":"Feature","properties":{"name":"Coos Bay","sr":6,"cap":0,"pop":31976},"geometry":{"type":"Point","coordinates":[-124.2166,43.3666]}},{"type":"Feature","properties":{"name":"Bend","sr":6,"cap":0,"pop":75441},"geometry":{"type":"Point","coordinates":[-121.3086,44.0539]}},{"type":"Feature","properties":{"name":"Cody","sr":6,"cap":0,"pop":9161},"geometry":{"type":"Point","coordinates":[-109.0571,44.5232]}},{"type":"Feature","properties":{"name":"Cedar Rapids","sr":6,"cap":0,"pop":170621},"geometry":{"type":"Point","coordinates":[-91.66,41.97]}},{"type":"Feature","properties":{"name":"Springfield","sr":6,"cap":0,"pop":210939},"geometry":{"type":"Point","coordinates":[-93.32,37.18]}},{"type":"Feature","properties":{"name":"Lincoln","sr":6,"cap":0,"pop":246220},"geometry":{"type":"Point","coordinates":[-96.68,40.82]}},{"type":"Feature","properties":{"name":"Alexandria","sr":6,"cap":0,"pop":76565},"geometry":{"type":"Point","coordinates":[-92.445,31.3111]}},{"type":"Feature","properties":{"name":"Abilene","sr":6,"cap":0,"pop":114247},"geometry":{"type":"Point","coordinates":[-99.7328,32.4486]}},{"type":"Feature","properties":{"name":"Brownsville","sr":6,"cap":0,"pop":181399},"geometry":{"type":"Point","coordinates":[-97.5,25.92]}},{"type":"Feature","properties":{"name":"Tyler","sr":6,"cap":0,"pop":112245},"geometry":{"type":"Point","coordinates":[-95.3008,32.3511]}},{"type":"Feature","properties":{"name":"Coro","sr":6,"cap":0,"pop":195227},"geometry":{"type":"Point","coordinates":[-69.68,11.42]}},{"type":"Feature","properties":{"name":"Punto Fijo","sr":6,"cap":0,"pop":234736},"geometry":{"type":"Point","coordinates":[-70.21,11.72]}},{"type":"Feature","properties":{"name":"Concord","sr":6,"cap":0,"pop":44606},"geometry":{"type":"Point","coordinates":[-71.538,43.2081]}},{"type":"Feature","properties":{"name":"Huntsville","sr":6,"cap":0,"pop":212733},"geometry":{"type":"Point","coordinates":[-86.61,34.72]}},{"type":"Feature","properties":{"name":"Key West","sr":6,"cap":0,"pop":29377},"geometry":{"type":"Point","coordinates":[-81.7827,24.5552]}},{"type":"Feature","properties":{"name":"West Palm Beach","sr":6,"cap":0,"pop":1250000},"geometry":{"type":"Point","coordinates":[-80.1236,26.745]}},{"type":"Feature","properties":{"name":"Sarasota","sr":6,"cap":0,"pop":589959},"geometry":{"type":"Point","coordinates":[-82.5308,27.3361]}},{"type":"Feature","properties":{"name":"Daytona Beach","sr":6,"cap":0,"pop":216890},"geometry":{"type":"Point","coordinates":[-81.0231,29.2106]}},{"type":"Feature","properties":{"name":"Gainesville","sr":6,"cap":0,"pop":191097},"geometry":{"type":"Point","coordinates":[-82.325,29.6514]}},{"type":"Feature","properties":{"name":"Ft. Myers","sr":6,"cap":0,"pop":188606},"geometry":{"type":"Point","coordinates":[-81.8605,26.6403]}},{"type":"Feature","properties":{"name":"Brunswick","sr":6,"cap":0,"pop":47085},"geometry":{"type":"Point","coordinates":[-81.4917,31.1497]}},{"type":"Feature","properties":{"name":"Augusta","sr":6,"cap":0,"pop":262332},"geometry":{"type":"Point","coordinates":[-81.985,33.4608]}},{"type":"Feature","properties":{"name":"Vicksburg","sr":6,"cap":0,"pop":25701},"geometry":{"type":"Point","coordinates":[-90.8777,32.3525]}},{"type":"Feature","properties":{"name":"Myrtle Beach","sr":6,"cap":0,"pop":49357},"geometry":{"type":"Point","coordinates":[-78.887,33.6889]}},{"type":"Feature","properties":{"name":"Charleston","sr":6,"cap":0,"pop":411940},"geometry":{"type":"Point","coordinates":[-79.9921,32.7924]}},{"type":"Feature","properties":{"name":"Peoria","sr":6,"cap":0,"pop":172308},"geometry":{"type":"Point","coordinates":[-89.5787,40.6894]}},{"type":"Feature","properties":{"name":"Evansville","sr":6,"cap":0,"pop":174102},"geometry":{"type":"Point","coordinates":[-87.5558,37.9747]}},{"type":"Feature","properties":{"name":"Louisville","sr":6,"cap":0,"pop":948000},"geometry":{"type":"Point","coordinates":[-85.7506,38.227]}},{"type":"Feature","properties":{"name":"Lexington","sr":6,"cap":0,"pop":264578},"geometry":{"type":"Point","coordinates":[-84.5,38.05]}},{"type":"Feature","properties":{"name":"Charlotte","sr":6,"cap":0,"pop":995000},"geometry":{"type":"Point","coordinates":[-80.832,35.2069]}},{"type":"Feature","properties":{"name":"Youngstown","sr":6,"cap":0,"pop":311990},"geometry":{"type":"Point","coordinates":[-80.6497,41.0997]}},{"type":"Feature","properties":{"name":"Canton","sr":6,"cap":0,"pop":258660},"geometry":{"type":"Point","coordinates":[-81.3786,40.7989]}},{"type":"Feature","properties":{"name":"Toledo","sr":6,"cap":0,"pop":469924},"geometry":{"type":"Point","coordinates":[-83.553,41.6398]}},{"type":"Feature","properties":{"name":"Columbus","sr":6,"cap":0,"pop":1270000},"geometry":{"type":"Point","coordinates":[-82.992,39.9819]}},{"type":"Feature","properties":{"name":"Chattanooga","sr":6,"cap":0,"pop":257589},"geometry":{"type":"Point","coordinates":[-85.25,35.07]}},{"type":"Feature","properties":{"name":"Charlottesville","sr":6,"cap":0,"pop":87925},"geometry":{"type":"Point","coordinates":[-78.4769,38.0292]}},{"type":"Feature","properties":{"name":"Lynchburg","sr":6,"cap":0,"pop":103893},"geometry":{"type":"Point","coordinates":[-79.1425,37.4136]}},{"type":"Feature","properties":{"name":"Wausau","sr":6,"cap":0,"pop":75422},"geometry":{"type":"Point","coordinates":[-89.63,44.9592]}},{"type":"Feature","properties":{"name":"Albany","sr":6,"cap":0,"pop":870716},"geometry":{"type":"Point","coordinates":[-73.7576,42.6537]}},{"type":"Feature","properties":{"name":"Ithaca","sr":6,"cap":0,"pop":59930},"geometry":{"type":"Point","coordinates":[-76.4969,42.4406]}},{"type":"Feature","properties":{"name":"Harrisburg","sr":6,"cap":0,"pop":528892},"geometry":{"type":"Point","coordinates":[-76.8847,40.2736]}},{"type":"Feature","properties":{"name":"La Esmeralda","sr":6,"cap":0,"pop":150},"geometry":{"type":"Point","coordinates":[-65.5466,3.1738]}},{"type":"Feature","properties":{"name":"Ciudad Bol\u00edvar","sr":6,"cap":0,"pop":338000},"geometry":{"type":"Point","coordinates":[-63.6,8.1]}},{"type":"Feature","properties":{"name":"El Dorado","sr":6,"cap":0,"pop":2383},"geometry":{"type":"Point","coordinates":[-61.6333,6.7333]}},{"type":"Feature","properties":{"name":"Maracay","sr":6,"cap":0,"pop":1007000},"geometry":{"type":"Point","coordinates":[-67.5978,10.2488]}},{"type":"Feature","properties":{"name":"Bangor","sr":6,"cap":0,"pop":50213},"geometry":{"type":"Point","coordinates":[-68.7783,44.8012]}},{"type":"Feature","properties":{"name":"Portland","sr":6,"cap":0,"pop":135866},"geometry":{"type":"Point","coordinates":[-70.2455,43.6722]}},{"type":"Feature","properties":{"name":"Saginaw","sr":6,"cap":0,"pop":121379},"geometry":{"type":"Point","coordinates":[-83.9508,43.4195]}},{"type":"Feature","properties":{"name":"Ketchikan","sr":6,"cap":0,"pop":9070},"geometry":{"type":"Point","coordinates":[-131.664,55.3562]}},{"type":"Feature","properties":{"name":"Skagway","sr":6,"cap":0,"pop":955},"geometry":{"type":"Point","coordinates":[-135.3139,59.4583]}},{"type":"Feature","properties":{"name":"Brochet","sr":6,"cap":0,"pop":278},"geometry":{"type":"Point","coordinates":[-101.6666,57.8832]}},{"type":"Feature","properties":{"name":"Lynn Lake","sr":6,"cap":0,"pop":482},"geometry":{"type":"Point","coordinates":[-101.05,56.85]}},{"type":"Feature","properties":{"name":"Gillam","sr":6,"cap":0,"pop":1281},"geometry":{"type":"Point","coordinates":[-94.7,56.35]}},{"type":"Feature","properties":{"name":"North Battleford","sr":6,"cap":0,"pop":19440},"geometry":{"type":"Point","coordinates":[-108.2833,52.7666]}},{"type":"Feature","properties":{"name":"Prince Albert","sr":6,"cap":0,"pop":34609},"geometry":{"type":"Point","coordinates":[-105.75,53.2]}},{"type":"Feature","properties":{"name":"Courtenay","sr":6,"cap":0,"pop":32793},"geometry":{"type":"Point","coordinates":[-125.0,49.6833]}},{"type":"Feature","properties":{"name":"Kelowna","sr":6,"cap":0,"pop":125109},"geometry":{"type":"Point","coordinates":[-119.4833,49.9]}},{"type":"Feature","properties":{"name":"Mabaruma","sr":6,"cap":0,"pop":2972},"geometry":{"type":"Point","coordinates":[-59.78,8.2]}},{"type":"Feature","properties":{"name":"New Amsterdam","sr":6,"cap":0,"pop":46874},"geometry":{"type":"Point","coordinates":[-57.53,6.25]}},{"type":"Feature","properties":{"name":"Dryden","sr":6,"cap":0,"pop":7862},"geometry":{"type":"Point","coordinates":[-92.8333,49.7833]}},{"type":"Feature","properties":{"name":"Attawapiskat","sr":6,"cap":0,"pop":1802},"geometry":{"type":"Point","coordinates":[-82.4333,52.9166]}},{"type":"Feature","properties":{"name":"Hamilton","sr":6,"cap":0,"pop":721053},"geometry":{"type":"Point","coordinates":[-79.83,43.25]}},{"type":"Feature","properties":{"name":"Windsor","sr":6,"cap":0,"pop":319246},"geometry":{"type":"Point","coordinates":[-83.0369,42.3155]}},{"type":"Feature","properties":{"name":"Trois-Rivi\u00e8res","sr":6,"cap":0,"pop":119693},"geometry":{"type":"Point","coordinates":[-72.5499,46.35]}},{"type":"Feature","properties":{"name":"Sept-\u00celes","sr":6,"cap":0,"pop":25686},"geometry":{"type":"Point","coordinates":[-66.36,50.3161]}},{"type":"Feature","properties":{"name":"Corner Brook","sr":6,"cap":0,"pop":20791},"geometry":{"type":"Point","coordinates":[-57.9333,48.95]}},{"type":"Feature","properties":{"name":"Bluefields","sr":6,"cap":0,"pop":44373},"geometry":{"type":"Point","coordinates":[-83.7649,12.0]}},{"type":"Feature","properties":{"name":"Puerto Armuelles","sr":6,"cap":0,"pop":27147},"geometry":{"type":"Point","coordinates":[-82.87,8.28]}},{"type":"Feature","properties":{"name":"Cabo San Lucas","sr":6,"cap":0,"pop":42601},"geometry":{"type":"Point","coordinates":[-109.9045,22.8928]}},{"type":"Feature","properties":{"name":"Monclova","sr":6,"cap":0,"pop":236244},"geometry":{"type":"Point","coordinates":[-101.42,26.9]}},{"type":"Feature","properties":{"name":"Ometepec","sr":6,"cap":0,"pop":30271},"geometry":{"type":"Point","coordinates":[-98.42,16.6801]}},{"type":"Feature","properties":{"name":"Cozumel","sr":6,"cap":0,"pop":73934},"geometry":{"type":"Point","coordinates":[-86.95,20.51]}},{"type":"Feature","properties":{"name":"San Juan","sr":6,"cap":0,"pop":72950},"geometry":{"type":"Point","coordinates":[-71.2309,18.8089]}},{"type":"Feature","properties":{"name":"Kourou","sr":6,"cap":0,"pop":24029},"geometry":{"type":"Point","coordinates":[-52.6499,5.16]}},{"type":"Feature","properties":{"name":"Norway House","sr":6,"cap":0,"pop":6000},"geometry":{"type":"Point","coordinates":[-97.8333,53.9666]}},{"type":"Feature","properties":{"name":"Flin Flon","sr":6,"cap":0,"pop":6393},"geometry":{"type":"Point","coordinates":[-101.8833,54.7666]}},{"type":"Feature","properties":{"name":"Dauphin","sr":6,"cap":0,"pop":9077},"geometry":{"type":"Point","coordinates":[-100.0499,51.15]}},{"type":"Feature","properties":{"name":"The Pas","sr":6,"cap":0,"pop":6055},"geometry":{"type":"Point","coordinates":[-101.2333,53.8166]}},{"type":"Feature","properties":{"name":"Uranium City","sr":6,"cap":0,"pop":89},"geometry":{"type":"Point","coordinates":[-108.6166,59.5666]}},{"type":"Feature","properties":{"name":"Moose Jaw","sr":6,"cap":0,"pop":32166},"geometry":{"type":"Point","coordinates":[-105.55,50.4]}},{"type":"Feature","properties":{"name":"Jasper","sr":6,"cap":0,"pop":3907},"geometry":{"type":"Point","coordinates":[-118.0834,52.8833]}},{"type":"Feature","properties":{"name":"Medicine Hat","sr":6,"cap":0,"pop":63138},"geometry":{"type":"Point","coordinates":[-110.6833,50.0333]}},{"type":"Feature","properties":{"name":"Red Deer","sr":6,"cap":0,"pop":74857},"geometry":{"type":"Point","coordinates":[-113.8,52.2666]}},{"type":"Feature","properties":{"name":"Banff","sr":6,"cap":0,"pop":7502},"geometry":{"type":"Point","coordinates":[-115.5719,51.178]}},{"type":"Feature","properties":{"name":"Grand Prairie","sr":6,"cap":0,"pop":41462},"geometry":{"type":"Point","coordinates":[-118.8,55.1666]}},{"type":"Feature","properties":{"name":"Smithers","sr":6,"cap":0,"pop":6245},"geometry":{"type":"Point","coordinates":[-127.1666,54.7666]}},{"type":"Feature","properties":{"name":"Kamloops","sr":6,"cap":0,"pop":68714},"geometry":{"type":"Point","coordinates":[-120.3333,50.6667]}},{"type":"Feature","properties":{"name":"Williams Lake","sr":6,"cap":0,"pop":14168},"geometry":{"type":"Point","coordinates":[-122.15,52.1166]}},{"type":"Feature","properties":{"name":"Prince George","sr":6,"cap":0,"pop":65558},"geometry":{"type":"Point","coordinates":[-122.7667,53.9167]}},{"type":"Feature","properties":{"name":"Fort Nelson","sr":6,"cap":0,"pop":6315},"geometry":{"type":"Point","coordinates":[-122.6865,58.8039]}},{"type":"Feature","properties":{"name":"Lansdowne House","sr":6,"cap":0,"pop":120},"geometry":{"type":"Point","coordinates":[-87.8833,52.2166]}},{"type":"Feature","properties":{"name":"Moosonee","sr":6,"cap":0,"pop":1725},"geometry":{"type":"Point","coordinates":[-80.658,51.2806]}},{"type":"Feature","properties":{"name":"Sudbury","sr":6,"cap":0,"pop":157857},"geometry":{"type":"Point","coordinates":[-80.9666,46.5]}},{"type":"Feature","properties":{"name":"Kenora","sr":6,"cap":0,"pop":10852},"geometry":{"type":"Point","coordinates":[-94.4666,49.7667]}},{"type":"Feature","properties":{"name":"Gasp\u00e9","sr":6,"cap":0,"pop":3677},"geometry":{"type":"Point","coordinates":[-64.4934,48.8373]}},{"type":"Feature","properties":{"name":"Mingan","sr":6,"cap":0,"pop":588},"geometry":{"type":"Point","coordinates":[-64.0173,50.3018]}},{"type":"Feature","properties":{"name":"Dolbeau","sr":6,"cap":0,"pop":13337},"geometry":{"type":"Point","coordinates":[-72.2333,48.8666]}},{"type":"Feature","properties":{"name":"Val d'Or","sr":6,"cap":0,"pop":20625},"geometry":{"type":"Point","coordinates":[-77.7666,48.1166]}},{"type":"Feature","properties":{"name":"Inukjuak","sr":6,"cap":0,"pop":1597},"geometry":{"type":"Point","coordinates":[-78.136,58.47]}},{"type":"Feature","properties":{"name":"Chicoutimi","sr":6,"cap":0,"pop":53940},"geometry":{"type":"Point","coordinates":[-71.0667,48.4333]}},{"type":"Feature","properties":{"name":"Moncton","sr":6,"cap":0,"pop":90635},"geometry":{"type":"Point","coordinates":[-64.7667,46.0833]}},{"type":"Feature","properties":{"name":"Fredericton","sr":6,"cap":0,"pop":52337},"geometry":{"type":"Point","coordinates":[-66.6333,45.95]}},{"type":"Feature","properties":{"name":"Bathurst","sr":6,"cap":0,"pop":6111},"geometry":{"type":"Point","coordinates":[-65.65,47.6]}},{"type":"Feature","properties":{"name":"Yarmouth","sr":6,"cap":0,"pop":7500},"geometry":{"type":"Point","coordinates":[-66.1126,43.8308]}},{"type":"Feature","properties":{"name":"Gander","sr":6,"cap":0,"pop":3345},"geometry":{"type":"Point","coordinates":[-54.55,48.95]}},{"type":"Feature","properties":{"name":"Cartwright","sr":6,"cap":0,"pop":505},"geometry":{"type":"Point","coordinates":[-57.0121,53.7014]}},{"type":"Feature","properties":{"name":"Rigolet","sr":6,"cap":0,"pop":124},"geometry":{"type":"Point","coordinates":[-58.4473,54.1766]}},{"type":"Feature","properties":{"name":"Arecibo","sr":6,"cap":0,"pop":69307},"geometry":{"type":"Point","coordinates":[-66.73,18.44]}},{"type":"Feature","properties":{"name":"Santa Cruz","sr":6,"cap":0,"pop":148444},"geometry":{"type":"Point","coordinates":[-122.0264,36.9719]}},{"type":"Feature","properties":{"name":"San Bernardino","sr":4,"cap":0,"pop":1745000},"geometry":{"type":"Point","coordinates":[-117.302,34.1223]}},{"type":"Feature","properties":{"name":"Bridgeport","sr":4,"cap":0,"pop":1018000},"geometry":{"type":"Point","coordinates":[-73.2019,41.1819]}},{"type":"Feature","properties":{"name":"Rochester","sr":4,"cap":0,"pop":755000},"geometry":{"type":"Point","coordinates":[-77.6219,43.1724]}},{"type":"Feature","properties":{"name":"International Falls","sr":4,"cap":0,"pop":15240},"geometry":{"type":"Point","coordinates":[-93.4108,48.6011]}},{"type":"Feature","properties":{"name":"St.  Paul","sr":4,"cap":0,"pop":734854},"geometry":{"type":"Point","coordinates":[-93.085,44.944]}},{"type":"Feature","properties":{"name":"Billings","sr":4,"cap":0,"pop":104552},"geometry":{"type":"Point","coordinates":[-108.54,45.7883]}},{"type":"Feature","properties":{"name":"Great Falls","sr":4,"cap":0,"pop":66558},"geometry":{"type":"Point","coordinates":[-111.3,47.5003]}},{"type":"Feature","properties":{"name":"Missoula","sr":4,"cap":0,"pop":72856},"geometry":{"type":"Point","coordinates":[-113.9931,46.8722]}},{"type":"Feature","properties":{"name":"Minot","sr":4,"cap":0,"pop":39439},"geometry":{"type":"Point","coordinates":[-101.2958,48.2325]}},{"type":"Feature","properties":{"name":"Fargo","sr":4,"cap":0,"pop":162842},"geometry":{"type":"Point","coordinates":[-96.7894,46.8772]}},{"type":"Feature","properties":{"name":"Olympia","sr":4,"cap":0,"pop":156984},"geometry":{"type":"Point","coordinates":[-122.8994,47.038]}},{"type":"Feature","properties":{"name":"Spokane","sr":4,"cap":0,"pop":347705},"geometry":{"type":"Point","coordinates":[-117.4199,47.67]}},{"type":"Feature","properties":{"name":"Vancouver","sr":4,"cap":0,"pop":525802},"geometry":{"type":"Point","coordinates":[-122.64,45.6303]}},{"type":"Feature","properties":{"name":"Flagstaff","sr":4,"cap":0,"pop":63993},"geometry":{"type":"Point","coordinates":[-111.6505,35.1981]}},{"type":"Feature","properties":{"name":"Tucson","sr":4,"cap":0,"pop":823000},"geometry":{"type":"Point","coordinates":[-110.8919,32.2069]}},{"type":"Feature","properties":{"name":"Santa Barbara","sr":4,"cap":0,"pop":181632},"geometry":{"type":"Point","coordinates":[-119.7166,34.4108]}},{"type":"Feature","properties":{"name":"Fresno","sr":4,"cap":0,"pop":616353},"geometry":{"type":"Point","coordinates":[-119.773,36.7477]}},{"type":"Feature","properties":{"name":"Eureka","sr":4,"cap":0,"pop":42398},"geometry":{"type":"Point","coordinates":[-124.1504,40.793]}},{"type":"Feature","properties":{"name":"Colorado Springs","sr":4,"cap":0,"pop":493654},"geometry":{"type":"Point","coordinates":[-104.792,38.863]}},{"type":"Feature","properties":{"name":"Reno","sr":4,"cap":0,"pop":328585},"geometry":{"type":"Point","coordinates":[-119.82,39.53]}},{"type":"Feature","properties":{"name":"Elko","sr":4,"cap":0,"pop":19252},"geometry":{"type":"Point","coordinates":[-115.762,40.8325]}},{"type":"Feature","properties":{"name":"Albuquerque","sr":4,"cap":0,"pop":898642},"geometry":{"type":"Point","coordinates":[-106.6413,35.105]}},{"type":"Feature","properties":{"name":"Salem","sr":4,"cap":0,"pop":229010},"geometry":{"type":"Point","coordinates":[-123.0239,44.9281]}},{"type":"Feature","properties":{"name":"Casper","sr":4,"cap":0,"pop":60791},"geometry":{"type":"Point","coordinates":[-106.3232,42.8469]}},{"type":"Feature","properties":{"name":"Topeka","sr":4,"cap":0,"pop":132091},"geometry":{"type":"Point","coordinates":[-95.67,39.05]}},{"type":"Feature","properties":{"name":"Kansas City","sr":4,"cap":0,"pop":1469000},"geometry":{"type":"Point","coordinates":[-94.606,39.109]}},{"type":"Feature","properties":{"name":"Tulsa","sr":4,"cap":0,"pop":946962},"geometry":{"type":"Point","coordinates":[-95.93,36.12]}},{"type":"Feature","properties":{"name":"Sioux Falls","sr":4,"cap":0,"pop":155724},"geometry":{"type":"Point","coordinates":[-96.73,43.55]}},{"type":"Feature","properties":{"name":"Shreveport","sr":4,"cap":0,"pop":248053},"geometry":{"type":"Point","coordinates":[-93.77,32.5]}},{"type":"Feature","properties":{"name":"Baton Rouge","sr":4,"cap":0,"pop":422072},"geometry":{"type":"Point","coordinates":[-91.1402,30.4579]}},{"type":"Feature","properties":{"name":"Ft.  Worth","sr":4,"cap":0,"pop":1440454},"geometry":{"type":"Point","coordinates":[-97.34,32.74]}},{"type":"Feature","properties":{"name":"Corpus Christi","sr":4,"cap":0,"pop":277454},"geometry":{"type":"Point","coordinates":[-97.4019,27.7428]}},{"type":"Feature","properties":{"name":"Austin","sr":4,"cap":0,"pop":1161000},"geometry":{"type":"Point","coordinates":[-97.7447,30.2689]}},{"type":"Feature","properties":{"name":"Amarillo","sr":4,"cap":0,"pop":181766},"geometry":{"type":"Point","coordinates":[-101.83,35.23]}},{"type":"Feature","properties":{"name":"El Paso","sr":4,"cap":0,"pop":753000},"geometry":{"type":"Point","coordinates":[-106.5119,31.7819]}},{"type":"Feature","properties":{"name":"Laredo","sr":4,"cap":0,"pop":434768},"geometry":{"type":"Point","coordinates":[-99.5072,27.5061]}},{"type":"Feature","properties":{"name":"M\u00e9rida","sr":4,"cap":0,"pop":345489},"geometry":{"type":"Point","coordinates":[-71.1825,8.5695]}},{"type":"Feature","properties":{"name":"Burlington","sr":4,"cap":0,"pop":93807},"geometry":{"type":"Point","coordinates":[-73.2125,44.4758]}},{"type":"Feature","properties":{"name":"Montgomery","sr":4,"cap":0,"pop":198325},"geometry":{"type":"Point","coordinates":[-86.2792,32.3616]}},{"type":"Feature","properties":{"name":"Tallahassee","sr":4,"cap":0,"pop":221222},"geometry":{"type":"Point","coordinates":[-84.28,30.45]}},{"type":"Feature","properties":{"name":"Orlando","sr":4,"cap":0,"pop":1350000},"geometry":{"type":"Point","coordinates":[-81.382,28.5119]}},{"type":"Feature","properties":{"name":"Jacksonville","sr":4,"cap":0,"pop":988000},"geometry":{"type":"Point","coordinates":[-81.6719,30.332]}},{"type":"Feature","properties":{"name":"Savannah","sr":4,"cap":0,"pop":180187},"geometry":{"type":"Point","coordinates":[-81.11,32.0211]}},{"type":"Feature","properties":{"name":"Columbia","sr":4,"cap":0,"pop":398093},"geometry":{"type":"Point","coordinates":[-81.0313,33.9969]}},{"type":"Feature","properties":{"name":"Indianapolis","sr":4,"cap":0,"pop":1436000},"geometry":{"type":"Point","coordinates":[-86.172,39.7519]}},{"type":"Feature","properties":{"name":"Wilmington","sr":4,"cap":0,"pop":161560},"geometry":{"type":"Point","coordinates":[-77.945,34.2255]}},{"type":"Feature","properties":{"name":"Knoxville","sr":4,"cap":0,"pop":655400},"geometry":{"type":"Point","coordinates":[-83.92,35.97]}},{"type":"Feature","properties":{"name":"Richmond","sr":4,"cap":0,"pop":912000},"geometry":{"type":"Point","coordinates":[-77.4519,37.552]}},{"type":"Feature","properties":{"name":"Charleston","sr":4,"cap":0,"pop":123799},"geometry":{"type":"Point","coordinates":[-81.6327,38.3497]}},{"type":"Feature","properties":{"name":"Baltimore","sr":4,"cap":0,"pop":2255000},"geometry":{"type":"Point","coordinates":[-76.6146,39.2815]}},{"type":"Feature","properties":{"name":"Syracuse","sr":4,"cap":0,"pop":662577},"geometry":{"type":"Point","coordinates":[-76.15,43.05]}},{"type":"Feature","properties":{"name":"Puerto Ayacucho","sr":4,"cap":0,"pop":52526},"geometry":{"type":"Point","coordinates":[-67.6236,5.6639]}},{"type":"Feature","properties":{"name":"Port-of-Spain","sr":4,"cap":1,"pop":294934},"geometry":{"type":"Point","coordinates":[-61.517,10.652]}},{"type":"Feature","properties":{"name":"Augusta","sr":4,"cap":0,"pop":24042},"geometry":{"type":"Point","coordinates":[-69.78,44.3106]}},{"type":"Feature","properties":{"name":"Sault Ste. Marie","sr":4,"cap":0,"pop":83805},"geometry":{"type":"Point","coordinates":[-84.3453,46.4953]}},{"type":"Feature","properties":{"name":"Sitka","sr":4,"cap":0,"pop":8931},"geometry":{"type":"Point","coordinates":[-135.3275,57.0604]}},{"type":"Feature","properties":{"name":"Cottica","sr":4,"cap":0,"pop":29210},"geometry":{"type":"Point","coordinates":[-54.2333,3.85]}},{"type":"Feature","properties":{"name":"David","sr":4,"cap":0,"pop":110037},"geometry":{"type":"Point","coordinates":[-82.4333,8.4333]}},{"type":"Feature","properties":{"name":"Mexicali","sr":4,"cap":0,"pop":885000},"geometry":{"type":"Point","coordinates":[-115.482,32.6519]}},{"type":"Feature","properties":{"name":"La Paz","sr":4,"cap":0,"pop":189767},"geometry":{"type":"Point","coordinates":[-110.32,24.14]}},{"type":"Feature","properties":{"name":"Torre\u00f3n","sr":4,"cap":0,"pop":1144000},"geometry":{"type":"Point","coordinates":[-103.4219,25.572]}},{"type":"Feature","properties":{"name":"Culiac\u00e1n","sr":4,"cap":0,"pop":809000},"geometry":{"type":"Point","coordinates":[-107.3819,24.8319]}},{"type":"Feature","properties":{"name":"Nogales","sr":4,"cap":0,"pop":178097},"geometry":{"type":"Point","coordinates":[-110.945,31.305]}},{"type":"Feature","properties":{"name":"Hermosillo","sr":4,"cap":0,"pop":595811},"geometry":{"type":"Point","coordinates":[-110.9541,29.0989]}},{"type":"Feature","properties":{"name":"Guaymas","sr":4,"cap":0,"pop":103449},"geometry":{"type":"Point","coordinates":[-110.89,27.93]}},{"type":"Feature","properties":{"name":"San Luis Potos\u00ed","sr":4,"cap":0,"pop":992000},"geometry":{"type":"Point","coordinates":[-101.0019,22.1719]}},{"type":"Feature","properties":{"name":"Matamoros","sr":4,"cap":0,"pop":538785},"geometry":{"type":"Point","coordinates":[-97.5,25.88]}},{"type":"Feature","properties":{"name":"Nuevo Laredo","sr":4,"cap":0,"pop":349550},"geometry":{"type":"Point","coordinates":[-99.55,27.5]}},{"type":"Feature","properties":{"name":"Colima","sr":4,"cap":0,"pop":223287},"geometry":{"type":"Point","coordinates":[-103.72,19.23]}},{"type":"Feature","properties":{"name":"Campeche","sr":4,"cap":0,"pop":205212},"geometry":{"type":"Point","coordinates":[-90.5,19.83]}},{"type":"Feature","properties":{"name":"Oaxaca","sr":4,"cap":0,"pop":530728},"geometry":{"type":"Point","coordinates":[-96.67,17.0827]}},{"type":"Feature","properties":{"name":"Le\u00f3n","sr":4,"cap":0,"pop":1488000},"geometry":{"type":"Point","coordinates":[-101.702,21.1519]}},{"type":"Feature","properties":{"name":"Lim\u00f3n","sr":4,"cap":0,"pop":85001},"geometry":{"type":"Point","coordinates":[-83.0333,10.0]}},{"type":"Feature","properties":{"name":"Santiago de Cuba","sr":4,"cap":0,"pop":555865},"geometry":{"type":"Point","coordinates":[-75.8213,20.025]}},{"type":"Feature","properties":{"name":"Santiago","sr":4,"cap":0,"pop":1550753},"geometry":{"type":"Point","coordinates":[-70.67,19.5]}},{"type":"Feature","properties":{"name":"Manizales","sr":4,"cap":0,"pop":375848},"geometry":{"type":"Point","coordinates":[-75.52,5.06]}},{"type":"Feature","properties":{"name":"Barranquilla","sr":4,"cap":0,"pop":1798000},"geometry":{"type":"Point","coordinates":[-74.8019,10.9619]}},{"type":"Feature","properties":{"name":"Roseau","sr":4,"cap":1,"pop":23336},"geometry":{"type":"Point","coordinates":[-61.387,15.301]}},{"type":"Feature","properties":{"name":"Quetzaltenango","sr":4,"cap":0,"pop":575263},"geometry":{"type":"Point","coordinates":[-91.52,14.83]}},{"type":"Feature","properties":{"name":"Thompson","sr":4,"cap":0,"pop":13727},"geometry":{"type":"Point","coordinates":[-97.8666,55.7499]}},{"type":"Feature","properties":{"name":"Brandon","sr":4,"cap":0,"pop":28418},"geometry":{"type":"Point","coordinates":[-99.95,49.8333]}},{"type":"Feature","properties":{"name":"Fort McMurray","sr":4,"cap":0,"pop":21863},"geometry":{"type":"Point","coordinates":[-111.3833,56.7333]}},{"type":"Feature","properties":{"name":"Peace River","sr":4,"cap":0,"pop":5340},"geometry":{"type":"Point","coordinates":[-117.2833,56.2333]}},{"type":"Feature","properties":{"name":"Fort St. John","sr":4,"cap":0,"pop":18776},"geometry":{"type":"Point","coordinates":[-120.8333,56.25]}},{"type":"Feature","properties":{"name":"Timmins","sr":4,"cap":0,"pop":34974},"geometry":{"type":"Point","coordinates":[-81.3333,48.4666]}},{"type":"Feature","properties":{"name":"North Bay","sr":4,"cap":0,"pop":50170},"geometry":{"type":"Point","coordinates":[-79.45,46.3]}},{"type":"Feature","properties":{"name":"Kuujjuarapik","sr":4,"cap":0,"pop":1243},"geometry":{"type":"Point","coordinates":[-77.7658,55.2815]}},{"type":"Feature","properties":{"name":"Kuujjuaq","sr":4,"cap":0,"pop":1273},"geometry":{"type":"Point","coordinates":[-68.4,58.1]}},{"type":"Feature","properties":{"name":"Sydney","sr":4,"cap":0,"pop":37538},"geometry":{"type":"Point","coordinates":[-60.18,46.0661]}},{"type":"Feature","properties":{"name":"Labrador City","sr":4,"cap":0,"pop":10313},"geometry":{"type":"Point","coordinates":[-66.9159,52.9414]}},{"type":"Feature","properties":{"name":"Bridgetown","sr":4,"cap":1,"pop":191152},"geometry":{"type":"Point","coordinates":[-59.6165,13.102]}},{"type":"Feature","properties":{"name":"Kingstown","sr":4,"cap":1,"pop":49485},"geometry":{"type":"Point","coordinates":[-61.2202,13.1558]}},{"type":"Feature","properties":{"name":"Castries","sr":4,"cap":1,"pop":37963},"geometry":{"type":"Point","coordinates":[-60.9929,14.0079]}},{"type":"Feature","properties":{"name":"Basseterre","sr":4,"cap":1,"pop":21887},"geometry":{"type":"Point","coordinates":[-62.717,17.302]}},{"type":"Feature","properties":{"name":"Saint George's","sr":4,"cap":1,"pop":33734},"geometry":{"type":"Point","coordinates":[-61.7416,12.0526]}},{"type":"Feature","properties":{"name":"Freeport","sr":4,"cap":0,"pop":25383},"geometry":{"type":"Point","coordinates":[-78.7,26.5333]}},{"type":"Feature","properties":{"name":"Saint John's","sr":4,"cap":1,"pop":35499},"geometry":{"type":"Point","coordinates":[-61.85,17.118]}},{"type":"Feature","properties":{"name":"Helena","sr":3,"cap":0,"pop":38725},"geometry":{"type":"Point","coordinates":[-112.0353,46.5927]}},{"type":"Feature","properties":{"name":"Bismarck","sr":3,"cap":0,"pop":63871},"geometry":{"type":"Point","coordinates":[-100.7833,46.8083]}},{"type":"Feature","properties":{"name":"Boise","sr":3,"cap":0,"pop":338071},"geometry":{"type":"Point","coordinates":[-116.2275,43.6086]}},{"type":"Feature","properties":{"name":"San Jose","sr":3,"cap":0,"pop":1668000},"geometry":{"type":"Point","coordinates":[-121.8882,37.3309]}},{"type":"Feature","properties":{"name":"Sacramento","sr":3,"cap":0,"pop":1604000},"geometry":{"type":"Point","coordinates":[-121.472,38.577]}},{"type":"Feature","properties":{"name":"Las Vegas","sr":3,"cap":0,"pop":1823000},"geometry":{"type":"Point","coordinates":[-115.1514,36.1648]}},{"type":"Feature","properties":{"name":"Santa Fe","sr":3,"cap":0,"pop":92681},"geometry":{"type":"Point","coordinates":[-105.9372,35.6869]}},{"type":"Feature","properties":{"name":"Portland","sr":3,"cap":0,"pop":1875000},"geometry":{"type":"Point","coordinates":[-122.6819,45.522]}},{"type":"Feature","properties":{"name":"Salt Lake City","sr":3,"cap":0,"pop":966000},"geometry":{"type":"Point","coordinates":[-111.932,40.777]}},{"type":"Feature","properties":{"name":"Cheyenne","sr":3,"cap":0,"pop":72927},"geometry":{"type":"Point","coordinates":[-104.8197,41.14]}},{"type":"Feature","properties":{"name":"Des Moines","sr":3,"cap":0,"pop":380655},"geometry":{"type":"Point","coordinates":[-93.62,41.58]}},{"type":"Feature","properties":{"name":"Omaha","sr":3,"cap":0,"pop":877110},"geometry":{"type":"Point","coordinates":[-96.01,41.24]}},{"type":"Feature","properties":{"name":"Oklahoma City","sr":3,"cap":0,"pop":788000},"geometry":{"type":"Point","coordinates":[-97.5206,35.472]}},{"type":"Feature","properties":{"name":"Pierre","sr":3,"cap":0,"pop":13879},"geometry":{"type":"Point","coordinates":[-100.3506,44.3683]}},{"type":"Feature","properties":{"name":"San Antonio","sr":3,"cap":0,"pop":1473000},"geometry":{"type":"Point","coordinates":[-98.4927,29.4198]}},{"type":"Feature","properties":{"name":"San Crist\u00f3bal","sr":3,"cap":0,"pop":438798},"geometry":{"type":"Point","coordinates":[-72.25,7.77]}},{"type":"Feature","properties":{"name":"Valencia","sr":3,"cap":0,"pop":1770000},"geometry":{"type":"Point","coordinates":[-67.982,10.2319]}},{"type":"Feature","properties":{"name":"Jackson","sr":3,"cap":0,"pop":250902},"geometry":{"type":"Point","coordinates":[-90.185,32.2988]}},{"type":"Feature","properties":{"name":"Raleigh","sr":3,"cap":0,"pop":1163515},"geometry":{"type":"Point","coordinates":[-78.647,35.7727]}},{"type":"Feature","properties":{"name":"Cleveland","sr":3,"cap":0,"pop":1890000},"geometry":{"type":"Point","coordinates":[-81.6969,41.4719]}},{"type":"Feature","properties":{"name":"Cincinnati","sr":3,"cap":0,"pop":1636000},"geometry":{"type":"Point","coordinates":[-84.4589,39.1638]}},{"type":"Feature","properties":{"name":"Nashville","sr":3,"cap":0,"pop":877000},"geometry":{"type":"Point","coordinates":[-86.7819,36.1719]}},{"type":"Feature","properties":{"name":"Memphis","sr":3,"cap":0,"pop":1081000},"geometry":{"type":"Point","coordinates":[-90.0288,35.1447]}},{"type":"Feature","properties":{"name":"Norfolk","sr":3,"cap":0,"pop":1047869},"geometry":{"type":"Point","coordinates":[-76.28,36.85]}},{"type":"Feature","properties":{"name":"Milwaukee","sr":3,"cap":0,"pop":1388000},"geometry":{"type":"Point","coordinates":[-87.9167,43.0296]}},{"type":"Feature","properties":{"name":"Buffalo","sr":3,"cap":0,"pop":1016000},"geometry":{"type":"Point","coordinates":[-78.8819,42.8819]}},{"type":"Feature","properties":{"name":"Pittsburgh","sr":3,"cap":0,"pop":1838000},"geometry":{"type":"Point","coordinates":[-80.0019,40.4319]}},{"type":"Feature","properties":{"name":"Ciudad Guayana","sr":3,"cap":0,"pop":746535},"geometry":{"type":"Point","coordinates":[-62.62,8.37]}},{"type":"Feature","properties":{"name":"Juneau","sr":3,"cap":0,"pop":30711},"geometry":{"type":"Point","coordinates":[-134.4007,58.3034]}},{"type":"Feature","properties":{"name":"Tegucigalpa","sr":3,"cap":1,"pop":946000},"geometry":{"type":"Point","coordinates":[-87.2195,14.104]}},{"type":"Feature","properties":{"name":"Georgetown","sr":3,"cap":1,"pop":264350},"geometry":{"type":"Point","coordinates":[-58.167,6.802]}},{"type":"Feature","properties":{"name":"Port-au-Prince","sr":3,"cap":1,"pop":1998000},"geometry":{"type":"Point","coordinates":[-72.338,18.543]}},{"type":"Feature","properties":{"name":"Paramaribo","sr":3,"cap":1,"pop":254169},"geometry":{"type":"Point","coordinates":[-55.167,5.835]}},{"type":"Feature","properties":{"name":"Managua","sr":3,"cap":1,"pop":920000},"geometry":{"type":"Point","coordinates":[-86.2704,12.155]}},{"type":"Feature","properties":{"name":"Panama City","sr":3,"cap":1,"pop":1281000},"geometry":{"type":"Point","coordinates":[-79.535,8.97]}},{"type":"Feature","properties":{"name":"Tijuana","sr":3,"cap":0,"pop":1553000},"geometry":{"type":"Point","coordinates":[-117.0819,32.502]}},{"type":"Feature","properties":{"name":"Chihuahua","sr":3,"cap":0,"pop":793000},"geometry":{"type":"Point","coordinates":[-106.0869,28.6469]}},{"type":"Feature","properties":{"name":"Mazatl\u00e1n","sr":3,"cap":0,"pop":368204},"geometry":{"type":"Point","coordinates":[-106.42,23.2211]}},{"type":"Feature","properties":{"name":"Tampico","sr":3,"cap":0,"pop":859419},"geometry":{"type":"Point","coordinates":[-97.87,22.3]}},{"type":"Feature","properties":{"name":"Acapulco","sr":3,"cap":0,"pop":715584},"geometry":{"type":"Point","coordinates":[-99.916,16.85]}},{"type":"Feature","properties":{"name":"Veracruz","sr":3,"cap":0,"pop":578963},"geometry":{"type":"Point","coordinates":[-96.16,19.1773]}},{"type":"Feature","properties":{"name":"Tuxtla Guti\u00e9rrez","sr":3,"cap":0,"pop":481128},"geometry":{"type":"Point","coordinates":[-93.15,16.75]}},{"type":"Feature","properties":{"name":"Canc\u00fan","sr":3,"cap":0,"pop":542043},"geometry":{"type":"Point","coordinates":[-86.83,21.17]}},{"type":"Feature","properties":{"name":"M\u00e9rida","sr":3,"cap":0,"pop":965000},"geometry":{"type":"Point","coordinates":[-89.6186,20.9686]}},{"type":"Feature","properties":{"name":"San Jos\u00e9","sr":3,"cap":1,"pop":1284000},"geometry":{"type":"Point","coordinates":[-84.0788,9.9304]}},{"type":"Feature","properties":{"name":"San Salvador","sr":3,"cap":1,"pop":1433000},"geometry":{"type":"Point","coordinates":[-89.2156,13.7033]}},{"type":"Feature","properties":{"name":"Kingston","sr":3,"cap":1,"pop":937700},"geometry":{"type":"Point","coordinates":[-76.7674,17.9771]}},{"type":"Feature","properties":{"name":"Cartagena","sr":3,"cap":0,"pop":887000},"geometry":{"type":"Point","coordinates":[-75.5163,10.4017]}},{"type":"Feature","properties":{"name":"Guatemala City","sr":3,"cap":1,"pop":1024000},"geometry":{"type":"Point","coordinates":[-90.5289,14.6231]}},{"type":"Feature","properties":{"name":"Cayenne","sr":3,"cap":0,"pop":61550},"geometry":{"type":"Point","coordinates":[-52.33,4.933]}},{"type":"Feature","properties":{"name":"Winnipeg","sr":3,"cap":0,"pop":632063},"geometry":{"type":"Point","coordinates":[-97.166,49.883]}},{"type":"Feature","properties":{"name":"Churchill","sr":3,"cap":0,"pop":1000},"geometry":{"type":"Point","coordinates":[-94.166,58.766]}},{"type":"Feature","properties":{"name":"Regina","sr":3,"cap":0,"pop":176183},"geometry":{"type":"Point","coordinates":[-104.617,50.45]}},{"type":"Feature","properties":{"name":"Saskatoon","sr":3,"cap":0,"pop":198958},"geometry":{"type":"Point","coordinates":[-106.67,52.17]}},{"type":"Feature","properties":{"name":"Calgary","sr":3,"cap":0,"pop":1110000},"geometry":{"type":"Point","coordinates":[-114.0819,51.0849]}},{"type":"Feature","properties":{"name":"Prince Rupert","sr":3,"cap":0,"pop":14708},"geometry":{"type":"Point","coordinates":[-130.33,54.3167]}},{"type":"Feature","properties":{"name":"Victoria","sr":3,"cap":0,"pop":289625},"geometry":{"type":"Point","coordinates":[-123.35,48.4333]}},{"type":"Feature","properties":{"name":"Boa Vista","sr":3,"cap":0,"pop":235150},"geometry":{"type":"Point","coordinates":[-60.666,2.8161]}},{"type":"Feature","properties":{"name":"Ottawa","sr":3,"cap":1,"pop":1145000},"geometry":{"type":"Point","coordinates":[-75.702,45.4186]}},{"type":"Feature","properties":{"name":"Fort Severn","sr":3,"cap":0,"pop":125},"geometry":{"type":"Point","coordinates":[-87.65,55.9833]}},{"type":"Feature","properties":{"name":"Thunder Bay","sr":3,"cap":0,"pop":99334},"geometry":{"type":"Point","coordinates":[-89.275,48.4462]}},{"type":"Feature","properties":{"name":"Qu\u00e9bec","sr":3,"cap":0,"pop":624177},"geometry":{"type":"Point","coordinates":[-71.2456,46.84]}},{"type":"Feature","properties":{"name":"Halifax","sr":3,"cap":0,"pop":359111},"geometry":{"type":"Point","coordinates":[-63.6,44.65]}},{"type":"Feature","properties":{"name":"St. John's","sr":3,"cap":0,"pop":131469},"geometry":{"type":"Point","coordinates":[-52.681,47.585]}},{"type":"Feature","properties":{"name":"Nain","sr":3,"cap":0,"pop":1151},"geometry":{"type":"Point","coordinates":[-61.686,56.5474]}},{"type":"Feature","properties":{"name":"Charlottetown","sr":3,"cap":0,"pop":42402},"geometry":{"type":"Point","coordinates":[-63.1313,46.2493]}},{"type":"Feature","properties":{"name":"Belmopan","sr":3,"cap":1,"pop":15220},"geometry":{"type":"Point","coordinates":[-88.7671,17.252]}},{"type":"Feature","properties":{"name":"San Juan","sr":3,"cap":0,"pop":2478905},"geometry":{"type":"Point","coordinates":[-66.13,18.44]}},{"type":"Feature","properties":{"name":"Hamilton","sr":3,"cap":0,"pop":52320},"geometry":{"type":"Point","coordinates":[-64.7839,32.2942]}},{"type":"Feature","properties":{"name":"Nassau","sr":3,"cap":1,"pop":227940},"geometry":{"type":"Point","coordinates":[-77.35,25.0834]}},{"type":"Feature","properties":{"name":"Minneapolis","sr":2,"cap":0,"pop":2616000},"geometry":{"type":"Point","coordinates":[-93.2537,44.9819]}},{"type":"Feature","properties":{"name":"Seattle","sr":2,"cap":0,"pop":3074000},"geometry":{"type":"Point","coordinates":[-122.3153,47.6004]}},{"type":"Feature","properties":{"name":"Phoenix","sr":2,"cap":0,"pop":3551000},"geometry":{"type":"Point","coordinates":[-112.0674,33.4483]}},{"type":"Feature","properties":{"name":"San Diego","sr":2,"cap":0,"pop":2916000},"geometry":{"type":"Point","coordinates":[-117.1509,32.7189]}},{"type":"Feature","properties":{"name":"St. Louis","sr":2,"cap":0,"pop":2199000},"geometry":{"type":"Point","coordinates":[-90.2419,38.637]}},{"type":"Feature","properties":{"name":"New Orleans","sr":2,"cap":0,"pop":785000},"geometry":{"type":"Point","coordinates":[-90.0884,29.9689]}},{"type":"Feature","properties":{"name":"Dallas","sr":2,"cap":0,"pop":4798000},"geometry":{"type":"Point","coordinates":[-96.7947,32.772]}},{"type":"Feature","properties":{"name":"Maracaibo","sr":2,"cap":0,"pop":2072000},"geometry":{"type":"Point","coordinates":[-71.6619,10.7319]}},{"type":"Feature","properties":{"name":"Boston","sr":2,"cap":0,"pop":4467000},"geometry":{"type":"Point","coordinates":[-71.072,42.3319]}},{"type":"Feature","properties":{"name":"Tampa","sr":2,"cap":0,"pop":2314000},"geometry":{"type":"Point","coordinates":[-82.4606,27.9489]}},{"type":"Feature","properties":{"name":"Philadelphia","sr":2,"cap":0,"pop":5492000},"geometry":{"type":"Point","coordinates":[-75.1798,39.9459]}},{"type":"Feature","properties":{"name":"Detroit","sr":2,"cap":0,"pop":4101000},"geometry":{"type":"Point","coordinates":[-83.0513,42.3336]}},{"type":"Feature","properties":{"name":"Guadalajara","sr":2,"cap":0,"pop":4198000},"geometry":{"type":"Point","coordinates":[-103.332,20.672]}},{"type":"Feature","properties":{"name":"Puebla","sr":2,"cap":0,"pop":2195000},"geometry":{"type":"Point","coordinates":[-98.2037,19.0326]}},{"type":"Feature","properties":{"name":"Medell\u00edn","sr":2,"cap":0,"pop":3297000},"geometry":{"type":"Point","coordinates":[-75.577,6.2769]}},{"type":"Feature","properties":{"name":"Cali","sr":2,"cap":0,"pop":2254000},"geometry":{"type":"Point","coordinates":[-76.5019,3.4019]}},{"type":"Feature","properties":{"name":"Havana","sr":2,"cap":1,"pop":2174000},"geometry":{"type":"Point","coordinates":[-82.3661,23.1339]}},{"type":"Feature","properties":{"name":"Santo Domingo","sr":2,"cap":1,"pop":2154000},"geometry":{"type":"Point","coordinates":[-69.9297,18.4707]}},{"type":"Feature","properties":{"name":"Edmonton","sr":2,"cap":0,"pop":1058000},"geometry":{"type":"Point","coordinates":[-113.5019,53.552]}},{"type":"Feature","properties":{"name":"Montr\u00e9al","sr":2,"cap":0,"pop":3678000},"geometry":{"type":"Point","coordinates":[-73.5852,45.5019]}},{"type":"Feature","properties":{"name":"San Francisco","sr":1,"cap":0,"pop":3450000},"geometry":{"type":"Point","coordinates":[-122.3996,37.7843]}},{"type":"Feature","properties":{"name":"Denver","sr":1,"cap":0,"pop":2313000},"geometry":{"type":"Point","coordinates":[-104.986,39.7411]}},{"type":"Feature","properties":{"name":"Houston","sr":1,"cap":0,"pop":4459000},"geometry":{"type":"Point","coordinates":[-95.3484,29.7413]}},{"type":"Feature","properties":{"name":"Miami","sr":1,"cap":0,"pop":5585000},"geometry":{"type":"Point","coordinates":[-80.2261,25.7896]}},{"type":"Feature","properties":{"name":"Atlanta","sr":1,"cap":0,"pop":4506000},"geometry":{"type":"Point","coordinates":[-84.3676,33.7395]}},{"type":"Feature","properties":{"name":"Chicago","sr":1,"cap":0,"pop":8990000},"geometry":{"type":"Point","coordinates":[-87.6352,41.848]}},{"type":"Feature","properties":{"name":"Caracas","sr":1,"cap":1,"pop":2985000},"geometry":{"type":"Point","coordinates":[-66.919,10.5029]}},{"type":"Feature","properties":{"name":"Monterrey","sr":1,"cap":0,"pop":3712000},"geometry":{"type":"Point","coordinates":[-100.3319,25.6719]}},{"type":"Feature","properties":{"name":"Vancouver","sr":1,"cap":0,"pop":2313328},"geometry":{"type":"Point","coordinates":[-123.1236,49.2754]}},{"type":"Feature","properties":{"name":"Toronto","sr":1,"cap":0,"pop":5213000},"geometry":{"type":"Point","coordinates":[-79.3895,43.6646]}},{"type":"Feature","properties":{"name":"Los Angeles","sr":0,"cap":0,"pop":12500000},"geometry":{"type":"Point","coordinates":[-118.232,34.0492]}},{"type":"Feature","properties":{"name":"Washington,  D.C.","sr":0,"cap":1,"pop":4338000},"geometry":{"type":"Point","coordinates":[-77.0114,38.9015]}},{"type":"Feature","properties":{"name":"New York","sr":0,"cap":0,"pop":19040000},"geometry":{"type":"Point","coordinates":[-73.9957,40.7216]}},{"type":"Feature","properties":{"name":"Mexico City","sr":0,"cap":1,"pop":19028000},"geometry":{"type":"Point","coordinates":[-99.1329,19.4444]}},{"type":"Feature","properties":{"name":"Bogota","sr":0,"cap":1,"pop":7772000},"geometry":{"type":"Point","coordinates":[-74.0853,4.5984]}}]}