{"type":"FeatureCollection","name":"ne_50m_lakes","crs":{"type":"name","properties":{"name":"urn:ogc:def:crs:OGC:1.3:CRS84"}},"xy_coordinate_resolution":0.0001,"bbox":[-165.8985,4.4624,4.6853,66.0],"features":[{"type":"Feature","properties":{},"bbox":[-83.4562,41.3981,-78.8723,43.1061],"geometry":{"type":"Polygon","coordinates":[[[-83.0765,42.2755],[-83.1045,42.2152],[-83.1172,42.1198],[-83.1079,42.071],[-83.0612,42.0502],[-82.9366,42.0064],[-82.8338,41.9972],[-82.69,42.0359],[-82.6451,42.0373],[-82.6042,42.0252],[-82.5672,42.0],[-82.5115,41.9322],[-82.496,41.944],[-82.4898,42.0046],[-82.4618,42.0577],[-82.4119,42.1032],[-82.3114,42.1583],[-82.1602,42.2228],[-82.0444,42.2572],[-81.9379,42.2689],[-81.9293,42.2792],[-81.8745,42.315],[-81.8659,42.3081],[-81.8867,42.2736],[-81.887,42.257],[-81.8668,42.2584],[-81.8408,42.2955],[-81.809,42.3684],[-81.7299,42.4466],[-81.4949,42.5912],[-81.4044,42.63],[-81.2525,42.6538],[-81.0392,42.6625],[-80.8272,42.6432],[-80.6166,42.5958],[-80.473,42.5739],[-80.3966,42.5774],[-80.0938,42.5464],[-80.0621,42.5541],[-80.1048,42.5715],[-80.3049,42.5897],[-80.3678,42.6079],[-80.446,42.6042],[-80.4512,42.6135],[-80.3956,42.6759],[-80.3647,42.6831],[-80.3258,42.7074],[-80.2858,42.7385],[-80.2205,42.7744],[-80.0995,42.8023],[-79.9229,42.8224],[-79.7466,42.8584],[-79.6987,42.8616],[-79.6615,42.8506],[-79.5938,42.854],[-79.3859,42.8807],[-79.264,42.8803],[-79.1759,42.8726],[-79.1219,42.8575],[-79.0569,42.8623],[-78.9364,42.9072],[-78.9224,42.9238],[-78.9471,42.9516],[-79.0105,42.9905],[-79.0397,43.0213],[-79.0345,43.0439],[-79.0429,43.0636],[-79.0732,43.0931],[-79.0661,43.1061],[-78.9082,43.0703],[-78.8947,43.0578],[-78.9001,43.0335],[-78.9243,42.9975],[-78.9197,42.9482],[-78.8862,42.8856],[-78.8723,42.8359],[-78.8778,42.7991],[-78.9183,42.7641],[-78.9936,42.7307],[-79.0625,42.6798],[-79.125,42.6112],[-79.2092,42.5552],[-79.3154,42.5116],[-79.4164,42.4569],[-79.5123,42.391],[-79.7041,42.3001],[-80.0762,42.146],[-80.1247,42.1283],[-80.1682,42.109],[-80.252,42.0753],[-80.3345,42.0408],[-80.8692,41.8933],[-81.2286,41.7704],[-81.4471,41.6715],[-81.6372,41.5484],[-81.7232,41.5109],[-81.8175,41.5009],[-81.9663,41.5077],[-82.1213,41.493],[-82.2825,41.4568],[-82.3869,41.4275],[-82.4344,41.4049],[-82.4803,41.3981],[-82.5244,41.407],[-82.6426,41.4669],[-82.6515,41.4625],[-82.6735,41.4537],[-82.7431,41.4641],[-82.8223,41.4652],[-82.8911,41.4433],[-82.9596,41.4397],[-83.0275,41.4545],[-82.9707,41.4757],[-82.7,41.5213],[-82.7031,41.5295],[-82.8008,41.5557],[-82.8308,41.5797],[-82.8555,41.5778],[-82.8749,41.5501],[-82.9108,41.5382],[-82.9633,41.5419],[-83.016,41.5628],[-83.0691,41.6006],[-83.2426,41.6619],[-83.2907,41.6933],[-83.3522,41.714],[-83.443,41.7249],[-83.4562,41.7425],[-83.4412,41.7662],[-83.3621,41.8799],[-83.3162,41.9233],[-83.2972,41.9351],[-83.2725,41.9346],[-83.2618,41.9464],[-83.2652,41.9706],[-83.2556,41.9856],[-83.2048,42.0271],[-83.1766,42.0489],[-83.1884,42.0834],[-83.1752,42.1463],[-83.1421,42.2276],[-83.1048,42.2864],[-83.0765,42.2755]],[[-78.9605,42.9882],[-78.9299,43.0225],[-78.9139,43.0423],[-78.9162,43.0532],[-78.988,43.0635],[-79.0142,43.0515],[-79.0194,43.0242],[-79.012,43.0027],[-78.9903,42.9916],[-78.9605,42.9882]],[[-82.6272,41.7711],[-82.6429,41.8154],[-82.6544,41.8274],[-82.6744,41.8061],[-82.6854,41.7571],[-82.6845,41.7358],[-82.6382,41.7469],[-82.6272,41.7711]]]}},{"type":"Feature","properties":{},"bbox":[-99.24,50.3979,-96.2881,54.4125],"geometry":{"type":"Polygon","coordinates":[[[-96.3585,50.6912],[-96.2944,50.6239],[-96.3917,50.6285],[-96.4521,50.6558],[-96.5418,50.7279],[-96.5663,50.6953],[-96.5875,50.6636],[-96.5943,50.5992],[-96.6076,50.5522],[-96.5764,50.468],[-96.5958,50.4418],[-96.6832,50.3979],[-96.7612,50.3979],[-96.8656,50.4185],[-96.9307,50.4612],[-96.9618,50.5699],[-96.9764,50.6436],[-96.9833,50.683],[-96.956,50.7974],[-96.9535,50.8438],[-96.9666,50.9274],[-96.9383,51.0601],[-96.9265,51.0825],[-96.8406,51.1282],[-96.8325,51.1574],[-96.7744,51.2208],[-96.6926,51.2553],[-96.6268,51.3244],[-96.631,51.3431],[-96.7075,51.3636],[-96.7254,51.366],[-96.9082,51.2056],[-96.9373,51.1927],[-96.9795,51.2041],[-96.9815,51.2509],[-96.9138,51.3314],[-96.7421,51.5545],[-96.7365,51.5934],[-96.7506,51.6123],[-96.7847,51.6113],[-96.7967,51.6255],[-96.8167,51.6763],[-96.8262,51.7104],[-96.8438,51.7221],[-96.8805,51.7242],[-97.0647,51.6651],[-97.1063,51.642],[-97.1271,51.6075],[-97.1245,51.5363],[-97.141,51.5021],[-97.22,51.4501],[-97.2528,51.4436],[-97.2759,51.4914],[-97.2895,51.5935],[-97.2774,51.6851],[-97.24,51.7664],[-97.2498,51.8651],[-97.3068,51.9814],[-97.3567,52.0397],[-97.4458,52.0273],[-97.496,52.0008],[-97.5501,51.9246],[-97.573,51.9239],[-97.6,51.9876],[-97.5258,52.0614],[-97.4949,52.1078],[-97.4967,52.1328],[-97.5312,52.1365],[-97.6799,52.1375],[-97.7428,52.1354],[-97.774,52.109],[-97.7288,52.0882],[-97.7355,52.0451],[-97.7924,51.9145],[-97.8234,51.8892],[-97.9626,51.9271],[-98.0363,51.9813],[-98.0445,52.0517],[-98.0708,52.0997],[-98.1393,52.1624],[-98.143,52.2105],[-98.188,52.2802],[-98.4288,52.3818],[-98.4539,52.4157],[-98.4691,52.4861],[-98.5531,52.5564],[-98.809,52.725],[-98.8263,52.7666],[-98.82,52.783],[-98.8958,52.8563],[-98.9039,52.9006],[-98.895,52.9158],[-98.7726,52.9647],[-98.5014,53.0179],[-98.4598,53.0436],[-98.5247,53.0651],[-98.696,53.0824],[-98.7956,53.0765],[-98.9033,53.0603],[-98.9902,53.0478],[-99.0501,53.0729],[-99.1864,53.175],[-99.2296,53.1851],[-99.24,53.2098],[-99.2016,53.3527],[-99.0851,53.4801],[-99.0424,53.5569],[-98.9941,53.6766],[-98.9827,53.7183],[-99.001,53.7536],[-98.9293,53.8674],[-98.8109,53.897],[-98.7311,53.8769],[-98.6135,53.8427],[-98.4558,53.8524],[-98.2994,53.8343],[-98.0088,53.71],[-97.9634,53.6952],[-97.9095,53.7002],[-97.8997,53.7384],[-98.0756,53.8227],[-98.2038,53.8739],[-98.2608,53.9125],[-98.2992,53.9655],[-98.2969,54.0177],[-98.254,54.0691],[-98.174,54.2182],[-98.021,54.4099],[-98.0026,54.4125],[-97.932,54.375],[-97.932,54.3526],[-97.9898,54.3216],[-97.9827,54.3159],[-97.8436,54.3167],[-97.8204,54.3004],[-97.8642,54.2655],[-98.0835,54.202],[-98.1715,54.0793],[-98.213,54.0253],[-98.1923,53.9937],[-98.061,53.9309],[-98.046,53.9395],[-98.0329,53.9771],[-98.0008,54.0018],[-97.9403,54.0287],[-97.8112,54.0415],[-97.7341,54.0809],[-97.7286,54.0603],[-97.7617,54.0134],[-97.9717,53.9796],[-97.9774,53.9695],[-97.9375,53.8902],[-97.8319,53.7355],[-97.8196,53.6945],[-97.8283,53.6413],[-97.7907,53.5814],[-97.707,53.5148],[-97.6523,53.4005],[-97.5817,53.2911],[-97.475,53.2012],[-97.4369,53.1187],[-97.3519,53.0263],[-97.3472,53.006],[-97.3762,52.9804],[-97.424,52.9648],[-97.398,52.8789],[-97.3328,52.784],[-97.1978,52.6729],[-97.1121,52.4775],[-97.0707,52.4126],[-97.0025,52.2694],[-97.0068,52.257],[-97.0186,52.2044],[-96.9862,52.1333],[-96.9577,52.0769],[-96.8589,51.9928],[-96.8347,51.9421],[-96.8537,51.8921],[-96.8442,51.8664],[-96.7694,51.8547],[-96.7067,51.8147],[-96.6894,51.7905],[-96.7062,51.7732],[-96.7573,51.7628],[-96.7224,51.7038],[-96.6015,51.5963],[-96.5506,51.5304],[-96.5462,51.4759],[-96.4952,51.4131],[-96.3443,51.3089],[-96.2903,51.2512],[-96.2881,51.2079],[-96.3375,51.179],[-96.3487,51.1527],[-96.3941,51.0876],[-96.4025,51.0199],[-96.3675,50.8574],[-96.3574,50.7605],[-96.3726,50.7292],[-96.3585,50.6912]],[[-97.887,52.3579],[-97.9436,52.5307],[-97.9946,52.542],[-98.0456,52.4599],[-98.0427,52.3976],[-97.9776,52.3154],[-97.9379,52.3183],[-97.887,52.3579]],[[-96.5982,51.1881],[-96.7086,51.1994],[-96.737,51.1371],[-96.7823,51.0918],[-96.8418,51.0663],[-96.8446,51.0267],[-96.7625,51.0097],[-96.6803,51.0408],[-96.6322,51.1484],[-96.5982,51.1881]]]}},{"type":"Feature","properties":{},"bbox":[-117.6681,60.8381,-108.9191,62.952],"geometry":{"type":"Polygon","coordinates":[[[-108.9191,62.7879],[-108.9278,62.7684],[-108.9523,62.7522],[-108.9929,62.7393],[-108.9871,62.7125],[-109.0065,62.6899],[-109.2519,62.5971],[-109.2924,62.6025],[-109.2629,62.6572],[-109.3007,62.7171],[-109.3959,62.7391],[-109.6913,62.7773],[-109.7467,62.7978],[-109.9442,62.8143],[-110.2841,62.8268],[-110.4688,62.8285],[-110.4985,62.8194],[-110.6034,62.8319],[-110.6617,62.8286],[-110.7013,62.8096],[-110.7562,62.7632],[-110.9674,62.7269],[-111.269,62.6612],[-111.2944,62.6341],[-111.2723,62.6166],[-110.8362,62.6656],[-110.5359,62.6596],[-110.5137,62.6696],[-110.4105,62.6851],[-109.8637,62.6733],[-109.7679,62.6676],[-109.7348,62.6495],[-109.8363,62.6069],[-109.9583,62.5761],[-110.1008,62.5572],[-110.1866,62.5538],[-110.2632,62.5711],[-110.3296,62.5693],[-110.4555,62.5424],[-110.5536,62.5376],[-110.7636,62.5456],[-110.7796,62.5376],[-110.6834,62.5155],[-110.6468,62.4822],[-110.6838,62.42],[-110.7048,62.3955],[-110.75,62.3871],[-110.9503,62.4025],[-111.0604,62.3805],[-111.1003,62.3572],[-111.2361,62.3017],[-111.2944,62.2811],[-111.3021,62.2577],[-111.3073,62.2331],[-111.3882,62.1924],[-111.587,62.1294],[-111.5907,62.0981],[-111.6342,62.071],[-111.6377,62.0595],[-111.5094,62.065],[-111.5021,62.0491],[-111.6203,61.95],[-111.8432,61.8574],[-112.0896,61.7363],[-112.2044,61.6453],[-112.208,61.6244],[-112.3289,61.5767],[-112.6759,61.4631],[-112.893,61.4102],[-112.9694,61.3904],[-113.0014,61.4048],[-112.9903,61.4261],[-113.0074,61.449],[-113.0907,61.484],[-113.1482,61.4663],[-113.3587,61.4449],[-113.3984,61.4164],[-113.5151,61.3776],[-113.6018,61.3351],[-113.6766,61.3012],[-113.6986,61.2761],[-113.7044,61.2457],[-113.6819,61.2139],[-113.6914,61.1888],[-113.729,61.1717],[-113.7246,61.1631],[-113.6479,61.1571],[-113.6335,61.1455],[-113.6303,61.1057],[-113.6643,61.0721],[-113.7294,61.0277],[-113.8322,60.9966],[-113.9728,60.9789],[-114.0861,60.982],[-114.1725,61.006],[-114.3376,60.9884],[-114.5814,60.9293],[-114.7265,60.9074],[-114.7729,60.9228],[-114.9127,60.9098],[-115.333,60.8446],[-115.4732,60.8381],[-115.7436,60.8571],[-115.8766,60.8481],[-116.057,60.8683],[-116.4248,60.9531],[-116.5021,60.9939],[-116.5277,61.0293],[-116.6116,61.0175],[-116.6639,61.0211],[-116.7188,61.0386],[-117.089,61.0511],[-117.226,61.0747],[-117.2782,61.0973],[-117.4382,61.1948],[-117.5054,61.2403],[-117.5574,61.2585],[-117.6292,61.2849],[-117.6681,61.3078],[-117.6266,61.3072],[-117.4727,61.2682],[-117.2063,61.1901],[-117.0668,61.1499],[-116.9802,61.1695],[-116.7945,61.2062],[-116.7382,61.2244],[-116.7256,61.2413],[-116.7968,61.2977],[-116.7841,61.3214],[-116.7634,61.3294],[-116.5939,61.324],[-116.5106,61.3089],[-116.4503,61.285],[-116.3666,61.2731],[-116.1985,61.2664],[-116.1213,61.2285],[-115.95,61.1831],[-115.9392,61.1926],[-115.9547,61.2178],[-115.9884,61.2345],[-115.9804,61.2449],[-115.8697,61.2837],[-115.8578,61.3017],[-115.9049,61.3269],[-116.0111,61.3593],[-116.0388,61.3813],[-115.9563,61.4064],[-115.9184,61.4226],[-115.8809,61.4094],[-115.8267,61.4108],[-115.7172,61.4398],[-115.711,61.4497],[-115.7442,61.4679],[-115.7515,61.4813],[-115.7454,61.5113],[-115.7081,61.5678],[-115.679,61.6073],[-115.6577,61.6413],[-115.5706,61.6871],[-115.5657,61.7228],[-115.5569,61.7404],[-115.5083,61.7566],[-115.3374,61.7785],[-115.2145,61.7729],[-115.1973,61.7563],[-115.1901,61.7425],[-115.1623,61.7361],[-114.8976,61.767],[-114.8454,61.7681],[-114.7206,61.8121],[-114.6476,61.8569],[-114.6356,61.8689],[-114.651,61.9229],[-114.6674,61.9349],[-114.7241,61.9365],[-114.7618,61.9562],[-114.7805,61.994],[-114.848,62.0318],[-114.9422,62.0549],[-115.0329,62.0989],[-115.0534,62.1193],[-115.0375,62.1449],[-115.0393,62.1535],[-115.0448,62.1745],[-115.1666,62.2439],[-115.2077,62.2474],[-115.29,62.2371],[-115.3072,62.2543],[-115.2594,62.2991],[-115.2541,62.3291],[-115.2914,62.3447],[-115.309,62.3708],[-115.3069,62.4078],[-115.2944,62.4397],[-115.2712,62.4666],[-115.2889,62.4822],[-115.37,62.4796],[-115.701,62.4853],[-115.7562,62.5389],[-115.792,62.5649],[-115.809,62.5992],[-115.8666,62.6334],[-115.9917,62.6815],[-116.0375,62.7257],[-116.0042,62.7658],[-115.9127,62.7639],[-115.7629,62.7201],[-115.7384,62.6959],[-115.7541,62.6674],[-115.7243,62.6596],[-115.6719,62.6637],[-115.2886,62.6074],[-115.2457,62.5911],[-115.2167,62.5695],[-115.2015,62.5425],[-115.1651,62.5188],[-115.1076,62.4983],[-114.9021,62.466],[-114.7699,62.4118],[-114.7137,62.3762],[-114.6252,62.3587],[-114.4369,62.3729],[-114.3725,62.3884],[-114.3514,62.4079],[-114.3218,62.416],[-114.2839,62.4129],[-114.2271,62.3854],[-114.2247,62.3731],[-114.2468,62.3262],[-114.2245,62.3124],[-114.155,62.2786],[-114.136,62.2767],[-114.0852,62.2834],[-114.0228,62.2681],[-113.8922,62.2059],[-113.8612,62.1757],[-113.7558,62.103],[-113.5743,62.0188],[-113.4931,62.0145],[-113.3088,62.0049],[-113.1139,62.0287],[-113.0375,62.0186],[-113.0047,62.0443],[-112.9234,62.0735],[-112.9064,62.0699],[-112.8915,62.0368],[-112.5293,62.074],[-112.3019,62.1345],[-112.0823,62.2298],[-111.9625,62.2897],[-111.7796,62.3682],[-111.7,62.4201],[-111.6426,62.4961],[-111.5929,62.5412],[-111.5508,62.5555],[-111.5125,62.5953],[-111.4778,62.6605],[-111.3934,62.7219],[-111.2594,62.7793],[-111.081,62.8354],[-110.6727,62.9269],[-110.5246,62.9449],[-110.0559,62.952],[-109.983,62.9438],[-109.8895,62.9242],[-109.7046,62.9109],[-109.638,62.8952],[-109.3485,62.8671],[-109.1845,62.8468],[-109.0462,62.8289],[-109.0221,62.8067],[-108.9191,62.7879]],[[-111.6675,62.1228],[-111.7056,62.1312],[-111.828,62.1129],[-111.9852,62.0302],[-112.0712,61.974],[-112.3061,61.9161],[-112.5245,61.8747],[-112.6965,61.8681],[-112.8751,61.84],[-112.9711,61.8317],[-113.0108,61.8085],[-112.9198,61.7622],[-112.7544,61.7639],[-112.7412,61.7209],[-112.7296,61.6497],[-112.6898,61.6051],[-112.5956,61.5836],[-112.455,61.6051],[-112.3309,61.6497],[-112.2482,61.7556],[-112.1374,61.8367],[-111.9272,61.9161],[-111.7866,62.0021],[-111.7453,62.0815],[-111.6675,62.1228]]]}},{"type":"Feature","properties":{},"bbox":[-79.7742,43.1977,-75.7757,44.4947],"geometry":{"type":"Polygon","coordinates":[[[-75.7757,44.4589],[-75.7909,44.4299],[-75.8322,44.3973],[-76.2378,44.1832],[-76.3524,44.1061],[-76.3097,44.0627],[-76.3061,44.0432],[-76.2806,44.0465],[-76.1976,44.0835],[-76.1733,44.0794],[-76.1612,44.0693],[-76.1542,44.0454],[-76.1923,44.0034],[-76.1754,43.9938],[-76.1019,44.0032],[-76.0707,43.9985],[-76.0987,43.967],[-76.1365,43.9466],[-76.1427,43.9269],[-76.1983,43.8745],[-76.2228,43.8638],[-76.2364,43.8709],[-76.2325,43.8945],[-76.2846,43.8692],[-76.2882,43.8487],[-76.2582,43.8291],[-76.2349,43.7988],[-76.2181,43.7578],[-76.2097,43.6703],[-76.1993,43.6531],[-76.195,43.6448],[-76.1999,43.6347],[-76.2048,43.6143],[-76.1936,43.5958],[-76.2026,43.5745],[-76.2318,43.5504],[-76.2896,43.5373],[-76.376,43.5351],[-76.4727,43.5073],[-76.5797,43.4538],[-76.6531,43.405],[-76.6929,43.3609],[-76.7223,43.3426],[-76.7414,43.35],[-76.8853,43.314],[-76.9367,43.2897],[-76.9498,43.2679],[-76.9631,43.2638],[-76.9764,43.2774],[-77.079,43.2877],[-77.2708,43.2945],[-77.4208,43.2877],[-77.5291,43.2674],[-77.6246,43.2791],[-77.7074,43.3229],[-77.8382,43.3571],[-78.175,43.3947],[-78.4575,43.3875],[-78.6895,43.3615],[-79.0532,43.2851],[-79.2134,43.2423],[-79.2914,43.2075],[-79.3375,43.1977],[-79.4015,43.2087],[-79.5279,43.2095],[-79.6384,43.2349],[-79.7278,43.2528],[-79.773,43.3011],[-79.7742,43.3198],[-79.6564,43.4528],[-79.6101,43.5133],[-79.5963,43.5518],[-79.569,43.5783],[-79.4988,43.612],[-79.4801,43.636],[-79.446,43.6471],[-79.3963,43.6454],[-79.3028,43.6897],[-79.1653,43.7799],[-79.0606,43.8352],[-78.9887,43.8555],[-78.7931,43.8763],[-78.6693,43.9024],[-78.5809,43.912],[-78.5278,43.9048],[-78.4459,43.9156],[-78.335,43.9444],[-78.1863,43.9655],[-77.9999,43.9789],[-77.8808,43.9939],[-77.8291,44.0107],[-77.7265,44.0093],[-77.7087,44.0333],[-77.6818,44.0448],[-77.5834,44.0384],[-77.549,44.0248],[-77.5438,44.0145],[-77.5676,44.0077],[-77.554,43.9903],[-77.5029,43.9625],[-77.4207,43.954],[-77.3245,43.9716],[-77.259,43.964],[-77.2756,43.9517],[-77.3106,43.9521],[-77.3148,43.9465],[-77.2894,43.9228],[-77.2672,43.9216],[-77.19,43.9476],[-77.1852,43.9375],[-77.2192,43.8997],[-77.208,43.876],[-77.1512,43.8665],[-77.0545,43.883],[-76.9342,43.9297],[-76.8791,43.9429],[-76.8703,43.9649],[-76.91,43.9649],[-77.0131,43.9565],[-77.0423,43.9428],[-77.0438,43.9519],[-77.024,43.9872],[-76.9302,44.0384],[-76.8884,44.068],[-76.863,44.0999],[-76.8899,44.0993],[-76.9693,44.0663],[-77.0402,44.0486],[-77.1027,44.0463],[-77.117,44.0795],[-77.0832,44.1481],[-77.1153,44.1729],[-77.2715,44.1387],[-77.2898,44.1269],[-77.2903,44.1175],[-77.2729,44.1107],[-77.2749,44.1042],[-77.296,44.0979],[-77.3316,44.1042],[-77.3313,44.119],[-77.314,44.1427],[-77.3327,44.1529],[-77.3807,44.1458],[-77.4458,44.1308],[-77.5857,44.0843],[-77.5844,44.0943],[-77.5472,44.1237],[-77.3981,44.1606],[-77.3257,44.1781],[-77.2796,44.1756],[-77.2508,44.1888],[-77.2253,44.1888],[-77.2033,44.1754],[-77.1478,44.1808],[-77.0587,44.2051],[-77.0205,44.1969],[-77.0331,44.1564],[-77.01,44.1529],[-76.9511,44.1862],[-76.9131,44.1978],[-76.896,44.1875],[-77.0209,44.1331],[-77.0553,44.1064],[-77.0623,44.0912],[-77.0413,44.0711],[-76.9915,44.0741],[-76.787,44.1822],[-76.6877,44.218],[-76.5889,44.2385],[-76.4905,44.2437],[-76.4078,44.2625],[-76.3407,44.2947],[-76.0572,44.3666],[-75.9416,44.4108],[-75.8314,44.49],[-75.8051,44.4947],[-75.7866,44.4843],[-75.7757,44.4589]],[[-76.6396,44.1814],[-76.6426,44.1993],[-76.7607,44.1722],[-76.7994,44.1551],[-76.8095,44.1399],[-76.7867,44.1304],[-76.7311,44.1267],[-76.6875,44.1375],[-76.6396,44.1814]],[[-76.2767,43.9871],[-76.262,43.9901],[-76.2313,44.0178],[-76.2306,44.0285],[-76.2598,44.0224],[-76.2751,44.0086],[-76.2767,43.9871]],[[-76.2271,44.2541],[-76.2792,44.2466],[-76.3288,44.2392],[-76.4305,44.2268],[-76.4515,44.2023],[-76.4834,44.1785],[-76.4918,44.162],[-76.4767,44.1528],[-76.4743,44.1415],[-76.4845,44.1278],[-76.4693,44.1245],[-76.4227,44.1215],[-76.3649,44.1563],[-76.3527,44.1755],[-76.3296,44.2078],[-76.237,44.2326],[-76.2271,44.2541]],[[-76.0754,44.3058],[-76.1191,44.3059],[-76.1452,44.2921],[-76.1503,44.2811],[-76.1427,44.2692],[-76.1112,44.2773],[-76.0806,44.2947],[-76.0754,44.3058]]]}},{"type":"Feature","properties":{},"bbox":[-124.9479,64.8265,-117.8463,66.0],"geometry":{"type":"MultiPolygon","coordinates":[[[[-124.7794,66.0],[-124.7852,65.9951],[-124.8167,65.9413],[-124.898,65.9662],[-124.9479,66.0],[-124.7794,66.0]]],[[[-122.3136,66.0],[-122.0673,65.9766],[-121.772,65.9481],[-121.475,65.9569],[-121.299,66.0],[-118.1199,66.0],[-118.1336,65.9622],[-118.1991,65.9052],[-118.2092,65.8563],[-118.157,65.8314],[-118.0639,65.831],[-117.8743,65.847],[-117.8463,65.8402],[-117.9009,65.8],[-117.9027,65.7635],[-117.9433,65.7227],[-118.0336,65.6932],[-118.1479,65.682],[-118.2644,65.6695],[-118.3787,65.6637],[-118.3865,65.6798],[-118.4534,65.6834],[-118.5689,65.6439],[-118.7146,65.6937],[-118.8344,65.7549],[-118.9437,65.784],[-119.2762,65.796],[-119.5043,65.7926],[-119.6191,65.7823],[-119.7048,65.7515],[-119.6979,65.7136],[-119.8916,65.6413],[-119.9738,65.6172],[-119.9878,65.5862],[-119.7624,65.4929],[-119.5405,65.4079],[-119.5086,65.3676],[-119.5564,65.3443],[-119.7166,65.3423],[-119.885,65.3249],[-119.9904,65.2671],[-120.0951,65.2032],[-120.1591,65.1757],[-120.4661,65.0727],[-120.8614,64.9559],[-120.9522,64.9354],[-121.0727,64.8996],[-121.1325,64.8614],[-121.2301,64.8265],[-121.3668,64.8336],[-121.4715,64.8795],[-121.48,64.9334],[-121.3974,64.9686],[-121.3195,64.974],[-121.2138,64.9928],[-121.0889,65.004],[-121.0028,65.0383],[-120.9911,65.0821],[-120.5504,65.2894],[-120.4058,65.4114],[-120.3677,65.5088],[-120.3833,65.5572],[-120.4656,65.5848],[-120.6635,65.6052],[-120.9778,65.5528],[-121.1818,65.4959],[-121.3675,65.4347],[-121.5479,65.3638],[-121.5459,65.3423],[-121.569,65.2974],[-121.6057,65.2287],[-121.6117,65.1755],[-121.6155,65.1281],[-121.6152,65.0932],[-121.6631,65.0735],[-121.7271,65.0605],[-121.77,65.0374],[-121.9286,64.9958],[-122.0399,64.9613],[-122.5577,65.0232],[-122.8913,65.0682],[-123.3709,65.114],[-123.4459,65.1161],[-123.472,65.1518],[-123.4439,65.1846],[-123.3444,65.2],[-123.188,65.2163],[-122.8526,65.2781],[-122.7666,65.3425],[-122.7692,65.4085],[-122.8873,65.487],[-122.7857,65.5314],[-122.5887,65.5881],[-122.3741,65.6566],[-122.2058,65.7526],[-122.1636,65.8175],[-122.5308,65.9437],[-122.5488,65.9862],[-122.4419,66.0],[-122.3136,66.0]]]]}},{"type":"Feature","properties":{},"bbox":[-83.1048,42.2755,-82.4135,42.6969],"geometry":{"type":"Polygon","coordinates":[[[-83.1048,42.2864],[-83.0634,42.3227],[-83.0165,42.3471],[-82.926,42.3755],[-82.902,42.394],[-82.8834,42.4418],[-82.8701,42.519],[-82.841,42.5681],[-82.796,42.5891],[-82.7838,42.6127],[-82.8044,42.6389],[-82.7874,42.6646],[-82.7326,42.6896],[-82.6868,42.6969],[-82.6499,42.6866],[-82.6328,42.661],[-82.63,42.5945],[-82.6391,42.5744],[-82.6451,42.5581],[-82.6339,42.5424],[-82.613,42.5246],[-82.4811,42.4999],[-82.453,42.4955],[-82.4321,42.4978],[-82.4185,42.4723],[-82.4135,42.4111],[-82.428,42.3667],[-82.4619,42.3391],[-82.5157,42.3218],[-82.5895,42.3146],[-82.8673,42.3353],[-82.9706,42.3268],[-83.0136,42.3119],[-83.0467,42.297],[-83.0765,42.2755],[-83.1048,42.2864]]]}},{"type":"Feature","properties":{},"bbox":[-81.0808,26.6909,-80.6214,27.1822],"geometry":{"type":"Polygon","coordinates":[[[-80.668,26.8256],[-80.7107,26.7419],[-80.7426,26.6973],[-80.7841,26.6909],[-80.8268,26.707],[-80.8585,26.7229],[-80.8956,26.7522],[-80.9317,26.8102],[-80.9792,26.8555],[-81.0266,26.8759],[-81.0712,26.9174],[-81.0808,26.9557],[-81.0553,26.9908],[-80.997,27.0334],[-80.9416,27.0768],[-80.8703,27.1471],[-80.8033,27.1822],[-80.7586,27.1822],[-80.7107,27.1328],[-80.6895,27.1101],[-80.6707,27.0866],[-80.6544,27.0537],[-80.6391,27.0084],[-80.6214,26.9493],[-80.6288,26.8871],[-80.668,26.8256]]]}},{"type":"Feature","properties":{},"bbox":[-85.9143,11.0354,-84.7691,12.1089],"geometry":{"type":"Polygon","coordinates":[[[-84.7917,11.2062],[-84.7805,11.1569],[-84.7691,11.1177],[-84.8031,11.065],[-84.8419,11.0491],[-84.8966,11.0354],[-84.9401,11.0515],[-85.0054,11.0572],[-85.1101,11.0806],[-85.2603,11.1234],[-85.4111,11.1739],[-85.5172,11.2155],[-85.5841,11.25],[-85.6404,11.2833],[-85.6836,11.317],[-85.719,11.3526],[-85.7544,11.4061],[-85.7976,11.4826],[-85.8344,11.5631],[-85.8543,11.6263],[-85.8645,11.664],[-85.8772,11.683],[-85.8896,11.6911],[-85.899,11.7024],[-85.9026,11.7207],[-85.9012,11.7451],[-85.9012,11.7947],[-85.9082,11.8737],[-85.9143,11.9529],[-85.912,12.0029],[-85.8944,12.035],[-85.8714,12.0978],[-85.8351,12.1089],[-85.7977,12.107],[-85.7513,12.0937],[-85.6758,12.0641],[-85.5885,12.0163],[-85.5134,11.9587],[-85.4414,11.9018],[-85.3618,11.8554],[-85.2593,11.7829],[-85.132,11.6631],[-85.0088,11.5265],[-84.9162,11.4139],[-84.8569,11.3292],[-84.8143,11.2604],[-84.7917,11.2062]]]}},{"type":"Feature","properties":{},"bbox":[-100.8912,53.0523,-99.3303,54.2524],"geometry":{"type":"Polygon","coordinates":[[[-99.3303,53.1594],[-99.3687,53.1504],[-99.3886,53.1306],[-99.3958,53.1002],[-99.3951,53.0847],[-99.4029,53.0739],[-99.4162,53.0646],[-99.4358,53.0578],[-99.4587,53.0527],[-99.4866,53.0523],[-99.5183,53.0566],[-99.5388,53.0674],[-99.54,53.0827],[-99.5382,53.0969],[-99.5516,53.105],[-99.5694,53.112],[-99.5786,53.1235],[-99.5875,53.1411],[-99.6046,53.1628],[-99.624,53.1804],[-99.6382,53.1881],[-99.6445,53.1832],[-99.6448,53.1701],[-99.6467,53.1549],[-99.6568,53.1445],[-99.685,53.1405],[-99.7303,53.1403],[-99.7976,53.137],[-99.8755,53.1024],[-99.9717,53.0977],[-100.0483,53.1168],[-100.1254,53.131],[-100.2004,53.1518],[-100.2736,53.1854],[-100.3462,53.2308],[-100.4122,53.2699],[-100.4695,53.2886],[-100.5425,53.3075],[-100.6461,53.3472],[-100.7087,53.3745],[-100.7714,53.4018],[-100.7853,53.4086],[-100.8424,53.4263],[-100.8764,53.4489],[-100.8912,53.4707],[-100.8811,53.4883],[-100.8546,53.5012],[-100.7789,53.5041],[-100.7068,53.5],[-100.6408,53.4954],[-100.6036,53.4978],[-100.5933,53.5071],[-100.5924,53.5188],[-100.6062,53.5349],[-100.6315,53.5544],[-100.6336,53.5686],[-100.5914,53.5717],[-100.5098,53.5765],[-100.3896,53.5826],[-100.3225,53.5925],[-100.3132,53.6404],[-100.3236,53.6689],[-100.3524,53.7121],[-100.3831,53.758],[-100.4317,53.79],[-100.4133,53.8223],[-100.33,53.8645],[-100.3472,53.898],[-100.3932,53.8917],[-100.4739,53.8956],[-100.4977,53.905],[-100.5062,53.9168],[-100.4834,53.9496],[-100.3871,53.9543],[-100.331,53.9582],[-100.3027,53.9733],[-100.3,53.9897],[-100.303,54.0076],[-100.3057,54.031],[-100.3018,54.0608],[-100.306,54.0983],[-100.328,54.1404],[-100.3513,54.1771],[-100.3585,54.202],[-100.3499,54.2147],[-100.3349,54.2224],[-100.31,54.2214],[-100.2776,54.2134],[-100.2439,54.2105],[-100.2161,54.2222],[-100.1907,54.2401],[-100.1631,54.2524],[-100.1219,54.2459],[-100.0636,54.2188],[-99.9943,54.1923],[-99.9267,54.188],[-99.8822,54.192],[-99.8691,54.1857],[-99.9277,54.1542],[-100.0563,54.0974],[-100.1798,54.0421],[-100.2265,54.0146],[-100.209,54.0081],[-100.1779,54.0038],[-100.1397,53.9932],[-100.1052,53.9715],[-100.0942,53.9414],[-100.1127,53.9106],[-100.1401,53.8831],[-100.1507,53.8607],[-100.1406,53.8462],[-100.1185,53.8374],[-100.0601,53.8466],[-99.963,53.8757],[-99.8452,53.9268],[-99.7373,53.989],[-99.6601,54.034],[-99.6167,54.0434],[-99.6043,54.0272],[-99.6019,54.0107],[-99.6175,53.9885],[-99.6487,53.9584],[-99.6897,53.9177],[-99.7292,53.8696],[-99.7756,53.8351],[-99.8335,53.8268],[-99.8828,53.8311],[-99.9084,53.8267],[-99.9142,53.81],[-99.9155,53.7846],[-99.9262,53.7605],[-99.9546,53.7471],[-99.9946,53.7349],[-100.0331,53.7138],[-100.0756,53.6944],[-100.1254,53.6861],[-100.1702,53.6794],[-100.2006,53.6641],[-100.2146,53.6458],[-100.2194,53.6319],[-100.1848,53.6111],[-100.1034,53.5763],[-100.0187,53.5328],[-99.9764,53.4911],[-99.9605,53.4565],[-99.9396,53.4302],[-99.929,53.4073],[-99.9377,53.381],[-99.9479,53.3547],[-99.9405,53.332],[-99.9246,53.3107],[-99.9144,53.2877],[-99.9057,53.2681],[-99.8936,53.2548],[-99.8716,53.2483],[-99.8392,53.245],[-99.7992,53.2527],[-99.7591,53.2729],[-99.6927,53.2987],[-99.589,53.3201],[-99.4908,53.3326],[-99.4375,53.3369],[-99.4208,53.3287],[-99.4108,53.3112],[-99.4069,53.2853],[-99.4048,53.2567],[-99.3753,53.2232],[-99.3489,53.1989],[-99.3303,53.1594]]]}},{"type":"Feature","properties":{},"bbox":[-113.0144,40.6989,-111.9511,41.667],"geometry":{"type":"Polygon","coordinates":[[[-111.9511,40.968],[-111.9606,40.9415],[-112.0535,40.9017],[-112.0971,40.8809],[-112.1899,40.769],[-112.2667,40.7402],[-112.3321,40.6989],[-112.37,40.7008],[-112.3944,40.7571],[-112.4357,40.8156],[-112.4458,40.8751],[-112.478,40.9434],[-112.4932,40.9377],[-112.5083,40.9188],[-112.5216,40.8785],[-112.5462,40.8392],[-112.5803,40.8486],[-112.632,40.9273],[-112.6897,40.9803],[-112.7284,41.019],[-112.7507,41.0586],[-112.7685,41.1139],[-112.7877,41.1735],[-112.8138,41.2237],[-112.8462,41.2608],[-112.8813,41.2889],[-112.9177,41.3281],[-112.9613,41.3774],[-112.985,41.4273],[-112.9972,41.4893],[-112.9984,41.5339],[-112.9951,41.5597],[-112.9967,41.5762],[-113.0068,41.5821],[-113.0144,41.5972],[-112.9992,41.6124],[-112.9662,41.6143],[-112.9086,41.6371],[-112.8443,41.6571],[-112.8,41.667],[-112.7705,41.6658],[-112.742,41.6591],[-112.7187,41.637],[-112.7073,41.6029],[-112.7338,41.5631],[-112.7376,41.5366],[-112.7075,41.4961],[-112.666,41.4657],[-112.604,41.4315],[-112.5538,41.4305],[-112.5272,41.4209],[-112.5121,41.3812],[-112.489,41.3086],[-112.4579,41.2467],[-112.4371,41.2188],[-112.4224,41.2168],[-112.4058,41.2172],[-112.39,41.2226],[-112.3771,41.2325],[-112.3662,41.2485],[-112.3809,41.3242],[-112.3885,41.3853],[-112.4022,41.4323],[-112.3899,41.4473],[-112.3735,41.4572],[-112.3297,41.4428],[-112.2903,41.4096],[-112.243,41.3925],[-112.1709,41.3967],[-112.0917,41.4081],[-112.0645,41.3999],[-112.063,41.3885],[-112.0762,41.347],[-112.1141,41.3356],[-112.1786,41.3418],[-112.2411,41.3452],[-112.2695,41.3319],[-112.2866,41.3167],[-112.3036,41.2826],[-112.2843,41.2679],[-112.2427,41.2219],[-112.2116,41.1923],[-112.1806,41.1627],[-112.152,41.1341],[-112.0829,41.065],[-111.9739,41.0021],[-111.9511,40.968]],[[-112.1557,40.9556],[-112.1981,41.0561],[-112.2361,41.0694],[-112.2629,41.0583],[-112.2517,41.0203],[-112.2495,40.9645],[-112.216,40.9243],[-112.1713,40.8752],[-112.1557,40.9556]]]}},{"type":"Feature","properties":{},"bbox":[-88.0283,41.6376,-84.7569,46.1086],"geometry":{"type":"Polygon","coordinates":[[[-84.772,45.7948],[-84.806,45.775],[-84.8659,45.7686],[-84.9515,45.7754],[-84.9814,45.767],[-84.9555,45.7434],[-84.9775,45.7065],[-85.0474,45.6564],[-85.0878,45.6053],[-85.0987,45.5531],[-85.0877,45.5069],[-85.0547,45.4667],[-85.0064,45.4405],[-84.9429,45.4286],[-84.9298,45.4126],[-84.9671,45.3927],[-85.033,45.3813],[-85.1273,45.3785],[-85.2229,45.3562],[-85.3195,45.3145],[-85.3757,45.277],[-85.3915,45.2438],[-85.394,45.1957],[-85.3816,45.0783],[-85.389,45.0328],[-85.4304,44.9493],[-85.4847,44.8403],[-85.5494,44.7719],[-85.5615,44.7812],[-85.5509,44.8146],[-85.4971,44.9238],[-85.4889,44.9701],[-85.4941,44.9944],[-85.5126,44.9968],[-85.5339,44.9756],[-85.5578,44.931],[-85.5628,44.9067],[-85.5492,44.903],[-85.5593,44.8727],[-85.5933,44.8157],[-85.6225,44.804],[-85.6472,44.8375],[-85.6453,44.8816],[-85.6047,44.9699],[-85.6192,44.9871],[-85.5957,45.0419],[-85.5853,45.082],[-85.5974,45.1233],[-85.5877,45.1613],[-85.5562,45.196],[-85.5659,45.2065],[-85.6166,45.1929],[-85.6894,45.1281],[-85.7841,45.0122],[-85.8578,44.9615],[-85.9105,44.9763],[-85.9529,44.9667],[-85.985,44.9325],[-86.0199,44.9157],[-86.0577,44.9164],[-86.0805,44.8759],[-86.0884,44.7942],[-86.1258,44.7478],[-86.237,44.7202],[-86.2587,44.699],[-86.2607,44.6688],[-86.2427,44.6297],[-86.2422,44.5513],[-86.2591,44.4336],[-86.2959,44.3306],[-86.3527,44.2424],[-86.4154,44.1695],[-86.5192,44.0737],[-86.5209,44.0547],[-86.4699,43.9798],[-86.4486,43.924],[-86.438,43.8127],[-86.4406,43.7943],[-86.5405,43.6569],[-86.5421,43.6373],[-86.435,43.4071],[-86.3402,43.2417],[-86.3291,43.2241],[-86.3009,43.1581],[-86.2485,43.0288],[-86.2215,42.9004],[-86.22,42.7731],[-86.2327,42.65],[-86.2596,42.5312],[-86.2996,42.4176],[-86.3525,42.3093],[-86.4074,42.2237],[-86.5202,42.0823],[-86.5753,41.9877],[-86.6325,41.9113],[-86.6916,41.8534],[-86.7982,41.7885],[-87.0726,41.6695],[-87.1587,41.6464],[-87.2532,41.6376],[-87.3563,41.6433],[-87.4125,41.6565],[-87.425,41.6786],[-87.447,41.6808],[-87.477,41.6955],[-87.5146,41.7207],[-87.5566,41.766],[-87.6021,41.8591],[-87.6511,42.0002],[-87.6946,42.0844],[-87.7325,42.1115],[-87.7668,42.1539],[-87.7975,42.2114],[-87.8125,42.3411],[-87.812,42.543],[-87.8017,42.6804],[-87.7814,42.7534],[-87.7871,42.8092],[-87.8187,42.8477],[-87.8382,42.8957],[-87.8456,42.9531],[-87.8621,42.992],[-87.8877,43.0125],[-87.8934,43.0411],[-87.879,43.0778],[-87.8789,43.1031],[-87.8928,43.1169],[-87.8961,43.1374],[-87.8888,43.1646],[-87.9017,43.2449],[-87.8984,43.2938],[-87.8807,43.347],[-87.8239,43.443],[-87.8056,43.4901],[-87.8009,43.5381],[-87.774,43.5989],[-87.6997,43.7237],[-87.6979,43.7524],[-87.7234,43.8091],[-87.7294,43.8512],[-87.7238,43.9073],[-87.7001,43.9766],[-87.6585,44.059],[-87.6034,44.125],[-87.5349,44.1743],[-87.5125,44.2303],[-87.5361,44.293],[-87.5274,44.3857],[-87.4865,44.5086],[-87.4409,44.6007],[-87.3905,44.662],[-87.3561,44.7204],[-87.3373,44.7758],[-87.3456,44.8006],[-87.3831,44.8271],[-87.4196,44.8656],[-87.4802,44.8741],[-87.5554,44.8486],[-87.566,44.8503],[-87.6044,44.8469],[-87.6766,44.7903],[-87.7409,44.692],[-87.7875,44.6516],[-87.8511,44.624],[-87.8982,44.5934],[-87.929,44.5595],[-87.9692,44.552],[-88.0187,44.5711],[-88.0283,44.6179],[-87.9978,44.6923],[-87.9516,44.7637],[-87.8568,44.8804],[-87.8536,44.9083],[-87.8303,44.9425],[-87.6832,44.9926],[-87.627,45.0323],[-87.6078,45.0827],[-87.6022,45.157],[-87.5928,45.1778],[-87.5712,45.1866],[-87.5065,45.2489],[-87.3988,45.3646],[-87.3021,45.4841],[-87.2164,45.6073],[-87.1538,45.6768],[-87.1142,45.6925],[-87.0849,45.7298],[-87.0393,45.8446],[-87.005,45.8972],[-86.9823,45.9173],[-86.9711,45.905],[-86.9929,45.8419],[-86.9928,45.7896],[-86.9742,45.7231],[-86.9379,45.7002],[-86.8839,45.7209],[-86.8375,45.7648],[-86.7985,45.8318],[-86.7536,45.8595],[-86.7028,45.8479],[-86.6606,45.8523],[-86.6272,45.8725],[-86.5633,45.8825],[-86.5515,45.8571],[-86.5593,45.8063],[-86.5795,45.7818],[-86.6123,45.7836],[-86.6495,45.7568],[-86.6914,45.7014],[-86.6897,45.6573],[-86.6444,45.6245],[-86.622,45.6228],[-86.6224,45.652],[-86.6012,45.6816],[-86.5339,45.7356],[-86.5275,45.7532],[-86.3996,45.8007],[-86.3513,45.831],[-86.3381,45.8657],[-86.2718,45.9367],[-86.2089,45.9593],[-86.1229,45.9689],[-86.0397,45.9627],[-85.9593,45.9407],[-85.9137,45.9412],[-85.9029,45.9642],[-85.8342,45.9797],[-85.7078,45.9876],[-85.6148,46.0205],[-85.5551,46.0782],[-85.4788,46.1076],[-85.3859,46.1086],[-85.2599,46.0882],[-85.1006,46.0462],[-84.9718,45.989],[-84.8019,45.8744],[-84.7569,45.8628],[-84.7626,45.7924],[-84.772,45.7948]],[[-85.5385,45.7754],[-85.5729,45.7379],[-85.6077,45.6561],[-85.6121,45.6093],[-85.5859,45.5975],[-85.5517,45.6026],[-85.5091,45.6245],[-85.4923,45.6629],[-85.5015,45.7502],[-85.4923,45.7602],[-85.5385,45.7754]],[[-86.0596,45.1468],[-86.0379,45.1028],[-86.0158,45.0892],[-85.9882,45.088],[-85.9762,45.1021],[-85.9798,45.1316],[-85.9985,45.1501],[-86.0524,45.1564],[-86.0596,45.1468]],[[-86.938,45.4256],[-86.9667,45.3683],[-86.9469,45.3457],[-86.8919,45.3423],[-86.8619,45.3522],[-86.8566,45.3944],[-86.8619,45.4086],[-86.8785,45.4142],[-86.9263,45.4149],[-86.938,45.4256]],[[-87.0881,45.2792],[-87.122,45.2245],[-87.1664,45.1895],[-87.2211,45.174],[-87.2588,45.138],[-87.2793,45.0815],[-87.3155,45.0311],[-87.3965,44.9541],[-87.403,44.9329],[-87.3982,44.9029],[-87.382,44.8643],[-87.3546,44.8388],[-87.3158,44.8266],[-87.2803,44.8349],[-87.1881,44.922],[-87.1795,44.9411],[-87.1913,44.9502],[-87.1786,44.9834],[-87.1414,45.0407],[-87.1139,45.0685],[-87.0963,45.0667],[-87.078,45.0781],[-87.0589,45.1024],[-87.0615,45.1249],[-87.0857,45.1454],[-87.0842,45.154],[-87.0569,45.1505],[-87.0466,45.1719],[-87.0536,45.2179],[-87.0415,45.2367],[-87.0104,45.2282],[-86.9919,45.241],[-86.9859,45.2752],[-87.005,45.2958],[-87.0491,45.3029],[-87.0881,45.2792]]]}},{"type":"Feature","properties":{},"bbox":[-92.107,46.4361,-84.3439,49.0014],"geometry":{"type":"Polygon","coordinates":[[[-84.3439,46.5312],[-84.358,46.5047],[-84.387,46.5022],[-84.4242,46.4907],[-84.4672,46.4642],[-84.5284,46.4361],[-84.5915,46.4431],[-84.6349,46.4823],[-84.6973,46.4907],[-84.7788,46.4684],[-84.8512,46.4695],[-84.9143,46.494],[-85.0343,46.5058],[-85.0486,46.5239],[-85.0463,46.543],[-85.0274,46.5631],[-85.0167,46.6109],[-85.0145,46.6865],[-84.9982,46.7397],[-84.9679,46.7707],[-85.0146,46.7835],[-85.1384,46.778],[-85.2807,46.7524],[-85.4415,46.7066],[-85.6161,46.6906],[-85.8045,46.7042],[-85.9468,46.7021],[-86.1046,46.6792],[-86.132,46.6868],[-86.2313,46.6562],[-86.4027,46.5877],[-86.531,46.5244],[-86.6375,46.453],[-86.6539,46.4522],[-86.6791,46.4682],[-86.7329,46.4901],[-86.7904,46.4908],[-86.8515,46.4702],[-86.9136,46.4833],[-86.9768,46.5301],[-87.0341,46.5432],[-87.0857,46.5227],[-87.1707,46.5135],[-87.3581,46.5244],[-87.3778,46.5396],[-87.3945,46.5901],[-87.4149,46.6121],[-87.4512,46.6274],[-87.5095,46.6834],[-87.6375,46.8265],[-87.6729,46.8436],[-87.7776,46.8879],[-87.8771,46.9077],[-88.1291,46.9355],[-88.1837,46.9553],[-88.2163,46.9516],[-88.383,46.8743],[-88.3899,46.8574],[-88.4,46.8409],[-88.4273,46.8139],[-88.4491,46.8015],[-88.4627,46.8142],[-88.4761,46.8367],[-88.4737,46.8863],[-88.4559,46.9628],[-88.466,47.0125],[-88.5044,47.0354],[-88.5208,47.0631],[-88.5154,47.0955],[-88.5433,47.1216],[-88.6044,47.1413],[-88.6327,47.1669],[-88.6282,47.1986],[-88.6341,47.2203],[-88.6505,47.232],[-88.7156,47.2072],[-88.8296,47.1459],[-88.9071,47.0911],[-88.9481,47.043],[-89.0091,47.0157],[-89.0902,47.0093],[-89.1548,46.9886],[-89.2694,46.9182],[-89.355,46.8819],[-89.4968,46.8554],[-89.6951,46.8386],[-89.8606,46.7928],[-89.9933,46.7179],[-90.1536,46.6545],[-90.3414,46.6025],[-90.4688,46.5841],[-90.5361,46.5994],[-90.6165,46.6313],[-90.7368,46.6889],[-90.7543,46.6835],[-90.745,46.6717],[-90.7476,46.6619],[-90.77,46.6454],[-90.923,46.6031],[-90.9435,46.619],[-90.8864,46.6775],[-90.8639,46.7208],[-90.8653,46.7607],[-90.8399,46.81],[-90.7877,46.8684],[-90.7684,46.908],[-90.7819,46.9287],[-90.8399,46.9625],[-90.8867,46.9648],[-90.946,46.9538],[-91.1272,46.8677],[-91.1454,46.8743],[-91.2034,46.888],[-91.2176,46.8856],[-91.357,46.8107],[-91.4991,46.7661],[-91.8356,46.7021],[-91.9208,46.6944],[-91.9873,46.699],[-92.0728,46.7362],[-92.107,46.7619],[-92.1042,46.7894],[-92.0646,46.8188],[-91.6452,47.05],[-91.3863,47.2147],[-90.9571,47.5237],[-90.8467,47.5853],[-90.5975,47.6877],[-90.1973,47.7864],[-89.9999,47.8412],[-89.8288,47.9009],[-89.7195,47.9467],[-89.6721,47.9787],[-89.6338,47.9937],[-89.6047,47.9916],[-89.5475,48.0129],[-89.4497,48.0922],[-89.4385,48.0988],[-89.3454,48.1211],[-89.3151,48.159],[-89.2967,48.2042],[-89.2522,48.2797],[-89.2215,48.3107],[-89.2139,48.3449],[-89.2294,48.3823],[-89.225,48.4176],[-89.2007,48.4508],[-89.0864,48.4977],[-88.7746,48.5831],[-88.7638,48.5724],[-88.8183,48.5064],[-88.8764,48.3815],[-88.8969,48.3781],[-88.9157,48.3627],[-88.9327,48.3354],[-88.8885,48.3373],[-88.7829,48.3683],[-88.7344,48.3841],[-88.7219,48.4146],[-88.7057,48.4761],[-88.6832,48.5101],[-88.6541,48.5166],[-88.6349,48.5461],[-88.6253,48.5987],[-88.6021,48.6299],[-88.5653,48.6398],[-88.5496,48.6582],[-88.552,48.6837],[-88.5424,48.7532],[-88.5352,48.7857],[-88.5026,48.8331],[-88.4576,48.8479],[-88.3953,48.8449],[-88.3524,48.8208],[-88.3291,48.7757],[-88.3229,48.7385],[-88.3336,48.7091],[-88.3938,48.6558],[-88.5665,48.528],[-88.5845,48.4924],[-88.5693,48.4739],[-88.5594,48.4468],[-88.5388,48.4434],[-88.5009,48.467],[-88.4845,48.4881],[-88.4895,48.5066],[-88.4758,48.5307],[-88.4435,48.5603],[-88.4182,48.5691],[-88.3997,48.5573],[-88.3688,48.5624],[-88.3255,48.5845],[-88.248,48.5959],[-88.2331,48.597],[-88.1384,48.6829],[-88.1092,48.7329],[-88.1088,48.776],[-88.1472,48.8208],[-88.2243,48.8671],[-88.2466,48.917],[-88.2486,48.9419],[-88.2636,48.9737],[-88.2476,48.9855],[-88.2004,48.9774],[-88.1606,48.9816],[-88.1282,48.9981],[-88.0698,49.0014],[-88.0225,48.9987],[-87.9656,48.9587],[-87.7609,48.9199],[-87.6853,48.8992],[-87.5916,48.8782],[-87.5678,48.8712],[-87.552,48.8483],[-87.5173,48.8386],[-87.4637,48.842],[-87.4071,48.8348],[-87.3114,48.7994],[-87.2236,48.7758],[-87.0847,48.7789],[-87.0085,48.7888],[-86.8876,48.7724],[-86.8199,48.7726],[-86.7516,48.8006],[-86.6925,48.8079],[-86.6429,48.7946],[-86.6214,48.7775],[-86.581,48.753],[-86.4593,48.7649],[-86.4324,48.7582],[-86.3961,48.7313],[-86.3902,48.7141],[-86.371,48.6875],[-86.325,48.6366],[-86.3143,48.6191],[-86.2826,48.5979],[-86.257,48.5484],[-86.2374,48.4706],[-86.2155,48.4229],[-86.1914,48.4056],[-86.181,48.3854],[-86.1589,48.304],[-86.1042,48.2103],[-86.0224,48.1188],[-85.9136,48.0295],[-85.7777,47.9702],[-85.6146,47.9407],[-85.4695,47.9341],[-85.3425,47.9502],[-85.1738,47.959],[-84.9636,47.9602],[-84.8547,47.95],[-84.8473,47.928],[-84.8674,47.8964],[-84.9152,47.8551],[-84.9203,47.8279],[-84.9225,47.7926],[-84.961,47.7458],[-84.9811,47.7176],[-84.9748,47.698],[-84.9858,47.6717],[-85.0143,47.6388],[-84.9976,47.5948],[-84.9358,47.5398],[-84.8604,47.4955],[-84.7713,47.4617],[-84.7156,47.4267],[-84.6933,47.3905],[-84.6685,47.3706],[-84.6412,47.367],[-84.6165,47.3502],[-84.5943,47.3202],[-84.6183,47.2672],[-84.6882,47.1912],[-84.7195,47.1421],[-84.7123,47.1199],[-84.7717,47.0367],[-84.7751,47.004],[-84.7504,46.9813],[-84.6557,46.949],[-84.6249,46.9224],[-84.6003,46.9184],[-84.5821,46.9372],[-84.5446,46.9457],[-84.488,46.944],[-84.4348,46.9308],[-84.385,46.9058],[-84.3674,46.88],[-84.382,46.8533],[-84.4078,46.8437],[-84.4846,46.8477],[-84.5277,46.834],[-84.5535,46.8056],[-84.561,46.7298],[-84.5399,46.6973],[-84.5275,46.6974],[-84.5103,46.7127],[-84.4881,46.7435],[-84.464,46.7469],[-84.4381,46.723],[-84.466,46.6741],[-84.5476,46.6],[-84.5686,46.5767],[-84.5685,46.5433],[-84.5005,46.4833],[-84.4754,46.489],[-84.4589,46.5039],[-84.4324,46.5221],[-84.3439,46.5312]],[[-90.766,46.9508],[-90.7608,46.937],[-90.7228,46.9201],[-90.708,46.9273],[-90.7131,46.9412],[-90.7381,46.9616],[-90.7557,46.9648],[-90.766,46.9508]],[[-90.5889,46.8554],[-90.5961,46.8688],[-90.6191,46.87],[-90.7523,46.8136],[-90.7821,46.7911],[-90.7916,46.7723],[-90.7677,46.7698],[-90.7105,46.7833],[-90.6805,46.7978],[-90.6775,46.813],[-90.6534,46.8277],[-90.5889,46.8554]],[[-90.5348,46.9543],[-90.5426,46.9627],[-90.5759,46.957],[-90.6504,46.9368],[-90.6518,46.9223],[-90.58,46.9135],[-90.5467,46.9193],[-90.5348,46.9543]],[[-90.4097,47.0637],[-90.4221,47.0711],[-90.4474,47.0662],[-90.4639,47.0483],[-90.4717,47.0175],[-90.4593,47.0101],[-90.4267,47.0259],[-90.4102,47.0438],[-90.4097,47.0637]],[[-88.0866,48.808],[-88.0757,48.7406],[-88.0567,48.7167],[-88.0309,48.7175],[-87.9984,48.7432],[-87.9412,48.7568],[-87.8592,48.7584],[-87.8163,48.7679],[-87.8124,48.7854],[-87.7821,48.7954],[-87.7702,48.8109],[-87.7651,48.8411],[-87.8134,48.859],[-87.915,48.8646],[-87.9961,48.8572],[-88.0567,48.8368],[-88.0866,48.808]],[[-88.6248,48.042],[-88.5931,48.072],[-88.5968,48.0875],[-88.5813,48.1107],[-88.4849,48.1674],[-88.4992,48.1759],[-88.5883,48.1585],[-88.7555,48.1035],[-89.1466,47.9526],[-89.1926,47.929],[-89.2001,47.9171],[-89.1691,47.9171],[-89.1688,47.9021],[-89.1992,47.8723],[-89.1952,47.8518],[-89.1568,47.8408],[-89.0816,47.8506],[-88.9699,47.8813],[-88.9304,47.8962],[-88.9237,47.9045],[-88.9601,47.9095],[-88.9552,47.926],[-88.911,47.9362],[-88.6248,48.042]],[[-87.741,47.4336],[-87.7935,47.4673],[-87.8779,47.4842],[-87.9943,47.4842],[-88.1102,47.4725],[-88.3203,47.4211],[-88.3943,47.3887],[-88.562,47.2722],[-88.6089,47.2172],[-88.6157,47.1742],[-88.5737,47.1433],[-88.4341,47.1223],[-88.4271,47.1366],[-88.4332,47.1434],[-88.4538,47.1519],[-88.4167,47.1915],[-88.4054,47.1755],[-88.4091,47.1314],[-88.4384,47.0996],[-88.4685,47.0772],[-88.4687,47.0476],[-88.4391,47.0107],[-88.4022,47.0193],[-88.3582,47.0734],[-88.2368,47.1589],[-88.2404,47.1783],[-88.2219,47.2106],[-88.0155,47.3209],[-87.9749,47.3549],[-87.9831,47.3679],[-88.027,47.3863],[-88.0207,47.3924],[-87.7905,47.4114],[-87.741,47.4336]],[[-87.6217,48.7569],[-87.626,48.7804],[-87.667,48.8214],[-87.7021,48.8414],[-87.7313,48.8405],[-87.7482,48.8347],[-87.7527,48.8241],[-87.7311,48.7938],[-87.7299,48.7784],[-87.7437,48.7642],[-87.7305,48.7547],[-87.6903,48.75],[-87.6217,48.7569]],[[-85.5961,47.7571],[-85.6411,47.7818],[-85.7651,47.8067],[-85.8274,47.8045],[-85.8827,47.791],[-85.9309,47.7665],[-85.9507,47.7473],[-85.9422,47.7337],[-85.8586,47.7191],[-85.666,47.7334],[-85.6059,47.7421],[-85.5961,47.7571]]]}},{"type":"Feature","properties":{},"bbox":[-84.7626,43.0174,-79.6779,46.5626],"geometry":{"type":"Polygon","coordinates":[[[-84.2356,46.5568],[-84.1654,46.5626],[-84.1183,46.5395],[-84.0871,46.507],[-84.0838,46.4725],[-84.1062,46.4305],[-84.1088,46.3932],[-84.0918,46.3608],[-84.0336,46.3438],[-83.9342,46.342],[-83.8817,46.3329],[-83.8631,46.3062],[-83.8427,46.302],[-83.6606,46.2898],[-83.5928,46.2778],[-83.5717,46.2605],[-83.4591,46.2376],[-83.0255,46.1813],[-82.8947,46.1884],[-82.7191,46.2071],[-82.6636,46.1759],[-82.6381,46.1724],[-82.5977,46.1771],[-82.35,46.1933],[-82.3177,46.1629],[-82.196,46.1339],[-82.1158,46.1316],[-82.0118,46.1287],[-81.8166,46.1147],[-81.7693,46.1044],[-81.7658,46.0714],[-81.7652,46.0579],[-81.7502,46.0575],[-81.7271,46.0731],[-81.6887,46.0788],[-81.6617,46.0929],[-81.6462,46.1153],[-81.6153,46.1194],[-81.5445,46.0904],[-81.5417,46.0747],[-81.6402,46.04],[-81.6295,46.0254],[-81.6238,46.0167],[-81.5973,46.0119],[-81.595,45.9964],[-81.6271,45.978],[-81.5967,45.9666],[-81.5024,45.993],[-81.4494,45.9944],[-81.3035,45.9741],[-81.2368,45.9741],[-81.197,45.991],[-81.1913,46.0062],[-81.1737,46.0161],[-81.162,46.0121],[-81.1575,45.9917],[-81.1603,45.9549],[-81.097,45.9416],[-80.968,45.9518],[-80.8904,45.951],[-80.8178,45.951],[-80.8052,45.9425],[-80.7866,45.9191],[-80.7316,45.8772],[-80.7134,45.8585],[-80.6964,45.8159],[-80.6562,45.7902],[-80.6431,45.7672],[-80.641,45.7473],[-80.6289,45.7271],[-80.5927,45.682],[-80.5455,45.65],[-80.5199,45.6226],[-80.5107,45.5897],[-80.4855,45.577],[-80.4443,45.5841],[-80.4271,45.5978],[-80.4295,45.6252],[-80.414,45.6199],[-80.3885,45.5736],[-80.3917,45.5005],[-80.3849,45.4584],[-80.3496,45.3993],[-80.3025,45.3831],[-80.2707,45.3602],[-80.1773,45.3438],[-80.1677,45.3485],[-80.1855,45.3866],[-80.1761,45.3966],[-80.1448,45.3988],[-80.0917,45.3934],[-80.0571,45.3746],[-80.0411,45.3424],[-80.0497,45.3011],[-80.1115,45.2592],[-80.1211,45.2233],[-80.1076,45.201],[-80.0922,45.1969],[-80.0749,45.211],[-80.0494,45.2041],[-80.0154,45.1759],[-80.0065,45.1533],[-80.0227,45.1361],[-80.0833,45.1264],[-80.0859,45.1094],[-80.0216,45.0721],[-79.9719,45.0222],[-79.9461,45.0172],[-79.9318,45.0012],[-79.9289,44.9744],[-79.9024,44.9565],[-79.8284,44.9363],[-79.8,44.8849],[-79.7846,44.8541],[-79.7716,44.8193],[-79.7496,44.8155],[-79.7328,44.832],[-79.7325,44.8629],[-79.6959,44.8751],[-79.6924,44.8588],[-79.7134,44.8211],[-79.7086,44.7912],[-79.6779,44.7689],[-79.7174,44.7612],[-79.827,44.768],[-79.8763,44.7985],[-79.8913,44.8094],[-79.925,44.8129],[-79.9353,44.8235],[-79.9204,44.8545],[-79.9296,44.863],[-79.9968,44.8557],[-80.0647,44.8336],[-80.1082,44.8068],[-80.1079,44.7755],[-80.0789,44.7431],[-80.0211,44.7095],[-79.9975,44.6523],[-80.0078,44.5717],[-80.037,44.5174],[-80.0848,44.4894],[-80.226,44.5095],[-80.4603,44.5778],[-80.5929,44.6385],[-80.6495,44.7213],[-80.6702,44.727],[-80.7898,44.7003],[-80.8541,44.6661],[-80.9097,44.6176],[-80.9254,44.6329],[-80.9012,44.712],[-80.8912,44.7613],[-80.8954,44.781],[-80.9194,44.7968],[-80.9635,44.809],[-81.022,44.8021],[-81.1103,44.7653],[-81.1302,44.7697],[-81.1275,44.7824],[-81.0364,44.8428],[-81.0063,44.8762],[-81.006,44.9069],[-80.9926,44.9344],[-80.9663,44.9586],[-80.9728,44.9696],[-81.012,44.9673],[-81.032,44.9569],[-81.074,44.9138],[-81.1336,44.9179],[-81.1411,44.9278],[-81.125,44.9525],[-81.1379,44.9681],[-81.18,44.9744],[-81.1933,45.0026],[-81.2074,45.0087],[-81.2595,45.0283],[-81.2642,45.0813],[-81.2818,45.124],[-81.3125,45.1562],[-81.3158,45.1887],[-81.2852,45.2413],[-81.2965,45.2487],[-81.3999,45.2556],[-81.5954,45.262],[-81.6974,45.2512],[-81.7061,45.2235],[-81.6832,45.2028],[-81.6288,45.1891],[-81.5903,45.1659],[-81.5774,45.1454],[-81.5415,45.1249],[-81.4993,45.0814],[-81.4512,45.015],[-81.4155,44.9874],[-81.377,44.9841],[-81.3552,44.9775],[-81.3584,44.911],[-81.3411,44.8699],[-81.3,44.832],[-81.2782,44.7899],[-81.2807,44.7163],[-81.2777,44.6437],[-81.2975,44.5967],[-81.3519,44.5423],[-81.3868,44.4969],[-81.4022,44.4606],[-81.4313,44.4365],[-81.4743,44.4246],[-81.5188,44.3989],[-81.5649,44.3597],[-81.595,44.3108],[-81.6089,44.2525],[-81.6466,44.1925],[-81.7081,44.1307],[-81.732,44.0604],[-81.7184,43.9816],[-81.7165,43.6421],[-81.7052,43.5576],[-81.7128,43.4741],[-81.7394,43.3916],[-81.7845,43.3269],[-81.8482,43.2801],[-81.9114,43.2456],[-81.9741,43.2234],[-82.0331,43.1858],[-82.0881,43.1327],[-82.1811,43.0851],[-82.312,43.0433],[-82.4172,43.0174],[-82.4319,43.0386],[-82.4613,43.081],[-82.5162,43.2796],[-82.5967,43.6344],[-82.6633,43.8542],[-82.7161,43.939],[-82.7877,44.0035],[-82.8782,44.0478],[-82.9472,44.067],[-82.9946,44.0611],[-83.0695,44.025],[-83.2093,43.9936],[-83.2666,43.9729],[-83.2995,43.9451],[-83.3381,43.9289],[-83.3826,43.9241],[-83.3875,43.9166],[-83.3531,43.9063],[-83.353,43.8793],[-83.4474,43.7584],[-83.4689,43.7309],[-83.526,43.7209],[-83.5731,43.6971],[-83.6216,43.6365],[-83.6679,43.621],[-83.7352,43.6267],[-83.848,43.6636],[-83.9157,43.7006],[-83.9383,43.7375],[-83.9396,43.7819],[-83.9198,43.8339],[-83.9216,43.8755],[-83.8788,43.9625],[-83.8214,43.9935],[-83.7377,44.0006],[-83.6915,44.0145],[-83.6828,44.035],[-83.657,44.0496],[-83.614,44.0583],[-83.5775,44.1134],[-83.5475,44.215],[-83.5125,44.2708],[-83.4874,44.2806],[-83.4642,44.2772],[-83.4628,44.2649],[-83.3662,44.33],[-83.3306,44.3751],[-83.3284,44.4214],[-83.3193,44.5565],[-83.3079,44.6438],[-83.2942,44.6833],[-83.2996,44.7852],[-83.3278,44.8692],[-83.4362,44.9614],[-83.4516,44.992],[-83.4481,45.0246],[-83.4259,45.0589],[-83.3778,45.0669],[-83.2931,45.0404],[-83.2787,45.0468],[-83.3023,45.0624],[-83.3161,45.0932],[-83.3202,45.139],[-83.3311,45.1642],[-83.349,45.169],[-83.3962,45.2214],[-83.4026,45.2483],[-83.3973,45.2736],[-83.4153,45.299],[-83.4785,45.3388],[-83.5937,45.3794],[-83.8688,45.4565],[-83.9183,45.4863],[-83.9863,45.5038],[-84.0728,45.5091],[-84.1277,45.5325],[-84.1511,45.5738],[-84.1893,45.6111],[-84.2423,45.6444],[-84.3263,45.6662],[-84.4414,45.6763],[-84.5629,45.7122],[-84.6909,45.7738],[-84.7626,45.7924],[-84.7569,45.8628],[-84.7274,45.8615],[-84.7133,45.8705],[-84.7127,45.8816],[-84.7254,45.8949],[-84.7171,45.9435],[-84.7249,45.9575],[-84.6747,46.0333],[-84.6315,46.0526],[-84.5815,46.0456],[-84.5499,46.0292],[-84.5369,46.0037],[-84.5213,45.9946],[-84.4903,45.9937],[-84.4731,45.99],[-84.4629,45.9921],[-84.4473,46.0062],[-84.3409,45.9998],[-83.9788,45.9615],[-83.9292,45.9676],[-83.901,45.9809],[-83.8941,46.0013],[-83.9174,46.0207],[-84.012,46.0614],[-84.0408,46.0882],[-84.0484,46.1135],[-84.0347,46.1374],[-84.0549,46.1589],[-84.1088,46.1782],[-84.2271,46.1836],[-84.2479,46.203],[-84.2385,46.2225],[-84.2037,46.247],[-84.2022,46.2832],[-84.2133,46.3038],[-84.2291,46.3658],[-84.2548,46.4076],[-84.3067,46.4691],[-84.3274,46.4915],[-84.358,46.5047],[-84.3439,46.5312],[-84.2356,46.5568]],[[-83.3923,45.9882],[-83.4374,45.9632],[-83.4667,45.936],[-83.48,45.9067],[-83.4533,45.8843],[-83.3866,45.8686],[-83.332,45.8804],[-83.2692,45.9466],[-83.271,45.9613],[-83.2964,45.9767],[-83.3453,45.9928],[-83.3923,45.9882]],[[-83.5801,46.0801],[-83.6082,46.0966],[-83.6839,46.1063],[-83.6994,46.0956],[-83.6802,46.0704],[-83.6833,46.0572],[-83.7148,46.0375],[-83.775,46.0111],[-83.8203,46.005],[-83.8506,46.0191],[-83.8711,46.0174],[-83.8751,45.9913],[-83.8657,45.9791],[-83.8232,45.9557],[-83.7308,45.943],[-83.5883,45.9411],[-83.518,45.9579],[-83.4938,45.9908],[-83.5035,46.0131],[-83.529,46.0236],[-83.5801,46.0801]],[[-83.8083,46.1666],[-83.7946,46.2143],[-83.8221,46.2535],[-83.8911,46.2842],[-83.9707,46.303],[-84.0611,46.3098],[-84.097,46.2876],[-84.0782,46.2364],[-84.0388,46.1771],[-83.9786,46.1094],[-83.9303,46.0917],[-83.9068,46.0972],[-83.8873,46.1189],[-83.8759,46.1479],[-83.8565,46.1575],[-83.829,46.1477],[-83.8083,46.1666]],[[-84.1881,46.3235],[-84.1955,46.3034],[-84.1849,46.2794],[-84.1349,46.2404],[-84.1207,46.2459],[-84.1156,46.2608],[-84.1196,46.285],[-84.1373,46.3062],[-84.1688,46.3245],[-84.1881,46.3235]],[[-84.1328,46.3622],[-84.1636,46.41],[-84.1651,46.4568],[-84.1374,46.5026],[-84.1424,46.5309],[-84.1803,46.5418],[-84.2155,46.5361],[-84.2742,46.4875],[-84.2351,46.4445],[-84.2095,46.3843],[-84.189,46.3601],[-84.1634,46.3456],[-84.1327,46.3407],[-84.1328,46.3622]],[[-84.5572,45.8205],[-84.5631,45.8039],[-84.4875,45.7535],[-84.4412,45.7345],[-84.4123,45.7363],[-84.3901,45.7466],[-84.3748,45.7654],[-84.3803,45.7877],[-84.4167,45.8143],[-84.429,45.8065],[-84.5572,45.8205]],[[-82.9367,45.811],[-82.7358,45.7967],[-82.626,45.7722],[-82.5104,45.7275],[-82.4095,45.698],[-82.3232,45.6836],[-82.2561,45.6601],[-82.2081,45.6275],[-82.0911,45.5909],[-82.076,45.5697],[-82.0553,45.5613],[-82.029,45.566],[-81.8211,45.6916],[-81.7598,45.6976],[-81.7596,45.6852],[-81.8645,45.6106],[-81.9023,45.6031],[-81.9225,45.6037],[-81.9767,45.5699],[-81.9772,45.5614],[-81.9462,45.5661],[-81.9143,45.5575],[-81.8812,45.5355],[-81.8281,45.5467],[-81.7547,45.5911],[-81.6857,45.6567],[-81.593,45.7917],[-81.6015,45.8012],[-81.6851,45.8014],[-81.6986,45.8148],[-81.6728,45.8447],[-81.6648,45.8719],[-81.6748,45.8965],[-81.6982,45.8937],[-81.7351,45.8637],[-81.7631,45.8212],[-81.7959,45.7404],[-81.8038,45.7432],[-81.8384,45.7884],[-81.8418,45.8228],[-81.8282,45.8622],[-81.8406,45.8854],[-81.879,45.8925],[-81.8973,45.9103],[-81.8955,45.9388],[-81.9093,45.9618],[-81.9389,45.9792],[-81.9873,45.9771],[-82.0546,45.955],[-82.1064,45.9191],[-82.1426,45.8694],[-82.1753,45.8711],[-82.2046,45.9242],[-82.2355,45.9458],[-82.2684,45.9359],[-82.288,45.9452],[-82.2945,45.9734],[-82.332,45.982],[-82.4006,45.9708],[-82.4441,45.9548],[-82.4626,45.9339],[-82.4806,45.9303],[-82.4979,45.9439],[-82.5272,45.9386],[-82.5685,45.9144],[-82.5805,45.8955],[-82.5563,45.8699],[-82.56,45.8596],[-82.5204,45.8489],[-82.5149,45.8334],[-82.5314,45.8058],[-82.5542,45.807],[-82.5834,45.837],[-82.6078,45.8475],[-82.6273,45.8386],[-82.6448,45.8426],[-82.6603,45.8597],[-82.6909,45.8629],[-82.7369,45.8523],[-82.7646,45.8582],[-82.774,45.8803],[-82.7935,45.8976],[-82.8229,45.9098],[-82.8321,45.9362],[-82.821,45.9766],[-82.8452,45.9904],[-82.9047,45.9778],[-82.9448,45.9627],[-82.9655,45.9452],[-82.9957,45.9435],[-83.0354,45.9574],[-83.0693,45.9546],[-83.0973,45.9351],[-83.1245,45.9379],[-83.1508,45.9632],[-83.1762,45.9689],[-83.2006,45.9549],[-83.2158,45.9327],[-83.2218,45.9021],[-83.1601,45.8752],[-82.9623,45.8334],[-82.9367,45.811]],[[-81.7351,45.5306],[-81.8288,45.4977],[-81.8375,45.484],[-81.8329,45.4725],[-81.8149,45.4632],[-81.7881,45.4658],[-81.7273,45.5005],[-81.7126,45.5263],[-81.7351,45.5306]],[[-80.1743,44.8089],[-80.1577,44.8479],[-80.1714,44.8648],[-80.2158,44.8717],[-80.2363,44.8645],[-80.2328,44.8433],[-80.2157,44.8227],[-80.173,44.7962],[-80.1743,44.8089]]]}},{"type":"Feature","properties":{},"bbox":[-97.8332,23.9148,-97.4268,25.4474],"geometry":{"type":"Polygon","coordinates":[[[-97.4564,25.2733],[-97.5373,25.0815],[-97.6122,24.7819],[-97.6871,24.4764],[-97.7201,24.2546],[-97.7578,23.9148],[-97.7654,23.9167],[-97.7755,24.0821],[-97.759,24.1587],[-97.75,24.2636],[-97.741,24.3909],[-97.7683,24.4361],[-97.8047,24.444],[-97.8283,24.4766],[-97.8332,24.5171],[-97.8242,24.5444],[-97.8003,24.546],[-97.7417,24.5017],[-97.7252,24.5013],[-97.6886,24.6635],[-97.6997,24.7088],[-97.7029,24.8445],[-97.643,24.9077],[-97.6547,24.9371],[-97.7072,24.9658],[-97.7287,24.9937],[-97.6988,25.1591],[-97.6997,25.2008],[-97.7058,25.2251],[-97.7545,25.2573],[-97.721,25.2875],[-97.6802,25.3458],[-97.6535,25.3648],[-97.6432,25.3635],[-97.6109,25.3258],[-97.5759,25.3121],[-97.5431,25.3115],[-97.5306,25.3275],[-97.5184,25.4354],[-97.5077,25.4474],[-97.4726,25.4399],[-97.4375,25.406],[-97.4268,25.3536],[-97.4564,25.2733]]]}},{"type":"Feature","properties":{},"bbox":[-103.8323,57.6946,-102.7914,58.5522],"geometry":{"type":"Polygon","coordinates":[[[-102.8617,58.3176],[-102.9109,58.3227],[-102.9484,58.3055],[-102.9823,58.2746],[-103.0009,58.243],[-102.9831,58.2201],[-102.9391,58.1981],[-102.9405,58.1734],[-103.0559,58.1243],[-103.1016,58.1338],[-103.2311,58.0808],[-103.2593,58.0533],[-103.2814,57.9841],[-103.2809,57.8968],[-103.2687,57.8696],[-103.2451,57.851],[-103.2176,57.8437],[-103.2112,57.8281],[-103.269,57.7378],[-103.33,57.6972],[-103.3604,57.6946],[-103.3469,57.7294],[-103.3063,57.7785],[-103.3137,57.8279],[-103.359,57.8614],[-103.3992,57.8679],[-103.4691,57.8767],[-103.5593,57.8687],[-103.7279,57.7965],[-103.7944,57.7768],[-103.8293,57.7791],[-103.8323,57.7937],[-103.7957,57.8234],[-103.6563,57.9193],[-103.6704,57.9386],[-103.7767,57.9324],[-103.8031,57.9469],[-103.7927,57.9636],[-103.697,58.0193],[-103.6734,58.0374],[-103.6718,58.0542],[-103.6819,58.0779],[-103.709,58.1016],[-103.7059,58.1274],[-103.6545,58.173],[-103.6194,58.2339],[-103.6125,58.2674],[-103.6193,58.2827],[-103.6619,58.2836],[-103.6271,58.3477],[-103.6104,58.4085],[-103.5811,58.4315],[-103.5499,58.4551],[-103.4946,58.4623],[-103.3841,58.4316],[-103.2391,58.4716],[-103.2231,58.4847],[-103.2214,58.5246],[-103.2052,58.5444],[-103.1849,58.5522],[-103.1408,58.5329],[-102.9525,58.5325],[-102.9456,58.5034],[-102.9212,58.4772],[-102.8034,58.4116],[-102.7914,58.3813],[-102.8372,58.3299],[-102.8617,58.3176]]]}},{"type":"Feature","properties":{},"bbox":[-111.3015,58.5048,-106.0182,59.6],"geometry":{"type":"Polygon","coordinates":[[[-109.2786,59.1271],[-109.453,59.0834],[-109.8859,59.0063],[-110.0738,58.9487],[-110.2756,58.8602],[-110.3362,58.8259],[-110.4032,58.7682],[-110.4401,58.716],[-110.4351,58.6993],[-110.3695,58.6757],[-110.3761,58.6445],[-110.4115,58.6307],[-110.6727,58.6304],[-110.7472,58.6137],[-110.7774,58.5831],[-110.7871,58.5456],[-110.812,58.5125],[-110.8389,58.5109],[-110.8767,58.6286],[-110.9034,58.6314],[-110.9436,58.6211],[-110.9903,58.5938],[-111.036,58.5224],[-111.075,58.5048],[-111.0932,58.5265],[-111.1068,58.5468],[-111.1105,58.5719],[-111.0976,58.6155],[-111.2621,58.7029],[-111.2954,58.7294],[-111.3015,58.7556],[-111.2804,58.7885],[-111.1944,58.7877],[-111.1498,58.7749],[-111.1607,58.7389],[-111.1248,58.7351],[-111.0186,58.7641],[-110.8719,58.8373],[-110.612,59.0412],[-110.4831,59.1102],[-110.3523,59.1563],[-110.0347,59.2972],[-109.8753,59.3566],[-109.8345,59.3895],[-109.777,59.4132],[-109.799,59.4334],[-109.8007,59.445],[-109.7049,59.5039],[-109.6225,59.5425],[-109.5469,59.5701],[-109.398,59.5972],[-109.2601,59.6],[-109.1725,59.5867],[-109.0359,59.4978],[-108.8279,59.5104],[-108.7954,59.5037],[-108.8627,59.4064],[-108.8567,59.387],[-108.7484,59.3867],[-108.5378,59.4352],[-108.2192,59.4733],[-107.9527,59.4344],[-107.558,59.3958],[-107.2389,59.3482],[-106.8161,59.3268],[-106.6095,59.3196],[-106.0213,59.2901],[-106.0182,59.2713],[-106.0423,59.2519],[-106.7097,59.2629],[-107.2048,59.2843],[-107.4525,59.304],[-107.5888,59.2924],[-107.6063,59.3003],[-107.6259,59.3312],[-107.7082,59.34],[-107.7337,59.3364],[-107.7572,59.3196],[-107.7857,59.2883],[-107.8191,59.2285],[-107.8367,59.2158],[-107.9583,59.2037],[-108.2112,59.1611],[-108.7505,59.1203],[-108.9416,59.1152],[-109.1033,59.0978],[-109.1631,59.1018],[-109.2328,59.1266],[-109.2786,59.1271]]]}},{"type":"Feature","properties":{},"bbox":[-74.2195,50.0377,-72.6901,51.397],"geometry":{"type":"Polygon","coordinates":[[[-72.9878,51.1036],[-73.1138,50.9968],[-73.1345,50.989],[-73.2538,50.9125],[-73.3705,50.8446],[-73.4593,50.7933],[-73.458,50.8138],[-73.3943,50.8927],[-73.2615,50.9773],[-73.1887,51.0692],[-73.175,51.0713],[-73.1513,51.0696],[-73.1315,51.0903],[-73.1291,51.1055],[-73.1434,51.1447],[-73.1507,51.1561],[-73.1729,51.1578],[-73.2928,51.0769],[-73.3962,50.9935],[-73.5729,50.8353],[-73.5989,50.8246],[-73.6308,50.824],[-73.7711,50.6408],[-73.8001,50.5952],[-73.8174,50.499],[-73.8105,50.452],[-73.7988,50.4121],[-73.7879,50.3899],[-73.8074,50.3877],[-73.8318,50.4129],[-73.8432,50.4057],[-73.8371,50.3408],[-73.8193,50.3006],[-73.7995,50.2362],[-73.8177,50.2114],[-73.9037,50.1618],[-74.0079,50.1204],[-74.0343,50.0906],[-74.0757,50.0427],[-74.1517,50.0377],[-74.2195,50.0576],[-74.1997,50.0757],[-74.098,50.0918],[-74.0128,50.1783],[-73.8789,50.218],[-73.8276,50.2494],[-73.8359,50.2758],[-73.8796,50.297],[-73.8961,50.3274],[-73.8988,50.3524],[-73.8777,50.3811],[-73.8386,50.6393],[-73.8871,50.5899],[-73.9157,50.5438],[-73.9259,50.5142],[-73.9169,50.4892],[-73.9186,50.4743],[-73.9316,50.4577],[-74.0024,50.4781],[-74.1055,50.3988],[-74.1319,50.4032],[-74.1038,50.4478],[-73.9541,50.7219],[-73.8453,50.8882],[-73.8559,50.8979],[-73.9114,50.8975],[-73.9158,50.9104],[-73.89,50.9538],[-73.9052,50.9627],[-73.8919,50.981],[-73.6415,51.0776],[-73.3783,51.2403],[-73.2023,51.3198],[-73.0669,51.3904],[-72.9859,51.397],[-72.9844,51.378],[-73.0672,51.3172],[-73.0405,51.3094],[-72.89,51.354],[-72.8113,51.361],[-72.7919,51.3531],[-72.8001,51.3351],[-72.8511,51.3048],[-73.0674,51.206],[-73.0915,51.1784],[-73.0718,51.1603],[-73.0409,51.1545],[-72.8113,51.2441],[-72.7235,51.2543],[-72.6901,51.2406],[-72.7186,51.2173],[-72.8999,51.1459],[-72.9878,51.1036]]]}},{"type":"Feature","properties":{},"bbox":[-95.3155,48.8634,-94.0411,49.9927],"geometry":{"type":"Polygon","coordinates":[[[-94.0411,49.3584],[-94.0473,49.268],[-94.0652,49.2384],[-94.0923,49.2189],[-94.119,49.2063],[-94.1287,49.2104],[-94.1147,49.2311],[-94.1095,49.2634],[-94.1821,49.3303],[-94.2211,49.3936],[-94.2784,49.4073],[-94.2514,49.4569],[-94.2542,49.4709],[-94.3646,49.4834],[-94.4738,49.4717],[-94.6464,49.4449],[-94.7452,49.409],[-94.7695,49.3934],[-94.7901,49.3533],[-94.7781,49.3397],[-94.6402,49.3536],[-94.609,49.3448],[-94.5772,49.2979],[-94.5221,49.2669],[-94.4641,49.232],[-94.3541,49.266],[-94.3026,49.2526],[-94.2716,49.2271],[-94.2674,49.1942],[-94.24,49.1812],[-94.0988,49.1671],[-94.074,49.1554],[-94.1173,49.1259],[-94.1969,49.0958],[-94.265,49.1141],[-94.3095,49.1036],[-94.3238,49.0709],[-94.5368,48.9451],[-94.7128,48.8634],[-94.8178,48.8678],[-94.9157,48.9256],[-95.0026,48.9643],[-95.0373,48.9588],[-95.1792,48.8967],[-95.2735,48.8862],[-95.3128,48.9281],[-95.3155,48.97],[-95.2673,49.029],[-95.2656,49.0596],[-95.2766,49.1053],[-95.2605,49.1371],[-95.1985,49.1665],[-95.0851,49.1765],[-94.9828,49.1953],[-94.9356,49.2398],[-94.9409,49.321],[-95.009,49.342],[-95.0142,49.3682],[-94.9407,49.4001],[-94.9094,49.4371],[-94.8223,49.5116],[-94.6909,49.561],[-94.6454,49.6031],[-94.6505,49.6207],[-94.6882,49.6256],[-94.7449,49.6162],[-94.7956,49.5991],[-94.9108,49.5264],[-94.9851,49.4966],[-95.1074,49.4634],[-95.1386,49.4719],[-95.1161,49.5426],[-95.1525,49.6224],[-95.0992,49.6393],[-95.0084,49.6354],[-94.9615,49.6207],[-94.9734,49.5842],[-94.9581,49.5754],[-94.9263,49.576],[-94.8884,49.5851],[-94.8401,49.6126],[-94.8703,49.6627],[-94.823,49.6904],[-94.5882,49.7238],[-94.5598,49.7638],[-94.5758,49.8073],[-94.6782,49.9527],[-94.6589,49.9745],[-94.6145,49.9927],[-94.588,49.988],[-94.5385,49.9312],[-94.53,49.8527],[-94.4961,49.8041],[-94.451,49.7375],[-94.3462,49.7245],[-94.3122,49.6852],[-94.3323,49.6394],[-94.3144,49.5998],[-94.3617,49.5763],[-94.3684,49.5631],[-94.3017,49.5149],[-94.1733,49.4966],[-94.1343,49.4484],[-94.1444,49.4274],[-94.0521,49.3731],[-94.0411,49.3584]],[[-94.7874,49.1925],[-94.7837,49.1701],[-94.7315,49.0918],[-94.6569,49.0899],[-94.6308,49.0564],[-94.5935,49.0359],[-94.5283,49.0415],[-94.5059,49.1179],[-94.4462,49.1794],[-94.4481,49.2018],[-94.5152,49.2148],[-94.6215,49.1906],[-94.7016,49.1906],[-94.7874,49.1925]]]}},{"type":"Feature","properties":{},"bbox":[-89.0921,49.3891,-88.0305,50.2908],"geometry":{"type":"Polygon","coordinates":[[[-88.1065,49.9342],[-88.1445,49.9122],[-88.1433,49.8949],[-88.1081,49.8678],[-88.1295,49.7849],[-88.1124,49.7114],[-88.1342,49.6353],[-88.1657,49.5804],[-88.1586,49.5075],[-88.1803,49.4662],[-88.3049,49.4592],[-88.3683,49.4341],[-88.406,49.3891],[-88.4387,49.3937],[-88.4666,49.4432],[-88.4936,49.4625],[-88.5135,49.5142],[-88.5416,49.5488],[-88.5522,49.5437],[-88.547,49.4883],[-88.5627,49.4622],[-88.6218,49.4279],[-88.6676,49.4334],[-88.7057,49.4415],[-88.7729,49.4581],[-88.7859,49.4883],[-88.7594,49.527],[-88.7104,49.587],[-88.6104,49.6065],[-88.5902,49.6078],[-88.5873,49.6279],[-88.6075,49.6466],[-88.6881,49.6332],[-88.7442,49.6308],[-88.7856,49.5671],[-88.8232,49.5396],[-88.8689,49.5205],[-88.909,49.5104],[-88.9601,49.5013],[-89.0003,49.5286],[-89.0186,49.5678],[-89.0164,49.5828],[-88.9601,49.5603],[-88.9202,49.5597],[-88.9074,49.5794],[-88.9065,49.6176],[-88.9291,49.6943],[-88.9303,49.7547],[-88.9557,49.756],[-89.0075,49.7143],[-89.0454,49.7259],[-89.0921,49.7755],[-89.087,49.8041],[-89.0692,49.824],[-89.0044,49.7865],[-88.9494,49.8098],[-88.9406,49.8199],[-88.9502,49.8551],[-88.9451,49.8797],[-88.8885,49.9325],[-88.9046,50.0234],[-88.8932,50.0568],[-88.7694,50.2133],[-88.7045,50.2536],[-88.6391,50.277],[-88.5511,50.2391],[-88.4648,50.2376],[-88.3559,50.162],[-88.3146,50.1479],[-88.2876,50.15],[-88.2778,50.1593],[-88.2882,50.178],[-88.34,50.2258],[-88.4148,50.2653],[-88.4205,50.2892],[-88.3839,50.2908],[-88.3438,50.275],[-88.2318,50.2128],[-88.1992,50.1877],[-88.1705,50.1348],[-88.1722,50.1129],[-88.2045,50.1115],[-88.2154,50.0958],[-88.2224,50.0592],[-88.2176,50.027],[-88.2347,49.9906],[-88.2132,49.9935],[-88.1688,50.0278],[-88.1326,50.0352],[-88.0836,50.0007],[-88.0333,49.9791],[-88.0305,49.9612],[-88.1065,49.9342]],[[-88.5543,50.0358],[-88.5897,50.0466],[-88.6159,50.0466],[-88.6297,50.0435],[-88.6328,50.0174],[-88.639,49.985],[-88.6544,49.9497],[-88.6882,49.9266],[-88.719,49.9004],[-88.7467,49.8788],[-88.7482,49.8681],[-88.7159,49.8496],[-88.6759,49.8496],[-88.6205,49.8204],[-88.5882,49.805],[-88.582,49.8157],[-88.5897,49.8357],[-88.6113,49.8619],[-88.6359,49.8973],[-88.6359,49.9158],[-88.6251,49.9512],[-88.5882,49.9835],[-88.5666,49.9973],[-88.5543,50.022],[-88.5543,50.0358]],[[-88.3745,49.6894],[-88.3929,49.7],[-88.4219,49.6854],[-88.489,49.6604],[-88.4903,49.6117],[-88.3995,49.617],[-88.385,49.6473],[-88.3745,49.6894]]]}},{"type":"Feature","properties":{},"bbox":[-103.2984,56.2766,-101.5334,58.1074],"geometry":{"type":"Polygon","coordinates":[[[-101.6782,57.9175],[-101.5443,57.9202],[-101.5334,57.88],[-101.5434,57.816],[-101.6301,57.7575],[-101.7347,57.6466],[-101.8284,57.5786],[-101.9611,57.5166],[-102.0478,57.4842],[-102.1062,57.4272],[-102.0938,57.3676],[-101.8877,57.3052],[-101.8356,57.2702],[-101.8642,57.2502],[-101.9574,57.2388],[-102.0324,57.1912],[-102.0481,57.1143],[-101.9991,57.054],[-101.9621,57.0247],[-102.0408,56.9649],[-102.1275,56.915],[-102.1768,56.864],[-102.3126,56.8384],[-102.34,56.8096],[-102.3556,56.7714],[-102.3982,56.6969],[-102.4371,56.658],[-102.4392,56.6267],[-102.4654,56.6079],[-102.5437,56.5877],[-102.6009,56.5637],[-102.8854,56.4735],[-102.9269,56.4408],[-102.9378,56.4017],[-102.9773,56.3692],[-103.0438,56.3798],[-103.0869,56.4195],[-103.1367,56.4142],[-103.2011,56.3579],[-103.2323,56.3089],[-103.2407,56.2777],[-103.2716,56.2766],[-103.2876,56.3041],[-103.2714,56.3873],[-103.2609,56.4365],[-103.257,56.4753],[-103.2984,56.4959],[-103.2934,56.5434],[-103.2415,56.5742],[-103.1919,56.5553],[-103.1529,56.6198],[-103.1293,56.7642],[-103.1056,56.853],[-103.069,56.8491],[-103.08,56.6766],[-103.0511,56.5687],[-102.9777,56.5616],[-102.8615,56.6833],[-102.7935,56.7085],[-102.7325,56.7163],[-102.6922,56.7416],[-102.6769,56.7731],[-102.6252,56.7867],[-102.5698,56.8304],[-102.5437,56.9297],[-102.5543,56.9984],[-102.5838,57.0462],[-102.6757,57.0833],[-102.7418,57.1009],[-102.722,57.1535],[-102.6934,57.2099],[-102.7208,57.2449],[-102.7889,57.2827],[-102.8524,57.2986],[-102.9193,57.2952],[-102.933,57.3644],[-102.8901,57.4507],[-102.7905,57.5037],[-102.6944,57.5643],[-102.674,57.5973],[-102.693,57.6371],[-102.6918,57.6882],[-102.6401,57.7019],[-102.5226,57.7305],[-102.4395,57.7987],[-102.205,57.931],[-102.1487,57.9927],[-102.1509,58.0379],[-102.0524,58.1074],[-101.991,58.0883],[-102.0133,58.0029],[-101.971,57.9634],[-101.9125,57.9908],[-101.8678,58.0535],[-101.8193,58.0646],[-101.8033,58.0204],[-101.8467,57.8977],[-101.8465,57.8665],[-101.8154,57.8431],[-101.7332,57.8729],[-101.7243,57.9098],[-101.6782,57.9175]]]}},{"type":"Feature","properties":{},"bbox":[-76.0964,43.1768,-75.7334,43.2627],"geometry":{"type":"Polygon","coordinates":[[[-75.7334,43.2057],[-75.7996,43.1809],[-75.9592,43.1768],[-76.0956,43.2379],[-76.0964,43.2537],[-76.0601,43.2627],[-75.8607,43.2479],[-75.75,43.2255],[-75.7334,43.2057]]]}},{"type":"Feature","properties":{},"bbox":[-155.9137,59.3345,-153.9713,59.7914],"geometry":{"type":"Polygon","coordinates":[[[-154.1087,59.7176],[-154.2303,59.6869],[-154.3713,59.6654],[-154.5338,59.6279],[-154.5629,59.5922],[-154.5552,59.5481],[-154.5786,59.5028],[-154.583,59.4737],[-154.6135,59.4515],[-154.6855,59.4428],[-154.9074,59.4319],[-155.7434,59.3345],[-155.8813,59.3769],[-155.9137,59.4565],[-155.8457,59.5376],[-155.2598,59.6619],[-154.9927,59.7054],[-154.3282,59.7914],[-154.1895,59.7807],[-154.0742,59.7796],[-153.9713,59.7693],[-154.1087,59.7176]]]}},{"type":"Feature","properties":{},"bbox":[-156.8836,57.6334,-155.9608,58.0858],"geometry":{"type":"Polygon","coordinates":[[[-156.0212,57.8374],[-156.0213,57.8123],[-155.9958,57.7934],[-155.9931,57.7635],[-156.0404,57.7053],[-156.1305,57.6395],[-156.1592,57.6334],[-156.1271,57.6889],[-156.1148,57.7489],[-156.1606,57.7972],[-156.3581,57.8355],[-156.6047,57.8794],[-156.6775,57.8881],[-156.8317,57.9314],[-156.8836,57.9991],[-156.8166,58.0672],[-156.6377,58.0858],[-156.279,58.0065],[-155.9758,57.9092],[-155.9608,57.8702],[-156.0212,57.8374]]]}},{"type":"Feature","properties":{},"bbox":[-120.1392,38.9453,-119.9184,39.254],"geometry":{"type":"Polygon","coordinates":[[[-119.9657,38.9574],[-120.0334,38.9453],[-120.0808,38.9709],[-120.1133,39.0604],[-120.1392,39.0908],[-120.1322,39.1429],[-120.0591,39.2214],[-119.986,39.2424],[-119.9617,39.254],[-119.9359,39.254],[-119.9184,39.2065],[-119.9427,39.0251],[-119.9657,38.9574]]]}},{"type":"Feature","properties":{},"bbox":[-88.5187,43.8081,-88.3211,44.196],"geometry":{"type":"Polygon","coordinates":[[[-88.3338,43.9381],[-88.3833,43.866],[-88.4311,43.8081],[-88.4648,43.8134],[-88.4918,43.9392],[-88.5187,44.0291],[-88.4845,44.1104],[-88.4179,44.1945],[-88.3581,44.196],[-88.3211,44.1802],[-88.3251,44.0676],[-88.3338,43.9381]]]}},{"type":"Feature","properties":{},"bbox":[-71.3209,65.9535,-71.0896,66.0],"geometry":{"type":"Polygon","coordinates":[[[-71.0896,66.0],[-71.1037,65.9908],[-71.2258,65.9535],[-71.3106,65.969],[-71.3209,65.9874],[-71.2867,66.0],[-71.0896,66.0]]]}},{"type":"Feature","properties":{},"bbox":[-102.1737,62.664,-100.6444,63.5465],"geometry":{"type":"Polygon","coordinates":[[[-101.8071,63.2671],[-101.7491,63.3372],[-101.6884,63.37],[-101.6352,63.3752],[-101.611,63.3821],[-101.5835,63.3973],[-101.5837,63.4275],[-101.5475,63.4559],[-101.4568,63.4432],[-101.3958,63.4184],[-101.3653,63.3967],[-101.3194,63.3938],[-101.2928,63.4149],[-101.3323,63.4668],[-101.2758,63.4906],[-101.1372,63.4304],[-101.0812,63.439],[-101.061,63.4596],[-101.008,63.463],[-100.9024,63.5303],[-100.856,63.5199],[-100.7991,63.5403],[-100.7058,63.5465],[-100.6444,63.4685],[-100.6728,63.3729],[-100.7703,63.319],[-100.8229,63.2972],[-100.8636,63.2935],[-100.9171,63.3007],[-100.9832,63.3032],[-101.0405,63.2918],[-101.0601,63.2675],[-101.0642,63.2425],[-101.1135,63.1714],[-101.1037,63.1019],[-101.0605,63.0602],[-101.0067,63.0524],[-100.8841,63.0072],[-100.8837,62.9562],[-100.9823,62.9106],[-101.0277,62.896],[-101.059,62.858],[-101.0227,62.8027],[-101.0279,62.7611],[-101.1382,62.7132],[-101.2904,62.6661],[-101.3815,62.6827],[-101.3925,62.721],[-101.3537,62.766],[-101.3217,62.8281],[-101.33,62.8913],[-101.3805,62.9281],[-101.4144,62.9106],[-101.4341,62.8448],[-101.4726,62.7906],[-101.499,62.7397],[-101.5121,62.6749],[-101.5294,62.664],[-101.5543,62.684],[-101.553,62.7228],[-101.5896,62.776],[-101.6728,62.7966],[-101.7547,62.8005],[-101.8231,62.8806],[-101.9157,62.8767],[-101.9892,62.8866],[-102.0347,62.9246],[-102.0483,63.0042],[-102.091,63.0656],[-102.0971,63.0764],[-102.1274,63.0889],[-102.1737,63.122],[-102.1602,63.1648],[-102.0793,63.1938],[-101.9346,63.2211],[-101.8071,63.2671]]]}},{"type":"Feature","properties":{},"bbox":[-96.2734,63.9964,-94.2245,64.3246],"geometry":{"type":"Polygon","coordinates":[[[-94.5563,64.1491],[-94.4563,64.1396],[-94.3462,64.1355],[-94.247,64.1237],[-94.2245,64.0761],[-94.3116,64.0125],[-94.4547,63.9964],[-94.6239,64.0311],[-94.8604,64.0655],[-95.2994,64.0791],[-95.5018,64.0583],[-95.6714,64.0564],[-95.7842,64.0563],[-95.839,64.0841],[-95.9456,64.1268],[-96.2274,64.193],[-96.2734,64.3014],[-96.2026,64.3246],[-95.7439,64.3018],[-95.2506,64.2739],[-95.0372,64.2388],[-94.9172,64.225],[-94.793,64.2171],[-94.6501,64.1968],[-94.6256,64.1588],[-94.5563,64.1491]]]}},{"type":"Feature","properties":{},"bbox":[-73.4512,43.757,-73.0878,45.078],"geometry":{"type":"Polygon","coordinates":[[[-73.4049,44.0539],[-73.3693,43.8757],[-73.3557,43.7807],[-73.3676,43.757],[-73.3856,43.8105],[-73.4032,43.8655],[-73.4303,44.005],[-73.447,44.0311],[-73.4512,44.0834],[-73.4439,44.193],[-73.3541,44.2812],[-73.3769,44.3928],[-73.4003,44.4309],[-73.4438,44.6375],[-73.3999,44.7749],[-73.3829,44.9361],[-73.3468,45.018],[-73.3239,45.0288],[-73.308,44.956],[-73.2964,44.914],[-73.2851,44.9126],[-73.2554,44.9425],[-73.204,45.0217],[-73.1468,45.073],[-73.104,45.078],[-73.0878,45.0461],[-73.1108,45.0093],[-73.1627,44.9854],[-73.1927,44.9566],[-73.1725,44.9191],[-73.1762,44.874],[-73.1944,44.7071],[-73.2137,44.5864],[-73.2269,44.5632],[-73.2625,44.5418],[-73.2556,44.5068],[-73.2285,44.4933],[-73.2276,44.445],[-73.2358,44.4328],[-73.2483,44.4367],[-73.2706,44.3967],[-73.2878,44.32],[-73.3259,44.2338],[-73.3732,44.1477],[-73.4049,44.0539]]]}},{"type":"Feature","properties":{},"bbox":[-116.0617,33.1383,-115.6116,33.5219],"geometry":{"type":"Polygon","coordinates":[[[-115.6161,33.2226],[-115.6979,33.1383],[-115.7889,33.1466],[-115.9113,33.3025],[-116.0617,33.4326],[-116.0535,33.5021],[-116.0104,33.5219],[-115.9484,33.5194],[-115.8839,33.4517],[-115.66,33.3208],[-115.6116,33.2745],[-115.6161,33.2226]]]}},{"type":"Feature","properties":{},"bbox":[-118.6283,63.1131,-117.3062,63.5702],"geometry":{"type":"Polygon","coordinates":[[[-117.3062,63.1854],[-117.3596,63.1462],[-117.5542,63.1135],[-117.7385,63.1131],[-117.7853,63.1327],[-118.1073,63.2234],[-118.1372,63.2496],[-118.1641,63.261],[-118.201,63.2827],[-118.3148,63.2907],[-118.4666,63.3096],[-118.6274,63.337],[-118.6283,63.3751],[-118.564,63.4279],[-118.3443,63.5129],[-118.1002,63.5702],[-118.0005,63.5441],[-117.915,63.4664],[-117.764,63.4042],[-117.6296,63.3837],[-117.5752,63.3716],[-117.5697,63.3582],[-117.4699,63.3049],[-117.4353,63.2977],[-117.3388,63.2244],[-117.3187,63.2087],[-117.3062,63.1854]]]}},{"type":"Feature","properties":{},"bbox":[-72.3305,48.4438,-71.7737,48.7553],"geometry":{"type":"Polygon","coordinates":[[[-72.1333,48.4689],[-72.1654,48.481],[-72.2421,48.5749],[-72.3062,48.6193],[-72.3305,48.6686],[-72.2905,48.7332],[-72.1581,48.7553],[-71.9996,48.7236],[-71.907,48.6814],[-71.8457,48.6594],[-71.7756,48.6099],[-71.7737,48.5606],[-71.7806,48.5182],[-71.8225,48.4751],[-71.9244,48.4438],[-72.0546,48.4537],[-72.1333,48.4689]]]}},{"type":"Feature","properties":{},"bbox":[-77.203,42.4254,-77.0576,42.6485],"geometry":{"type":"Polygon","coordinates":[[[-77.1074,42.521],[-77.191,42.4254],[-77.203,42.4374],[-77.1699,42.512],[-77.1481,42.5684],[-77.1134,42.5688],[-77.0775,42.6485],[-77.0576,42.6445],[-77.1074,42.521]]]}},{"type":"Feature","properties":{},"bbox":[-76.7728,42.4892,-76.5197,42.9433],"geometry":{"type":"Polygon","coordinates":[[[-76.5277,42.4892],[-76.5863,42.5474],[-76.6671,42.6027],[-76.7728,42.778],[-76.7508,42.9254],[-76.7349,42.9433],[-76.701,42.7579],[-76.6651,42.6684],[-76.6031,42.5939],[-76.5197,42.5011],[-76.5277,42.4892]]]}},{"type":"Feature","properties":{},"bbox":[4.3995,9.8645,4.6853,10.644],"geometry":{"type":"Polygon","coordinates":[[[4.6785,10.3443],[4.5982,10.1961],[4.5998,10.1129],[4.6171,10.0028],[4.6586,9.8847],[4.6257,9.8645],[4.594,9.8668],[4.5657,9.9032],[4.5368,10.0283],[4.4955,10.0663],[4.4737,10.07],[4.4679,10.0985],[4.4952,10.1261],[4.5101,10.1476],[4.5058,10.1737],[4.4702,10.186],[4.4639,10.1959],[4.4849,10.2288],[4.4654,10.3055],[4.3996,10.3753],[4.3995,10.4034],[4.4379,10.4181],[4.451,10.4379],[4.4595,10.4601],[4.4703,10.6267],[4.4915,10.644],[4.5669,10.6028],[4.6062,10.6166],[4.6562,10.6072],[4.6804,10.5848],[4.6496,10.5169],[4.6672,10.4101],[4.6853,10.3655],[4.6785,10.3443]]]}},{"type":"Feature","properties":{},"bbox":[-107.0906,57.2242,-106.087,57.713],"geometry":{"type":"Polygon","coordinates":[[[-106.1815,57.681],[-106.1104,57.6546],[-106.1144,57.5955],[-106.1064,57.56],[-106.087,57.5352],[-106.0965,57.5069],[-106.0954,57.4646],[-106.14,57.4139],[-106.1933,57.3982],[-106.2544,57.3742],[-106.3738,57.3689],[-106.5415,57.3263],[-106.6076,57.337],[-106.6983,57.3271],[-106.7319,57.342],[-106.7636,57.3556],[-106.8036,57.3556],[-106.8838,57.3205],[-106.933,57.2865],[-106.9698,57.2536],[-107.0355,57.229],[-107.0792,57.2242],[-107.0906,57.2357],[-107.073,57.3256],[-107.0831,57.3607],[-107.0603,57.386],[-107.0282,57.4262],[-107.0638,57.4573],[-107.0691,57.4757],[-107.0181,57.477],[-106.9235,57.4622],[-106.8313,57.4898],[-106.6549,57.5975],[-106.4221,57.6487],[-106.3163,57.7052],[-106.2801,57.713],[-106.2582,57.6963],[-106.1815,57.681]]]}},{"type":"Feature","properties":{},"bbox":[-99.7643,62.8075,-99.142,63.1871],"geometry":{"type":"Polygon","coordinates":[[[-99.558,63.0036],[-99.3479,63.1727],[-99.2977,63.1871],[-99.3028,63.155],[-99.332,63.0995],[-99.3036,63.0476],[-99.2335,63.0246],[-99.1594,62.9905],[-99.142,62.9288],[-99.2404,62.8727],[-99.3859,62.8169],[-99.5731,62.8075],[-99.7295,62.8195],[-99.7622,62.848],[-99.7643,62.8728],[-99.6063,62.9588],[-99.558,63.0036]]]}},{"type":"Feature","properties":{},"bbox":[-102.6004,59.9293,-101.8487,60.6485],"geometry":{"type":"Polygon","coordinates":[[[-102.4848,60.3145],[-102.3791,60.3676],[-102.3153,60.424],[-102.3671,60.4426],[-102.4371,60.5004],[-102.4343,60.5847],[-102.3518,60.6335],[-102.2611,60.6485],[-102.2152,60.6154],[-102.1771,60.5611],[-102.1578,60.5124],[-102.108,60.4568],[-101.9981,60.3751],[-101.8864,60.2383],[-101.8487,60.1116],[-101.8782,60.0371],[-101.8847,59.9828],[-101.9828,60.0099],[-101.9878,59.9653],[-102.0233,59.9293],[-102.0854,60.0187],[-102.2746,60.2109],[-102.3817,60.2502],[-102.4774,60.2361],[-102.5875,60.2457],[-102.6004,60.3088],[-102.5491,60.3223],[-102.4848,60.3145]]]}},{"type":"Feature","properties":{},"bbox":[-90.58,30.1794,-90.425,30.3482],"geometry":{"type":"Polygon","coordinates":[[[-90.4666,30.1979],[-90.5375,30.1794],[-90.574,30.1969],[-90.58,30.2348],[-90.5569,30.2837],[-90.4931,30.3482],[-90.4327,30.3261],[-90.425,30.274],[-90.4666,30.1979]]]}},{"type":"Feature","properties":{},"bbox":[-74.8248,55.9354,-73.9854,56.3362],"geometry":{"type":"Polygon","coordinates":[[[-74.0703,55.9748],[-74.1839,55.9574],[-74.2277,55.9461],[-74.2213,55.9354],[-74.2493,55.938],[-74.2764,55.9515],[-74.2306,55.9848],[-74.3362,56.0241],[-74.5637,56.0671],[-74.7324,56.0914],[-74.8004,56.1373],[-74.8248,56.2138],[-74.8191,56.2734],[-74.771,56.308],[-74.6638,56.3362],[-74.4774,56.3176],[-74.3122,56.2623],[-74.2484,56.161],[-74.1607,56.1437],[-74.0542,56.1371],[-73.9854,56.0965],[-73.9897,56.0256],[-74.0703,55.9748]]]}},{"type":"Feature","properties":{},"bbox":[-80.4472,46.1608,-79.4355,46.3583],"geometry":{"type":"Polygon","coordinates":[[[-80.4091,46.2897],[-80.346,46.2855],[-80.3141,46.2637],[-80.2528,46.2493],[-80.1467,46.2575],[-80.118,46.2775],[-80.1427,46.3017],[-80.1255,46.3236],[-80.0533,46.3458],[-79.8559,46.3396],[-79.779,46.3479],[-79.6534,46.3583],[-79.494,46.3106],[-79.4355,46.2354],[-79.4865,46.1842],[-79.5726,46.1659],[-79.7718,46.2129],[-79.8764,46.193],[-79.9865,46.1608],[-80.0059,46.1658],[-79.9912,46.1988],[-80.015,46.2321],[-80.0626,46.244],[-80.2934,46.225],[-80.4472,46.2822],[-80.4091,46.2897]]]}},{"type":"Feature","properties":{},"bbox":[-76.5468,56.1268,-75.9354,56.5502],"geometry":{"type":"Polygon","coordinates":[[[-76.5246,56.1835],[-76.5044,56.2126],[-76.4172,56.3062],[-76.3972,56.3453],[-76.4203,56.3648],[-76.4251,56.3887],[-76.3914,56.4988],[-76.3658,56.5502],[-76.3413,56.5307],[-76.3295,56.5035],[-76.3052,56.4675],[-76.2451,56.4229],[-76.2337,56.397],[-76.2754,56.3787],[-76.2047,56.322],[-76.1164,56.2765],[-76.0248,56.2366],[-75.9391,56.1908],[-75.9354,56.1738],[-75.9534,56.1454],[-76.1468,56.1268],[-76.4461,56.1393],[-76.5468,56.1639],[-76.5246,56.1835]]]}},{"type":"Feature","properties":{},"bbox":[-76.1245,53.4653,-74.4334,53.8965],"geometry":{"type":"Polygon","coordinates":[[[-76.1001,53.737],[-76.0364,53.737],[-75.9303,53.7658],[-75.902,53.7911],[-75.9122,53.8127],[-75.85,53.8551],[-75.5521,53.8919],[-75.2923,53.8965],[-75.2682,53.8779],[-75.2408,53.8426],[-75.1838,53.8205],[-74.7993,53.8934],[-74.7338,53.8957],[-74.7247,53.8572],[-74.8198,53.8383],[-74.8894,53.7941],[-75.0487,53.7526],[-75.194,53.7213],[-75.2699,53.7091],[-75.2652,53.684],[-75.1616,53.677],[-74.9429,53.6718],[-74.7708,53.6539],[-74.5934,53.6674],[-74.456,53.7014],[-74.4334,53.6845],[-74.4609,53.6625],[-74.6787,53.609],[-74.8072,53.6049],[-74.9354,53.5779],[-75.0268,53.5763],[-74.9984,53.6223],[-75.0339,53.6393],[-75.1197,53.6231],[-75.2376,53.6187],[-75.478,53.6314],[-75.6334,53.6377],[-75.6577,53.6201],[-75.6137,53.6015],[-75.6011,53.582],[-75.6324,53.5384],[-75.7161,53.4974],[-75.9345,53.4653],[-76.1017,53.4753],[-76.1245,53.5226],[-76.0644,53.5691],[-76.0242,53.5906],[-75.945,53.6239],[-75.9068,53.6531],[-75.945,53.6857],[-76.018,53.6723],[-76.0884,53.6662],[-76.1001,53.737]]]}},{"type":"Feature","properties":{},"bbox":[-77.685,53.4928,-76.0884,54.188],"geometry":{"type":"Polygon","coordinates":[[[-76.0884,53.6662],[-76.3602,53.6301],[-76.3849,53.5958],[-76.5146,53.5575],[-76.8385,53.4992],[-76.9116,53.5014],[-77.1868,53.4928],[-77.223,53.5146],[-77.2898,53.5229],[-77.3966,53.5208],[-77.4877,53.5605],[-77.4928,53.6071],[-77.4648,53.6381],[-77.5111,53.6509],[-77.6208,53.659],[-77.685,53.6792],[-77.6117,53.7216],[-77.4197,53.7978],[-77.3407,53.8114],[-77.2878,53.7911],[-77.0157,53.821],[-76.9019,53.8472],[-76.766,53.9097],[-76.731,53.9765],[-76.8459,54.0311],[-76.888,54.0566],[-76.8679,54.0724],[-76.8402,54.088],[-76.6596,54.0263],[-76.6184,54.033],[-76.6023,54.0548],[-76.5606,54.0557],[-76.5093,54.0479],[-76.4713,54.0588],[-76.472,54.0824],[-76.5333,54.1146],[-76.5727,54.1404],[-76.5574,54.1572],[-76.4539,54.1777],[-76.3684,54.188],[-76.3289,54.1621],[-76.264,54.1358],[-76.202,54.1387],[-76.1909,54.1528],[-76.1503,54.1426],[-76.1053,54.116],[-76.1397,54.1077],[-76.1834,54.1033],[-76.2554,54.0735],[-76.304,53.9627],[-76.349,53.9459],[-76.376,53.9272],[-76.4334,53.8976],[-76.4874,53.8515],[-76.5955,53.7883],[-76.7027,53.7501],[-76.7497,53.7229],[-76.6961,53.6994],[-76.5538,53.7122],[-76.1427,53.7369],[-76.1001,53.737],[-76.0884,53.6662]]]}},{"type":"Feature","properties":{},"bbox":[-157.0438,57.4434,-156.5483,57.7851],"geometry":{"type":"Polygon","coordinates":[[[-156.6044,57.6958],[-156.7775,57.566],[-156.7825,57.5329],[-156.768,57.5066],[-156.796,57.4638],[-156.8343,57.4434],[-156.9267,57.473],[-157.0193,57.5124],[-157.0438,57.5479],[-157.0064,57.5657],[-156.9541,57.5694],[-156.8926,57.5796],[-156.8415,57.6105],[-156.8367,57.6533],[-156.7161,57.7255],[-156.6834,57.7552],[-156.5898,57.7851],[-156.5483,57.7661],[-156.6044,57.6958]]]}},{"type":"Feature","properties":{},"bbox":[-71.7935,18.421,-71.5089,18.5511],"geometry":{"type":"Polygon","coordinates":[[[-71.5365,18.434],[-71.6068,18.421],[-71.7935,18.4944],[-71.777,18.5312],[-71.6834,18.5511],[-71.5839,18.5141],[-71.5089,18.47],[-71.5365,18.434]]]}},{"type":"Feature","properties":{},"bbox":[-115.8961,60.109,-115.0622,60.3499],"geometry":{"type":"Polygon","coordinates":[[[-115.1476,60.2137],[-115.1573,60.1947],[-115.219,60.1827],[-115.2862,60.1598],[-115.2953,60.1306],[-115.2943,60.109],[-115.4771,60.138],[-115.6053,60.1729],[-115.7443,60.1632],[-115.8793,60.163],[-115.8961,60.2014],[-115.8043,60.2542],[-115.6501,60.2542],[-115.5314,60.2621],[-115.3491,60.2949],[-115.2215,60.337],[-115.1099,60.3499],[-115.0622,60.3294],[-115.1476,60.2137]]]}},{"type":"Feature","properties":{},"bbox":[-76.9375,52.9675,-76.4967,53.4849],"geometry":{"type":"Polygon","coordinates":[[[-76.6479,53.2422],[-76.6652,53.2208],[-76.6919,53.2115],[-76.6848,53.1901],[-76.6879,53.1697],[-76.7843,53.1468],[-76.8433,53.095],[-76.8386,53.034],[-76.7985,52.9809],[-76.8545,52.9675],[-76.8995,52.9948],[-76.9375,53.1188],[-76.9045,53.1646],[-76.8807,53.2159],[-76.8898,53.244],[-76.892,53.2909],[-76.8729,53.3241],[-76.8918,53.3449],[-76.8436,53.3942],[-76.7199,53.4688],[-76.7033,53.4442],[-76.7033,53.4194],[-76.6612,53.4168],[-76.6135,53.4473],[-76.5639,53.4849],[-76.5146,53.4675],[-76.4967,53.414],[-76.5226,53.3795],[-76.6372,53.3608],[-76.6715,53.3401],[-76.6762,53.3139],[-76.6562,53.298],[-76.6079,53.3062],[-76.5892,53.2889],[-76.6372,53.2601],[-76.6479,53.2422]]]}},{"type":"Feature","properties":{},"bbox":[-106.4069,59.8047,-105.7044,60.2283],"geometry":{"type":"Polygon","coordinates":[[[-106.0187,59.9936],[-106.0734,59.959],[-106.0812,59.8922],[-106.0553,59.8449],[-106.1036,59.8095],[-106.1669,59.8083],[-106.1946,59.8362],[-106.206,59.8595],[-106.2367,59.8623],[-106.2591,59.8266],[-106.2784,59.8133],[-106.3384,59.8047],[-106.375,59.8307],[-106.3258,59.9345],[-106.3324,60.0221],[-106.398,60.0435],[-106.4069,60.0636],[-106.3739,60.0874],[-106.3076,60.1008],[-106.2755,60.0869],[-106.2634,60.0609],[-106.228,60.0351],[-106.1946,60.0214],[-106.1802,60.0349],[-106.153,60.0968],[-106.1223,60.1437],[-106.0189,60.1922],[-105.8726,60.2283],[-105.826,60.2139],[-105.8008,60.2032],[-105.7044,60.1837],[-105.7701,60.1306],[-105.9139,60.117],[-106.0278,60.1111],[-106.069,60.0831],[-106.0459,60.0499],[-105.9388,60.0594],[-105.8801,60.0382],[-105.8754,60.0063],[-105.9591,59.9976],[-106.0187,59.9936]]]}},{"type":"Feature","properties":{},"bbox":[-89.5223,52.8539,-88.952,53.0057],"geometry":{"type":"Polygon","coordinates":[[[-89.471,52.897],[-89.4341,52.9177],[-89.4221,52.9482],[-89.2832,53.0057],[-89.199,52.9885],[-89.1229,52.9659],[-89.0037,52.9854],[-88.952,52.9877],[-88.983,52.94],[-89.0438,52.8702],[-89.151,52.8539],[-89.3623,52.8662],[-89.4778,52.8684],[-89.5223,52.8827],[-89.471,52.897]]]}},{"type":"Feature","properties":{},"bbox":[-6.5847,54.4994,-6.2719,54.7228],"geometry":{"type":"Polygon","coordinates":[[[-6.4586,54.7154],[-6.3179,54.7088],[-6.2719,54.66],[-6.2823,54.6038],[-6.3488,54.5247],[-6.3543,54.5022],[-6.4274,54.4994],[-6.5624,54.5146],[-6.5847,54.56],[-6.5413,54.6233],[-6.5114,54.6984],[-6.4884,54.7228],[-6.4586,54.7154]]]}},{"type":"Feature","properties":{},"bbox":[-110.5551,44.3188,-110.199,44.5669],"geometry":{"type":"Polygon","coordinates":[[[-110.2354,44.3222],[-110.2729,44.3188],[-110.2916,44.3365],[-110.328,44.3563],[-110.3412,44.3828],[-110.3944,44.3914],[-110.3897,44.4247],[-110.4261,44.4467],[-110.4885,44.4366],[-110.5308,44.4137],[-110.5551,44.4467],[-110.5286,44.471],[-110.4903,44.4731],[-110.4503,44.4798],[-110.4176,44.5031],[-110.3809,44.5559],[-110.3269,44.5669],[-110.2718,44.5438],[-110.2641,44.4467],[-110.2023,44.3905],[-110.199,44.3354],[-110.2354,44.3222]]]}},{"type":"Feature","properties":{},"bbox":[-114.254,47.711,-114.0046,48.0914],"geometry":{"type":"Polygon","coordinates":[[[-114.1802,48.0221],[-114.1986,48.0396],[-114.1931,48.0693],[-114.1336,48.0914],[-114.0465,48.0153],[-114.0244,47.9342],[-114.0046,47.7849],[-114.0211,47.7563],[-114.0564,47.711],[-114.1181,47.7177],[-114.1501,47.7144],[-114.1633,47.7398],[-114.1258,47.7838],[-114.1479,47.8125],[-114.1931,47.8257],[-114.2496,47.8366],[-114.254,47.8579],[-114.1942,47.8907],[-114.1556,47.9326],[-114.1802,48.0221]]]}},{"type":"Feature","properties":{},"bbox":[-114.8162,35.8309,-113.6329,36.5192],"geometry":{"type":"Polygon","coordinates":[[[-113.6704,35.8427],[-113.726,35.9216],[-113.7945,36.0095],[-113.8946,36.0793],[-113.9523,36.1298],[-113.9886,36.1647],[-114.039,36.1635],[-114.1104,36.032],[-114.2084,36.0057],[-114.294,36.0299],[-114.3211,36.0765],[-114.3727,36.1001],[-114.4063,36.0907],[-114.4509,36.0793],[-114.5039,36.1062],[-114.6404,36.106],[-114.7142,36.0237],[-114.7414,36.0135],[-114.7686,36.0199],[-114.8119,36.0746],[-114.8162,36.1215],[-114.6534,36.1542],[-114.512,36.1939],[-114.4315,36.2372],[-114.413,36.3483],[-114.3868,36.4827],[-114.3637,36.5145],[-114.3364,36.5192],[-114.3346,36.4438],[-114.3587,36.3346],[-114.3703,36.2092],[-114.2951,36.1104],[-114.2259,36.0497],[-114.1593,36.0768],[-114.0972,36.1516],[-114.0299,36.2447],[-113.9963,36.2437],[-113.9239,36.1764],[-113.8579,36.1156],[-113.7775,36.0481],[-113.6988,35.9578],[-113.6329,35.8595],[-113.6357,35.8309],[-113.6704,35.8427]]]}},{"type":"Feature","properties":{},"bbox":[-112.4473,58.3026,-111.7167,58.8246],"geometry":{"type":"Polygon","coordinates":[[[-111.8085,58.5172],[-111.8309,58.4838],[-111.8383,58.46],[-111.8434,58.4251],[-111.8314,58.3937],[-111.7889,58.3313],[-111.8089,58.3026],[-111.8983,58.3059],[-112.0804,58.3469],[-112.1888,58.4126],[-112.2368,58.4598],[-112.2079,58.4987],[-112.2111,58.5499],[-112.2551,58.5763],[-112.3149,58.5627],[-112.3932,58.5779],[-112.4473,58.6178],[-112.4313,58.6826],[-112.3373,58.7776],[-112.1535,58.8246],[-112.0409,58.8188],[-112.0371,58.7865],[-112.1131,58.7776],[-112.119,58.7363],[-111.9847,58.7135],[-111.9021,58.7257],[-111.8438,58.7211],[-111.802,58.6966],[-111.7656,58.6845],[-111.7313,58.6858],[-111.7167,58.6595],[-111.8167,58.5601],[-111.8085,58.5172]]]}},{"type":"Feature","properties":{},"bbox":[-66.6211,53.4211,-63.1036,55.1016],"geometry":{"type":"Polygon","coordinates":[[[-63.1837,54.1094],[-63.2033,54.0738],[-63.1036,54.0036],[-63.1369,53.9734],[-63.2,53.9557],[-63.2469,53.9662],[-63.3048,53.9902],[-63.4165,54.0063],[-63.4894,54.0121],[-63.5552,54.0059],[-63.5684,53.9817],[-63.5287,53.9552],[-63.5292,53.9294],[-63.6518,53.9246],[-63.7031,53.9176],[-63.7696,53.9016],[-63.7642,53.8786],[-63.8267,53.858],[-64.0095,53.8616],[-64.1239,53.8965],[-64.1383,53.9602],[-64.1761,54.0122],[-64.4949,54.0793],[-64.5252,54.1103],[-64.5642,54.1245],[-64.6518,54.1139],[-64.6885,54.0809],[-64.6416,54.0311],[-64.6584,53.9958],[-64.694,53.9605],[-64.7513,53.9342],[-64.8365,53.9306],[-64.922,53.9162],[-65.0139,53.8885],[-65.1233,53.8396],[-65.1769,53.8184],[-65.2634,53.7961],[-65.2976,53.7596],[-65.2951,53.7241],[-65.191,53.6742],[-65.1896,53.6391],[-65.1476,53.5642],[-65.1635,53.5401],[-65.1278,53.5004],[-64.9731,53.4551],[-65.0203,53.4211],[-65.2337,53.4552],[-65.5291,53.4897],[-65.5825,53.5425],[-65.4799,53.5485],[-65.3881,53.5592],[-65.3346,53.5865],[-65.3168,53.6049],[-65.326,53.6359],[-65.3644,53.6748],[-65.3811,53.715],[-65.363,53.7556],[-65.3279,53.8212],[-65.3378,53.8792],[-65.4073,53.9039],[-65.4534,53.9141],[-65.5071,53.9497],[-65.5169,53.9973],[-65.5826,54.0608],[-65.7281,54.0866],[-65.8255,54.1353],[-66.1124,54.3467],[-66.2542,54.4255],[-66.2764,54.4783],[-66.3638,54.5412],[-66.4401,54.5622],[-66.4288,54.5084],[-66.3493,54.4235],[-66.3772,54.3754],[-66.4062,54.3383],[-66.3873,54.2627],[-66.3313,54.1788],[-66.3235,54.1542],[-66.3818,54.1637],[-66.4915,54.2733],[-66.5458,54.3634],[-66.5768,54.4235],[-66.6077,54.4877],[-66.6165,54.5206],[-66.6146,54.5815],[-66.6211,54.6231],[-66.5351,54.6282],[-66.5079,54.6535],[-66.5293,54.7698],[-66.5088,54.8024],[-66.5555,54.8835],[-66.6003,54.9225],[-66.5948,54.9494],[-66.5675,54.9584],[-66.5741,54.9906],[-66.5979,55.0286],[-66.5841,55.0493],[-66.5526,55.0539],[-66.5412,55.0731],[-66.5561,55.1016],[-66.5324,55.1001],[-66.4489,55.0523],[-66.3449,54.9788],[-66.3491,54.9516],[-66.3522,54.9373],[-66.3515,54.9138],[-66.3798,54.9044],[-66.4203,54.9013],[-66.432,54.893],[-66.4275,54.8806],[-66.3993,54.8527],[-66.4122,54.8376],[-66.4232,54.8334],[-66.4292,54.8135],[-66.3597,54.7148],[-66.3542,54.6872],[-66.2001,54.5766],[-66.191,54.5251],[-66.191,54.4764],[-66.0227,54.3462],[-65.9938,54.34],[-65.9376,54.2707],[-65.9087,54.2851],[-65.8716,54.2805],[-65.7915,54.2021],[-65.7131,54.1631],[-65.6822,54.1755],[-65.5034,54.0554],[-65.4003,54.0066],[-65.3454,54.0433],[-65.1921,53.993],[-65.1034,54.0119],[-65.1777,54.0748],[-65.1305,54.0833],[-64.8641,54.0529],[-64.8163,54.0765],[-64.9411,54.1524],[-65.0111,54.2243],[-65.0723,54.3403],[-65.1649,54.4352],[-65.3049,54.4596],[-65.3018,54.4751],[-65.2792,54.5233],[-65.2712,54.6077],[-65.2235,54.6502],[-65.157,54.6559],[-65.1354,54.6377],[-65.2178,54.5566],[-65.1871,54.528],[-65.1396,54.5113],[-65.1034,54.4732],[-65.0591,54.3962],[-64.9602,54.3026],[-64.9803,54.2885],[-64.9702,54.236],[-64.9198,54.1708],[-64.8834,54.1484],[-64.8787,54.1601],[-64.8555,54.1673],[-64.7631,54.144],[-64.6796,54.1426],[-64.6172,54.1751],[-64.5834,54.1856],[-64.5099,54.1889],[-64.4314,54.1866],[-64.3332,54.166],[-64.2191,54.1781],[-64.234,54.2111],[-64.2742,54.2312],[-64.2845,54.256],[-64.3247,54.2727],[-64.407,54.2565],[-64.4636,54.2529],[-64.4799,54.2733],[-64.4247,54.3317],[-64.4,54.5108],[-64.3663,54.6153],[-64.3776,54.6785],[-64.4163,54.7374],[-64.3973,54.7434],[-64.3202,54.696],[-64.296,54.6585],[-64.3294,54.566],[-64.3202,54.5174],[-64.2016,54.4061],[-64.1379,54.3504],[-64.0295,54.2848],[-63.9466,54.2431],[-63.8704,54.1688],[-63.7476,54.0963],[-63.5836,54.0777],[-63.4654,54.0979],[-63.373,54.1402],[-63.3189,54.1427],[-63.2282,54.1375],[-63.1756,54.1295],[-63.1837,54.1094]]]}},{"type":"Feature","properties":{},"bbox":[-89.3881,15.3817,-88.8428,15.7653],"geometry":{"type":"Polygon","coordinates":[[[-88.9246,15.6778],[-88.9704,15.6364],[-88.9974,15.5728],[-89.0224,15.4893],[-89.0786,15.4436],[-89.1824,15.4173],[-89.238,15.4102],[-89.2777,15.3951],[-89.3013,15.3817],[-89.3262,15.4116],[-89.3655,15.4597],[-89.3881,15.488],[-89.3715,15.5055],[-89.3174,15.5219],[-89.2466,15.5485],[-89.183,15.575],[-89.1054,15.6021],[-88.9706,15.6876],[-88.8618,15.7644],[-88.8428,15.7653],[-88.8521,15.7415],[-88.8777,15.7119],[-88.9246,15.6778]]]}},{"type":"Feature","properties":{},"bbox":[-91.3671,50.9185,-90.4269,51.2145],"geometry":{"type":"Polygon","coordinates":[[[-91.3021,51.0355],[-91.2744,51.069],[-91.2139,51.0663],[-91.0911,51.0376],[-90.9762,51.0111],[-90.9113,51.0375],[-90.8443,51.0725],[-90.7946,51.0943],[-90.7453,51.1204],[-90.6627,51.1762],[-90.6041,51.2145],[-90.5202,51.1915],[-90.4724,51.1698],[-90.4308,51.1396],[-90.4269,51.1192],[-90.5278,51.0681],[-90.747,51.0141],[-90.9365,50.9544],[-91.1198,50.9456],[-91.2382,50.9337],[-91.318,50.9185],[-91.3671,50.9305],[-91.3453,50.9688],[-91.3021,51.0355]]]}},{"type":"Feature","properties":{},"bbox":[-75.4145,48.2875,-74.1002,48.8024],"geometry":{"type":"Polygon","coordinates":[[[-74.5453,48.4386],[-74.5745,48.4252],[-74.5961,48.4184],[-74.6214,48.4201],[-74.6385,48.4138],[-74.6514,48.3997],[-74.6767,48.3635],[-74.686,48.3571],[-74.6916,48.3817],[-74.7057,48.4197],[-74.7222,48.4339],[-74.7555,48.4487],[-74.8164,48.5123],[-74.8666,48.56],[-74.9111,48.575],[-74.9455,48.5756],[-74.9643,48.5563],[-74.9686,48.5187],[-74.9603,48.4987],[-74.942,48.4871],[-74.945,48.4539],[-74.9541,48.3797],[-74.9603,48.3643],[-74.9863,48.3647],[-75.0234,48.3591],[-75.0593,48.3466],[-75.0817,48.3407],[-75.1298,48.2875],[-75.1395,48.2887],[-75.13,48.3298],[-75.1145,48.414],[-75.0992,48.4782],[-75.0733,48.4954],[-75.0425,48.5137],[-75.008,48.5642],[-75.0182,48.6122],[-75.07,48.5965],[-75.0945,48.5765],[-75.1288,48.5553],[-75.1648,48.526],[-75.182,48.4791],[-75.181,48.4385],[-75.1739,48.4144],[-75.2135,48.4059],[-75.2687,48.4082],[-75.3004,48.4243],[-75.336,48.437],[-75.3626,48.429],[-75.3871,48.4437],[-75.4145,48.4378],[-75.3894,48.4834],[-75.3498,48.5316],[-75.3016,48.5798],[-75.2818,48.5973],[-75.2497,48.5982],[-75.2189,48.592],[-75.1808,48.6018],[-75.1464,48.6365],[-75.1093,48.675],[-75.061,48.7063],[-75.0422,48.7117],[-74.9695,48.6936],[-74.9214,48.7097],[-74.8121,48.7572],[-74.7625,48.7734],[-74.7227,48.7848],[-74.6301,48.8011],[-74.5579,48.8024],[-74.5431,48.7783],[-74.5224,48.7561],[-74.5437,48.7038],[-74.58,48.6396],[-74.5548,48.6083],[-74.5072,48.594],[-74.4852,48.58],[-74.4558,48.5812],[-74.4117,48.5885],[-74.3966,48.5793],[-74.4057,48.5472],[-74.3697,48.4857],[-74.3143,48.4492],[-74.2629,48.4386],[-74.2228,48.4262],[-74.1738,48.3982],[-74.1176,48.3884],[-74.1002,48.3722],[-74.1511,48.3601],[-74.2375,48.3468],[-74.3121,48.3769],[-74.3954,48.4402],[-74.4625,48.4707],[-74.5103,48.4797],[-74.531,48.4608],[-74.5453,48.4386]]]}},{"type":"Feature","properties":{},"bbox":[-73.6044,54.9028,-72.2254,55.2814],"geometry":{"type":"Polygon","coordinates":[[[-73.1536,55.1128],[-73.1541,55.125],[-73.067,55.1471],[-72.9232,55.1795],[-72.8322,55.1905],[-72.7321,55.2004],[-72.6466,55.2133],[-72.5888,55.2162],[-72.5169,55.221],[-72.4184,55.2409],[-72.3048,55.2717],[-72.2254,55.2814],[-72.25,55.2618],[-72.2812,55.2263],[-72.2857,55.1931],[-72.2898,55.1664],[-72.3578,55.1258],[-72.473,55.0832],[-72.6286,55.0491],[-72.7057,55.0102],[-72.7894,54.9978],[-72.9182,54.9739],[-73.0451,54.9464],[-73.1098,54.9468],[-73.1493,54.9645],[-73.2135,54.9679],[-73.313,54.947],[-73.4128,54.9212],[-73.5554,54.9028],[-73.6044,54.9274],[-73.5112,54.942],[-73.4277,54.9695],[-73.4092,54.9865],[-73.4334,55.0064],[-73.4853,55.0219],[-73.5136,55.0342],[-73.5113,55.0479],[-73.491,55.0556],[-73.434,55.051],[-73.3648,55.0479],[-73.2719,55.07],[-73.2058,55.0891],[-73.1821,55.0982],[-73.1536,55.1128]]]}},{"type":"Feature","properties":{},"bbox":[-55.3349,4.4624,-54.7963,4.999],"geometry":{"type":"Polygon","coordinates":[[[-54.9249,4.7465],[-54.941,4.7254],[-54.9379,4.6985],[-54.9241,4.6728],[-54.8915,4.6652],[-54.8647,4.6551],[-54.864,4.6257],[-54.8738,4.6007],[-54.9005,4.5941],[-54.9318,4.5813],[-54.9515,4.5961],[-54.9833,4.6089],[-55.0129,4.599],[-55.0478,4.57],[-55.0637,4.533],[-55.0873,4.4893],[-55.1225,4.4624],[-55.1486,4.4706],[-55.1903,4.4841],[-55.2198,4.4923],[-55.2301,4.5139],[-55.2597,4.525],[-55.2986,4.5242],[-55.3349,4.5279],[-55.3294,4.5739],[-55.3026,4.6086],[-55.2794,4.6212],[-55.2733,4.6631],[-55.2845,4.6991],[-55.2352,4.7795],[-55.1727,4.8788],[-55.1505,4.9643],[-55.1265,4.999],[-55.0935,4.999],[-55.0199,4.9706],[-54.9679,4.9179],[-54.9376,4.9038],[-54.8852,4.9075],[-54.8402,4.9124],[-54.8067,4.9079],[-54.7963,4.8807],[-54.8143,4.8356],[-54.8385,4.7887],[-54.8616,4.7865],[-54.8936,4.7826],[-54.9249,4.7465]]]}},{"type":"Feature","properties":{},"bbox":[-164.0536,60.1668,-163.468,60.4393],"geometry":{"type":"Polygon","coordinates":[[[-163.5291,60.3927],[-163.5566,60.3621],[-163.5766,60.3419],[-163.5566,60.27],[-163.6292,60.2141],[-163.7704,60.1668],[-163.7747,60.178],[-163.7952,60.2108],[-163.7844,60.2586],[-163.7745,60.2861],[-163.793,60.2982],[-163.836,60.2967],[-163.9372,60.2855],[-164.0418,60.2751],[-164.0536,60.2946],[-164.0177,60.3024],[-163.9013,60.3329],[-163.8496,60.3513],[-163.8811,60.369],[-163.9385,60.389],[-163.8935,60.4077],[-163.8662,60.4303],[-163.8522,60.4333],[-163.7969,60.4163],[-163.734,60.4312],[-163.7209,60.4393],[-163.6602,60.4326],[-163.499,60.4249],[-163.468,60.4136],[-163.5291,60.3927]]]}},{"type":"Feature","properties":{},"bbox":[-111.4074,41.8714,-111.2825,42.1524],"geometry":{"type":"Polygon","coordinates":[[[-111.3077,41.9491],[-111.3266,41.8892],[-111.3487,41.8714],[-111.3729,41.8832],[-111.3941,41.9374],[-111.4074,41.9876],[-111.4027,42.0616],[-111.3934,42.1308],[-111.3444,42.1524],[-111.3127,42.1481],[-111.2854,42.1092],[-111.2825,42.0587],[-111.2882,42.0328],[-111.3077,41.9491]]]}},{"type":"Feature","properties":{},"bbox":[-111.9144,40.0637,-111.6801,40.3771],"geometry":{"type":"Polygon","coordinates":[[[-111.8268,40.158],[-111.8482,40.0952],[-111.8672,40.0704],[-111.8919,40.0637],[-111.8944,40.0814],[-111.8905,40.117],[-111.8995,40.1542],[-111.9144,40.1762],[-111.8523,40.2523],[-111.8602,40.3226],[-111.8813,40.3771],[-111.7928,40.3688],[-111.7632,40.3374],[-111.7327,40.2845],[-111.7006,40.2377],[-111.6801,40.2254],[-111.6895,40.206],[-111.7418,40.1903],[-111.8268,40.158]]]}},{"type":"Feature","properties":{},"bbox":[-94.6208,47.0618,-94.2453,47.2846],"geometry":{"type":"Polygon","coordinates":[[[-94.2604,47.15],[-94.3015,47.0967],[-94.3463,47.0747],[-94.3946,47.067],[-94.433,47.077],[-94.4609,47.1092],[-94.5194,47.1429],[-94.5657,47.1197],[-94.5697,47.0748],[-94.5781,47.0618],[-94.5858,47.0794],[-94.6046,47.1229],[-94.6208,47.1657],[-94.6108,47.206],[-94.5891,47.2018],[-94.5022,47.2214],[-94.437,47.2322],[-94.3793,47.2411],[-94.2965,47.2846],[-94.2815,47.2702],[-94.2969,47.2209],[-94.3081,47.1828],[-94.2779,47.1862],[-94.2453,47.1915],[-94.2604,47.15]]]}},{"type":"Feature","properties":{},"bbox":[-90.6882,48.7847,-90.2877,48.9738],"geometry":{"type":"Polygon","coordinates":[[[-90.2877,48.9156],[-90.314,48.8783],[-90.3396,48.8215],[-90.3751,48.7859],[-90.4404,48.7847],[-90.4582,48.7979],[-90.5247,48.8061],[-90.6009,48.8114],[-90.6343,48.8328],[-90.6317,48.8671],[-90.6501,48.9166],[-90.6843,48.9204],[-90.6882,48.9441],[-90.6658,48.9669],[-90.6262,48.9738],[-90.5911,48.9603],[-90.5611,48.9262],[-90.5465,48.8952],[-90.4796,48.8846],[-90.4003,48.8858],[-90.3608,48.8925],[-90.3245,48.9158],[-90.2918,48.935],[-90.2877,48.9156]]]}},{"type":"Feature","properties":{},"bbox":[-76.0335,46.7149,-75.6878,46.9971],"geometry":{"type":"Polygon","coordinates":[[[-75.6878,46.8721],[-75.6984,46.8249],[-75.7316,46.7681],[-75.7514,46.7176],[-75.7949,46.7149],[-75.8644,46.7549],[-75.9433,46.7586],[-76.0175,46.7467],[-76.0335,46.7595],[-76.0096,46.7777],[-75.9715,46.8191],[-75.9582,46.859],[-75.955,46.8749],[-75.8901,46.8887],[-75.8306,46.9016],[-75.7789,46.9637],[-75.7365,46.9971],[-75.7271,46.9741],[-75.6943,46.8966],[-75.6878,46.8721]]]}},{"type":"Feature","properties":{},"bbox":[-121.586,60.3997,-121.0913,60.7706],"geometry":{"type":"Polygon","coordinates":[[[-121.355,60.4083],[-121.4078,60.3997],[-121.4288,60.4142],[-121.4562,60.4428],[-121.4965,60.4586],[-121.586,60.4379],[-121.5664,60.4635],[-121.4844,60.5174],[-121.3891,60.5599],[-121.3155,60.5883],[-121.3006,60.6232],[-121.314,60.7005],[-121.3361,60.7706],[-121.2759,60.7619],[-121.1763,60.7224],[-121.1083,60.6646],[-121.0913,60.5916],[-121.1487,60.5134],[-121.2558,60.4476],[-121.355,60.4083]]]}},{"type":"Feature","properties":{},"bbox":[-65.1994,44.1487,-64.9643,44.2718],"geometry":{"type":"Polygon","coordinates":[[[-64.9643,44.2385],[-65.0011,44.1817],[-65.0246,44.1638],[-65.0995,44.1487],[-65.1762,44.1551],[-65.1985,44.1814],[-65.1994,44.2079],[-65.1887,44.2347],[-65.1669,44.2565],[-65.1345,44.2702],[-65.1039,44.2718],[-65.095,44.2471],[-65.0795,44.2276],[-65.0525,44.2241],[-65.0097,44.2303],[-64.9657,44.2524],[-64.9643,44.2385]]]}},{"type":"Feature","properties":{},"bbox":[-66.1896,45.8561,-65.9196,46.0987],"geometry":{"type":"Polygon","coordinates":[[[-66.1502,45.8561],[-66.1896,45.8808],[-66.1309,45.9098],[-66.0773,45.9529],[-66.048,46.0099],[-66.0269,46.0497],[-66.0018,46.0662],[-65.9699,46.0819],[-65.9576,46.0915],[-65.9421,46.0987],[-65.9196,46.0929],[-65.9199,46.064],[-65.9298,46.0342],[-65.9496,46.0064],[-65.9786,45.9693],[-65.9886,45.9422],[-66.0413,45.9036],[-66.1063,45.8713],[-66.1502,45.8561]]]}},{"type":"Feature","properties":{},"bbox":[-120.4895,41.7853,-120.3233,42.1073],"geometry":{"type":"Polygon","coordinates":[[[-120.35,41.9227],[-120.3785,41.8322],[-120.3956,41.7924],[-120.4428,41.7853],[-120.4658,41.8031],[-120.4839,41.8692],[-120.4895,41.9881],[-120.4751,42.0648],[-120.4494,42.0875],[-120.4107,42.1073],[-120.3749,42.0897],[-120.344,42.0665],[-120.3233,42.0404],[-120.3242,41.9869],[-120.35,41.9227]]]}},{"type":"Feature","properties":{},"bbox":[-119.6961,39.8681,-119.4322,40.2093],"geometry":{"type":"Polygon","coordinates":[[[-119.433,39.8859],[-119.4462,39.8681],[-119.4865,39.8781],[-119.5471,39.9266],[-119.6358,40.0283],[-119.6961,40.1235],[-119.6836,40.1504],[-119.6412,40.1908],[-119.5773,40.2093],[-119.5336,40.1807],[-119.5151,40.082],[-119.483,39.9738],[-119.4543,39.9335],[-119.4322,39.9027],[-119.433,39.8859]]]}},{"type":"Feature","properties":{},"bbox":[-119.6931,36.9996,-119.598,37.0574],"geometry":{"type":"Polygon","coordinates":[[[-119.598,37.0508],[-119.603,37.031],[-119.641,37.0078],[-119.6931,36.9996],[-119.6716,37.0276],[-119.6229,37.0459],[-119.603,37.0574],[-119.598,37.0508]]]}},{"type":"Feature","properties":{},"bbox":[-70.9631,49.3332,-69.7831,49.887],"geometry":{"type":"Polygon","coordinates":[[[-70.1375,49.4908],[-70.1397,49.5295],[-70.1374,49.5652],[-70.1572,49.5917],[-70.1951,49.6174],[-70.2418,49.6349],[-70.283,49.641],[-70.3242,49.6238],[-70.3509,49.5903],[-70.3354,49.5396],[-70.3292,49.5231],[-70.3539,49.5039],[-70.4056,49.5191],[-70.4311,49.532],[-70.4496,49.5367],[-70.4675,49.5315],[-70.4866,49.4993],[-70.5046,49.461],[-70.5081,49.4267],[-70.5155,49.4108],[-70.5387,49.4388],[-70.5713,49.4727],[-70.6387,49.4662],[-70.6768,49.4485],[-70.7008,49.4274],[-70.7361,49.4417],[-70.7565,49.4875],[-70.7885,49.5359],[-70.8159,49.5435],[-70.8345,49.5417],[-70.8547,49.5252],[-70.8923,49.4566],[-70.9405,49.4082],[-70.9631,49.406],[-70.9208,49.4972],[-70.8593,49.5992],[-70.8343,49.6254],[-70.8257,49.6162],[-70.7917,49.5959],[-70.7444,49.5599],[-70.7156,49.5248],[-70.6674,49.5312],[-70.5853,49.5723],[-70.5143,49.6298],[-70.4711,49.6721],[-70.4422,49.6835],[-70.4109,49.6817],[-70.3402,49.6702],[-70.3046,49.7005],[-70.3074,49.7481],[-70.3584,49.8319],[-70.3769,49.887],[-70.3393,49.8836],[-70.3172,49.8636],[-70.289,49.8132],[-70.2591,49.7497],[-70.2357,49.6985],[-70.2056,49.6819],[-70.1713,49.684],[-70.1354,49.7083],[-70.0998,49.6898],[-70.0729,49.6427],[-70.0168,49.5967],[-69.9507,49.5549],[-69.8985,49.5451],[-69.8443,49.4722],[-69.7868,49.3704],[-69.7831,49.3386],[-69.8249,49.3332],[-69.8558,49.3425],[-69.866,49.3656],[-69.8886,49.4067],[-69.9038,49.4507],[-69.9022,49.4809],[-69.9174,49.5041],[-69.9463,49.5176],[-69.9824,49.5169],[-70.0293,49.4978],[-70.0637,49.4748],[-70.0694,49.4588],[-70.0805,49.4399],[-70.1375,49.4908]]]}},{"type":"Feature","properties":{},"bbox":[-58.0133,48.6432,-56.9284,49.3365],"geometry":{"type":"Polygon","coordinates":[[[-57.0105,49.2969],[-56.9899,49.3317],[-56.9629,49.3365],[-56.9439,49.3043],[-56.9284,49.2636],[-56.9696,49.2272],[-57.0253,49.2126],[-57.0526,49.2151],[-57.13,49.1656],[-57.2401,49.0564],[-57.4354,48.9071],[-57.5132,48.8582],[-57.5778,48.7862],[-57.7596,48.6723],[-57.8589,48.6432],[-57.9474,48.6584],[-58.0133,48.6631],[-57.9651,48.6851],[-57.7804,48.7741],[-57.665,48.8589],[-57.5625,48.8942],[-57.3713,49.0109],[-57.27,49.0986],[-57.2621,49.1472],[-57.2617,49.1811],[-57.2209,49.1893],[-57.1149,49.2369],[-57.0349,49.2649],[-57.0105,49.2969]]]}},{"type":"Feature","properties":{},"bbox":[-118.8316,64.7805,-118.1457,65.2907],"geometry":{"type":"Polygon","coordinates":[[[-118.6823,65.0299],[-118.6812,65.0607],[-118.6774,65.0805],[-118.6978,65.109],[-118.7669,65.1585],[-118.8316,65.1916],[-118.8253,65.2175],[-118.7328,65.2446],[-118.6593,65.2622],[-118.5523,65.2789],[-118.4445,65.2907],[-118.4234,65.2808],[-118.3952,65.2612],[-118.3646,65.245],[-118.3031,65.2268],[-118.2646,65.1991],[-118.246,65.1362],[-118.2792,65.0903],[-118.2818,65.0686],[-118.275,65.043],[-118.2479,65.0141],[-118.2367,64.9859],[-118.2479,64.9558],[-118.2761,64.9295],[-118.325,64.9032],[-118.3193,64.8731],[-118.2395,64.8454],[-118.1557,64.8518],[-118.1486,64.843],[-118.1457,64.7946],[-118.1763,64.7857],[-118.3329,64.7805],[-118.4885,64.8414],[-118.5783,64.8843],[-118.6362,64.9284],[-118.6643,64.9696],[-118.6664,64.9995],[-118.6823,65.0299]]]}},{"type":"Feature","properties":{},"bbox":[-90.3572,53.6788,-89.6086,53.8863],"geometry":{"type":"Polygon","coordinates":[[[-90.3437,53.789],[-90.3211,53.8349],[-90.2899,53.868],[-90.2518,53.8701],[-90.227,53.8563],[-90.2008,53.8406],[-90.1713,53.8379],[-90.1449,53.8539],[-90.1007,53.8708],[-90.0462,53.8812],[-90.0019,53.8863],[-89.9276,53.8632],[-89.8619,53.8335],[-89.8467,53.8149],[-89.7291,53.7913],[-89.6086,53.7715],[-89.6779,53.7331],[-89.8139,53.6899],[-89.9387,53.6788],[-90.0338,53.6852],[-90.103,53.7167],[-90.1669,53.7466],[-90.2746,53.7565],[-90.3572,53.7661],[-90.3437,53.789]]]}},{"type":"Feature","properties":{},"bbox":[-93.4813,51.0335,-93.0716,51.3015],"geometry":{"type":"Polygon","coordinates":[[[-93.1818,51.0549],[-93.1996,51.0386],[-93.2354,51.0335],[-93.3196,51.0746],[-93.4293,51.1536],[-93.4813,51.2082],[-93.4802,51.2366],[-93.4553,51.264],[-93.4058,51.292],[-93.37,51.3015],[-93.3436,51.2861],[-93.2833,51.2795],[-93.2151,51.2989],[-93.1746,51.2947],[-93.1411,51.2729],[-93.1232,51.2408],[-93.1015,51.2073],[-93.0716,51.1733],[-93.0736,51.159],[-93.1373,51.1228],[-93.1645,51.0712],[-93.1818,51.0549]]]}},{"type":"Feature","properties":{},"bbox":[-94.9486,53.7096,-94.0021,53.989],"geometry":{"type":"Polygon","coordinates":[[[-94.3508,53.7301],[-94.4457,53.7196],[-94.5176,53.7096],[-94.5526,53.7132],[-94.6819,53.7334],[-94.8552,53.7857],[-94.9334,53.8267],[-94.9486,53.8593],[-94.9379,53.9024],[-94.9334,53.9331],[-94.8894,53.9455],[-94.8515,53.956],[-94.8224,53.9755],[-94.7538,53.989],[-94.6341,53.9862],[-94.6014,53.9717],[-94.6208,53.9453],[-94.6856,53.9153],[-94.6893,53.8969],[-94.6542,53.876],[-94.5901,53.8584],[-94.4766,53.8641],[-94.3459,53.8744],[-94.2293,53.8826],[-94.1308,53.8921],[-94.0478,53.8822],[-94.0021,53.8466],[-94.014,53.7985],[-94.1027,53.7588],[-94.1796,53.7417],[-94.2363,53.7344],[-94.3508,53.7301]]]}},{"type":"Feature","properties":{},"bbox":[-70.9824,52.6099,-70.397,53.0603],"geometry":{"type":"Polygon","coordinates":[[[-70.4862,52.9829],[-70.4373,52.9764],[-70.397,52.9739],[-70.4425,52.9406],[-70.4762,52.9007],[-70.4839,52.8718],[-70.4637,52.8626],[-70.4672,52.8414],[-70.4745,52.8133],[-70.4677,52.7458],[-70.4436,52.6772],[-70.4216,52.6386],[-70.4334,52.6099],[-70.487,52.6299],[-70.5217,52.6825],[-70.5194,52.7246],[-70.5216,52.7613],[-70.5214,52.7854],[-70.538,52.7997],[-70.5772,52.803],[-70.5918,52.7894],[-70.6025,52.7591],[-70.6402,52.7358],[-70.6565,52.7509],[-70.7028,52.7746],[-70.7624,52.7874],[-70.7799,52.8089],[-70.7769,52.8625],[-70.7831,52.8993],[-70.8169,52.9086],[-70.8467,52.8785],[-70.8993,52.8481],[-70.94,52.8168],[-70.9646,52.819],[-70.9811,52.8409],[-70.9824,52.8724],[-70.9521,52.9071],[-70.9236,52.9377],[-70.8993,52.9405],[-70.8383,52.9428],[-70.7685,52.9559],[-70.75,52.9627],[-70.7413,52.9814],[-70.7485,52.9958],[-70.7715,53.0084],[-70.8285,53.0145],[-70.8312,53.0276],[-70.8333,53.0431],[-70.8203,53.0603],[-70.7498,53.038],[-70.6914,52.9978],[-70.652,52.9901],[-70.5987,52.9878],[-70.5481,53.0066],[-70.5268,53.0066],[-70.5093,52.9958],[-70.4862,52.9829]]]}},{"type":"Feature","properties":{},"bbox":[-105.2577,54.925,-104.3689,55.3068],"geometry":{"type":"Polygon","coordinates":[[[-104.4547,55.1383],[-104.5072,55.1326],[-104.591,55.1537],[-104.6369,55.1479],[-104.6898,55.1259],[-104.7353,55.0904],[-104.7903,55.0336],[-104.8222,54.9939],[-104.9009,54.9771],[-105.026,54.9468],[-105.128,54.925],[-105.1939,54.9361],[-105.2368,54.9566],[-105.2449,55.0019],[-105.2471,55.0484],[-105.2577,55.074],[-105.2334,55.1173],[-105.2176,55.156],[-105.2242,55.1791],[-105.2292,55.2002],[-105.2368,55.2186],[-105.2052,55.2484],[-105.1385,55.2826],[-105.0814,55.302],[-105.0605,55.2979],[-104.9548,55.2795],[-104.8332,55.3063],[-104.8081,55.3006],[-104.7977,55.2919],[-104.7554,55.3021],[-104.7144,55.2955],[-104.6742,55.2912],[-104.6209,55.3068],[-104.5902,55.302],[-104.5737,55.2814],[-104.5191,55.2566],[-104.4183,55.2542],[-104.4002,55.2474],[-104.3689,55.1824],[-104.3961,55.16],[-104.4547,55.1383]]]}},{"type":"Feature","properties":{},"bbox":[-93.7955,46.1356,-93.5136,46.3602],"geometry":{"type":"Polygon","coordinates":[[[-93.521,46.2103],[-93.5136,46.1766],[-93.5396,46.1501],[-93.5998,46.1356],[-93.6679,46.1368],[-93.7259,46.1579],[-93.775,46.2004],[-93.7955,46.2554],[-93.7583,46.308],[-93.6788,46.3446],[-93.6072,46.3602],[-93.5694,46.3566],[-93.5518,46.3412],[-93.5416,46.3003],[-93.5381,46.2686],[-93.5343,46.2487],[-93.521,46.2103]]]}},{"type":"Feature","properties":{},"bbox":[-71.4435,43.532,-71.2141,43.7246],"geometry":{"type":"Polygon","coordinates":[[[-71.262,43.6093],[-71.2164,43.5865],[-71.2141,43.5687],[-71.2325,43.5397],[-71.2773,43.532],[-71.3705,43.5975],[-71.4435,43.6277],[-71.4358,43.6559],[-71.43,43.6786],[-71.4089,43.6945],[-71.3945,43.7112],[-71.3993,43.7246],[-71.3738,43.7223],[-71.3307,43.6996],[-71.3056,43.6669],[-71.2926,43.6347],[-71.262,43.6093]]]}},{"type":"Feature","properties":{},"bbox":[-79.5842,44.2269,-79.1627,44.6981],"geometry":{"type":"Polygon","coordinates":[[[-79.479,44.2698],[-79.4801,44.2358],[-79.4989,44.2269],[-79.5194,44.2743],[-79.5369,44.3528],[-79.5737,44.3931],[-79.5842,44.4051],[-79.5675,44.4313],[-79.5029,44.4629],[-79.4453,44.51],[-79.4129,44.5622],[-79.3926,44.6026],[-79.3867,44.6407],[-79.3727,44.6981],[-79.3544,44.6899],[-79.3409,44.6364],[-79.2651,44.5628],[-79.211,44.5353],[-79.1767,44.4914],[-79.1627,44.4495],[-79.1718,44.4189],[-79.2016,44.3844],[-79.3424,44.343],[-79.4482,44.3096],[-79.479,44.2698]]]}},{"type":"Feature","properties":{},"bbox":[-94.7681,54.4117,-93.6455,54.8499],"geometry":{"type":"Polygon","coordinates":[[[-93.7775,54.8079],[-93.6903,54.7924],[-93.6455,54.7876],[-93.6474,54.7791],[-93.7024,54.7584],[-93.835,54.7584],[-93.912,54.7437],[-93.9337,54.7091],[-93.989,54.6708],[-94.1574,54.6355],[-94.2913,54.6178],[-94.3396,54.607],[-94.4144,54.5858],[-94.45,54.542],[-94.4653,54.5213],[-94.4952,54.5016],[-94.5514,54.4796],[-94.6748,54.4399],[-94.7634,54.4117],[-94.7671,54.4266],[-94.7681,54.4538],[-94.7582,54.4761],[-94.7355,54.4997],[-94.6501,54.5408],[-94.5578,54.6232],[-94.5081,54.6689],[-94.4891,54.7238],[-94.4763,54.7855],[-94.477,54.8008],[-94.4372,54.8054],[-94.3691,54.8186],[-94.2719,54.8424],[-94.1099,54.8499],[-94.012,54.8466],[-93.9227,54.8347],[-93.7775,54.8079]]]}},{"type":"Feature","properties":{},"bbox":[-118.9476,43.2402,-118.6125,43.4255],"geometry":{"type":"Polygon","coordinates":[[[-118.7206,43.2907],[-118.7661,43.2583],[-118.8209,43.2402],[-118.8641,43.2633],[-118.9033,43.3032],[-118.9354,43.3537],[-118.9476,43.3939],[-118.9287,43.4141],[-118.7911,43.4255],[-118.664,43.4051],[-118.6333,43.3444],[-118.6125,43.2981],[-118.6231,43.2818],[-118.6431,43.2808],[-118.6535,43.2838],[-118.6798,43.2902],[-118.7206,43.2907]]]}},{"type":"Feature","properties":{},"bbox":[-56.7125,48.1819,-56.4662,48.3632],"geometry":{"type":"Polygon","coordinates":[[[-56.5856,48.2321],[-56.7125,48.1819],[-56.6886,48.2191],[-56.6391,48.2661],[-56.6036,48.3],[-56.5873,48.3212],[-56.5604,48.3518],[-56.5237,48.3632],[-56.4938,48.3461],[-56.4662,48.3291],[-56.4828,48.2997],[-56.5856,48.2321]]]}},{"type":"Feature","properties":{},"bbox":[-95.9179,55.4186,-95.5995,55.6145],"geometry":{"type":"Polygon","coordinates":[[[-95.6347,55.5761],[-95.6831,55.5201],[-95.714,55.4768],[-95.7691,55.4418],[-95.8606,55.4209],[-95.9179,55.4186],[-95.9131,55.4358],[-95.9058,55.461],[-95.8956,55.4865],[-95.8173,55.5262],[-95.7952,55.5686],[-95.6985,55.5961],[-95.5995,55.6145],[-95.6347,55.5761]]]}},{"type":"Feature","properties":{},"bbox":[-165.8985,65.0804,-165.3758,65.2052],"geometry":{"type":"Polygon","coordinates":[[[-165.3758,65.1933],[-165.4028,65.1706],[-165.4817,65.1341],[-165.597,65.0971],[-165.7084,65.0804],[-165.7923,65.0913],[-165.8877,65.1377],[-165.8985,65.1653],[-165.8519,65.1822],[-165.8198,65.1905],[-165.6546,65.1881],[-165.4546,65.1963],[-165.3819,65.2052],[-165.3758,65.1933]]]}},{"type":"Feature","properties":{},"bbox":[-163.9359,61.055,-163.547,61.2313],"geometry":{"type":"Polygon","coordinates":[[[-163.7834,61.1292],[-163.7814,61.1063],[-163.8008,61.0759],[-163.8158,61.055],[-163.8424,61.0551],[-163.8583,61.0773],[-163.8966,61.1146],[-163.9359,61.1452],[-163.9311,61.1691],[-163.8887,61.1957],[-163.8262,61.2173],[-163.7597,61.2193],[-163.6325,61.2262],[-163.547,61.2313],[-163.5913,61.2107],[-163.6282,61.1976],[-163.7087,61.1736],[-163.7979,61.144],[-163.7834,61.1292]]]}},{"type":"Feature","properties":{},"bbox":[-162.7684,60.7598,-162.5023,60.8426],"geometry":{"type":"Polygon","coordinates":[[[-162.5023,60.7725],[-162.5274,60.7627],[-162.5725,60.7598],[-162.666,60.7768],[-162.7498,60.8015],[-162.7684,60.8179],[-162.7548,60.8325],[-162.714,60.842],[-162.6552,60.8426],[-162.5726,60.8258],[-162.5081,60.7946],[-162.5023,60.7725]]]}},{"type":"Feature","properties":{},"bbox":[-159.0584,59.1637,-158.8625,59.337],"geometry":{"type":"Polygon","coordinates":[[[-158.8751,59.1663],[-158.9127,59.1637],[-158.9411,59.1801],[-158.9514,59.2081],[-158.9587,59.2462],[-158.9982,59.2925],[-159.0584,59.337],[-158.9454,59.3144],[-158.8776,59.2516],[-158.865,59.2215],[-158.8625,59.2014],[-158.8751,59.1663]]]}},{"type":"Feature","properties":{},"bbox":[-159.1318,59.896,-158.2227,60.0156],"geometry":{"type":"Polygon","coordinates":[[[-158.2565,59.9345],[-158.3813,59.9492],[-158.535,59.961],[-158.7054,59.9341],[-158.8263,59.911],[-158.9714,59.8964],[-159.0236,59.896],[-159.0918,59.9],[-159.1076,59.9135],[-159.1197,59.934],[-159.1318,59.951],[-159.1001,59.9523],[-159.0,59.9477],[-158.7593,59.98],[-158.5418,60.0156],[-158.4863,60.0124],[-158.4232,59.9834],[-158.3067,59.98],[-158.2417,59.9625],[-158.2227,59.9428],[-158.2565,59.9345]]]}},{"type":"Feature","properties":{},"bbox":[-159.1586,60.1897,-158.774,60.2833],"geometry":{"type":"Polygon","coordinates":[[[-159.1325,60.2201],[-159.0575,60.2418],[-158.919,60.2725],[-158.8533,60.2833],[-158.8742,60.2639],[-158.8313,60.2458],[-158.7776,60.23],[-158.774,60.2163],[-158.774,60.2008],[-158.7808,60.1897],[-158.9127,60.2012],[-159.0832,60.2116],[-159.1485,60.1959],[-159.1586,60.1956],[-159.1325,60.2201]]]}},{"type":"Feature","properties":{},"bbox":[-159.1326,59.4246,-158.5823,59.6533],"geometry":{"type":"Polygon","coordinates":[[[-158.8249,59.5428],[-158.8349,59.5177],[-158.8036,59.491],[-158.6626,59.4651],[-158.6048,59.4429],[-158.5823,59.4246],[-158.6328,59.4271],[-158.7569,59.438],[-158.8054,59.4447],[-158.8687,59.481],[-158.9917,59.5159],[-159.0463,59.5471],[-159.0833,59.5944],[-159.1326,59.6511],[-159.0935,59.6533],[-158.9446,59.5858],[-158.8916,59.5903],[-158.794,59.603],[-158.6466,59.5956],[-158.7079,59.5641],[-158.8249,59.5428]]]}},{"type":"Feature","properties":{},"bbox":[-93.6128,48.3507,-92.4346,48.9344],"geometry":{"type":"Polygon","coordinates":[[[-92.9953,48.4506],[-93.0505,48.4795],[-93.0711,48.5044],[-93.0558,48.5128],[-92.9824,48.4907],[-92.865,48.462],[-92.7876,48.4549],[-92.7453,48.4769],[-92.7037,48.5045],[-92.6976,48.517],[-92.813,48.5405],[-92.9364,48.5646],[-92.95,48.5764],[-92.9479,48.5865],[-93.001,48.5931],[-93.0795,48.5906],[-93.1091,48.5805],[-93.0999,48.5642],[-93.117,48.5532],[-93.1624,48.5576],[-93.1965,48.5789],[-93.2792,48.6068],[-93.3393,48.6],[-93.3816,48.6162],[-93.3701,48.6384],[-93.3703,48.6569],[-93.4009,48.6815],[-93.4033,48.7053],[-93.3777,48.7103],[-93.3524,48.7169],[-93.3645,48.748],[-93.4169,48.7852],[-93.4961,48.813],[-93.579,48.8259],[-93.6128,48.8336],[-93.5833,48.8427],[-93.4914,48.8391],[-93.4339,48.8463],[-93.4389,48.8693],[-93.4498,48.8873],[-93.4628,48.9028],[-93.4084,48.915],[-93.3452,48.929],[-93.3225,48.9344],[-93.2938,48.8848],[-93.2616,48.8251],[-93.2269,48.8052],[-93.2026,48.7908],[-93.2015,48.7668],[-93.1998,48.7457],[-93.2291,48.7181],[-93.2648,48.6864],[-93.2609,48.6737],[-93.2454,48.667],[-93.2229,48.6703],[-93.1712,48.7007],[-93.1237,48.7283],[-93.1351,48.7062],[-93.1492,48.6748],[-93.1185,48.668],[-93.0148,48.6832],[-92.9795,48.6876],[-92.9488,48.6813],[-92.8965,48.683],[-92.7934,48.6953],[-92.779,48.678],[-92.8534,48.6461],[-92.8699,48.6348],[-92.8684,48.6245],[-92.8663,48.6152],[-92.8076,48.6044],[-92.7318,48.5884],[-92.6851,48.5911],[-92.6546,48.5997],[-92.6408,48.5874],[-92.6032,48.565],[-92.5854,48.5337],[-92.5825,48.5096],[-92.5697,48.5002],[-92.5999,48.4846],[-92.5675,48.468],[-92.4906,48.4562],[-92.4697,48.4397],[-92.4487,48.4241],[-92.4346,48.3907],[-92.4412,48.3572],[-92.4559,48.3507],[-92.4782,48.3661],[-92.5198,48.3986],[-92.6004,48.4242],[-92.764,48.4303],[-92.9178,48.433],[-92.9953,48.4506]]]}},{"type":"Feature","properties":{},"bbox":[-124.8356,55.1762,-122.2217,56.7569],"geometry":{"type":"Polygon","coordinates":[[[-122.6029,56.0896],[-122.7002,56.0767],[-122.8186,56.0612],[-122.9246,56.0577],[-123.0116,56.0403],[-123.1391,55.9736],[-123.4289,55.9852],[-123.7156,56.0149],[-123.7817,55.9952],[-123.7895,55.9421],[-123.7736,55.8868],[-123.7597,55.8627],[-123.7419,55.8542],[-123.715,55.8479],[-123.6875,55.8024],[-123.6572,55.7517],[-123.6141,55.7277],[-123.5364,55.6775],[-123.4487,55.6229],[-123.3871,55.5722],[-123.3035,55.4895],[-123.2324,55.4253],[-123.1772,55.4022],[-123.1691,55.3926],[-123.169,55.3584],[-123.1727,55.3298],[-123.1694,55.2905],[-123.1594,55.2345],[-123.1473,55.191],[-123.144,55.1762],[-123.1719,55.1987],[-123.2372,55.2995],[-123.3253,55.434],[-123.4147,55.534],[-123.506,55.6131],[-123.6382,55.6838],[-123.8092,55.7937],[-123.8833,55.8132],[-123.9212,55.8285],[-123.9956,55.8932],[-124.0282,55.9063],[-124.0399,55.9127],[-124.0488,55.9223],[-124.0426,55.9429],[-124.0266,55.9717],[-124.0329,56.0005],[-124.1,56.0139],[-124.2097,56.0137],[-124.385,56.0636],[-124.5076,56.1145],[-124.4815,56.1153],[-124.354,56.0811],[-124.2146,56.0528],[-124.1658,56.0673],[-124.1575,56.0871],[-124.2381,56.1462],[-124.3454,56.2096],[-124.4809,56.3615],[-124.8344,56.7126],[-124.8356,56.7569],[-124.7591,56.7416],[-124.6605,56.6576],[-124.562,56.5664],[-124.459,56.4714],[-124.3973,56.4008],[-124.375,56.3684],[-124.359,56.3454],[-124.3118,56.3098],[-124.2489,56.2632],[-124.1936,56.24],[-124.1416,56.2366],[-124.0735,56.2548],[-124.0528,56.2226],[-124.0727,56.1536],[-124.0383,56.0999],[-123.9695,56.0606],[-123.7882,56.0722],[-123.6057,56.0605],[-123.4579,56.049],[-123.2376,56.0287],[-123.1178,56.0476],[-123.0912,56.0757],[-122.971,56.1156],[-122.8319,56.1301],[-122.7565,56.1388],[-122.6377,56.1591],[-122.566,56.158],[-122.4225,56.1278],[-122.2639,56.0838],[-122.2233,56.0577],[-122.2217,56.0212],[-122.2929,56.0229],[-122.345,56.0287],[-122.4349,56.0548],[-122.5015,56.0837],[-122.6029,56.0896]]]}},{"type":"Feature","properties":{},"bbox":[-96.5719,56.0628,-95.842,56.3023],"geometry":{"type":"Polygon","coordinates":[[[-96.0807,56.1181],[-96.0882,56.0999],[-96.0726,56.0849],[-96.0863,56.0791],[-96.1727,56.0851],[-96.2446,56.0922],[-96.3578,56.0939],[-96.4517,56.0866],[-96.5527,56.0628],[-96.5719,56.0862],[-96.5041,56.1503],[-96.3713,56.1653],[-96.2785,56.177],[-96.2054,56.22],[-96.0539,56.2729],[-95.906,56.3023],[-95.842,56.2908],[-95.8652,56.2648],[-95.9327,56.2458],[-96.036,56.2219],[-96.1055,56.203],[-96.0752,56.1817],[-96.0435,56.1563],[-96.0494,56.1357],[-96.0807,56.1181]]]}},{"type":"Feature","properties":{},"bbox":[-108.1963,47.3904,-106.2167,48.0271],"geometry":{"type":"Polygon","coordinates":[[[-106.2513,47.55],[-106.2686,47.5481],[-106.2516,47.5996],[-106.2513,47.644],[-106.2854,47.6974],[-106.3179,47.7551],[-106.3359,47.7849],[-106.3602,47.8131],[-106.3844,47.8479],[-106.4198,47.8758],[-106.454,47.8792],[-106.4801,47.8583],[-106.5205,47.8278],[-106.5502,47.785],[-106.5558,47.7495],[-106.5993,47.7525],[-106.6835,47.7385],[-106.7677,47.7243],[-106.8133,47.7155],[-106.8378,47.6936],[-106.8497,47.6494],[-106.8625,47.6313],[-106.879,47.6488],[-106.9057,47.6718],[-106.944,47.6667],[-106.9927,47.6439],[-107.0154,47.6449],[-107.0296,47.6657],[-107.1826,47.6845],[-107.3062,47.685],[-107.3327,47.6846],[-107.3858,47.6536],[-107.4289,47.6346],[-107.5072,47.6243],[-107.6122,47.6234],[-107.7189,47.5631],[-107.8461,47.4678],[-107.9114,47.3904],[-107.9238,47.407],[-107.9091,47.4711],[-107.9161,47.5089],[-107.9299,47.5425],[-107.9488,47.558],[-107.9824,47.5692],[-108.0444,47.5804],[-108.1701,47.5838],[-108.1963,47.6016],[-108.1727,47.6131],[-108.0452,47.614],[-107.9594,47.6014],[-107.931,47.5876],[-107.8894,47.5377],[-107.8412,47.5261],[-107.7788,47.5695],[-107.7121,47.6132],[-107.685,47.6462],[-107.6879,47.6714],[-107.7138,47.6876],[-107.6046,47.6761],[-107.4551,47.6624],[-107.4218,47.68],[-107.3802,47.7158],[-107.3358,47.728],[-107.2945,47.7215],[-107.2309,47.7241],[-107.1207,47.725],[-106.9898,47.7164],[-106.9295,47.725],[-106.9382,47.7463],[-106.9331,47.7639],[-106.8805,47.7779],[-106.821,47.7831],[-106.7692,47.7883],[-106.7376,47.8056],[-106.7088,47.8221],[-106.6548,47.8409],[-106.5962,47.8595],[-106.5822,47.8788],[-106.5658,47.9075],[-106.5745,47.9363],[-106.5899,47.9582],[-106.5379,47.9829],[-106.4328,48.0271],[-106.4058,48.0208],[-106.3664,48.0147],[-106.3252,47.9851],[-106.3312,47.9496],[-106.3579,47.9252],[-106.3447,47.8788],[-106.2849,47.8373],[-106.2533,47.8147],[-106.2673,47.7935],[-106.2529,47.7693],[-106.241,47.739],[-106.2319,47.691],[-106.2167,47.6284],[-106.2172,47.5854],[-106.2513,47.55]]]}},{"type":"Feature","properties":{},"bbox":[-103.7723,47.4639,-101.1405,48.1802],"geometry":{"type":"Polygon","coordinates":[[[-102.2369,47.589],[-102.3333,47.5862],[-102.4094,47.5644],[-102.4294,47.5623],[-102.4198,47.5899],[-102.3606,47.625],[-102.2992,47.6569],[-102.3076,47.7055],[-102.3359,47.7569],[-102.4245,47.764],[-102.5609,47.7852],[-102.6159,47.8189],[-102.6531,47.9163],[-102.6223,47.9558],[-102.6139,47.992],[-102.6567,48.0353],[-102.7613,48.0841],[-102.9013,48.12],[-103.0588,48.1254],[-103.1864,48.0971],[-103.2378,48.0634],[-103.3388,48.0297],[-103.4593,48.0156],[-103.5202,48.0275],[-103.5513,48.0725],[-103.5825,48.0967],[-103.6648,48.0634],[-103.7499,48.0173],[-103.7723,48.0273],[-103.7587,48.074],[-103.7215,48.1024],[-103.6664,48.1419],[-103.575,48.1531],[-103.5243,48.1077],[-103.4823,48.0811],[-103.4504,48.0669],[-103.3527,48.0756],[-103.2112,48.1449],[-103.1177,48.1708],[-103.0296,48.1802],[-102.9163,48.1709],[-102.7902,48.1448],[-102.6747,48.1053],[-102.5984,48.053],[-102.5574,47.9677],[-102.5787,47.911],[-102.5769,47.8667],[-102.5751,47.8437],[-102.5273,47.8224],[-102.4617,47.8136],[-102.4084,47.8056],[-102.3845,47.8196],[-102.4,47.8769],[-102.4153,47.9383],[-102.3747,47.9525],[-102.3114,47.9644],[-102.2733,47.9784],[-102.2583,47.9777],[-102.2654,47.9613],[-102.2791,47.9382],[-102.2873,47.9253],[-102.2945,47.9118],[-102.276,47.8557],[-102.2526,47.7928],[-102.2398,47.7661],[-102.1867,47.7476],[-102.1695,47.7293],[-102.212,47.6772],[-102.1605,47.624],[-102.0932,47.6045],[-102.0206,47.585],[-101.8836,47.5613],[-101.7176,47.5673],[-101.6254,47.5797],[-101.6008,47.5859],[-101.5886,47.5985],[-101.4528,47.6078],[-101.2763,47.6278],[-101.2029,47.6448],[-101.1627,47.6337],[-101.1405,47.6064],[-101.1841,47.5848],[-101.2473,47.5669],[-101.3283,47.5328],[-101.3997,47.5062],[-101.5896,47.5146],[-101.6792,47.4981],[-101.7719,47.4876],[-101.8826,47.4673],[-101.9173,47.4639],[-101.9514,47.4881],[-102.0322,47.5293],[-102.0957,47.5525],[-102.1469,47.5677],[-102.2369,47.589]]]}},{"type":"Feature","properties":{},"bbox":[-133.2448,59.6038,-132.0889,60.4485],"geometry":{"type":"Polygon","coordinates":[[[-132.1248,59.6038],[-132.1591,59.6255],[-132.2135,59.6883],[-132.3161,59.8349],[-132.3992,59.9218],[-132.6101,60.05],[-132.8342,60.135],[-132.9579,60.2007],[-133.012,60.2509],[-133.1873,60.3818],[-133.2448,60.4485],[-133.1378,60.4274],[-132.9798,60.2974],[-132.7978,60.1923],[-132.7018,60.1534],[-132.5893,60.1226],[-132.5217,60.0982],[-132.461,60.0545],[-132.3636,59.9859],[-132.3232,59.9508],[-132.2766,59.9015],[-132.23,59.8487],[-132.2253,59.838],[-132.2145,59.8156],[-132.2023,59.7699],[-132.1232,59.694],[-132.0889,59.6437],[-132.0954,59.6071],[-132.1248,59.6038]]]}},{"type":"Feature","properties":{},"bbox":[-118.1557,49.3357,-117.9071,49.8015],"geometry":{"type":"Polygon","coordinates":[[[-117.9568,49.3357],[-118.0626,49.4118],[-118.0959,49.4505],[-118.1395,49.5213],[-118.1557,49.6014],[-118.1376,49.7031],[-118.1279,49.7517],[-118.0925,49.8015],[-118.0841,49.774],[-118.1087,49.5832],[-118.0875,49.5151],[-118.0478,49.4567],[-117.9758,49.406],[-117.9113,49.3746],[-117.9071,49.3416],[-117.9568,49.3357]]]}},{"type":"Feature","properties":{},"bbox":[-116.5695,47.9642,-116.2146,48.3019],"geometry":{"type":"Polygon","coordinates":[[[-116.3056,48.1385],[-116.4098,48.107],[-116.4409,48.075],[-116.446,48.0257],[-116.456,47.9841],[-116.4889,47.9695],[-116.5291,47.9642],[-116.5533,47.9707],[-116.5409,47.9945],[-116.5225,48.0438],[-116.498,48.1147],[-116.4575,48.1682],[-116.408,48.1906],[-116.3741,48.2083],[-116.3808,48.2288],[-116.4004,48.2473],[-116.4311,48.2539],[-116.4689,48.2633],[-116.5254,48.2422],[-116.5695,48.2498],[-116.5301,48.2842],[-116.4994,48.3015],[-116.4333,48.3019],[-116.3619,48.2837],[-116.3025,48.2361],[-116.2349,48.1831],[-116.2146,48.1599],[-116.3056,48.1385]]]}},{"type":"Feature","properties":{},"bbox":[-120.6283,47.8516,-120.0106,48.2794],"geometry":{"type":"Polygon","coordinates":[[[-120.0496,47.8569],[-120.1184,47.8805],[-120.1722,47.914],[-120.2048,47.9618],[-120.3334,48.0401],[-120.5304,48.1624],[-120.625,48.2569],[-120.6283,48.2794],[-120.5347,48.2037],[-120.3203,48.0643],[-120.1628,47.9583],[-120.0688,47.8839],[-120.0106,47.8516],[-120.0496,47.8569]]]}},{"type":"Feature","properties":{},"bbox":[-105.868,58.9188,-104.9481,59.2961],"geometry":{"type":"Polygon","coordinates":[[[-105.5538,59.0986],[-105.6604,59.0547],[-105.7329,58.9803],[-105.7848,58.922],[-105.8353,58.9188],[-105.868,58.9393],[-105.8548,58.978],[-105.8061,59.0311],[-105.5498,59.1503],[-105.2151,59.2961],[-105.1195,59.2857],[-105.0125,59.2625],[-104.9481,59.2368],[-104.975,59.2004],[-105.0124,59.1732],[-105.216,59.1459],[-105.3026,59.1382],[-105.3942,59.1276],[-105.5538,59.0986]]]}},{"type":"Feature","properties":{},"bbox":[-146.7039,62.2818,-146.473,62.5079],"geometry":{"type":"Polygon","coordinates":[[[-146.4779,62.3123],[-146.5153,62.2818],[-146.5643,62.293],[-146.6531,62.3615],[-146.7039,62.4108],[-146.7032,62.4446],[-146.6898,62.4773],[-146.6841,62.5045],[-146.6608,62.5079],[-146.6479,62.4837],[-146.6337,62.4596],[-146.61,62.414],[-146.5402,62.3631],[-146.473,62.3321],[-146.4779,62.3123]]]}},{"type":"Feature","properties":{},"bbox":[-95.2709,47.8893,-94.7771,48.0651],"geometry":{"type":"Polygon","coordinates":[[[-94.8708,48.004],[-94.7832,47.9696],[-94.7771,47.9363],[-94.7918,47.9097],[-94.8969,47.8921],[-95.1108,47.8893],[-95.2482,47.9073],[-95.2709,47.9424],[-95.2513,47.9889],[-95.1871,48.0334],[-95.0864,48.0651],[-95.0108,48.0597],[-94.9702,48.032],[-94.8708,48.004]]]}},{"type":"Feature","properties":{},"bbox":[-95.0307,48.0643,-94.5582,48.2033],"geometry":{"type":"Polygon","coordinates":[[[-94.9748,48.1516],[-94.8399,48.1841],[-94.6902,48.2033],[-94.6121,48.1991],[-94.561,48.1782],[-94.5582,48.1406],[-94.6002,48.1064],[-94.6628,48.083],[-94.7497,48.0664],[-94.8939,48.0643],[-95.0081,48.0725],[-95.0307,48.0943],[-95.0204,48.1248],[-94.9748,48.1516]]]}},{"type":"Feature","properties":{},"bbox":[-98.4583,62.4215,-97.3086,62.9793],"geometry":{"type":"Polygon","coordinates":[[[-97.9949,62.5656],[-98.0512,62.6068],[-98.1316,62.6638],[-98.2058,62.6897],[-98.227,62.6701],[-98.3147,62.6182],[-98.3497,62.6156],[-98.3476,62.6654],[-98.3564,62.7076],[-98.3873,62.7304],[-98.4188,62.7622],[-98.447,62.8041],[-98.4583,62.8285],[-98.4324,62.8281],[-98.4087,62.8157],[-98.3558,62.8113],[-98.2628,62.8117],[-98.2075,62.8098],[-98.2024,62.8291],[-98.1936,62.8506],[-98.1452,62.8548],[-98.0987,62.8421],[-98.0549,62.8494],[-97.9829,62.8644],[-97.8745,62.8667],[-97.7642,62.864],[-97.7138,62.8905],[-97.68,62.9472],[-97.6302,62.9793],[-97.6169,62.9671],[-97.6179,62.9241],[-97.638,62.8906],[-97.6623,62.864],[-97.6471,62.828],[-97.6348,62.7811],[-97.6307,62.7163],[-97.6127,62.6626],[-97.5608,62.6379],[-97.5181,62.6033],[-97.5086,62.5681],[-97.475,62.5336],[-97.4272,62.5024],[-97.3844,62.4854],[-97.3602,62.4844],[-97.3581,62.4957],[-97.3603,62.5066],[-97.3487,62.508],[-97.3261,62.5012],[-97.3086,62.485],[-97.3183,62.4612],[-97.3771,62.4323],[-97.4449,62.4215],[-97.5279,62.4535],[-97.6258,62.4917],[-97.7025,62.507],[-97.7796,62.5087],[-97.8424,62.5],[-97.8756,62.4881],[-97.8892,62.4699],[-97.9133,62.4589],[-97.9648,62.4742],[-98.0227,62.5042],[-98.0481,62.527],[-98.0161,62.5371],[-97.9687,62.5485],[-97.9949,62.5656]]]}},{"type":"Feature","properties":{},"bbox":[-72.0532,64.5814,-70.3778,65.4077],"geometry":{"type":"Polygon","coordinates":[[[-70.6369,64.7107],[-70.6944,64.7389],[-70.8041,64.7738],[-70.9171,64.7924],[-70.9995,64.7866],[-71.0524,64.7678],[-71.0967,64.7067],[-71.2245,64.6431],[-71.3729,64.6355],[-71.4465,64.6263],[-71.499,64.6092],[-71.5629,64.6126],[-71.657,64.6323],[-71.7971,64.6808],[-71.8989,64.7282],[-71.9186,64.7513],[-71.8981,64.7777],[-71.9277,64.806],[-71.9817,64.835],[-72.0011,64.8667],[-72.0187,64.8889],[-72.0355,64.9001],[-72.0532,64.9103],[-72.0395,64.9249],[-71.9947,64.9418],[-71.9562,64.9475],[-71.9595,64.9309],[-71.9626,64.9128],[-71.9375,64.9074],[-71.8508,64.9181],[-71.8185,64.9096],[-71.8723,64.8734],[-71.8731,64.8438],[-71.818,64.824],[-71.7477,64.8194],[-71.7084,64.8289],[-71.7247,64.8449],[-71.7502,64.8606],[-71.5837,64.884],[-71.5117,64.9056],[-71.504,64.9209],[-71.5343,64.9467],[-71.6385,64.9849],[-71.6242,65.0165],[-71.5832,65.0401],[-71.5546,65.0511],[-71.546,65.0816],[-71.5703,65.129],[-71.6425,65.1892],[-71.6907,65.242],[-71.6763,65.2777],[-71.6653,65.3081],[-71.7175,65.3533],[-71.7649,65.3968],[-71.7371,65.4077],[-71.6451,65.3667],[-71.5423,65.3105],[-71.4827,65.2893],[-71.429,65.2864],[-71.3569,65.2804],[-71.2997,65.2663],[-71.283,65.2514],[-71.2704,65.2336],[-71.2315,65.2109],[-71.0935,65.1627],[-70.9367,65.1245],[-70.9092,65.1106],[-70.8748,65.1008],[-70.7711,65.0702],[-70.6945,65.024],[-70.6668,64.9846],[-70.6481,64.959],[-70.6355,64.9336],[-70.6334,64.9076],[-70.5318,64.8323],[-70.4138,64.7443],[-70.3841,64.7172],[-70.3778,64.7075],[-70.429,64.686],[-70.4803,64.6641],[-70.4768,64.6545],[-70.4725,64.6398],[-70.4671,64.6214],[-70.4187,64.6051],[-70.385,64.5897],[-70.4163,64.5814],[-70.5086,64.6003],[-70.6273,64.6186],[-70.7205,64.6219],[-70.729,64.6392],[-70.6817,64.6608],[-70.6685,64.671],[-70.6474,64.6862],[-70.6369,64.7107]]]}},{"type":"Feature","properties":{},"bbox":[-101.3116,29.4583,-100.9182,29.6476],"geometry":{"type":"Polygon","coordinates":[[[-100.9201,29.4951],[-100.9359,29.4859],[-100.9777,29.4801],[-101.0386,29.4603],[-101.0998,29.4583],[-101.1506,29.4668],[-101.1898,29.4917],[-101.233,29.5025],[-101.272,29.4979],[-101.2866,29.506],[-101.2752,29.5261],[-101.2607,29.5625],[-101.2686,29.5781],[-101.2804,29.5847],[-101.302,29.584],[-101.3116,29.6026],[-101.3101,29.622],[-101.3053,29.6345],[-101.2751,29.6476],[-101.2136,29.603],[-101.1808,29.5794],[-101.1416,29.5585],[-101.1075,29.5284],[-101.0721,29.5101],[-101.0348,29.5259],[-101.0044,29.548],[-100.9926,29.5352],[-100.9765,29.5572],[-100.9507,29.6104],[-100.9438,29.6057],[-100.9559,29.5649],[-100.9513,29.529],[-100.9327,29.5072],[-100.9182,29.5023],[-100.9201,29.4951]]]}},{"type":"Feature","properties":{},"bbox":[-76.8228,47.056,-76.3269,47.6908],"geometry":{"type":"Polygon","coordinates":[[[-76.4352,47.1222],[-76.3941,47.1218],[-76.3589,47.1192],[-76.3269,47.1023],[-76.3314,47.0832],[-76.363,47.0678],[-76.3925,47.056],[-76.4427,47.0639],[-76.5046,47.0919],[-76.5353,47.1091],[-76.5526,47.121],[-76.5818,47.1783],[-76.6027,47.2414],[-76.6247,47.2689],[-76.6507,47.2784],[-76.668,47.2662],[-76.6543,47.2223],[-76.6386,47.1849],[-76.6688,47.1999],[-76.7072,47.2421],[-76.7146,47.3109],[-76.7414,47.3546],[-76.7814,47.3574],[-76.7887,47.3851],[-76.7776,47.4162],[-76.7674,47.4494],[-76.7791,47.4764],[-76.8228,47.4977],[-76.8193,47.5174],[-76.7479,47.5583],[-76.6582,47.6106],[-76.5625,47.6674],[-76.5223,47.6908],[-76.5162,47.673],[-76.5946,47.6239],[-76.699,47.5704],[-76.7216,47.5396],[-76.7148,47.5242],[-76.6555,47.5517],[-76.6052,47.5722],[-76.6183,47.5429],[-76.6334,47.5102],[-76.5564,47.4977],[-76.459,47.4755],[-76.4078,47.446],[-76.4225,47.4002],[-76.475,47.3314],[-76.4888,47.2836],[-76.494,47.2502],[-76.5015,47.2219],[-76.5168,47.2008],[-76.5115,47.1705],[-76.479,47.1384],[-76.4352,47.1222]]]}},{"type":"Feature","properties":{},"bbox":[-103.3721,20.1239,-102.7003,20.3286],"geometry":{"type":"Polygon","coordinates":[[[-102.7003,20.1816],[-102.7126,20.1618],[-102.7444,20.139],[-102.7857,20.1239],[-102.8517,20.139],[-102.9342,20.1683],[-103.0078,20.1835],[-103.0893,20.1806],[-103.1704,20.1789],[-103.2555,20.1996],[-103.3404,20.2313],[-103.3721,20.2602],[-103.2718,20.2806],[-103.1052,20.3075],[-103.0021,20.3286],[-102.8938,20.3186],[-102.7696,20.1984],[-102.7436,20.1979],[-102.7106,20.1937],[-102.7003,20.1816]]]}},{"type":"Feature","properties":{},"bbox":[-86.589,12.172,-86.102,12.48],"geometry":{"type":"Polygon","coordinates":[[[-86.102,12.2713],[-86.1047,12.2076],[-86.1749,12.1849],[-86.261,12.172],[-86.3146,12.1775],[-86.3066,12.2062],[-86.2969,12.242],[-86.3038,12.265],[-86.3227,12.2798],[-86.3866,12.2741],[-86.4696,12.2737],[-86.5288,12.3034],[-86.5716,12.3432],[-86.5886,12.3799],[-86.589,12.4053],[-86.5459,12.4102],[-86.4682,12.4281],[-86.3998,12.4635],[-86.3387,12.48],[-86.2942,12.4738],[-86.2355,12.3828],[-86.1612,12.3154],[-86.1189,12.3286],[-86.1035,12.3123],[-86.102,12.2713]]]}},{"type":"Feature","properties":{},"bbox":[-80.0765,9.0162,-79.6709,9.3202],"geometry":{"type":"Polygon","coordinates":[[[-79.6879,9.1236],[-79.6905,9.1036],[-79.7997,9.0731],[-79.8298,9.0457],[-79.8475,9.0451],[-79.8554,9.0547],[-79.8336,9.08],[-79.8108,9.1051],[-79.836,9.118],[-79.875,9.1393],[-79.9004,9.1541],[-79.9122,9.121],[-79.9256,9.0783],[-79.9466,9.0678],[-79.9535,9.0429],[-79.9601,9.0226],[-79.9734,9.024],[-79.9927,9.0395],[-80.0116,9.0601],[-80.0209,9.0565],[-80.0193,9.0371],[-80.0296,9.0256],[-80.0582,9.0213],[-80.0765,9.0162],[-80.0676,9.0408],[-80.0135,9.0974],[-79.9531,9.1922],[-79.9233,9.2674],[-79.8573,9.2936],[-79.8224,9.3202],[-79.8092,9.3159],[-79.8053,9.2854],[-79.7989,9.2539],[-79.8218,9.2382],[-79.8436,9.2225],[-79.8382,9.2065],[-79.8158,9.1848],[-79.8079,9.1724],[-79.7758,9.148],[-79.7394,9.1298],[-79.7171,9.1265],[-79.6862,9.1345],[-79.6709,9.144],[-79.6879,9.1236]]]}},{"type":"Feature","properties":{},"bbox":[-1.715,6.3382,0.3201,9.1166],"geometry":{"type":"Polygon","coordinates":[[[0.2987,6.7186],[0.317,6.7383],[0.3086,6.6979],[0.276,6.6483],[0.2297,6.6159],[0.192,6.6075],[0.1719,6.6146],[0.16,6.6181],[0.1521,6.6106],[0.1537,6.597],[0.1508,6.5702],[0.1467,6.5383],[0.1404,6.5053],[0.1329,6.4496],[0.1381,6.366],[0.1033,6.3382],[0.081,6.3526],[0.0733,6.4041],[0.0411,6.4052],[-0.011,6.3794],[-0.0334,6.4082],[-0.0599,6.4517],[-0.0993,6.4899],[-0.1748,6.5327],[-0.2553,6.5855],[-0.3238,6.6219],[-0.4276,6.6679],[-0.5503,6.7173],[-0.6336,6.7533],[-0.6737,6.8015],[-0.6837,6.8344],[-0.6599,6.8358],[-0.616,6.8073],[-0.5796,6.7847],[-0.5508,6.8108],[-0.5178,6.7938],[-0.4906,6.7367],[-0.4667,6.7227],[-0.4422,6.7267],[-0.4187,6.731],[-0.4093,6.7656],[-0.406,6.8165],[-0.3934,6.8281],[-0.3678,6.7727],[-0.3353,6.7162],[-0.3054,6.7172],[-0.2708,6.7225],[-0.2285,6.734],[-0.194,6.7413],[-0.1751,6.7241],[-0.1633,6.6856],[-0.1437,6.648],[-0.0965,6.6286],[-0.0569,6.63],[-0.0413,6.6769],[-0.0255,6.7203],[-0.0175,6.7327],[-0.0229,6.748],[-0.0494,6.7688],[-0.0671,6.789],[-0.0713,6.8094],[-0.0663,6.8252],[-0.0419,6.8473],[-0.0115,6.8529],[0.0123,6.8448],[0.0304,6.8497],[0.0767,6.8697],[0.1117,6.8966],[0.1037,6.9096],[0.059,6.914],[0.0416,6.9465],[0.0866,6.9739],[0.1203,6.9712],[0.1232,6.9832],[0.0989,7.0042],[0.0879,7.0228],[0.093,7.037],[0.101,7.0529],[0.0976,7.08],[0.0855,7.1212],[0.0846,7.1471],[0.0659,7.1512],[0.0451,7.1639],[0.0276,7.1763],[0.0102,7.1868],[0.0073,7.2094],[0.0146,7.2107],[0.0348,7.2002],[0.0632,7.1954],[0.0833,7.1937],[0.0987,7.1928],[0.1182,7.2032],[0.1415,7.2225],[0.153,7.2412],[0.1604,7.2518],[0.1739,7.2524],[0.1839,7.2662],[0.1839,7.2867],[0.1725,7.3039],[0.1561,7.3089],[0.1347,7.3134],[0.1021,7.3428],[0.0675,7.3928],[0.0501,7.4323],[0.0506,7.4488],[0.0474,7.4601],[0.0456,7.4775],[-0.0024,7.5003],[-0.0629,7.5076],[-0.0583,7.4656],[-0.0658,7.4443],[-0.1065,7.4581],[-0.1281,7.4715],[-0.1364,7.4956],[-0.157,7.5099],[-0.2068,7.5124],[-0.2424,7.5166],[-0.2322,7.5319],[-0.2079,7.5464],[-0.1686,7.5499],[-0.1341,7.5534],[-0.1049,7.5512],[-0.0714,7.5487],[-0.0269,7.5459],[0.0118,7.5426],[-0.0178,7.5919],[-0.0638,7.6414],[-0.11,7.6446],[-0.182,7.6466],[-0.2423,7.6386],[-0.3358,7.6176],[-0.4318,7.5937],[-0.4746,7.5891],[-0.498,7.5966],[-0.5312,7.5762],[-0.6033,7.5536],[-0.6537,7.5513],[-0.6113,7.567],[-0.5435,7.5999],[-0.4827,7.6246],[-0.4215,7.6488],[-0.3566,7.6644],[-0.2944,7.6672],[-0.262,7.6842],[-0.2557,7.706],[-0.2538,7.7201],[-0.2104,7.7141],[-0.1615,7.7214],[-0.1255,7.7401],[-0.0977,7.7464],[-0.1003,7.7555],[-0.134,7.7671],[-0.1573,7.7786],[-0.1594,7.7944],[-0.1521,7.8133],[-0.1524,7.8409],[-0.1698,7.8896],[-0.1861,7.927],[-0.1924,7.9552],[-0.2238,7.9771],[-0.2847,8.0152],[-0.3152,8.04],[-0.3438,8.0381],[-0.3505,8.002],[-0.3845,7.9798],[-0.4168,7.9723],[-0.3944,7.9999],[-0.3794,8.0481],[-0.4154,8.0788],[-0.4458,8.0911],[-0.4982,8.0569],[-0.5266,8.0624],[-0.5257,8.1279],[-0.5429,8.1536],[-0.5614,8.1341],[-0.5909,8.1003],[-0.6244,8.0849],[-0.6428,8.0868],[-0.6429,8.1062],[-0.6929,8.1096],[-0.7556,8.102],[-0.7605,8.1182],[-0.7478,8.1345],[-0.721,8.1346],[-0.6554,8.1421],[-0.6038,8.1586],[-0.6,8.1729],[-0.6214,8.1911],[-0.6756,8.2387],[-0.7243,8.2803],[-0.7535,8.2969],[-0.7951,8.3155],[-0.8014,8.3344],[-0.7836,8.3657],[-0.8378,8.4473],[-0.9122,8.5551],[-0.9646,8.6038],[-0.9989,8.6304],[-1.0408,8.6456],[-1.0865,8.6399],[-1.1284,8.6323],[-1.1409,8.5946],[-1.1528,8.5513],[-1.1801,8.6036],[-1.2189,8.6583],[-1.2538,8.6676],[-1.3039,8.6966],[-1.3513,8.7237],[-1.4046,8.739],[-1.4427,8.7313],[-1.4884,8.6971],[-1.5449,8.6636],[-1.6045,8.6438],[-1.6636,8.6285],[-1.715,8.6304],[-1.6634,8.6732],[-1.5912,8.6952],[-1.5188,8.7313],[-1.4662,8.761],[-1.412,8.7808],[-1.3765,8.8046],[-1.3555,8.7923],[-1.2941,8.7504],[-1.2693,8.7256],[-1.1261,8.7047],[-1.0618,8.7218],[-1.0675,8.7504],[-1.0961,8.7837],[-1.1337,8.813],[-1.1452,8.8736],[-1.1744,8.9446],[-1.1787,8.9791],[-1.1779,9.0265],[-1.1741,9.0742],[-1.1517,9.1166],[-1.1303,9.0761],[-1.1265,9.0284],[-1.1248,8.9808],[-1.1208,8.9294],[-1.1056,8.897],[-1.0753,8.853],[-1.0445,8.8431],[-1.0256,8.8438],[-0.9965,8.7753],[-0.9312,8.6531],[-0.8734,8.5855],[-0.8426,8.579],[-0.8166,8.5995],[-0.8176,8.6505],[-0.8234,8.7069],[-0.8089,8.7431],[-0.7908,8.7614],[-0.7823,8.7561],[-0.7954,8.721],[-0.8061,8.6887],[-0.7697,8.6556],[-0.7224,8.6385],[-0.7054,8.6431],[-0.7068,8.6249],[-0.757,8.5775],[-0.8046,8.5199],[-0.797,8.4971],[-0.7818,8.4686],[-0.7211,8.4021],[-0.66,8.3566],[-0.6266,8.3292],[-0.5943,8.2884],[-0.5657,8.2748],[-0.5544,8.2508],[-0.5266,8.2324],[-0.4847,8.2095],[-0.4485,8.2095],[-0.3936,8.2215],[-0.3551,8.2427],[-0.3179,8.244],[-0.2855,8.2531],[-0.2454,8.2451],[-0.202,8.2131],[-0.1925,8.1862],[-0.2566,8.1849],[-0.3209,8.1772],[-0.3304,8.1578],[-0.3084,8.1425],[-0.2625,8.1084],[-0.1902,8.0526],[-0.1279,8.0112],[-0.1032,7.9757],[-0.0818,7.8764],[-0.0523,7.8115],[-0.024,7.7926],[0.0017,7.793],[0.019,7.7887],[0.0546,7.7922],[0.0702,7.8211],[0.0579,7.8625],[0.0562,7.8856],[0.0592,7.9197],[0.0734,7.9694],[0.0787,8.0033],[0.0616,8.0408],[0.07,8.081],[0.099,8.093],[0.1293,8.0864],[0.1538,8.078],[0.1703,8.0863],[0.1651,8.1152],[0.1518,8.161],[0.1233,8.21],[0.1053,8.242],[0.1367,8.2536],[0.1692,8.2891],[0.198,8.3382],[0.2174,8.3633],[0.1607,8.381],[0.092,8.4031],[0.0806,8.4291],[0.0927,8.4605],[0.0906,8.5],[0.0855,8.548],[0.1057,8.583],[0.1354,8.5976],[0.1495,8.633],[0.1601,8.7004],[0.1839,8.7417],[0.1977,8.7382],[0.1847,8.6898],[0.1684,8.6252],[0.1522,8.5924],[0.1275,8.5743],[0.1215,8.5184],[0.1129,8.4574],[0.1026,8.4338],[0.1146,8.4157],[0.1781,8.3993],[0.2421,8.3791],[0.2605,8.3552],[0.2798,8.3407],[0.2936,8.3344],[0.2841,8.3269],[0.2424,8.322],[0.2143,8.3142],[0.2171,8.296],[0.19,8.251],[0.1836,8.2056],[0.201,8.1658],[0.2311,8.1254],[0.2678,8.1062],[0.2668,8.0943],[0.2402,8.088],[0.1979,8.0793],[0.161,8.0596],[0.1455,8.0207],[0.1212,7.972],[0.1085,7.9387],[0.1239,7.9132],[0.1458,7.8942],[0.1678,7.8633],[0.2212,7.8825],[0.2575,7.905],[0.2512,7.8756],[0.2521,7.8627],[0.2478,7.8493],[0.237,7.8335],[0.2479,7.8029],[0.2775,7.7624],[0.2792,7.699],[0.281,7.6165],[0.2817,7.5754],[0.259,7.5814],[0.2404,7.5779],[0.2283,7.5564],[0.2289,7.5364],[0.2422,7.5107],[0.2498,7.4908],[0.2853,7.5146],[0.3201,7.5425],[0.3135,7.5056],[0.3019,7.4702],[0.297,7.4526],[0.2953,7.4157],[0.2872,7.3817],[0.2764,7.3531],[0.2768,7.3393],[0.2773,7.3298],[0.2925,7.3031],[0.2938,7.2779],[0.2757,7.2579],[0.2716,7.2343],[0.2794,7.2179],[0.2807,7.2006],[0.2793,7.1822],[0.2758,7.1723],[0.2714,7.1375],[0.2886,7.1063],[0.3052,7.099],[0.2998,7.0713],[0.2812,7.0474],[0.2729,7.0012],[0.2635,6.9483],[0.24,6.8963],[0.2371,6.7683],[0.2539,6.6729],[0.2719,6.6745],[0.2987,6.7186]],[[0.1808,6.7259],[0.1592,6.7667],[0.1147,6.7956],[0.0619,6.8076],[0.0175,6.7788],[0.0115,6.7175],[0.0487,6.6947],[0.0896,6.6586],[0.1304,6.6791],[0.1808,6.7259]]]}},{"type":"Feature","properties":{},"bbox":[-99.5491,50.2018,-97.9508,51.7812],"geometry":{"type":"Polygon","coordinates":[[[-98.0158,50.3041],[-98.0721,50.2741],[-98.1506,50.2403],[-98.2422,50.2139],[-98.3301,50.2018],[-98.4019,50.2035],[-98.4546,50.211],[-98.5193,50.242],[-98.5515,50.2871],[-98.5486,50.4213],[-98.5681,50.4884],[-98.608,50.5676],[-98.716,50.7374],[-98.8147,50.864],[-98.8532,50.9455],[-98.9409,51.0076],[-98.9909,51.0763],[-99.0065,51.1139],[-99.0082,51.1395],[-98.9883,51.1523],[-98.941,51.1154],[-98.8812,51.0369],[-98.8672,51.0279],[-98.8472,51.0391],[-98.8294,51.0719],[-98.8361,51.0998],[-98.8564,51.1091],[-98.8969,51.1881],[-98.9529,51.2021],[-98.9788,51.2229],[-99.026,51.2672],[-99.0772,51.3394],[-99.1375,51.5031],[-99.1625,51.5435],[-99.2576,51.5626],[-99.3195,51.617],[-99.3698,51.6354],[-99.4255,51.6271],[-99.5266,51.5462],[-99.5416,51.5781],[-99.5381,51.6604],[-99.5491,51.6993],[-99.5454,51.7137],[-99.491,51.7576],[-99.443,51.7773],[-99.39,51.7812],[-99.3377,51.7588],[-99.2915,51.7156],[-99.2389,51.6463],[-99.2173,51.6362],[-99.1806,51.6527],[-99.1659,51.6754],[-99.1773,51.7625],[-99.1663,51.7767],[-99.1054,51.7361],[-99.064,51.6864],[-98.999,51.5106],[-98.9561,51.4326],[-98.9182,51.3953],[-98.907,51.4039],[-98.9013,51.428],[-98.9105,51.5127],[-98.9717,51.6755],[-98.9292,51.7022],[-98.8937,51.7089],[-98.8648,51.7075],[-98.8328,51.6843],[-98.7896,51.6387],[-98.7575,51.5878],[-98.7522,51.5521],[-98.7794,51.4657],[-98.7775,51.4101],[-98.7539,51.3628],[-98.7049,51.3259],[-98.5915,51.269],[-98.5718,51.2433],[-98.583,51.2181],[-98.633,51.165],[-98.6691,51.1037],[-98.7182,51.0878],[-98.7236,51.0592],[-98.7539,51.0163],[-98.7605,50.995],[-98.7404,50.9347],[-98.7202,50.9117],[-98.5002,50.86],[-98.4101,50.8233],[-98.2438,50.719],[-98.1735,50.6604],[-98.0714,50.5516],[-97.9712,50.4701],[-97.9508,50.4199],[-97.9592,50.3572],[-98.0158,50.3041]]]}},{"type":"Feature","properties":{},"bbox":[-101.1018,51.5896,-99.62,53.1711],"geometry":{"type":"Polygon","coordinates":[[[-99.7748,51.5896],[-99.8576,51.6431],[-99.9351,51.7175],[-99.9504,51.7629],[-99.8988,51.8409],[-99.9534,51.9993],[-99.9841,52.0403],[-99.9998,52.0444],[-100.0054,52.0157],[-99.9844,51.8123],[-99.9987,51.7441],[-100.011,51.7308],[-100.0254,51.7273],[-100.0492,51.7555],[-100.1134,51.8907],[-100.1592,52.1159],[-100.165,52.2542],[-100.1557,52.3057],[-100.1363,52.3513],[-100.0268,52.4639],[-99.9923,52.5665],[-100.0453,52.6485],[-100.0624,52.7628],[-100.0957,52.7955],[-100.2413,52.8648],[-100.2683,52.8717],[-100.2917,52.859],[-100.3257,52.8332],[-100.3429,52.807],[-100.3257,52.7937],[-100.2787,52.7818],[-100.2422,52.6398],[-100.2608,52.6212],[-100.2751,52.6233],[-100.3007,52.6508],[-100.3392,52.6716],[-100.3583,52.713],[-100.4175,52.7729],[-100.4395,52.9244],[-100.4532,52.953],[-100.5226,52.9675],[-100.5639,52.9962],[-100.5995,52.998],[-100.6654,52.9802],[-100.6668,52.9594],[-100.6211,52.886],[-100.678,52.7784],[-100.7462,52.7517],[-100.8234,52.753],[-100.8394,52.7668],[-100.8254,52.7985],[-100.8331,52.8125],[-100.9146,52.8144],[-100.941,52.8445],[-100.9925,52.8804],[-100.984,52.9308],[-100.9939,52.9867],[-101.0068,53.0083],[-101.1018,53.0808],[-101.0907,53.1001],[-101.0506,53.1235],[-100.9637,53.1473],[-100.8952,53.0985],[-100.8199,53.0906],[-100.7255,53.0978],[-100.644,53.1151],[-100.5897,53.1382],[-100.5435,53.1705],[-100.515,53.1711],[-100.3346,53.1071],[-100.1052,53.0542],[-99.8435,52.9746],[-99.7905,52.9454],[-99.7568,52.9134],[-99.6992,52.9151],[-99.6849,52.9103],[-99.6781,52.8998],[-99.7049,52.8119],[-99.6619,52.6098],[-99.661,52.5385],[-99.6755,52.4729],[-99.7134,52.4074],[-99.8389,52.243],[-99.8269,52.1515],[-99.8089,52.0946],[-99.7493,52.0277],[-99.7444,52.0047],[-99.7444,51.9729],[-99.7556,51.9386],[-99.7976,51.8758],[-99.8027,51.8302],[-99.7812,51.7611],[-99.746,51.7521],[-99.6659,51.8537],[-99.6469,51.8425],[-99.6424,51.7201],[-99.62,51.651],[-99.6241,51.6285],[-99.6445,51.6166],[-99.6741,51.6131],[-99.7748,51.5896]]]}},{"type":"Feature","properties":{},"bbox":[-69.2498,50.716,-68.1966,51.8828],"geometry":{"type":"Polygon","coordinates":[[[-68.2165,51.3451],[-68.2044,51.3058],[-68.2228,51.265],[-68.3133,51.192],[-68.3523,51.149],[-68.4472,51.1202],[-68.5287,51.0746],[-68.6422,50.9907],[-68.7398,50.716],[-68.7441,50.7763],[-68.7351,50.8418],[-68.7428,50.9216],[-68.7822,51.0039],[-68.8681,51.0939],[-68.9952,51.1804],[-69.1484,51.2743],[-69.1756,51.3237],[-69.1605,51.3909],[-69.1336,51.5183],[-69.1548,51.5801],[-69.2498,51.6822],[-69.2325,51.6995],[-69.2019,51.6844],[-69.1383,51.6563],[-69.1179,51.6605],[-69.099,51.7088],[-69.0916,51.8133],[-69.063,51.838],[-69.0427,51.6755],[-69.0104,51.6333],[-68.9787,51.6307],[-68.9348,51.6484],[-68.856,51.7206],[-68.8075,51.683],[-68.7678,51.6837],[-68.6996,51.6914],[-68.636,51.7098],[-68.5961,51.7564],[-68.535,51.7552],[-68.5007,51.8108],[-68.4569,51.8828],[-68.4368,51.874],[-68.4288,51.8588],[-68.4431,51.8178],[-68.4834,51.702],[-68.4611,51.6724],[-68.3187,51.6417],[-68.2518,51.6859],[-68.2065,51.7069],[-68.1966,51.6921],[-68.269,51.6151],[-68.2673,51.5724],[-68.2909,51.5366],[-68.2857,51.5071],[-68.2513,51.4655],[-68.2551,51.3985],[-68.2165,51.3451]],[[-68.58,51.4568],[-68.5624,51.4804],[-68.5394,51.4732],[-68.4729,51.4016],[-68.4363,51.3763],[-68.3914,51.3676],[-68.4073,51.4418],[-68.3965,51.5033],[-68.4045,51.5319],[-68.4865,51.5911],[-68.6055,51.6306],[-68.7215,51.6322],[-68.7829,51.6202],[-68.8441,51.6],[-68.9594,51.5355],[-69.0545,51.4721],[-69.1015,51.4103],[-69.0916,51.3683],[-69.0627,51.3321],[-69.0463,51.3023],[-69.0146,51.2796],[-68.9244,51.2415],[-68.8647,51.1981],[-68.7576,51.1648],[-68.6831,51.1562],[-68.5962,51.1678],[-68.5371,51.1999],[-68.4679,51.2137],[-68.4272,51.2322],[-68.3995,51.2565],[-68.4034,51.285],[-68.492,51.3486],[-68.5383,51.3929],[-68.58,51.4568]]]}},{"type":"Feature","properties":{},"bbox":[-109.1579,55.5521,-108.0744,56.8131],"geometry":{"type":"Polygon","coordinates":[[[-108.6343,56.4877],[-108.692,56.4897],[-108.715,56.5213],[-108.7214,56.6105],[-108.7356,56.6677],[-108.7866,56.6901],[-108.859,56.7088],[-108.8701,56.7477],[-108.8374,56.784],[-108.7646,56.8131],[-108.7028,56.7915],[-108.6345,56.7149],[-108.5708,56.6963],[-108.5296,56.7037],[-108.4945,56.6926],[-108.4247,56.6291],[-108.4115,56.4644],[-108.324,56.4406],[-108.2184,56.4354],[-108.134,56.4262],[-108.0744,56.3823],[-108.1106,56.3079],[-108.1894,56.271],[-108.1905,56.2535],[-108.1742,56.2337],[-108.1793,56.143],[-108.1222,56.0628],[-108.1354,56.0378],[-108.1782,56.0149],[-108.2192,55.9655],[-108.2466,55.9149],[-108.2997,55.8579],[-108.4864,55.7645],[-108.5721,55.6975],[-108.6048,55.6484],[-108.5975,55.5849],[-108.6266,55.5521],[-108.6647,55.5685],[-108.6865,55.6285],[-108.6777,55.6948],[-108.6881,55.7492],[-108.7163,55.8416],[-108.7591,55.9032],[-108.918,55.9331],[-109.0336,55.9301],[-109.1002,55.9808],[-109.1579,56.068],[-109.1371,56.1081],[-109.0864,56.1221],[-108.8748,56.0795],[-108.6715,55.9788],[-108.6178,55.8873],[-108.5995,55.8482],[-108.5196,55.8789],[-108.467,55.9358],[-108.4668,56.0329],[-108.4327,56.1041],[-108.352,56.156],[-108.2728,56.1906],[-108.2685,56.2444],[-108.3146,56.2903],[-108.3445,56.2835],[-108.3764,56.285],[-108.4887,56.3289],[-108.5394,56.3662],[-108.5345,56.4283],[-108.5303,56.4788],[-108.5612,56.5097],[-108.6343,56.4877]]]}},{"type":"Feature","properties":{},"bbox":[-105.0633,21.7958,-105.0416,21.8086],"geometry":{"type":"Polygon","coordinates":[[[-105.0419,21.7958],[-105.0633,21.8086],[-105.0416,21.8012],[-105.0419,21.7958]]]}},{"type":"Feature","properties":{},"bbox":[-99.6861,56.6414,-97.9949,57.6535],"geometry":{"type":"Polygon","coordinates":[[[-98.2011,57.4055],[-98.0979,57.3916],[-98.0243,57.3987],[-97.9949,57.3872],[-98.0276,57.3624],[-98.1087,57.3171],[-98.1897,57.2153],[-98.2258,57.1361],[-98.2502,57.1119],[-98.3918,57.0942],[-98.5612,57.0608],[-98.6852,56.9785],[-98.7789,56.887],[-98.8546,56.8408],[-98.9392,56.8408],[-99.0021,56.8625],[-99.068,56.8461],[-99.2182,56.7357],[-99.3415,56.7335],[-99.4704,56.733],[-99.5527,56.7108],[-99.544,56.6833],[-99.5485,56.6539],[-99.5709,56.6414],[-99.6427,56.681],[-99.6861,56.7304],[-99.6633,56.7534],[-99.546,56.7759],[-99.4072,56.9027],[-99.3783,56.9598],[-99.3285,56.9876],[-99.2258,56.9514],[-99.1555,56.9558],[-99.1245,57.0046],[-99.0689,57.0492],[-99.0146,57.0847],[-99.0105,57.0503],[-99.0368,56.9745],[-99.0064,56.9269],[-98.9046,56.9248],[-98.8733,56.9461],[-98.88,57.0039],[-98.8574,57.0597],[-98.7747,57.0726],[-98.6953,57.1172],[-98.6615,57.1804],[-98.651,57.2189],[-98.6681,57.2618],[-98.6321,57.2757],[-98.5418,57.2749],[-98.5083,57.2993],[-98.5177,57.3505],[-98.5366,57.4564],[-98.5932,57.5288],[-98.5959,57.5854],[-98.5559,57.611],[-98.5396,57.596],[-98.5443,57.5663],[-98.5277,57.543],[-98.4717,57.5488],[-98.3974,57.5891],[-98.2935,57.6378],[-98.206,57.6535],[-98.2075,57.6249],[-98.224,57.5802],[-98.2711,57.5301],[-98.2946,57.4932],[-98.2011,57.4055]]]}},{"type":"Feature","properties":{},"bbox":[-108.1963,47.3904,-106.2167,48.0271],"geometry":{"type":"Polygon","coordinates":[[[-106.2513,47.55],[-106.2686,47.5481],[-106.2516,47.5996],[-106.2513,47.644],[-106.2854,47.6974],[-106.3179,47.7551],[-106.3359,47.7849],[-106.3602,47.8131],[-106.3844,47.8479],[-106.4198,47.8758],[-106.454,47.8792],[-106.4801,47.8583],[-106.5205,47.8278],[-106.5502,47.785],[-106.5558,47.7495],[-106.5993,47.7525],[-106.6835,47.7385],[-106.7677,47.7243],[-106.8133,47.7155],[-106.8378,47.6936],[-106.8497,47.6494],[-106.8625,47.6313],[-106.879,47.6488],[-106.9057,47.6718],[-106.944,47.6667],[-106.9927,47.6439],[-107.0154,47.6449],[-107.0296,47.6657],[-107.1826,47.6845],[-107.3062,47.685],[-107.3327,47.6846],[-107.3858,47.6536],[-107.4289,47.6346],[-107.5072,47.6243],[-107.6122,47.6234],[-107.7189,47.5631],[-107.8461,47.4678],[-107.9114,47.3904],[-107.9238,47.407],[-107.9091,47.4711],[-107.9161,47.5089],[-107.9299,47.5425],[-107.9488,47.558],[-107.9824,47.5692],[-108.0444,47.5804],[-108.1701,47.5838],[-108.1963,47.6016],[-108.1727,47.6131],[-108.0452,47.614],[-107.9594,47.6014],[-107.931,47.5876],[-107.8894,47.5377],[-107.8412,47.5261],[-107.7788,47.5695],[-107.7121,47.6132],[-107.685,47.6462],[-107.6879,47.6714],[-107.7138,47.6876],[-107.6046,47.6761],[-107.4551,47.6624],[-107.4218,47.68],[-107.3802,47.7158],[-107.3358,47.728],[-107.2945,47.7215],[-107.2309,47.7241],[-107.1207,47.725],[-106.9898,47.7164],[-106.9295,47.725],[-106.9382,47.7463],[-106.9331,47.7639],[-106.8805,47.7779],[-106.821,47.7831],[-106.7692,47.7883],[-106.7376,47.8056],[-106.7088,47.8221],[-106.6548,47.8409],[-106.5962,47.8595],[-106.5822,47.8788],[-106.5658,47.9075],[-106.5745,47.9363],[-106.5899,47.9582],[-106.5379,47.9829],[-106.4328,48.0271],[-106.4058,48.0208],[-106.3664,48.0147],[-106.3252,47.9851],[-106.3312,47.9496],[-106.3579,47.9252],[-106.3447,47.8788],[-106.2849,47.8373],[-106.2533,47.8147],[-106.2673,47.7935],[-106.2529,47.7693],[-106.241,47.739],[-106.2319,47.691],[-106.2167,47.6284],[-106.2172,47.5854],[-106.2513,47.55]]]}},{"type":"Feature","properties":{},"bbox":[-133.2448,59.6038,-132.0889,60.4485],"geometry":{"type":"Polygon","coordinates":[[[-132.1248,59.6038],[-132.1591,59.6255],[-132.2135,59.6883],[-132.3161,59.8349],[-132.3992,59.9218],[-132.6101,60.05],[-132.8342,60.135],[-132.9579,60.2007],[-133.012,60.2509],[-133.1873,60.3818],[-133.2448,60.4485],[-133.1378,60.4274],[-132.9798,60.2974],[-132.7978,60.1923],[-132.7018,60.1534],[-132.5893,60.1226],[-132.5217,60.0982],[-132.461,60.0545],[-132.3636,59.9859],[-132.3232,59.9508],[-132.2766,59.9015],[-132.23,59.8487],[-132.2253,59.838],[-132.2145,59.8156],[-132.2023,59.7699],[-132.1232,59.694],[-132.0889,59.6437],[-132.0954,59.6071],[-132.1248,59.6038]]]}},{"type":"Feature","properties":{},"bbox":[-99.4636,26.5615,-99.113,27.0567],"geometry":{"type":"Polygon","coordinates":[[[-99.1503,26.7513],[-99.1191,26.7494],[-99.113,26.7271],[-99.1494,26.6521],[-99.1495,26.5917],[-99.1721,26.5642],[-99.2,26.5615],[-99.2433,26.5836],[-99.2549,26.6698],[-99.2832,26.7595],[-99.3308,26.8034],[-99.3941,26.795],[-99.3857,26.8067],[-99.3638,26.8213],[-99.368,26.8859],[-99.4008,26.9543],[-99.4636,27.0254],[-99.4565,27.0567],[-99.4146,27.0441],[-99.3685,27.0018],[-99.2774,26.9212],[-99.218,26.9102],[-99.2177,26.8049],[-99.1836,26.7595],[-99.1503,26.7513]]]}},{"type":"Feature","properties":{},"bbox":[-69.2425,53.4277,-68.6797,54.0417],"geometry":{"type":"Polygon","coordinates":[[[-68.7046,53.7745],[-68.7261,53.689],[-68.707,53.6099],[-68.7155,53.5826],[-68.7772,53.5773],[-68.8532,53.5938],[-68.8694,53.5759],[-68.8691,53.5233],[-68.9004,53.4833],[-68.935,53.4688],[-68.9758,53.4558],[-69.0552,53.4277],[-69.085,53.4442],[-69.0452,53.4921],[-68.9838,53.5588],[-68.9467,53.6091],[-68.8676,53.6449],[-68.827,53.6757],[-68.8369,53.7171],[-68.8657,53.7368],[-68.8504,53.7549],[-68.8055,53.765],[-68.7807,53.775],[-68.7666,53.7963],[-68.8137,53.8459],[-68.9072,53.8763],[-68.967,53.9076],[-69.0076,53.9397],[-69.0608,53.9576],[-69.225,53.9489],[-69.2425,53.9611],[-69.2305,53.9791],[-69.2001,53.9892],[-69.1709,53.9899],[-69.1544,53.9999],[-69.1598,54.0231],[-69.1461,54.0396],[-69.1156,54.0227],[-69.0616,54.0074],[-69.0221,54.0282],[-69.0049,54.0417],[-68.9791,54.0114],[-68.9494,53.9999],[-68.9026,53.9853],[-68.8637,53.952],[-68.8464,53.9105],[-68.7326,53.8359],[-68.6848,53.8121],[-68.6797,53.7984],[-68.7046,53.7745]]]}},{"type":"Feature","properties":{},"bbox":[-70.5171,54.3587,-69.7656,54.7416],"geometry":{"type":"Polygon","coordinates":[[[-70.2744,54.4359],[-70.3121,54.4081],[-70.4194,54.3587],[-70.4975,54.4071],[-70.5171,54.4407],[-70.4596,54.4318],[-70.4244,54.41],[-70.3574,54.4295],[-70.2144,54.4794],[-70.0953,54.4728],[-69.9695,54.49],[-69.9316,54.5158],[-69.9119,54.5521],[-69.9119,54.6169],[-69.9201,54.6544],[-69.9597,54.6845],[-70.0292,54.6762],[-70.008,54.7218],[-69.9834,54.7416],[-69.9349,54.7324],[-69.9002,54.7043],[-69.86,54.6217],[-69.8396,54.5562],[-69.8395,54.5246],[-69.7742,54.4919],[-69.7656,54.4661],[-69.882,54.4562],[-69.9487,54.4253],[-69.9882,54.4253],[-70.0153,54.4385],[-70.155,54.4358],[-70.2327,54.4441],[-70.2744,54.4359]]]}},{"type":"Feature","properties":{},"bbox":[-122.4262,40.7214,-122.0947,40.871],"geometry":{"type":"Polygon","coordinates":[[[-122.2423,40.8059],[-122.2289,40.7934],[-122.1156,40.7998],[-122.0947,40.7835],[-122.1017,40.7663],[-122.1512,40.7458],[-122.2407,40.7543],[-122.3643,40.7244],[-122.4106,40.7214],[-122.4262,40.7437],[-122.4171,40.7684],[-122.3952,40.8291],[-122.3622,40.8196],[-122.351,40.7841],[-122.3013,40.8038],[-122.2589,40.8607],[-122.2317,40.871],[-122.2423,40.8059]]]}},{"type":"Feature","properties":{},"bbox":[-156.4087,58.5145,-155.4345,58.7293],"geometry":{"type":"Polygon","coordinates":[[[-155.5756,58.6168],[-155.6548,58.6016],[-155.6465,58.5765],[-155.4963,58.5478],[-155.473,58.5305],[-155.5197,58.5145],[-155.6533,58.5196],[-155.748,58.5546],[-155.8408,58.5974],[-156.028,58.6004],[-156.1618,58.6046],[-156.323,58.6293],[-156.38,58.6646],[-156.4087,58.6907],[-156.3435,58.709],[-156.1981,58.7118],[-156.1966,58.724],[-156.1528,58.7293],[-156.0901,58.7133],[-156.0373,58.6998],[-156.0063,58.688],[-155.8377,58.6833],[-155.5599,58.6629],[-155.4345,58.6605],[-155.4534,58.6369],[-155.5756,58.6168]]]}},{"type":"Feature","properties":{},"bbox":[-163.0306,61.0406,-162.7126,61.1095],"geometry":{"type":"Polygon","coordinates":[[[-163.0306,61.0832],[-163.0022,61.1095],[-162.8012,61.0809],[-162.7126,61.0771],[-162.8382,61.0406],[-163.0306,61.0832]]]}},{"type":"Feature","properties":{},"bbox":[-151.1658,60.0478,-150.6537,60.3048],"geometry":{"type":"Polygon","coordinates":[[[-151.1493,60.2531],[-151.0646,60.3048],[-150.8943,60.2721],[-150.7175,60.1591],[-150.6537,60.1214],[-150.6814,60.0478],[-150.716,60.0518],[-150.767,60.0821],[-150.831,60.1278],[-150.937,60.1676],[-151.0215,60.2056],[-151.0597,60.2181],[-151.1658,60.2266],[-151.1493,60.2531]]]}},{"type":"Feature","properties":{},"bbox":[-160.1308,61.34,-159.9339,61.4217],"geometry":{"type":"Polygon","coordinates":[[[-160.0887,61.34],[-160.1308,61.3584],[-160.1027,61.4062],[-160.038,61.4217],[-159.9705,61.4021],[-159.9339,61.3669],[-160.0022,61.3505],[-160.0887,61.34]]]}},{"type":"Feature","properties":{},"bbox":[-162.3967,60.8212,-162.2041,60.99],"geometry":{"type":"Polygon","coordinates":[[[-162.2971,60.918],[-162.2648,60.8899],[-162.2041,60.8528],[-162.2419,60.827],[-162.275,60.8212],[-162.3703,60.83],[-162.3959,60.8988],[-162.3967,60.95],[-162.3622,60.99],[-162.3074,60.951],[-162.2971,60.918]]]}},{"type":"Feature","properties":{},"bbox":[-163.9734,61.472,-163.6382,61.6484],"geometry":{"type":"Polygon","coordinates":[[[-163.6382,61.5186],[-163.699,61.472],[-163.7293,61.5227],[-163.8748,61.578],[-163.959,61.6187],[-163.9734,61.6453],[-163.931,61.6484],[-163.7829,61.6024],[-163.7062,61.5619],[-163.6382,61.5186]]]}},{"type":"Feature","properties":{},"bbox":[-163.6189,62.5745,-163.4099,62.7102],"geometry":{"type":"Polygon","coordinates":[[[-163.5003,62.6524],[-163.5235,62.5745],[-163.5822,62.6001],[-163.6189,62.6753],[-163.5645,62.6856],[-163.4557,62.7102],[-163.4099,62.679],[-163.4591,62.671],[-163.5003,62.6524]]]}},{"type":"Feature","properties":{},"bbox":[-87.7004,34.5651,-86.8985,34.8515],"geometry":{"type":"Polygon","coordinates":[[[-87.5421,34.8506],[-87.3828,34.8515],[-87.2676,34.8076],[-87.0061,34.6825],[-86.935,34.6104],[-86.8985,34.5748],[-86.9587,34.5651],[-87.3231,34.7666],[-87.5125,34.792],[-87.6368,34.765],[-87.7004,34.7734],[-87.6611,34.8136],[-87.5421,34.8506]]]}},{"type":"Feature","properties":{},"bbox":[-77.0259,51.2882,-76.5535,51.4158],"geometry":{"type":"Polygon","coordinates":[[[-76.5535,51.364],[-76.5632,51.3445],[-76.7512,51.2882],[-77.0259,51.3287],[-76.9826,51.3432],[-76.9032,51.3546],[-76.8616,51.3797],[-76.8395,51.4043],[-76.8195,51.4158],[-76.7622,51.3908],[-76.6772,51.3734],[-76.5535,51.364]]]}},{"type":"Feature","properties":{},"bbox":[-91.6468,51.071,-91.3899,51.166],"geometry":{"type":"Polygon","coordinates":[[[-91.3899,51.071],[-91.5416,51.0855],[-91.5913,51.1179],[-91.6468,51.1536],[-91.6086,51.166],[-91.5043,51.1622],[-91.4415,51.1629],[-91.4167,51.1433],[-91.4178,51.1195],[-91.3899,51.071]]]}},{"type":"Feature","properties":{},"bbox":[-91.9912,51.8942,-91.8954,51.9821],"geometry":{"type":"Polygon","coordinates":[[[-91.9495,51.9821],[-91.8954,51.9519],[-91.9104,51.9111],[-91.9317,51.8942],[-91.9681,51.9244],[-91.9912,51.9368],[-91.9704,51.9577],[-91.9495,51.9821]]]}},{"type":"Feature","properties":{},"bbox":[-78.8274,51.0337,-78.5498,51.1523],"geometry":{"type":"Polygon","coordinates":[[[-78.5498,51.0337],[-78.813,51.0974],[-78.8274,51.1523],[-78.7943,51.1459],[-78.7204,51.1089],[-78.6163,51.0771],[-78.5498,51.0337]]]}},{"type":"Feature","properties":{},"bbox":[-78.8128,47.5703,-78.5712,47.691],"geometry":{"type":"Polygon","coordinates":[[[-78.6964,47.5767],[-78.7628,47.5703],[-78.787,47.5949],[-78.798,47.6256],[-78.8128,47.6564],[-78.7919,47.691],[-78.7241,47.6837],[-78.6119,47.6806],[-78.5712,47.6562],[-78.5838,47.6246],[-78.6042,47.6083],[-78.6279,47.5969],[-78.6964,47.5767]]]}},{"type":"Feature","properties":{},"bbox":[-77.322,47.3467,-76.9348,47.6137],"geometry":{"type":"Polygon","coordinates":[[[-77.2354,47.5495],[-77.177,47.547],[-77.1288,47.5608],[-77.1015,47.5451],[-77.0653,47.5085],[-76.9629,47.5023],[-76.9348,47.4875],[-76.9656,47.4423],[-77.1194,47.4773],[-77.1847,47.4562],[-77.1786,47.4115],[-77.165,47.3894],[-77.1813,47.369],[-77.2594,47.3467],[-77.2885,47.386],[-77.2703,47.4629],[-77.3044,47.5132],[-77.322,47.5735],[-77.3037,47.6069],[-77.2883,47.6137],[-77.2732,47.5913],[-77.2354,47.5495]]]}},{"type":"Feature","properties":{},"bbox":[-108.0896,64.6965,-107.9792,64.749],"geometry":{"type":"Polygon","coordinates":[[[-108.0846,64.7373],[-108.0438,64.749],[-108.0158,64.7452],[-107.9792,64.7204],[-107.9875,64.7101],[-108.0632,64.6965],[-108.0896,64.7154],[-108.0846,64.7373]]]}},{"type":"Feature","properties":{},"bbox":[-108.5333,64.5586,-108.1803,64.6856],"geometry":{"type":"Polygon","coordinates":[[[-108.2089,64.6344],[-108.24,64.6247],[-108.4808,64.5586],[-108.5333,64.5621],[-108.4943,64.5975],[-108.3293,64.6538],[-108.2402,64.684],[-108.1803,64.6856],[-108.1887,64.6463],[-108.2089,64.6344]]]}},{"type":"Feature","properties":{},"bbox":[-109.1004,64.5518,-108.8209,64.7268],"geometry":{"type":"Polygon","coordinates":[[[-108.9885,64.6135],[-109.0559,64.5937],[-109.0903,64.587],[-109.1004,64.603],[-109.0979,64.6556],[-109.0613,64.6862],[-109.0707,64.7112],[-109.0618,64.7268],[-108.9303,64.7059],[-108.8928,64.6644],[-108.852,64.6063],[-108.8209,64.5518],[-108.854,64.5606],[-108.9291,64.6003],[-108.9885,64.6135]]]}},{"type":"Feature","properties":{},"bbox":[-109.3623,64.5363,-109.1495,64.7581],"geometry":{"type":"Polygon","coordinates":[[[-109.282,64.6083],[-109.3398,64.6552],[-109.3623,64.7023],[-109.3601,64.7343],[-109.3471,64.7575],[-109.2915,64.7581],[-109.2403,64.7402],[-109.2565,64.7275],[-109.284,64.7017],[-109.272,64.662],[-109.1495,64.5804],[-109.1605,64.5474],[-109.2244,64.5363],[-109.2729,64.5363],[-109.2354,64.565],[-109.2509,64.5937],[-109.282,64.6083]]]}},{"type":"Feature","properties":{},"bbox":[-96.2846,55.2125,-95.6757,55.4014],"geometry":{"type":"Polygon","coordinates":[[[-96.2052,55.2714],[-96.0547,55.2871],[-95.8532,55.3606],[-95.7888,55.4002],[-95.7021,55.4014],[-95.6757,55.3641],[-95.7334,55.3075],[-95.83,55.2801],[-96.1065,55.2172],[-96.2292,55.2125],[-96.2846,55.2377],[-96.2052,55.2714]]]}},{"type":"Feature","properties":{},"bbox":[-102.3783,54.4487,-102.1058,54.738],"geometry":{"type":"Polygon","coordinates":[[[-102.3362,54.6548],[-102.2872,54.7154],[-102.1972,54.738],[-102.1161,54.7076],[-102.1058,54.5984],[-102.1278,54.4937],[-102.169,54.4553],[-102.256,54.4487],[-102.3402,54.4749],[-102.3783,54.5164],[-102.3633,54.5775],[-102.3362,54.6548]]]}},{"type":"Feature","properties":{},"bbox":[-105.8125,54.0551,-105.5531,54.509],"geometry":{"type":"Polygon","coordinates":[[[-105.7278,54.4142],[-105.7141,54.4925],[-105.6832,54.509],[-105.643,54.4885],[-105.5676,54.4595],[-105.5531,54.3904],[-105.5697,54.3274],[-105.6356,54.2683],[-105.6726,54.2223],[-105.7067,54.1498],[-105.7141,54.086],[-105.7554,54.0551],[-105.8048,54.0778],[-105.8099,54.1609],[-105.8125,54.2341],[-105.7278,54.4142]]]}},{"type":"Feature","properties":{},"bbox":[-71.1254,53.4068,-70.8433,53.5957],"geometry":{"type":"Polygon","coordinates":[[[-70.9355,53.483],[-70.9041,53.458],[-70.8608,53.4516],[-70.8433,53.427],[-70.8647,53.4068],[-70.9805,53.4309],[-71.0483,53.5007],[-71.1254,53.5653],[-71.1168,53.5908],[-71.0188,53.5957],[-70.9498,53.565],[-70.9325,53.5188],[-70.9355,53.483]]]}},{"type":"Feature","properties":{},"bbox":[-61.2969,52.3154,-60.6004,52.6192],"geometry":{"type":"Polygon","coordinates":[[[-60.7238,52.4439],[-60.7085,52.4092],[-60.6571,52.3577],[-60.6038,52.3285],[-60.6004,52.3201],[-60.6479,52.3154],[-60.7386,52.3784],[-60.7895,52.4242],[-60.917,52.4768],[-60.9675,52.5162],[-61.1501,52.5894],[-61.2969,52.6034],[-61.1386,52.6192],[-60.9044,52.5496],[-60.7238,52.4439]]]}},{"type":"Feature","properties":{},"bbox":[-112.3434,64.6378,-111.8872,64.8988],"geometry":{"type":"Polygon","coordinates":[[[-111.988,64.6902],[-112.1508,64.7803],[-112.3256,64.86],[-112.3434,64.8988],[-112.1144,64.848],[-111.8872,64.7006],[-111.9271,64.6587],[-111.9662,64.6378],[-111.9956,64.6598],[-111.988,64.6902]]]}},{"type":"Feature","properties":{},"bbox":[-83.9251,48.3045,-83.4292,48.506],"geometry":{"type":"Polygon","coordinates":[[[-83.6881,48.3392],[-83.7812,48.3045],[-83.8321,48.3149],[-83.9251,48.3071],[-83.8541,48.3368],[-83.7211,48.4208],[-83.6399,48.4275],[-83.6178,48.4259],[-83.5725,48.4244],[-83.4292,48.506],[-83.468,48.4337],[-83.6109,48.3783],[-83.6881,48.3392]]]}},{"type":"Feature","properties":{},"bbox":[-107.0625,55.8056,-106.8804,55.9274],"geometry":{"type":"Polygon","coordinates":[[[-107.0589,55.8551],[-107.011,55.8901],[-106.9472,55.9208],[-106.8968,55.9274],[-106.8804,55.9083],[-106.9839,55.8321],[-106.9733,55.815],[-107.0094,55.8056],[-107.0625,55.82],[-107.0589,55.8551]]]}},{"type":"Feature","properties":{},"bbox":[-106.5507,55.6309,-106.3302,55.7599],"geometry":{"type":"Polygon","coordinates":[[[-106.5141,55.6392],[-106.5237,55.6571],[-106.5507,55.6676],[-106.5392,55.6888],[-106.4409,55.7281],[-106.3436,55.7599],[-106.3302,55.7398],[-106.3591,55.6908],[-106.3413,55.6619],[-106.386,55.6483],[-106.4722,55.6309],[-106.5141,55.6392]]]}},{"type":"Feature","properties":{},"bbox":[-102.7736,62.4103,-102.5514,62.7622],"geometry":{"type":"Polygon","coordinates":[[[-102.5802,62.6049],[-102.5605,62.5522],[-102.5514,62.4987],[-102.5763,62.45],[-102.6702,62.418],[-102.7366,62.4103],[-102.6771,62.5602],[-102.6921,62.6019],[-102.769,62.6691],[-102.7736,62.7042],[-102.6941,62.7622],[-102.6604,62.7596],[-102.5967,62.6575],[-102.5802,62.6049]]]}},{"type":"Feature","properties":{},"bbox":[-103.478,61.3656,-103.1436,61.6769],"geometry":{"type":"Polygon","coordinates":[[[-103.4687,61.3853],[-103.478,61.4312],[-103.4563,61.5131],[-103.3418,61.5618],[-103.2334,61.642],[-103.2105,61.6769],[-103.1436,61.653],[-103.1908,61.5882],[-103.2962,61.5206],[-103.3921,61.3949],[-103.4474,61.3656],[-103.4687,61.3853]]]}},{"type":"Feature","properties":{},"bbox":[-103.8362,58.545,-103.5999,58.7017],"geometry":{"type":"Polygon","coordinates":[[[-103.798,58.669],[-103.7858,58.691],[-103.6627,58.7017],[-103.6213,58.6776],[-103.5999,58.6611],[-103.6229,58.607],[-103.6684,58.545],[-103.771,58.5739],[-103.8194,58.5829],[-103.8362,58.6091],[-103.798,58.669]]]}},{"type":"Feature","properties":{},"bbox":[-69.2736,56.0548,-68.7951,56.6499],"geometry":{"type":"Polygon","coordinates":[[[-69.1225,56.3322],[-69.077,56.2718],[-68.8078,56.0887],[-68.7951,56.0548],[-69.1212,56.2475],[-69.1889,56.3259],[-69.1953,56.4275],[-69.2736,56.5037],[-69.2186,56.563],[-69.1275,56.6499],[-69.1364,56.6064],[-69.1535,56.5069],[-69.1225,56.3322]]]}}]}