{"type":"FeatureCollection","name":"ne_10m_populated_places_simple","crs":{"type":"name","properties":{"name":"urn:ogc:def:crs:OGC:1.3:CRS84"}},"xy_coordinate_resolution":0.0001,"bbox":[-174.2005,-9.9666,4.9147,65.8259],"features":[{"type":"Feature","properties":{"name":"Virginia","sr":7,"cap":0,"pop":8709},"bbox":[-92.5364,47.5237,-92.5364,47.5237],"geometry":{"type":"Point","coordinates":[-92.5364,47.5237]}},{"type":"Feature","properties":{"name":"Winona","sr":7,"cap":0,"pop":32897},"bbox":[-91.6392,44.0504,-91.6392,44.0504],"geometry":{"type":"Point","coordinates":[-91.6392,44.0504]}},{"type":"Feature","properties":{"name":"Rochester","sr":7,"cap":0,"pop":108511},"bbox":[-92.4697,44.0221,-92.4697,44.0221],"geometry":{"type":"Point","coordinates":[-92.4697,44.0221]}},{"type":"Feature","properties":{"name":"Lakeville","sr":7,"cap":0,"pop":261308},"bbox":[-93.2425,44.6501,-93.2425,44.6501],"geometry":{"type":"Point","coordinates":[-93.2425,44.6501]}},{"type":"Feature","properties":{"name":"Ely","sr":7,"cap":0,"pop":3731},"bbox":[-91.8257,47.9004,-91.8257,47.9004],"geometry":{"type":"Point","coordinates":[-91.8257,47.9004]}},{"type":"Feature","properties":{"name":"Moorhead","sr":7,"cap":0,"pop":35528},"bbox":[-96.7422,46.8743,-96.7422,46.8743],"geometry":{"type":"Point","coordinates":[-96.7422,46.8743]}},{"type":"Feature","properties":{"name":"St. Cloud","sr":7,"cap":0,"pop":112794},"bbox":[-94.1622,45.5612,-94.1622,45.5612],"geometry":{"type":"Point","coordinates":[-94.1622,45.5612]}},{"type":"Feature","properties":{"name":"Miles City","sr":7,"cap":0,"pop":8615},"bbox":[-105.84,46.4089,-105.84,46.4089],"geometry":{"type":"Point","coordinates":[-105.84,46.4089]}},{"type":"Feature","properties":{"name":"Bozeman","sr":7,"cap":0,"pop":44921},"bbox":[-111.0378,45.6801,-111.0378,45.6801],"geometry":{"type":"Point","coordinates":[-111.0378,45.6801]}},{"type":"Feature","properties":{"name":"Glasgow","sr":7,"cap":0,"pop":3240},"bbox":[-106.6353,48.184,-106.6353,48.184],"geometry":{"type":"Point","coordinates":[-106.6353,48.184]}},{"type":"Feature","properties":{"name":"Dickinson","sr":7,"cap":0,"pop":16399},"bbox":[-102.7888,46.884,-102.7888,46.884],"geometry":{"type":"Point","coordinates":[-102.7888,46.884]}},{"type":"Feature","properties":{"name":"Jamestown","sr":7,"cap":0,"pop":15081},"bbox":[-98.703,46.906,-98.703,46.906],"geometry":{"type":"Point","coordinates":[-98.703,46.906]}},{"type":"Feature","properties":{"name":"Williston","sr":7,"cap":0,"pop":13564},"bbox":[-103.628,48.1568,-103.628,48.1568],"geometry":{"type":"Point","coordinates":[-103.628,48.1568]}},{"type":"Feature","properties":{"name":"Lihue","sr":7,"cap":0,"pop":15536},"bbox":[-159.3693,21.9756,-159.3693,21.9756],"geometry":{"type":"Point","coordinates":[-159.3693,21.9756]}},{"type":"Feature","properties":{"name":"Wahiawa","sr":7,"cap":0,"pop":174766},"bbox":[-158.0236,21.5031,-158.0236,21.5031],"geometry":{"type":"Point","coordinates":[-158.0236,21.5031]}},{"type":"Feature","properties":{"name":"Wailuku","sr":7,"cap":0,"pop":52148},"bbox":[-156.5047,20.8915,-156.5047,20.8915],"geometry":{"type":"Point","coordinates":[-156.5047,20.8915]}},{"type":"Feature","properties":{"name":"Montpelier","sr":7,"cap":0,"pop":2997},"bbox":[-111.2969,42.3226,-111.2969,42.3226],"geometry":{"type":"Point","coordinates":[-111.2969,42.3226]}},{"type":"Feature","properties":{"name":"Twin Falls","sr":7,"cap":0,"pop":47315},"bbox":[-114.4606,42.561,-114.4606,42.561],"geometry":{"type":"Point","coordinates":[-114.4606,42.561]}},{"type":"Feature","properties":{"name":"Caldwell","sr":7,"cap":0,"pop":132476},"bbox":[-116.6705,43.661,-116.6705,43.661],"geometry":{"type":"Point","coordinates":[-116.6705,43.661]}},{"type":"Feature","properties":{"name":"Salmon","sr":7,"cap":0,"pop":3601},"bbox":[-113.895,45.1757,-113.895,45.1757],"geometry":{"type":"Point","coordinates":[-113.895,45.1757]}},{"type":"Feature","properties":{"name":"Coeur d'Alene","sr":7,"cap":0,"pop":34514},"bbox":[-116.7794,47.6781,-116.7794,47.6781],"geometry":{"type":"Point","coordinates":[-116.7794,47.6781]}},{"type":"Feature","properties":{"name":"Richland","sr":7,"cap":0,"pop":44869},"bbox":[-119.2911,46.2918,-119.2911,46.2918],"geometry":{"type":"Point","coordinates":[-119.2911,46.2918]}},{"type":"Feature","properties":{"name":"Bellingham","sr":7,"cap":0,"pop":99662},"bbox":[-122.4869,48.7601,-122.4869,48.7601],"geometry":{"type":"Point","coordinates":[-122.4869,48.7601]}},{"type":"Feature","properties":{"name":"Longview","sr":7,"cap":0,"pop":66231},"bbox":[-122.937,46.1387,-122.937,46.1387],"geometry":{"type":"Point","coordinates":[-122.937,46.1387]}},{"type":"Feature","properties":{"name":"Walla Walla","sr":7,"cap":0,"pop":45150},"bbox":[-118.3419,46.0652,-118.3419,46.0652],"geometry":{"type":"Point","coordinates":[-118.3419,46.0652]}},{"type":"Feature","properties":{"name":"Aberdeen","sr":7,"cap":0,"pop":32745},"bbox":[-123.8144,46.9749,-123.8144,46.9749],"geometry":{"type":"Point","coordinates":[-123.8144,46.9749]}},{"type":"Feature","properties":{"name":"Bremerton","sr":7,"cap":0,"pop":126820},"bbox":[-122.642,47.5736,-122.642,47.5736],"geometry":{"type":"Point","coordinates":[-122.642,47.5736]}},{"type":"Feature","properties":{"name":"Everett","sr":7,"cap":0,"pop":486903},"bbox":[-122.2,47.9604,-122.2,47.9604],"geometry":{"type":"Point","coordinates":[-122.2,47.9604]}},{"type":"Feature","properties":{"name":"Bullhead City","sr":7,"cap":0,"pop":37989},"bbox":[-114.5675,35.1482,-114.5675,35.1482],"geometry":{"type":"Point","coordinates":[-114.5675,35.1482]}},{"type":"Feature","properties":{"name":"Winslow","sr":7,"cap":0,"pop":9931},"bbox":[-110.6968,35.0236,-110.6968,35.0236],"geometry":{"type":"Point","coordinates":[-110.6968,35.0236]}},{"type":"Feature","properties":{"name":"Gila Bend","sr":7,"cap":0,"pop":2088},"bbox":[-112.7247,32.9504,-112.7247,32.9504],"geometry":{"type":"Point","coordinates":[-112.7247,32.9504]}},{"type":"Feature","properties":{"name":"Tombstone","sr":7,"cap":0,"pop":1570},"bbox":[-110.0669,31.7131,-110.0669,31.7131],"geometry":{"type":"Point","coordinates":[-110.0669,31.7131]}},{"type":"Feature","properties":{"name":"Willcox","sr":7,"cap":0,"pop":5146},"bbox":[-109.8314,32.2532,-109.8314,32.2532],"geometry":{"type":"Point","coordinates":[-109.8314,32.2532]}},{"type":"Feature","properties":{"name":"Scottsdale","sr":7,"cap":0,"pop":15401},"bbox":[-111.9254,33.4885,-111.9254,33.4885],"geometry":{"type":"Point","coordinates":[-111.9254,33.4885]}},{"type":"Feature","properties":{"name":"Kingman","sr":7,"cap":0,"pop":42182},"bbox":[-114.0522,35.1899,-114.0522,35.1899],"geometry":{"type":"Point","coordinates":[-114.0522,35.1899]}},{"type":"Feature","properties":{"name":"Grand Canyon","sr":7,"cap":0,"pop":1550},"bbox":[-112.1386,36.0548,-112.1386,36.0548],"geometry":{"type":"Point","coordinates":[-112.1386,36.0548]}},{"type":"Feature","properties":{"name":"Arcata","sr":7,"cap":0,"pop":20905},"bbox":[-124.0828,40.8627,-124.0828,40.8627],"geometry":{"type":"Point","coordinates":[-124.0828,40.8627]}},{"type":"Feature","properties":{"name":"Stockton","sr":7,"cap":0,"pop":685306},"bbox":[-121.2897,37.9581,-121.2897,37.9581],"geometry":{"type":"Point","coordinates":[-121.2897,37.9581]}},{"type":"Feature","properties":{"name":"Barstow","sr":7,"cap":0,"pop":21119},"bbox":[-117.0219,34.899,-117.0219,34.899],"geometry":{"type":"Point","coordinates":[-117.0219,34.899]}},{"type":"Feature","properties":{"name":"Victorville","sr":7,"cap":0,"pop":83496},"bbox":[-117.2903,34.5365,-117.2903,34.5365],"geometry":{"type":"Point","coordinates":[-117.2903,34.5365]}},{"type":"Feature","properties":{"name":"Pasadena","sr":7,"cap":0,"pop":144618},"bbox":[-118.1389,34.1604,-118.1389,34.1604],"geometry":{"type":"Point","coordinates":[-118.1389,34.1604]}},{"type":"Feature","properties":{"name":"Visalia","sr":7,"cap":0,"pop":121968},"bbox":[-119.316,36.325,-119.316,36.325],"geometry":{"type":"Point","coordinates":[-119.316,36.325]}},{"type":"Feature","properties":{"name":"El Centro","sr":7,"cap":0,"pop":45000},"bbox":[-115.558,32.7924,-115.558,32.7924],"geometry":{"type":"Point","coordinates":[-115.558,32.7924]}},{"type":"Feature","properties":{"name":"San Luis Obispo","sr":7,"cap":0,"pop":65386},"bbox":[-120.6586,35.2832,-120.6586,35.2832],"geometry":{"type":"Point","coordinates":[-120.6586,35.2832]}},{"type":"Feature","properties":{"name":"Merced","sr":7,"cap":0,"pop":96091},"bbox":[-120.4819,37.3026,-120.4819,37.3026],"geometry":{"type":"Point","coordinates":[-120.4819,37.3026]}},{"type":"Feature","properties":{"name":"Yuba City","sr":7,"cap":0,"pop":116217},"bbox":[-121.6158,39.141,-121.6158,39.141],"geometry":{"type":"Point","coordinates":[-121.6158,39.141]}},{"type":"Feature","properties":{"name":"Redding","sr":7,"cap":0,"pop":96058},"bbox":[-122.3906,40.587,-122.3906,40.587],"geometry":{"type":"Point","coordinates":[-122.3906,40.587]}},{"type":"Feature","properties":{"name":"Santa Rosa","sr":7,"cap":0,"pop":231792},"bbox":[-122.7,38.4504,-122.7,38.4504],"geometry":{"type":"Point","coordinates":[-122.7,38.4504]}},{"type":"Feature","properties":{"name":"Oceanside","sr":7,"cap":0,"pop":609854},"bbox":[-117.3458,33.1915,-117.3458,33.1915],"geometry":{"type":"Point","coordinates":[-117.3458,33.1915]}},{"type":"Feature","properties":{"name":"Modesto","sr":7,"cap":0,"pop":323386},"bbox":[-120.99,37.6554,-120.99,37.6554],"geometry":{"type":"Point","coordinates":[-120.99,37.6554]}},{"type":"Feature","properties":{"name":"Irvine","sr":7,"cap":0,"pop":3010232},"bbox":[-117.8299,33.6804,-117.8299,33.6804],"geometry":{"type":"Point","coordinates":[-117.8299,33.6804]}},{"type":"Feature","properties":{"name":"Ukiah","sr":7,"cap":0,"pop":27828},"bbox":[-123.2109,39.1542,-123.2109,39.1542],"geometry":{"type":"Point","coordinates":[-123.2109,39.1542]}},{"type":"Feature","properties":{"name":"Needles","sr":7,"cap":0,"pop":6974},"bbox":[-114.6134,34.8484,-114.6134,34.8484],"geometry":{"type":"Point","coordinates":[-114.6134,34.8484]}},{"type":"Feature","properties":{"name":"Bishop","sr":7,"cap":0,"pop":4827},"bbox":[-118.3941,37.364,-118.3941,37.364],"geometry":{"type":"Point","coordinates":[-118.3941,37.364]}},{"type":"Feature","properties":{"name":"Palm Springs","sr":7,"cap":0,"pop":390115},"bbox":[-116.5331,33.7774,-116.5331,33.7774],"geometry":{"type":"Point","coordinates":[-116.5331,33.7774]}},{"type":"Feature","properties":{"name":"Santa Maria","sr":7,"cap":0,"pop":110705},"bbox":[-120.4366,34.9401,-120.4366,34.9401],"geometry":{"type":"Point","coordinates":[-120.4366,34.9401]}},{"type":"Feature","properties":{"name":"Tulare","sr":7,"cap":0,"pop":55908},"bbox":[-119.3441,36.207,-119.3441,36.207],"geometry":{"type":"Point","coordinates":[-119.3441,36.207]}},{"type":"Feature","properties":{"name":"Mt. Shasta","sr":7,"cap":0,"pop":3855},"bbox":[-122.3094,41.3104,-122.3094,41.3104],"geometry":{"type":"Point","coordinates":[-122.3094,41.3104]}},{"type":"Feature","properties":{"name":"Crescent City","sr":7,"cap":0,"pop":11534},"bbox":[-124.2005,41.7565,-124.2005,41.7565],"geometry":{"type":"Point","coordinates":[-124.2005,41.7565]}},{"type":"Feature","properties":{"name":"Fort Collins","sr":7,"cap":0,"pop":228385},"bbox":[-105.0589,40.5607,-105.0589,40.5607],"geometry":{"type":"Point","coordinates":[-105.0589,40.5607]}},{"type":"Feature","properties":{"name":"Pueblo","sr":7,"cap":0,"pop":112195},"bbox":[-104.63,38.2804,-104.63,38.2804],"geometry":{"type":"Point","coordinates":[-104.63,38.2804]}},{"type":"Feature","properties":{"name":"Lamar","sr":7,"cap":0,"pop":8620},"bbox":[-102.6194,38.0865,-102.6194,38.0865],"geometry":{"type":"Point","coordinates":[-102.6194,38.0865]}},{"type":"Feature","properties":{"name":"Trinidad","sr":7,"cap":0,"pop":9156},"bbox":[-104.5064,37.1713,-104.5064,37.1713],"geometry":{"type":"Point","coordinates":[-104.5064,37.1713]}},{"type":"Feature","properties":{"name":"Gunnison","sr":7,"cap":0,"pop":7324},"bbox":[-106.9283,38.5448,-106.9283,38.5448],"geometry":{"type":"Point","coordinates":[-106.9283,38.5448]}},{"type":"Feature","properties":{"name":"Durango","sr":7,"cap":0,"pop":23233},"bbox":[-107.88,37.2756,-107.88,37.2756],"geometry":{"type":"Point","coordinates":[-107.88,37.2756]}},{"type":"Feature","properties":{"name":"Montrose","sr":7,"cap":0,"pop":21789},"bbox":[-107.8655,38.4773,-107.8655,38.4773],"geometry":{"type":"Point","coordinates":[-107.8655,38.4773]}},{"type":"Feature","properties":{"name":"Craig","sr":7,"cap":0,"pop":9391},"bbox":[-107.5504,40.5173,-107.5504,40.5173],"geometry":{"type":"Point","coordinates":[-107.5504,40.5173]}},{"type":"Feature","properties":{"name":"Boulder","sr":7,"cap":0,"pop":122274},"bbox":[-105.2445,40.0081,-105.2445,40.0081],"geometry":{"type":"Point","coordinates":[-105.2445,40.0081]}},{"type":"Feature","properties":{"name":"Boulder City","sr":7,"cap":0,"pop":15479},"bbox":[-114.8316,35.979,-114.8316,35.979],"geometry":{"type":"Point","coordinates":[-114.8316,35.979]}},{"type":"Feature","properties":{"name":"Winnemucca","sr":7,"cap":0,"pop":9666},"bbox":[-117.7347,40.9734,-117.7347,40.9734],"geometry":{"type":"Point","coordinates":[-117.7347,40.9734]}},{"type":"Feature","properties":{"name":"Roswell","sr":7,"cap":0,"pop":46096},"bbox":[-104.5225,33.3945,-104.5225,33.3945],"geometry":{"type":"Point","coordinates":[-104.5225,33.3945]}},{"type":"Feature","properties":{"name":"Clovis","sr":7,"cap":0,"pop":33792},"bbox":[-103.2048,34.4051,-103.2048,34.4051],"geometry":{"type":"Point","coordinates":[-103.2048,34.4051]}},{"type":"Feature","properties":{"name":"Las Cruces","sr":7,"cap":0,"pop":115167},"bbox":[-106.7778,32.3126,-106.7778,32.3126],"geometry":{"type":"Point","coordinates":[-106.7778,32.3126]}},{"type":"Feature","properties":{"name":"Hobbs","sr":7,"cap":0,"pop":28738},"bbox":[-103.1406,32.7126,-103.1406,32.7126],"geometry":{"type":"Point","coordinates":[-103.1406,32.7126]}},{"type":"Feature","properties":{"name":"Socorro","sr":7,"cap":0,"pop":8668},"bbox":[-106.899,34.0621,-106.899,34.0621],"geometry":{"type":"Point","coordinates":[-106.899,34.0621]}},{"type":"Feature","properties":{"name":"Gallup","sr":7,"cap":0,"pop":23800},"bbox":[-108.734,35.5241,-108.734,35.5241],"geometry":{"type":"Point","coordinates":[-108.734,35.5241]}},{"type":"Feature","properties":{"name":"Raton","sr":7,"cap":0,"pop":7073},"bbox":[-104.4399,36.8974,-104.4399,36.8974],"geometry":{"type":"Point","coordinates":[-104.4399,36.8974]}},{"type":"Feature","properties":{"name":"Tucumcari","sr":7,"cap":0,"pop":5313},"bbox":[-103.7255,35.1698,-103.7255,35.1698],"geometry":{"type":"Point","coordinates":[-103.7255,35.1698]}},{"type":"Feature","properties":{"name":"Roseburg","sr":7,"cap":0,"pop":30479},"bbox":[-123.3561,43.2184,-123.3561,43.2184],"geometry":{"type":"Point","coordinates":[-123.3561,43.2184]}},{"type":"Feature","properties":{"name":"Pendleton","sr":7,"cap":0,"pop":16799},"bbox":[-118.7875,45.6726,-118.7875,45.6726],"geometry":{"type":"Point","coordinates":[-118.7875,45.6726]}},{"type":"Feature","properties":{"name":"John Day","sr":7,"cap":0,"pop":1573},"bbox":[-118.952,44.4165,-118.952,44.4165],"geometry":{"type":"Point","coordinates":[-118.952,44.4165]}},{"type":"Feature","properties":{"name":"Grants Pass","sr":7,"cap":0,"pop":46189},"bbox":[-123.3272,42.4395,-123.3272,42.4395],"geometry":{"type":"Point","coordinates":[-123.3272,42.4395]}},{"type":"Feature","properties":{"name":"Corvallis","sr":7,"cap":0,"pop":59030},"bbox":[-123.28,44.5724,-123.28,44.5724],"geometry":{"type":"Point","coordinates":[-123.28,44.5724]}},{"type":"Feature","properties":{"name":"Albany","sr":7,"cap":0,"pop":51376},"bbox":[-123.0869,44.6205,-123.0869,44.6205],"geometry":{"type":"Point","coordinates":[-123.0869,44.6205]}},{"type":"Feature","properties":{"name":"Astoria","sr":7,"cap":0,"pop":10011},"bbox":[-123.83,46.1884,-123.83,46.1884],"geometry":{"type":"Point","coordinates":[-123.83,46.1884]}},{"type":"Feature","properties":{"name":"Logan","sr":7,"cap":0,"pop":72490},"bbox":[-111.8336,41.7359,-111.8336,41.7359],"geometry":{"type":"Point","coordinates":[-111.8336,41.7359]}},{"type":"Feature","properties":{"name":"Parowan","sr":7,"cap":0,"pop":2571},"bbox":[-112.8272,37.8425,-112.8272,37.8425],"geometry":{"type":"Point","coordinates":[-112.8272,37.8425]}},{"type":"Feature","properties":{"name":"Kanab","sr":7,"cap":0,"pop":3442},"bbox":[-112.5255,37.0474,-112.5255,37.0474],"geometry":{"type":"Point","coordinates":[-112.5255,37.0474]}},{"type":"Feature","properties":{"name":"Monticello","sr":7,"cap":0,"pop":1864},"bbox":[-109.3422,37.8718,-109.3422,37.8718],"geometry":{"type":"Point","coordinates":[-109.3422,37.8718]}},{"type":"Feature","properties":{"name":"Moab","sr":7,"cap":0,"pop":5730},"bbox":[-109.5492,38.5737,-109.5492,38.5737],"geometry":{"type":"Point","coordinates":[-109.5492,38.5737]}},{"type":"Feature","properties":{"name":"Price","sr":7,"cap":0,"pop":10281},"bbox":[-110.81,39.5998,-110.81,39.5998],"geometry":{"type":"Point","coordinates":[-110.81,39.5998]}},{"type":"Feature","properties":{"name":"Cedar City","sr":7,"cap":0,"pop":27738},"bbox":[-113.0611,37.6774,-113.0611,37.6774],"geometry":{"type":"Point","coordinates":[-113.0611,37.6774]}},{"type":"Feature","properties":{"name":"Vernal","sr":7,"cap":0,"pop":14353},"bbox":[-109.528,40.4554,-109.528,40.4554],"geometry":{"type":"Point","coordinates":[-109.528,40.4554]}},{"type":"Feature","properties":{"name":"Ogden","sr":7,"cap":0,"pop":377224},"bbox":[-111.968,41.2324,-111.968,41.2324],"geometry":{"type":"Point","coordinates":[-111.968,41.2324]}},{"type":"Feature","properties":{"name":"Green River","sr":7,"cap":0,"pop":11358},"bbox":[-109.465,41.5146,-109.465,41.5146],"geometry":{"type":"Point","coordinates":[-109.465,41.5146]}},{"type":"Feature","properties":{"name":"Rawlins","sr":7,"cap":0,"pop":8533},"bbox":[-107.2343,41.7907,-107.2343,41.7907],"geometry":{"type":"Point","coordinates":[-107.2343,41.7907]}},{"type":"Feature","properties":{"name":"Douglas","sr":7,"cap":0,"pop":6298},"bbox":[-105.3845,42.7565,-105.3845,42.7565],"geometry":{"type":"Point","coordinates":[-105.3845,42.7565]}},{"type":"Feature","properties":{"name":"Riverton","sr":7,"cap":0,"pop":11508},"bbox":[-108.395,43.0282,-108.395,43.0282],"geometry":{"type":"Point","coordinates":[-108.395,43.0282]}},{"type":"Feature","properties":{"name":"Thermopolis","sr":7,"cap":0,"pop":3445},"bbox":[-108.2147,43.646,-108.2147,43.646],"geometry":{"type":"Point","coordinates":[-108.2147,43.646]}},{"type":"Feature","properties":{"name":"Gillette","sr":7,"cap":0,"pop":29113},"bbox":[-105.5053,44.2832,-105.5053,44.2832],"geometry":{"type":"Point","coordinates":[-105.5053,44.2832]}},{"type":"Feature","properties":{"name":"Jonesboro","sr":7,"cap":0,"pop":58619},"bbox":[-90.7042,35.8426,-90.7042,35.8426],"geometry":{"type":"Point","coordinates":[-90.7042,35.8426]}},{"type":"Feature","properties":{"name":"Texarkana","sr":7,"cap":0,"pop":74414},"bbox":[-94.0375,33.4421,-94.0375,33.4421],"geometry":{"type":"Point","coordinates":[-94.0375,33.4421]}},{"type":"Feature","properties":{"name":"Pine Bluff","sr":7,"cap":0,"pop":53217},"bbox":[-92.0031,34.2287,-92.0031,34.2287],"geometry":{"type":"Point","coordinates":[-92.0031,34.2287]}},{"type":"Feature","properties":{"name":"Hot Springs","sr":7,"cap":0,"pop":44182},"bbox":[-93.055,34.504,-93.055,34.504],"geometry":{"type":"Point","coordinates":[-93.055,34.504]}},{"type":"Feature","properties":{"name":"Fort Smith","sr":7,"cap":0,"pop":93988},"bbox":[-94.3984,35.3862,-94.3984,35.3862],"geometry":{"type":"Point","coordinates":[-94.3984,35.3862]}},{"type":"Feature","properties":{"name":"Fayetteville","sr":7,"cap":0,"pop":151671},"bbox":[-94.1572,36.063,-94.1572,36.063],"geometry":{"type":"Point","coordinates":[-94.1572,36.063]}},{"type":"Feature","properties":{"name":"Conway","sr":7,"cap":0,"pop":61995},"bbox":[-92.4513,35.0913,-92.4513,35.0913],"geometry":{"type":"Point","coordinates":[-92.4513,35.0913]}},{"type":"Feature","properties":{"name":"El Dorado","sr":7,"cap":0,"pop":22416},"bbox":[-92.6625,33.2139,-92.6625,33.2139],"geometry":{"type":"Point","coordinates":[-92.6625,33.2139]}},{"type":"Feature","properties":{"name":"Davenport","sr":7,"cap":0,"pop":255738},"bbox":[-90.5875,41.554,-90.5875,41.554],"geometry":{"type":"Point","coordinates":[-90.5875,41.554]}},{"type":"Feature","properties":{"name":"Burlington","sr":7,"cap":0,"pop":29773},"bbox":[-91.1128,40.8079,-91.1128,40.8079],"geometry":{"type":"Point","coordinates":[-91.1128,40.8079]}},{"type":"Feature","properties":{"name":"Dubuque","sr":7,"cap":0,"pop":62483},"bbox":[-90.6645,42.5009,-90.6645,42.5009],"geometry":{"type":"Point","coordinates":[-90.6645,42.5009]}},{"type":"Feature","properties":{"name":"Waterloo","sr":7,"cap":0,"pop":98347},"bbox":[-92.3428,42.4932,-92.3428,42.4932],"geometry":{"type":"Point","coordinates":[-92.3428,42.4932]}},{"type":"Feature","properties":{"name":"Sioux City","sr":7,"cap":0,"pop":90932},"bbox":[-96.4,42.5004,-96.4,42.5004],"geometry":{"type":"Point","coordinates":[-96.4,42.5004]}},{"type":"Feature","properties":{"name":"Council Bluffs","sr":7,"cap":0,"pop":101805},"bbox":[-95.8608,41.2623,-95.8608,41.2623],"geometry":{"type":"Point","coordinates":[-95.8608,41.2623]}},{"type":"Feature","properties":{"name":"Ames","sr":7,"cap":0,"pop":57104},"bbox":[-93.6231,42.0187,-93.6231,42.0187],"geometry":{"type":"Point","coordinates":[-93.6231,42.0187]}},{"type":"Feature","properties":{"name":"Mason City","sr":7,"cap":0,"pop":27802},"bbox":[-93.2008,43.154,-93.2008,43.154],"geometry":{"type":"Point","coordinates":[-93.2008,43.154]}},{"type":"Feature","properties":{"name":"Emporia","sr":7,"cap":0,"pop":29048},"bbox":[-96.1814,38.4042,-96.1814,38.4042],"geometry":{"type":"Point","coordinates":[-96.1814,38.4042]}},{"type":"Feature","properties":{"name":"Salina","sr":7,"cap":0,"pop":48031},"bbox":[-97.6072,38.8247,-97.6072,38.8247],"geometry":{"type":"Point","coordinates":[-97.6072,38.8247]}},{"type":"Feature","properties":{"name":"Dodge City","sr":7,"cap":0,"pop":25932},"bbox":[-100.0182,37.7601,-100.0182,37.7601],"geometry":{"type":"Point","coordinates":[-100.0182,37.7601]}},{"type":"Feature","properties":{"name":"Coffeyville","sr":7,"cap":0,"pop":11760},"bbox":[-95.6263,37.0381,-95.6263,37.0381],"geometry":{"type":"Point","coordinates":[-95.6263,37.0381]}},{"type":"Feature","properties":{"name":"St. Charles","sr":7,"cap":0,"pop":360485},"bbox":[-90.5062,38.7843,-90.5062,38.7843],"geometry":{"type":"Point","coordinates":[-90.5062,38.7843]}},{"type":"Feature","properties":{"name":"Poplar Bluff","sr":7,"cap":0,"pop":20662},"bbox":[-90.4027,36.7602,-90.4027,36.7602],"geometry":{"type":"Point","coordinates":[-90.4027,36.7602]}},{"type":"Feature","properties":{"name":"Joplin","sr":7,"cap":0,"pop":73763},"bbox":[-94.5131,37.0846,-94.5131,37.0846],"geometry":{"type":"Point","coordinates":[-94.5131,37.0846]}},{"type":"Feature","properties":{"name":"Columbia","sr":7,"cap":0,"pop":398093},"bbox":[-92.3339,38.9521,-92.3339,38.9521],"geometry":{"type":"Point","coordinates":[-92.3339,38.9521]}},{"type":"Feature","properties":{"name":"St. Joseph","sr":7,"cap":0,"pop":78012},"bbox":[-94.8464,39.769,-94.8464,39.769],"geometry":{"type":"Point","coordinates":[-94.8464,39.769]}},{"type":"Feature","properties":{"name":"McCook","sr":7,"cap":0,"pop":8012},"bbox":[-100.6262,40.2056,-100.6262,40.2056],"geometry":{"type":"Point","coordinates":[-100.6262,40.2056]}},{"type":"Feature","properties":{"name":"Norfolk","sr":7,"cap":0,"pop":25030},"bbox":[-97.4336,42.0287,-97.4336,42.0287],"geometry":{"type":"Point","coordinates":[-97.4336,42.0287]}},{"type":"Feature","properties":{"name":"North Platte","sr":7,"cap":0,"pop":25247},"bbox":[-100.7705,41.1363,-100.7705,41.1363],"geometry":{"type":"Point","coordinates":[-100.7705,41.1363]}},{"type":"Feature","properties":{"name":"Sidney","sr":7,"cap":0,"pop":6492},"bbox":[-102.9783,41.1398,-102.9783,41.1398],"geometry":{"type":"Point","coordinates":[-102.9783,41.1398]}},{"type":"Feature","properties":{"name":"Scottsbluff","sr":7,"cap":0,"pop":25475},"bbox":[-103.6607,41.8675,-103.6607,41.8675],"geometry":{"type":"Point","coordinates":[-103.6607,41.8675]}},{"type":"Feature","properties":{"name":"Chadron","sr":7,"cap":0,"pop":5798},"bbox":[-103.0031,42.8279,-103.0031,42.8279],"geometry":{"type":"Point","coordinates":[-103.0031,42.8279]}},{"type":"Feature","properties":{"name":"Lawton","sr":7,"cap":0,"pop":91752},"bbox":[-98.41,34.599,-98.41,34.599],"geometry":{"type":"Point","coordinates":[-98.41,34.599]}},{"type":"Feature","properties":{"name":"Norman","sr":7,"cap":0,"pop":113525},"bbox":[-97.442,35.2205,-97.442,35.2205],"geometry":{"type":"Point","coordinates":[-97.442,35.2205]}},{"type":"Feature","properties":{"name":"Muskogee","sr":7,"cap":0,"pop":39295},"bbox":[-95.3694,35.7482,-95.3694,35.7482],"geometry":{"type":"Point","coordinates":[-95.3694,35.7482]}},{"type":"Feature","properties":{"name":"Ponca City","sr":7,"cap":0,"pop":25273},"bbox":[-97.0853,36.7074,-97.0853,36.7074],"geometry":{"type":"Point","coordinates":[-97.0853,36.7074]}},{"type":"Feature","properties":{"name":"Shawnee","sr":7,"cap":0,"pop":29628},"bbox":[-96.9338,35.3428,-96.9338,35.3428],"geometry":{"type":"Point","coordinates":[-96.9338,35.3428]}},{"type":"Feature","properties":{"name":"Woodward","sr":7,"cap":0,"pop":12931},"bbox":[-99.3977,36.4334,-99.3977,36.4334],"geometry":{"type":"Point","coordinates":[-99.3977,36.4334]}},{"type":"Feature","properties":{"name":"Guymon","sr":7,"cap":0,"pop":11178},"bbox":[-101.4795,36.6858,-101.4795,36.6858],"geometry":{"type":"Point","coordinates":[-101.4795,36.6858]}},{"type":"Feature","properties":{"name":"Yankton","sr":7,"cap":0,"pop":15580},"bbox":[-97.3925,42.882,-97.3925,42.882],"geometry":{"type":"Point","coordinates":[-97.3925,42.882]}},{"type":"Feature","properties":{"name":"Brookings","sr":7,"cap":0,"pop":22411},"bbox":[-96.788,44.3068,-96.788,44.3068],"geometry":{"type":"Point","coordinates":[-96.788,44.3068]}},{"type":"Feature","properties":{"name":"Mitchell","sr":7,"cap":0,"pop":15205},"bbox":[-98.0262,43.7143,-98.0262,43.7143],"geometry":{"type":"Point","coordinates":[-98.0262,43.7143]}},{"type":"Feature","properties":{"name":"Aberdeen","sr":7,"cap":0,"pop":26041},"bbox":[-98.4864,45.4651,-98.4864,45.4651],"geometry":{"type":"Point","coordinates":[-98.4864,45.4651]}},{"type":"Feature","properties":{"name":"Mobridge","sr":7,"cap":0,"pop":3156},"bbox":[-100.4347,45.5401,-100.4347,45.5401],"geometry":{"type":"Point","coordinates":[-100.4347,45.5401]}},{"type":"Feature","properties":{"name":"Houma","sr":7,"cap":0,"pop":64592},"bbox":[-90.7195,29.5959,-90.7195,29.5959],"geometry":{"type":"Point","coordinates":[-90.7195,29.5959]}},{"type":"Feature","properties":{"name":"Monroe","sr":7,"cap":0,"pop":101724},"bbox":[-92.1192,32.5096,-92.1192,32.5096],"geometry":{"type":"Point","coordinates":[-92.1192,32.5096]}},{"type":"Feature","properties":{"name":"Conroe","sr":7,"cap":0,"pop":41643},"bbox":[-95.4559,30.3121,-95.4559,30.3121],"geometry":{"type":"Point","coordinates":[-95.4559,30.3121]}},{"type":"Feature","properties":{"name":"Nacogdoches","sr":7,"cap":0,"pop":30691},"bbox":[-94.6553,31.6037,-94.6553,31.6037],"geometry":{"type":"Point","coordinates":[-94.6553,31.6037]}},{"type":"Feature","properties":{"name":"Eagle Pass","sr":7,"cap":0,"pop":53276},"bbox":[-100.4893,28.711,-100.4893,28.711],"geometry":{"type":"Point","coordinates":[-100.4893,28.711]}},{"type":"Feature","properties":{"name":"Edinburg","sr":7,"cap":0,"pop":150000},"bbox":[-98.16,26.3032,-98.16,26.3032],"geometry":{"type":"Point","coordinates":[-98.16,26.3032]}},{"type":"Feature","properties":{"name":"Kingsville","sr":7,"cap":0,"pop":25264},"bbox":[-97.8558,27.516,-97.8558,27.516],"geometry":{"type":"Point","coordinates":[-97.8558,27.516]}},{"type":"Feature","properties":{"name":"Port Arthur","sr":7,"cap":0,"pop":56945},"bbox":[-93.9286,29.899,-93.9286,29.899],"geometry":{"type":"Point","coordinates":[-93.9286,29.899]}},{"type":"Feature","properties":{"name":"Huntsville","sr":7,"cap":0,"pop":35590},"bbox":[-95.5506,30.7238,-95.5506,30.7238],"geometry":{"type":"Point","coordinates":[-95.5506,30.7238]}},{"type":"Feature","properties":{"name":"Killeen","sr":7,"cap":0,"pop":137919},"bbox":[-97.7275,31.1173,-97.7275,31.1173],"geometry":{"type":"Point","coordinates":[-97.7275,31.1173]}},{"type":"Feature","properties":{"name":"Lufkin","sr":7,"cap":0,"pop":43264},"bbox":[-94.7289,31.3384,-94.7289,31.3384],"geometry":{"type":"Point","coordinates":[-94.7289,31.3384]}},{"type":"Feature","properties":{"name":"Del Rio","sr":7,"cap":0,"pop":36068},"bbox":[-100.8964,29.3629,-100.8964,29.3629],"geometry":{"type":"Point","coordinates":[-100.8964,29.3629]}},{"type":"Feature","properties":{"name":"San Angelo","sr":7,"cap":0,"pop":88256},"bbox":[-100.4367,31.464,-100.4367,31.464],"geometry":{"type":"Point","coordinates":[-100.4367,31.464]}},{"type":"Feature","properties":{"name":"Sherman","sr":7,"cap":0,"pop":40284},"bbox":[-96.6086,33.636,-96.6086,33.636],"geometry":{"type":"Point","coordinates":[-96.6086,33.636]}},{"type":"Feature","properties":{"name":"Beaumont","sr":7,"cap":0,"pop":111485},"bbox":[-94.1017,30.0863,-94.1017,30.0863],"geometry":{"type":"Point","coordinates":[-94.1017,30.0863]}},{"type":"Feature","properties":{"name":"Bay City","sr":7,"cap":0,"pop":18663},"bbox":[-95.9644,28.9811,-95.9644,28.9811],"geometry":{"type":"Point","coordinates":[-95.9644,28.9811]}},{"type":"Feature","properties":{"name":"Port Lavaca","sr":7,"cap":0,"pop":11743},"bbox":[-96.6297,28.616,-96.6297,28.616],"geometry":{"type":"Point","coordinates":[-96.6297,28.616]}},{"type":"Feature","properties":{"name":"Falfurrias","sr":7,"cap":0,"pop":5349},"bbox":[-98.1449,27.2269,-98.1449,27.2269],"geometry":{"type":"Point","coordinates":[-98.1449,27.2269]}},{"type":"Feature","properties":{"name":"Beeville","sr":7,"cap":0,"pop":13004},"bbox":[-97.7508,28.406,-97.7508,28.406],"geometry":{"type":"Point","coordinates":[-97.7508,28.406]}},{"type":"Feature","properties":{"name":"Fort Stockton","sr":7,"cap":0,"pop":7721},"bbox":[-102.885,30.8917,-102.885,30.8917],"geometry":{"type":"Point","coordinates":[-102.885,30.8917]}},{"type":"Feature","properties":{"name":"Pecos","sr":7,"cap":0,"pop":8372},"bbox":[-103.4999,31.4158,-103.4999,31.4158],"geometry":{"type":"Point","coordinates":[-103.4999,31.4158]}},{"type":"Feature","properties":{"name":"Dumas","sr":7,"cap":0,"pop":13629},"bbox":[-101.9669,35.8624,-101.9669,35.8624],"geometry":{"type":"Point","coordinates":[-101.9669,35.8624]}},{"type":"Feature","properties":{"name":"Denton","sr":7,"cap":0,"pop":176930},"bbox":[-97.1288,33.2158,-97.1288,33.2158],"geometry":{"type":"Point","coordinates":[-97.1288,33.2158]}},{"type":"Feature","properties":{"name":"Midland","sr":7,"cap":0,"pop":98501},"bbox":[-102.0975,32.0307,-102.0975,32.0307],"geometry":{"type":"Point","coordinates":[-102.0975,32.0307]}},{"type":"Feature","properties":{"name":"Temple","sr":7,"cap":0,"pop":61161},"bbox":[-97.363,31.1021,-97.363,31.1021],"geometry":{"type":"Point","coordinates":[-97.363,31.1021]}},{"type":"Feature","properties":{"name":"Trujillo","sr":7,"cap":0,"pop":50353},"bbox":[-70.44,9.3804,-70.44,9.3804],"geometry":{"type":"Point","coordinates":[-70.44,9.3804]}},{"type":"Feature","properties":{"name":"Santa Rita","sr":7,"cap":0,"pop":31810},"bbox":[-71.5039,10.5318,-71.5039,10.5318],"geometry":{"type":"Point","coordinates":[-71.5039,10.5318]}},{"type":"Feature","properties":{"name":"Machiques","sr":7,"cap":0,"pop":62968},"bbox":[-72.5499,10.0704,-72.5499,10.0704],"geometry":{"type":"Point","coordinates":[-72.5499,10.0704]}},{"type":"Feature","properties":{"name":"San Carlos del Zulia","sr":7,"cap":0,"pop":97288},"bbox":[-71.92,9.0104,-71.92,9.0104],"geometry":{"type":"Point","coordinates":[-71.92,9.0104]}},{"type":"Feature","properties":{"name":"Puerto Cabello","sr":7,"cap":0,"pop":174000},"bbox":[-68.0065,10.4597,-68.0065,10.4597],"geometry":{"type":"Point","coordinates":[-68.0065,10.4597]}},{"type":"Feature","properties":{"name":"Acarigua","sr":7,"cap":0,"pop":260921},"bbox":[-69.2,9.5804,-69.2,9.5804],"geometry":{"type":"Point","coordinates":[-69.2,9.5804]}},{"type":"Feature","properties":{"name":"New Haven","sr":7,"cap":0,"pop":846766},"bbox":[-72.9,41.3304,-72.9,41.3304],"geometry":{"type":"Point","coordinates":[-72.9,41.3304]}},{"type":"Feature","properties":{"name":"Lowell","sr":7,"cap":0,"pop":723629},"bbox":[-71.3167,42.6337,-71.3167,42.6337],"geometry":{"type":"Point","coordinates":[-71.3167,42.6337]}},{"type":"Feature","properties":{"name":"Worcester","sr":7,"cap":0,"pop":287365},"bbox":[-71.8,42.2704,-71.8,42.2704],"geometry":{"type":"Point","coordinates":[-71.8,42.2704]}},{"type":"Feature","properties":{"name":"Manchester","sr":7,"cap":0,"pop":196566},"bbox":[-71.4553,42.996,-71.4553,42.996],"geometry":{"type":"Point","coordinates":[-71.4553,42.996]}},{"type":"Feature","properties":{"name":"Newport","sr":7,"cap":0,"pop":45968},"bbox":[-71.3134,41.4904,-71.3134,41.4904],"geometry":{"type":"Point","coordinates":[-71.3134,41.4904]}},{"type":"Feature","properties":{"name":"Dothan","sr":7,"cap":0,"pop":61741},"bbox":[-85.3906,31.2235,-85.3906,31.2235],"geometry":{"type":"Point","coordinates":[-85.3906,31.2235]}},{"type":"Feature","properties":{"name":"Tuscaloosa","sr":7,"cap":0,"pop":121373},"bbox":[-87.5442,33.2251,-87.5442,33.2251],"geometry":{"type":"Point","coordinates":[-87.5442,33.2251]}},{"type":"Feature","properties":{"name":"Gadsden","sr":7,"cap":0,"pop":41709},"bbox":[-86.0066,34.0145,-86.0066,34.0145],"geometry":{"type":"Point","coordinates":[-86.0066,34.0145]}},{"type":"Feature","properties":{"name":"Enterprise","sr":7,"cap":0,"pop":24205},"bbox":[-85.844,31.3278,-85.844,31.3278],"geometry":{"type":"Point","coordinates":[-85.844,31.3278]}},{"type":"Feature","properties":{"name":"Selma","sr":7,"cap":0,"pop":20126},"bbox":[-87.0212,32.4076,-87.0212,32.4076],"geometry":{"type":"Point","coordinates":[-87.0212,32.4076]}},{"type":"Feature","properties":{"name":"Coral Gables","sr":7,"cap":0,"pop":150000},"bbox":[-80.2911,25.7154,-80.2911,25.7154],"geometry":{"type":"Point","coordinates":[-80.2911,25.7154]}},{"type":"Feature","properties":{"name":"Cape Coral","sr":7,"cap":0,"pop":132489},"bbox":[-81.9797,26.6029,-81.9797,26.6029],"geometry":{"type":"Point","coordinates":[-81.9797,26.6029]}},{"type":"Feature","properties":{"name":"Naples","sr":7,"cap":0,"pop":262306},"bbox":[-81.795,26.1421,-81.795,26.1421],"geometry":{"type":"Point","coordinates":[-81.795,26.1421]}},{"type":"Feature","properties":{"name":"Fort Pierce","sr":7,"cap":0,"pop":228245},"bbox":[-80.3258,27.4468,-80.3258,27.4468],"geometry":{"type":"Point","coordinates":[-80.3258,27.4468]}},{"type":"Feature","properties":{"name":"Kissimmee","sr":7,"cap":0,"pop":225494},"bbox":[-81.4078,28.2921,-81.4078,28.2921],"geometry":{"type":"Point","coordinates":[-81.4078,28.2921]}},{"type":"Feature","properties":{"name":"Titusville","sr":7,"cap":0,"pop":52311},"bbox":[-80.8078,28.6123,-80.8078,28.6123],"geometry":{"type":"Point","coordinates":[-80.8078,28.6123]}},{"type":"Feature","properties":{"name":"St. Augustine","sr":7,"cap":0,"pop":76331},"bbox":[-81.3147,29.8949,-81.3147,29.8949],"geometry":{"type":"Point","coordinates":[-81.3147,29.8949]}},{"type":"Feature","properties":{"name":"Ocala","sr":7,"cap":0,"pop":141382},"bbox":[-82.1403,29.1874,-82.1403,29.1874],"geometry":{"type":"Point","coordinates":[-82.1403,29.1874]}},{"type":"Feature","properties":{"name":"Fort Lauderdale","sr":7,"cap":0,"pop":2042042},"bbox":[-80.1418,26.1361,-80.1418,26.1361],"geometry":{"type":"Point","coordinates":[-80.1418,26.1361]}},{"type":"Feature","properties":{"name":"Apalachicola","sr":7,"cap":0,"pop":2284},"bbox":[-84.9925,29.7256,-84.9925,29.7256],"geometry":{"type":"Point","coordinates":[-84.9925,29.7256]}},{"type":"Feature","properties":{"name":"Vero Beach","sr":7,"cap":0,"pop":86039},"bbox":[-80.3911,27.6423,-80.3911,27.6423],"geometry":{"type":"Point","coordinates":[-80.3911,27.6423]}},{"type":"Feature","properties":{"name":"Valdosta","sr":7,"cap":0,"pop":61179},"bbox":[-83.2786,30.8329,-83.2786,30.8329],"geometry":{"type":"Point","coordinates":[-83.2786,30.8329]}},{"type":"Feature","properties":{"name":"Albany","sr":7,"cap":0,"pop":88766},"bbox":[-84.1558,31.5787,-84.1558,31.5787],"geometry":{"type":"Point","coordinates":[-84.1558,31.5787]}},{"type":"Feature","properties":{"name":"Athens","sr":7,"cap":0,"pop":110301},"bbox":[-83.378,33.9613,-83.378,33.9613],"geometry":{"type":"Point","coordinates":[-83.378,33.9613]}},{"type":"Feature","properties":{"name":"Macon","sr":7,"cap":0,"pop":115592},"bbox":[-83.63,32.8504,-83.63,32.8504],"geometry":{"type":"Point","coordinates":[-83.63,32.8504]}},{"type":"Feature","properties":{"name":"Columbus","sr":7,"cap":0,"pop":217980},"bbox":[-84.98,32.4704,-84.98,32.4704],"geometry":{"type":"Point","coordinates":[-84.98,32.4704]}},{"type":"Feature","properties":{"name":"Douglas","sr":7,"cap":0,"pop":13441},"bbox":[-82.8507,31.5078,-82.8507,31.5078],"geometry":{"type":"Point","coordinates":[-82.8507,31.5078]}},{"type":"Feature","properties":{"name":"Dublin","sr":7,"cap":0,"pop":22623},"bbox":[-82.9183,32.5375,-82.9183,32.5375],"geometry":{"type":"Point","coordinates":[-82.9183,32.5375]}},{"type":"Feature","properties":{"name":"Gulfport","sr":7,"cap":0,"pop":82165},"bbox":[-89.0928,30.3676,-89.0928,30.3676],"geometry":{"type":"Point","coordinates":[-89.0928,30.3676]}},{"type":"Feature","properties":{"name":"Hattiesburg","sr":7,"cap":0,"pop":58874},"bbox":[-89.2902,31.3273,-89.2902,31.3273],"geometry":{"type":"Point","coordinates":[-89.2902,31.3273]}},{"type":"Feature","properties":{"name":"Tupelo","sr":7,"cap":0,"pop":35956},"bbox":[-88.7033,34.2579,-88.7033,34.2579],"geometry":{"type":"Point","coordinates":[-88.7033,34.2579]}},{"type":"Feature","properties":{"name":"Greenville","sr":7,"cap":0,"pop":38107},"bbox":[-91.0617,33.4104,-91.0617,33.4104],"geometry":{"type":"Point","coordinates":[-91.0617,33.4104]}},{"type":"Feature","properties":{"name":"Natchez","sr":7,"cap":0,"pop":23863},"bbox":[-91.3875,31.5548,-91.3875,31.5548],"geometry":{"type":"Point","coordinates":[-91.3875,31.5548]}},{"type":"Feature","properties":{"name":"Florence","sr":7,"cap":0,"pop":57438},"bbox":[-79.7628,34.1957,-79.7628,34.1957],"geometry":{"type":"Point","coordinates":[-79.7628,34.1957]}},{"type":"Feature","properties":{"name":"Greenville","sr":7,"cap":0,"pop":350954},"bbox":[-82.3942,34.8529,-82.3942,34.8529],"geometry":{"type":"Point","coordinates":[-82.3942,34.8529]}},{"type":"Feature","properties":{"name":"Sumter","sr":7,"cap":0,"pop":50868},"bbox":[-80.3417,33.9207,-80.3417,33.9207],"geometry":{"type":"Point","coordinates":[-80.3417,33.9207]}},{"type":"Feature","properties":{"name":"Anderson","sr":7,"cap":0,"pop":61558},"bbox":[-82.6503,34.5037,-82.6503,34.5037],"geometry":{"type":"Point","coordinates":[-82.6503,34.5037]}},{"type":"Feature","properties":{"name":"Aiken","sr":7,"cap":0,"pop":46196},"bbox":[-81.7206,33.5495,-81.7206,33.5495],"geometry":{"type":"Point","coordinates":[-81.7206,33.5495]}},{"type":"Feature","properties":{"name":"Beaufort","sr":7,"cap":0,"pop":31626},"bbox":[-80.6895,32.4322,-80.6895,32.4322],"geometry":{"type":"Point","coordinates":[-80.6895,32.4322]}},{"type":"Feature","properties":{"name":"Rock Hill","sr":7,"cap":0,"pop":94564},"bbox":[-81.03,34.9404,-81.03,34.9404],"geometry":{"type":"Point","coordinates":[-81.03,34.9404]}},{"type":"Feature","properties":{"name":"Decatur","sr":7,"cap":0,"pop":77868},"bbox":[-88.9547,39.8407,-88.9547,39.8407],"geometry":{"type":"Point","coordinates":[-88.9547,39.8407]}},{"type":"Feature","properties":{"name":"Alton","sr":7,"cap":0,"pop":84276},"bbox":[-90.1842,38.891,-90.1842,38.891],"geometry":{"type":"Point","coordinates":[-90.1842,38.891]}},{"type":"Feature","properties":{"name":"Quincy","sr":7,"cap":0,"pop":47108},"bbox":[-91.4097,39.936,-91.4097,39.936],"geometry":{"type":"Point","coordinates":[-91.4097,39.936]}},{"type":"Feature","properties":{"name":"Urbana","sr":7,"cap":0,"pop":144074},"bbox":[-88.2042,40.11,-88.2042,40.11],"geometry":{"type":"Point","coordinates":[-88.2042,40.11]}},{"type":"Feature","properties":{"name":"Bloomington","sr":7,"cap":0,"pop":128979},"bbox":[-88.9936,40.4846,-88.9936,40.4846],"geometry":{"type":"Point","coordinates":[-88.9936,40.4846]}},{"type":"Feature","properties":{"name":"Kankakee","sr":7,"cap":0,"pop":69608},"bbox":[-87.8611,41.1204,-87.8611,41.1204],"geometry":{"type":"Point","coordinates":[-87.8611,41.1204]}},{"type":"Feature","properties":{"name":"Waukegan","sr":7,"cap":0,"pop":200000},"bbox":[-87.8447,42.364,-87.8447,42.364],"geometry":{"type":"Point","coordinates":[-87.8447,42.364]}},{"type":"Feature","properties":{"name":"Aurora","sr":7,"cap":0,"pop":350000},"bbox":[-88.3,41.7654,-88.3,41.7654],"geometry":{"type":"Point","coordinates":[-88.3,41.7654]}},{"type":"Feature","properties":{"name":"Carbondale","sr":7,"cap":0,"pop":32444},"bbox":[-89.2202,37.7268,-89.2202,37.7268],"geometry":{"type":"Point","coordinates":[-89.2202,37.7268]}},{"type":"Feature","properties":{"name":"Belleville","sr":7,"cap":0,"pop":143900},"bbox":[-90.0002,38.5252,-90.0002,38.5252],"geometry":{"type":"Point","coordinates":[-90.0002,38.5252]}},{"type":"Feature","properties":{"name":"Bloomington","sr":7,"cap":0,"pop":100310},"bbox":[-86.5264,39.1657,-86.5264,39.1657],"geometry":{"type":"Point","coordinates":[-86.5264,39.1657]}},{"type":"Feature","properties":{"name":"Muncie","sr":7,"cap":0,"pop":85449},"bbox":[-85.3864,40.1938,-85.3864,40.1938],"geometry":{"type":"Point","coordinates":[-85.3864,40.1938]}},{"type":"Feature","properties":{"name":"Kokomo","sr":7,"cap":0,"pop":61121},"bbox":[-86.1336,40.4868,-86.1336,40.4868],"geometry":{"type":"Point","coordinates":[-86.1336,40.4868]}},{"type":"Feature","properties":{"name":"Gary","sr":7,"cap":0,"pop":591180},"bbox":[-87.33,41.5804,-87.33,41.5804],"geometry":{"type":"Point","coordinates":[-87.33,41.5804]}},{"type":"Feature","properties":{"name":"Fort Wayne","sr":7,"cap":0,"pop":299871},"bbox":[-85.13,41.0804,-85.13,41.0804],"geometry":{"type":"Point","coordinates":[-85.13,41.0804]}},{"type":"Feature","properties":{"name":"Covington","sr":7,"cap":0,"pop":585489},"bbox":[-84.5086,39.084,-84.5086,39.084],"geometry":{"type":"Point","coordinates":[-84.5086,39.084]}},{"type":"Feature","properties":{"name":"Bowling Green","sr":7,"cap":0,"pop":71140},"bbox":[-86.4436,36.9907,-86.4436,36.9907],"geometry":{"type":"Point","coordinates":[-86.4436,36.9907]}},{"type":"Feature","properties":{"name":"Paducah","sr":7,"cap":0,"pop":41317},"bbox":[-88.6,37.0837,-88.6,37.0837],"geometry":{"type":"Point","coordinates":[-88.6,37.0837]}},{"type":"Feature","properties":{"name":"Owensboro","sr":7,"cap":0,"pop":67825},"bbox":[-87.1133,37.7746,-87.1133,37.7746],"geometry":{"type":"Point","coordinates":[-87.1133,37.7746]}},{"type":"Feature","properties":{"name":"Jacksonville","sr":7,"cap":0,"pop":77288},"bbox":[-77.4306,34.7543,-77.4306,34.7543],"geometry":{"type":"Point","coordinates":[-77.4306,34.7543]}},{"type":"Feature","properties":{"name":"Goldsboro","sr":7,"cap":0,"pop":47602},"bbox":[-77.9931,35.3851,-77.9931,35.3851],"geometry":{"type":"Point","coordinates":[-77.9931,35.3851]}},{"type":"Feature","properties":{"name":"Greenville","sr":7,"cap":0,"pop":92565},"bbox":[-77.3667,35.6129,-77.3667,35.6129],"geometry":{"type":"Point","coordinates":[-77.3667,35.6129]}},{"type":"Feature","properties":{"name":"Fayetteville","sr":7,"cap":0,"pop":243306},"bbox":[-78.887,35.0511,-78.887,35.0511],"geometry":{"type":"Point","coordinates":[-78.887,35.0511]}},{"type":"Feature","properties":{"name":"Hickory","sr":7,"cap":0,"pop":89462},"bbox":[-81.3414,35.7335,-81.3414,35.7335],"geometry":{"type":"Point","coordinates":[-81.3414,35.7335]}},{"type":"Feature","properties":{"name":"Asheville","sr":7,"cap":0,"pop":142755},"bbox":[-82.5541,35.6012,-82.5541,35.6012],"geometry":{"type":"Point","coordinates":[-82.5541,35.6012]}},{"type":"Feature","properties":{"name":"Winston-Salem","sr":7,"cap":0,"pop":281683},"bbox":[-80.26,36.1054,-80.26,36.1054],"geometry":{"type":"Point","coordinates":[-80.26,36.1054]}},{"type":"Feature","properties":{"name":"Kitty Hawk","sr":7,"cap":0,"pop":3413},"bbox":[-75.7047,36.0773,-75.7047,36.0773],"geometry":{"type":"Point","coordinates":[-75.7047,36.0773]}},{"type":"Feature","properties":{"name":"Akron","sr":7,"cap":0,"pop":703200},"bbox":[-81.52,41.0704,-81.52,41.0704],"geometry":{"type":"Point","coordinates":[-81.52,41.0704]}},{"type":"Feature","properties":{"name":"Lima","sr":7,"cap":0,"pop":68364},"bbox":[-84.1053,40.7429,-84.1053,40.7429],"geometry":{"type":"Point","coordinates":[-84.1053,40.7429]}},{"type":"Feature","properties":{"name":"Oak Ridge","sr":7,"cap":0,"pop":33556},"bbox":[-84.2697,36.0107,-84.2697,36.0107],"geometry":{"type":"Point","coordinates":[-84.2697,36.0107]}},{"type":"Feature","properties":{"name":"Murfreesboro","sr":7,"cap":0,"pop":115774},"bbox":[-86.3903,35.846,-86.3903,35.846],"geometry":{"type":"Point","coordinates":[-86.3903,35.846]}},{"type":"Feature","properties":{"name":"Clarksville","sr":7,"cap":0,"pop":132536},"bbox":[-87.3594,36.5301,-87.3594,36.5301],"geometry":{"type":"Point","coordinates":[-87.3594,36.5301]}},{"type":"Feature","properties":{"name":"Jackson","sr":7,"cap":0,"pop":63196},"bbox":[-88.8139,35.6149,-88.8139,35.6149],"geometry":{"type":"Point","coordinates":[-88.8139,35.6149]}},{"type":"Feature","properties":{"name":"Alexandria","sr":7,"cap":0,"pop":127273},"bbox":[-77.0552,38.8043,-77.0552,38.8043],"geometry":{"type":"Point","coordinates":[-77.0552,38.8043]}},{"type":"Feature","properties":{"name":"Fredericksburg","sr":7,"cap":0,"pop":133134},"bbox":[-77.4608,38.3035,-77.4608,38.3035],"geometry":{"type":"Point","coordinates":[-77.4608,38.3035]}},{"type":"Feature","properties":{"name":"Roanoke","sr":7,"cap":0,"pop":198171},"bbox":[-79.9416,37.2712,-79.9416,37.2712],"geometry":{"type":"Point","coordinates":[-79.9416,37.2712]}},{"type":"Feature","properties":{"name":"Danville","sr":7,"cap":0,"pop":45894},"bbox":[-79.3953,36.5863,-79.3953,36.5863],"geometry":{"type":"Point","coordinates":[-79.3953,36.5863]}},{"type":"Feature","properties":{"name":"Winchester","sr":7,"cap":0,"pop":53941},"bbox":[-78.1666,39.1787,-78.1666,39.1787],"geometry":{"type":"Point","coordinates":[-78.1666,39.1787]}},{"type":"Feature","properties":{"name":"Bristol","sr":7,"cap":0,"pop":37443},"bbox":[-82.176,36.6115,-82.176,36.6115],"geometry":{"type":"Point","coordinates":[-82.176,36.6115]}},{"type":"Feature","properties":{"name":"Superior","sr":7,"cap":0,"pop":27580},"bbox":[-92.1039,46.7212,-92.1039,46.7212],"geometry":{"type":"Point","coordinates":[-92.1039,46.7212]}},{"type":"Feature","properties":{"name":"West Bend","sr":7,"cap":0,"pop":34530},"bbox":[-88.1833,43.4257,-88.1833,43.4257],"geometry":{"type":"Point","coordinates":[-88.1833,43.4257]}},{"type":"Feature","properties":{"name":"Fond du Lac","sr":7,"cap":0,"pop":54299},"bbox":[-88.4469,43.7734,-88.4469,43.7734],"geometry":{"type":"Point","coordinates":[-88.4469,43.7734]}},{"type":"Feature","properties":{"name":"Oshkosh","sr":7,"cap":0,"pop":72698},"bbox":[-88.5425,44.0251,-88.5425,44.0251],"geometry":{"type":"Point","coordinates":[-88.5425,44.0251]}},{"type":"Feature","properties":{"name":"Rhinelander","sr":7,"cap":0,"pop":11483},"bbox":[-89.4121,45.6399,-89.4121,45.6399],"geometry":{"type":"Point","coordinates":[-89.4121,45.6399]}},{"type":"Feature","properties":{"name":"Racine","sr":7,"cap":0,"pop":131654},"bbox":[-87.8118,42.7277,-87.8118,42.7277],"geometry":{"type":"Point","coordinates":[-87.8118,42.7277]}},{"type":"Feature","properties":{"name":"Marinette","sr":7,"cap":0,"pop":27169},"bbox":[-87.6305,45.1004,-87.6305,45.1004],"geometry":{"type":"Point","coordinates":[-87.6305,45.1004]}},{"type":"Feature","properties":{"name":"Wheeling","sr":7,"cap":0,"pop":52492},"bbox":[-80.7211,40.0643,-80.7211,40.0643],"geometry":{"type":"Point","coordinates":[-80.7211,40.0643]}},{"type":"Feature","properties":{"name":"Morgantown","sr":7,"cap":0,"pop":58808},"bbox":[-79.9561,39.6298,-79.9561,39.6298],"geometry":{"type":"Point","coordinates":[-79.9561,39.6298]}},{"type":"Feature","properties":{"name":"Huntington","sr":7,"cap":0,"pop":85396},"bbox":[-82.4453,38.4196,-82.4453,38.4196],"geometry":{"type":"Point","coordinates":[-82.4453,38.4196]}},{"type":"Feature","properties":{"name":"Beckley","sr":7,"cap":0,"pop":37836},"bbox":[-81.183,37.7802,-81.183,37.7802],"geometry":{"type":"Point","coordinates":[-81.183,37.7802]}},{"type":"Feature","properties":{"name":"Wilmington","sr":7,"cap":0,"pop":161560},"bbox":[-75.5469,39.7463,-75.5469,39.7463],"geometry":{"type":"Point","coordinates":[-75.5469,39.7463]}},{"type":"Feature","properties":{"name":"Cumberland","sr":7,"cap":0,"pop":21316},"bbox":[-78.7628,39.6532,-78.7628,39.6532],"geometry":{"type":"Point","coordinates":[-78.7628,39.6532]}},{"type":"Feature","properties":{"name":"Atlantic City","sr":7,"cap":0,"pop":76573},"bbox":[-74.4233,39.3646,-74.4233,39.3646],"geometry":{"type":"Point","coordinates":[-74.4233,39.3646]}},{"type":"Feature","properties":{"name":"Newark","sr":7,"cap":0,"pop":280123},"bbox":[-74.17,40.7004,-74.17,40.7004],"geometry":{"type":"Point","coordinates":[-74.17,40.7004]}},{"type":"Feature","properties":{"name":"Schenectady","sr":7,"cap":0,"pop":149255},"bbox":[-73.94,42.8146,-73.94,42.8146],"geometry":{"type":"Point","coordinates":[-73.94,42.8146]}},{"type":"Feature","properties":{"name":"Binghamton","sr":7,"cap":0,"pop":139895},"bbox":[-75.9183,42.099,-75.9183,42.099],"geometry":{"type":"Point","coordinates":[-75.9183,42.099]}},{"type":"Feature","properties":{"name":"Utica","sr":7,"cap":0,"pop":105150},"bbox":[-75.2331,43.1012,-75.2331,43.1012],"geometry":{"type":"Point","coordinates":[-75.2331,43.1012]}},{"type":"Feature","properties":{"name":"Watertown","sr":7,"cap":0,"pop":33821},"bbox":[-75.9111,43.9752,-75.9111,43.9752],"geometry":{"type":"Point","coordinates":[-75.9111,43.9752]}},{"type":"Feature","properties":{"name":"Niagara Falls","sr":7,"cap":0,"pop":153134},"bbox":[-79.0369,43.0948,-79.0369,43.0948],"geometry":{"type":"Point","coordinates":[-79.0369,43.0948]}},{"type":"Feature","properties":{"name":"Jamestown","sr":7,"cap":0,"pop":45756},"bbox":[-79.2355,42.0974,-79.2355,42.0974],"geometry":{"type":"Point","coordinates":[-79.2355,42.0974]}},{"type":"Feature","properties":{"name":"Elmira","sr":7,"cap":0,"pop":62376},"bbox":[-76.808,42.0901,-76.808,42.0901],"geometry":{"type":"Point","coordinates":[-76.808,42.0901]}},{"type":"Feature","properties":{"name":"York","sr":7,"cap":0,"pop":218010},"bbox":[-76.728,39.9629,-76.728,39.9629],"geometry":{"type":"Point","coordinates":[-76.728,39.9629]}},{"type":"Feature","properties":{"name":"Johnstown","sr":7,"cap":0,"pop":69286},"bbox":[-78.9222,40.3271,-78.9222,40.3271],"geometry":{"type":"Point","coordinates":[-78.9222,40.3271]}},{"type":"Feature","properties":{"name":"Scranton","sr":7,"cap":0,"pop":156196},"bbox":[-75.6627,41.4093,-75.6627,41.4093],"geometry":{"type":"Point","coordinates":[-75.6627,41.4093]}},{"type":"Feature","properties":{"name":"State College","sr":7,"cap":0,"pop":87926},"bbox":[-77.8602,40.7937,-77.8602,40.7937],"geometry":{"type":"Point","coordinates":[-77.8602,40.7937]}},{"type":"Feature","properties":{"name":"Erie","sr":7,"cap":0,"pop":178182},"bbox":[-80.085,42.1299,-80.085,42.1299],"geometry":{"type":"Point","coordinates":[-80.085,42.1299]}},{"type":"Feature","properties":{"name":"Wilkes-Barre","sr":7,"cap":0,"pop":158913},"bbox":[-75.8779,41.249,-75.8779,41.249],"geometry":{"type":"Point","coordinates":[-75.8779,41.249]}},{"type":"Feature","properties":{"name":"Nieuw Nickerie","sr":7,"cap":0,"pop":15992},"bbox":[-56.99,5.9504,-56.99,5.9504],"geometry":{"type":"Point","coordinates":[-56.99,5.9504]}},{"type":"Feature","properties":{"name":"Upata","sr":7,"cap":0,"pop":53685},"bbox":[-62.41,8.0204,-62.41,8.0204],"geometry":{"type":"Point","coordinates":[-62.41,8.0204]}},{"type":"Feature","properties":{"name":"El Manteco","sr":7,"cap":0,"pop":2215},"bbox":[-62.5333,7.3504,-62.5333,7.3504],"geometry":{"type":"Point","coordinates":[-62.5333,7.3504]}},{"type":"Feature","properties":{"name":"Chaguaramas","sr":7,"cap":0,"pop":15000},"bbox":[-66.2545,9.336,-66.2545,9.336],"geometry":{"type":"Point","coordinates":[-66.2545,9.336]}},{"type":"Feature","properties":{"name":"Barcelona","sr":7,"cap":0,"pop":600954},"bbox":[-64.72,10.1304,-64.72,10.1304],"geometry":{"type":"Point","coordinates":[-64.72,10.1304]}},{"type":"Feature","properties":{"name":"El Tigre","sr":7,"cap":0,"pop":197440},"bbox":[-64.26,8.8903,-64.26,8.8903],"geometry":{"type":"Point","coordinates":[-64.26,8.8903]}},{"type":"Feature","properties":{"name":"Maiquet\u00eda","sr":7,"cap":0,"pop":315442},"bbox":[-66.97,10.6004,-66.97,10.6004],"geometry":{"type":"Point","coordinates":[-66.97,10.6004]}},{"type":"Feature","properties":{"name":"Calabozo","sr":7,"cap":0,"pop":117132},"bbox":[-67.44,8.9304,-67.44,8.9304],"geometry":{"type":"Point","coordinates":[-67.44,8.9304]}},{"type":"Feature","properties":{"name":"Zaraza","sr":7,"cap":0,"pop":41483},"bbox":[-65.32,9.3404,-65.32,9.3404],"geometry":{"type":"Point","coordinates":[-65.32,9.3404]}},{"type":"Feature","properties":{"name":"Altagracia de Orituco","sr":7,"cap":0,"pop":40052},"bbox":[-66.38,9.8504,-66.38,9.8504],"geometry":{"type":"Point","coordinates":[-66.38,9.8504]}},{"type":"Feature","properties":{"name":"Tucupita","sr":7,"cap":0,"pop":51534},"bbox":[-62.06,9.0605,-62.06,9.0605],"geometry":{"type":"Point","coordinates":[-62.06,9.0605]}},{"type":"Feature","properties":{"name":"Porlamar","sr":7,"cap":0,"pop":196934},"bbox":[-63.85,10.9604,-63.85,10.9604],"geometry":{"type":"Point","coordinates":[-63.85,10.9604]}},{"type":"Feature","properties":{"name":"Brokopondo","sr":7,"cap":0,"pop":8340},"bbox":[-55.02,5.0404,-55.02,5.0404],"geometry":{"type":"Point","coordinates":[-55.02,5.0404]}},{"type":"Feature","properties":{"name":"Totness","sr":7,"cap":0,"pop":1685},"bbox":[-56.32,5.8904,-56.32,5.8904],"geometry":{"type":"Point","coordinates":[-56.32,5.8904]}},{"type":"Feature","properties":{"name":"Bar Harbor","sr":7,"cap":0,"pop":6090},"bbox":[-68.2044,44.3879,-68.2044,44.3879],"geometry":{"type":"Point","coordinates":[-68.2044,44.3879]}},{"type":"Feature","properties":{"name":"Lewiston","sr":7,"cap":0,"pop":57688},"bbox":[-70.2153,44.1007,-70.2153,44.1007],"geometry":{"type":"Point","coordinates":[-70.2153,44.1007]}},{"type":"Feature","properties":{"name":"Presque Isle","sr":7,"cap":0,"pop":9466},"bbox":[-68.0125,46.6756,-68.0125,46.6756],"geometry":{"type":"Point","coordinates":[-68.0125,46.6756]}},{"type":"Feature","properties":{"name":"Ann Arbor","sr":7,"cap":0,"pop":265976},"bbox":[-83.72,42.3004,-83.72,42.3004],"geometry":{"type":"Point","coordinates":[-83.72,42.3004]}},{"type":"Feature","properties":{"name":"Kalamazoo","sr":7,"cap":0,"pop":183381},"bbox":[-85.5872,42.2922,-85.5872,42.2922],"geometry":{"type":"Point","coordinates":[-85.5872,42.2922]}},{"type":"Feature","properties":{"name":"Muskegon","sr":7,"cap":0,"pop":101177},"bbox":[-86.2484,43.2346,-86.2484,43.2346],"geometry":{"type":"Point","coordinates":[-86.2484,43.2346]}},{"type":"Feature","properties":{"name":"Flint","sr":7,"cap":0,"pop":295212},"bbox":[-83.6875,43.0129,-83.6875,43.0129],"geometry":{"type":"Point","coordinates":[-83.6875,43.0129]}},{"type":"Feature","properties":{"name":"Grand Rapids","sr":7,"cap":0,"pop":535829},"bbox":[-85.6699,42.9637,-85.6699,42.9637],"geometry":{"type":"Point","coordinates":[-85.6699,42.9637]}},{"type":"Feature","properties":{"name":"Pontiac","sr":7,"cap":0,"pop":67994},"bbox":[-83.2902,42.6519,-83.2902,42.6519],"geometry":{"type":"Point","coordinates":[-83.2902,42.6519]}},{"type":"Feature","properties":{"name":"Cadillac","sr":7,"cap":0,"pop":14097},"bbox":[-85.4136,44.2512,-85.4136,44.2512],"geometry":{"type":"Point","coordinates":[-85.4136,44.2512]}},{"type":"Feature","properties":{"name":"Traverse City","sr":7,"cap":0,"pop":43189},"bbox":[-85.6222,44.7684,-85.6222,44.7684],"geometry":{"type":"Point","coordinates":[-85.6222,44.7684]}},{"type":"Feature","properties":{"name":"Petoskey","sr":7,"cap":0,"pop":12667},"bbox":[-84.9552,45.3738,-84.9552,45.3738],"geometry":{"type":"Point","coordinates":[-84.9552,45.3738]}},{"type":"Feature","properties":{"name":"Escanaba","sr":7,"cap":0,"pop":17318},"bbox":[-87.0644,45.7457,-87.0644,45.7457],"geometry":{"type":"Point","coordinates":[-87.0644,45.7457]}},{"type":"Feature","properties":{"name":"Marquette","sr":7,"cap":0,"pop":26591},"bbox":[-87.4066,46.5467,-87.4066,46.5467],"geometry":{"type":"Point","coordinates":[-87.4066,46.5467]}},{"type":"Feature","properties":{"name":"Hancock","sr":7,"cap":0,"pop":16355},"bbox":[-88.5808,47.1273,-88.5808,47.1273],"geometry":{"type":"Point","coordinates":[-88.5808,47.1273]}},{"type":"Feature","properties":{"name":"Almer\u00eda","sr":7,"cap":0,"pop":179405},"bbox":[-2.43,36.8303,-2.43,36.8303],"geometry":{"type":"Point","coordinates":[-2.43,36.8303]}},{"type":"Feature","properties":{"name":"M\u00e1laga","sr":7,"cap":0,"pop":550058},"bbox":[-4.42,36.7204,-4.42,36.7204],"geometry":{"type":"Point","coordinates":[-4.42,36.7204]}},{"type":"Feature","properties":{"name":"Ja\u00e9n","sr":7,"cap":0,"pop":116400},"bbox":[-3.8,37.7704,-3.8,37.7704],"geometry":{"type":"Point","coordinates":[-3.8,37.7704]}},{"type":"Feature","properties":{"name":"Huelva","sr":7,"cap":0,"pop":144174},"bbox":[-6.9299,37.2504,-6.9299,37.2504],"geometry":{"type":"Point","coordinates":[-6.9299,37.2504]}},{"type":"Feature","properties":{"name":"Albacete","sr":7,"cap":0,"pop":158094},"bbox":[-1.87,39.0003,-1.87,39.0003],"geometry":{"type":"Point","coordinates":[-1.87,39.0003]}},{"type":"Feature","properties":{"name":"Toledo","sr":7,"cap":0,"pop":74632},"bbox":[-4.0167,39.867,-4.0167,39.867],"geometry":{"type":"Point","coordinates":[-4.0167,39.867]}},{"type":"Feature","properties":{"name":"Guadalajara","sr":7,"cap":0,"pop":72850},"bbox":[-3.1666,40.6337,-3.1666,40.6337],"geometry":{"type":"Point","coordinates":[-3.1666,40.6337]}},{"type":"Feature","properties":{"name":"Santander","sr":7,"cap":0,"pop":208763},"bbox":[-3.8,43.3805,-3.8,43.3805],"geometry":{"type":"Point","coordinates":[-3.8,43.3805]}},{"type":"Feature","properties":{"name":"Salamanca","sr":7,"cap":0,"pop":162353},"bbox":[-5.67,40.9704,-5.67,40.9704],"geometry":{"type":"Point","coordinates":[-5.67,40.9704]}},{"type":"Feature","properties":{"name":"Burgos","sr":7,"cap":0,"pop":170183},"bbox":[-3.68,42.3504,-3.68,42.3504],"geometry":{"type":"Point","coordinates":[-3.68,42.3504]}},{"type":"Feature","properties":{"name":"Kpalim\u00e9","sr":7,"cap":0,"pop":100479},"bbox":[0.63,6.9004,0.63,6.9004],"geometry":{"type":"Point","coordinates":[0.63,6.9004]}},{"type":"Feature","properties":{"name":"Sokod\u00e9","sr":7,"cap":0,"pop":117811},"bbox":[1.15,8.9905,1.15,8.9905],"geometry":{"type":"Point","coordinates":[1.15,8.9905]}},{"type":"Feature","properties":{"name":"Mango","sr":7,"cap":0,"pop":42626},"bbox":[0.4708,10.3596,0.4708,10.3596],"geometry":{"type":"Point","coordinates":[0.4708,10.3596]}},{"type":"Feature","properties":{"name":"Tarragona","sr":7,"cap":0,"pop":126291},"bbox":[1.25,41.1204,1.25,41.1204],"geometry":{"type":"Point","coordinates":[1.25,41.1204]}},{"type":"Feature","properties":{"name":"Wrangell","sr":7,"cap":0,"pop":2070},"bbox":[-132.3716,56.4713,-132.3716,56.4713],"geometry":{"type":"Point","coordinates":[-132.3716,56.4713]}},{"type":"Feature","properties":{"name":"Hoonah","sr":7,"cap":0,"pop":361},"bbox":[-135.4386,58.1154,-135.4386,58.1154],"geometry":{"type":"Point","coordinates":[-135.4386,58.1154]}},{"type":"Feature","properties":{"name":"Atka","sr":7,"cap":0,"pop":61},"bbox":[-174.2005,52.1965,-174.2005,52.1965],"geometry":{"type":"Point","coordinates":[-174.2005,52.1965]}},{"type":"Feature","properties":{"name":"Nikolski","sr":7,"cap":0,"pop":18},"bbox":[-168.8677,52.9384,-168.8677,52.9384],"geometry":{"type":"Point","coordinates":[-168.8677,52.9384]}},{"type":"Feature","properties":{"name":"Karluk","sr":7,"cap":0,"pop":96},"bbox":[-154.455,57.5723,-154.455,57.5723],"geometry":{"type":"Point","coordinates":[-154.455,57.5723]}},{"type":"Feature","properties":{"name":"False Pass","sr":7,"cap":0,"pop":35},"bbox":[-163.415,54.8512,-163.415,54.8512],"geometry":{"type":"Point","coordinates":[-163.415,54.8512]}},{"type":"Feature","properties":{"name":"Newhalen","sr":7,"cap":0,"pop":160},"bbox":[-154.8972,59.7203,-154.8972,59.7203],"geometry":{"type":"Point","coordinates":[-154.8972,59.7203]}},{"type":"Feature","properties":{"name":"Pilot Point","sr":7,"cap":0,"pop":68},"bbox":[-157.5691,57.5646,-157.5691,57.5646],"geometry":{"type":"Point","coordinates":[-157.5691,57.5646]}},{"type":"Feature","properties":{"name":"Chignik","sr":7,"cap":0,"pop":118},"bbox":[-158.4022,56.2957,-158.4022,56.2957],"geometry":{"type":"Point","coordinates":[-158.4022,56.2957]}},{"type":"Feature","properties":{"name":"King Salmon","sr":7,"cap":0,"pop":292},"bbox":[-156.6614,58.6887,-156.6614,58.6887],"geometry":{"type":"Point","coordinates":[-156.6614,58.6887]}},{"type":"Feature","properties":{"name":"Quinhagak","sr":7,"cap":0,"pop":250},"bbox":[-161.9158,59.7492,-161.9158,59.7492],"geometry":{"type":"Point","coordinates":[-161.9158,59.7492]}},{"type":"Feature","properties":{"name":"Aniak","sr":7,"cap":0,"pop":501},"bbox":[-159.5222,61.5787,-159.5222,61.5787],"geometry":{"type":"Point","coordinates":[-159.5222,61.5787]}},{"type":"Feature","properties":{"name":"Kotlit","sr":7,"cap":0,"pop":1002},"bbox":[-163.5533,63.0346,-163.5533,63.0346],"geometry":{"type":"Point","coordinates":[-163.5533,63.0346]}},{"type":"Feature","properties":{"name":"Unalakleet","sr":7,"cap":0,"pop":741},"bbox":[-160.7881,63.8734,-160.7881,63.8734],"geometry":{"type":"Point","coordinates":[-160.7881,63.8734]}},{"type":"Feature","properties":{"name":"Koyuk","sr":7,"cap":0,"pop":254},"bbox":[-161.1575,64.9403,-161.1575,64.9403],"geometry":{"type":"Point","coordinates":[-161.1575,64.9403]}},{"type":"Feature","properties":{"name":"McGrath","sr":7,"cap":0,"pop":138},"bbox":[-155.5958,62.9568,-155.5958,62.9568],"geometry":{"type":"Point","coordinates":[-155.5958,62.9568]}},{"type":"Feature","properties":{"name":"Wales","sr":7,"cap":0,"pop":99},"bbox":[-168.0875,65.6096,-168.0875,65.6096],"geometry":{"type":"Point","coordinates":[-168.0875,65.6096]}},{"type":"Feature","properties":{"name":"Wasilla","sr":7,"cap":0,"pop":8521},"bbox":[-149.4394,61.5817,-149.4394,61.5817],"geometry":{"type":"Point","coordinates":[-149.4394,61.5817]}},{"type":"Feature","properties":{"name":"Circle","sr":7,"cap":0,"pop":100},"bbox":[-144.0605,65.8259,-144.0605,65.8259],"geometry":{"type":"Point","coordinates":[-144.0605,65.8259]}},{"type":"Feature","properties":{"name":"Denali Park","sr":7,"cap":0,"pop":1826},"bbox":[-148.9141,63.7331,-148.9141,63.7331],"geometry":{"type":"Point","coordinates":[-148.9141,63.7331]}},{"type":"Feature","properties":{"name":"Yakutat","sr":7,"cap":0,"pop":109},"bbox":[-139.7272,59.5473,-139.7272,59.5473],"geometry":{"type":"Point","coordinates":[-139.7272,59.5473]}},{"type":"Feature","properties":{"name":"Homer","sr":7,"cap":0,"pop":6560},"bbox":[-151.5483,59.6429,-151.5483,59.6429],"geometry":{"type":"Point","coordinates":[-151.5483,59.6429]}},{"type":"Feature","properties":{"name":"Tanacross","sr":7,"cap":0,"pop":136},"bbox":[-143.3464,63.3857,-143.3464,63.3857],"geometry":{"type":"Point","coordinates":[-143.3464,63.3857]}},{"type":"Feature","properties":{"name":"Trujillo","sr":7,"cap":0,"pop":9646},"bbox":[-85.96,15.9104,-85.96,15.9104],"geometry":{"type":"Point","coordinates":[-85.96,15.9104]}},{"type":"Feature","properties":{"name":"Brus Laguna","sr":7,"cap":0,"pop":4067},"bbox":[-84.48,15.7504,-84.48,15.7504],"geometry":{"type":"Point","coordinates":[-84.48,15.7504]}},{"type":"Feature","properties":{"name":"Puerto Lempira","sr":7,"cap":0,"pop":4856},"bbox":[-83.7716,15.262,-83.7716,15.262],"geometry":{"type":"Point","coordinates":[-83.7716,15.262]}},{"type":"Feature","properties":{"name":"Juticalpa","sr":7,"cap":0,"pop":37442},"bbox":[-86.23,14.6704,-86.23,14.6704],"geometry":{"type":"Point","coordinates":[-86.23,14.6704]}},{"type":"Feature","properties":{"name":"Comayagua","sr":7,"cap":0,"pop":71142},"bbox":[-87.65,14.4604,-87.65,14.4604],"geometry":{"type":"Point","coordinates":[-87.65,14.4604]}},{"type":"Feature","properties":{"name":"Choluteca","sr":7,"cap":0,"pop":99429},"bbox":[-87.1908,13.3007,-87.1908,13.3007],"geometry":{"type":"Point","coordinates":[-87.1908,13.3007]}},{"type":"Feature","properties":{"name":"Kumaka","sr":7,"cap":0,"pop":2190},"bbox":[-58.38,3.9004,-58.38,3.9004],"geometry":{"type":"Point","coordinates":[-58.38,3.9004]}},{"type":"Feature","properties":{"name":"Bartica","sr":7,"cap":0,"pop":11524},"bbox":[-58.63,6.4104,-58.63,6.4104],"geometry":{"type":"Point","coordinates":[-58.63,6.4104]}},{"type":"Feature","properties":{"name":"Anna Regina","sr":7,"cap":0,"pop":3113},"bbox":[-58.5001,7.2704,-58.5001,7.2704],"geometry":{"type":"Point","coordinates":[-58.5001,7.2704]}},{"type":"Feature","properties":{"name":"Egilssta\u00f0ir","sr":7,"cap":0,"pop":2265},"bbox":[-14.395,65.2674,-14.395,65.2674],"geometry":{"type":"Point","coordinates":[-14.395,65.2674]}},{"type":"Feature","properties":{"name":"Sau\u00f0\u00e1rkr\u00f3kur","sr":7,"cap":0,"pop":2682},"bbox":[-19.639,65.7464,-19.639,65.7464],"geometry":{"type":"Point","coordinates":[-19.639,65.7464]}},{"type":"Feature","properties":{"name":"Selfoss","sr":7,"cap":0,"pop":6275},"bbox":[-20.9969,63.9334,-20.9969,63.9334],"geometry":{"type":"Point","coordinates":[-20.9969,63.9334]}},{"type":"Feature","properties":{"name":"Lorca","sr":7,"cap":0,"pop":86119},"bbox":[-1.6985,37.6886,-1.6985,37.6886],"geometry":{"type":"Point","coordinates":[-1.6985,37.6886]}},{"type":"Feature","properties":{"name":"Cartagena","sr":7,"cap":0,"pop":201274},"bbox":[-0.98,37.6004,-0.98,37.6004],"geometry":{"type":"Point","coordinates":[-0.98,37.6004]}},{"type":"Feature","properties":{"name":"Oviedo","sr":7,"cap":0,"pop":235651},"bbox":[-5.83,43.3505,-5.83,43.3505],"geometry":{"type":"Point","coordinates":[-5.83,43.3505]}},{"type":"Feature","properties":{"name":"Santiago de Compostela","sr":7,"cap":0,"pop":92430},"bbox":[-8.5411,42.8829,-8.5411,42.8829],"geometry":{"type":"Point","coordinates":[-8.5411,42.8829]}},{"type":"Feature","properties":{"name":"Badajoz","sr":7,"cap":0,"pop":140133},"bbox":[-6.97,38.8804,-6.97,38.8804],"geometry":{"type":"Point","coordinates":[-6.97,38.8804]}},{"type":"Feature","properties":{"name":"Logro\u00f1o","sr":7,"cap":0,"pop":143698},"bbox":[-2.43,42.4704,-2.43,42.4704],"geometry":{"type":"Point","coordinates":[-2.43,42.4704]}},{"type":"Feature","properties":{"name":"San Sebasti\u00e1n","sr":7,"cap":0,"pop":357468},"bbox":[-1.98,43.3204,-1.98,43.3204],"geometry":{"type":"Point","coordinates":[-1.98,43.3204]}},{"type":"Feature","properties":{"name":"Les Cayes","sr":7,"cap":0,"pop":175457},"bbox":[-73.75,18.2004,-73.75,18.2004],"geometry":{"type":"Point","coordinates":[-73.75,18.2004]}},{"type":"Feature","properties":{"name":"Gona\u00efves","sr":7,"cap":0,"pop":166678},"bbox":[-72.6832,19.4504,-72.6832,19.4504],"geometry":{"type":"Point","coordinates":[-72.6832,19.4504]}},{"type":"Feature","properties":{"name":"Ayr","sr":7,"cap":0,"pop":69042},"bbox":[-4.6167,55.4504,-4.6167,55.4504],"geometry":{"type":"Point","coordinates":[-4.6167,55.4504]}},{"type":"Feature","properties":{"name":"Aberdeen","sr":7,"cap":0,"pop":189364},"bbox":[-2.105,57.1451,-2.105,57.1451],"geometry":{"type":"Point","coordinates":[-2.105,57.1451]}},{"type":"Feature","properties":{"name":"Perth","sr":7,"cap":0,"pop":39654},"bbox":[-3.4364,56.3926,-3.4364,56.3926],"geometry":{"type":"Point","coordinates":[-3.4364,56.3926]}},{"type":"Feature","properties":{"name":"Dundee","sr":7,"cap":0,"pop":151592},"bbox":[-3.0,56.4704,-3.0,56.4704],"geometry":{"type":"Point","coordinates":[-3.0,56.4704]}},{"type":"Feature","properties":{"name":"Middlesbrough","sr":7,"cap":0,"pop":416042},"bbox":[-1.23,54.5804,-1.23,54.5804],"geometry":{"type":"Point","coordinates":[-1.23,54.5804]}},{"type":"Feature","properties":{"name":"Coventry","sr":7,"cap":0,"pop":388271},"bbox":[-1.5027,52.4007,-1.5027,52.4007],"geometry":{"type":"Point","coordinates":[-1.5027,52.4007]}},{"type":"Feature","properties":{"name":"Bath","sr":7,"cap":0,"pop":93238},"bbox":[-2.35,51.3837,-2.35,51.3837],"geometry":{"type":"Point","coordinates":[-2.35,51.3837]}},{"type":"Feature","properties":{"name":"Exeter","sr":7,"cap":0,"pop":113118},"bbox":[-3.5299,50.7004,-3.5299,50.7004],"geometry":{"type":"Point","coordinates":[-3.5299,50.7004]}},{"type":"Feature","properties":{"name":"Cambridge","sr":7,"cap":0,"pop":128488},"bbox":[0.1166,52.2004,0.1166,52.2004],"geometry":{"type":"Point","coordinates":[0.1166,52.2004]}},{"type":"Feature","properties":{"name":"Kingston upon Hull","sr":7,"cap":0,"pop":302296},"bbox":[-0.33,53.7504,-0.33,53.7504],"geometry":{"type":"Point","coordinates":[-0.33,53.7504]}},{"type":"Feature","properties":{"name":"Londonderry/Derry","sr":7,"cap":0,"pop":83652},"bbox":[-7.3333,55.0004,-7.3333,55.0004],"geometry":{"type":"Point","coordinates":[-7.3333,55.0004]}},{"type":"Feature","properties":{"name":"Lisburn","sr":7,"cap":0,"pop":12899},"bbox":[-6.0477,54.5103,-6.0477,54.5103],"geometry":{"type":"Point","coordinates":[-6.0477,54.5103]}},{"type":"Feature","properties":{"name":"Penzance","sr":7,"cap":0,"pop":20812},"bbox":[-5.55,50.1337,-5.55,50.1337],"geometry":{"type":"Point","coordinates":[-5.55,50.1337]}},{"type":"Feature","properties":{"name":"York","sr":7,"cap":0,"pop":158947},"bbox":[-1.0721,53.9512,-1.0721,53.9512],"geometry":{"type":"Point","coordinates":[-1.0721,53.9512]}},{"type":"Feature","properties":{"name":"Blackpool","sr":7,"cap":0,"pop":272792},"bbox":[-3.05,53.8304,-3.05,53.8304],"geometry":{"type":"Point","coordinates":[-3.05,53.8304]}},{"type":"Feature","properties":{"name":"Dumfries","sr":7,"cap":0,"pop":31044},"bbox":[-3.55,55.0671,-3.55,55.0671],"geometry":{"type":"Point","coordinates":[-3.55,55.0671]}},{"type":"Feature","properties":{"name":"Scarborough","sr":7,"cap":0,"pop":70571},"bbox":[-0.43,54.2804,-0.43,54.2804],"geometry":{"type":"Point","coordinates":[-0.43,54.2804]}},{"type":"Feature","properties":{"name":"Plymouth","sr":7,"cap":0,"pop":247297},"bbox":[-4.16,50.3854,-4.16,50.3854],"geometry":{"type":"Point","coordinates":[-4.16,50.3854]}},{"type":"Feature","properties":{"name":"Ipswich","sr":7,"cap":0,"pop":143767},"bbox":[1.17,52.0703,1.17,52.0703],"geometry":{"type":"Point","coordinates":[1.17,52.0703]}},{"type":"Feature","properties":{"name":"Norwich","sr":7,"cap":0,"pop":190756},"bbox":[1.3,52.6304,1.3,52.6304],"geometry":{"type":"Point","coordinates":[1.3,52.6304]}},{"type":"Feature","properties":{"name":"Brighton","sr":7,"cap":0,"pop":503008},"bbox":[-0.17,50.8303,-0.17,50.8303],"geometry":{"type":"Point","coordinates":[-0.17,50.8303]}},{"type":"Feature","properties":{"name":"Kirkwall","sr":7,"cap":0,"pop":8500},"bbox":[-2.95,58.967,-2.95,58.967],"geometry":{"type":"Point","coordinates":[-2.95,58.967]}},{"type":"Feature","properties":{"name":"Inverness","sr":7,"cap":0,"pop":45158},"bbox":[-4.2333,57.4671,-4.2333,57.4671],"geometry":{"type":"Point","coordinates":[-4.2333,57.4671]}},{"type":"Feature","properties":{"name":"Oxford","sr":7,"cap":0,"pop":192796},"bbox":[-1.2481,51.7518,-1.2481,51.7518],"geometry":{"type":"Point","coordinates":[-1.2481,51.7518]}},{"type":"Feature","properties":{"name":"Luton","sr":7,"cap":0,"pop":235958},"bbox":[-0.42,51.8804,-0.42,51.8804],"geometry":{"type":"Point","coordinates":[-0.42,51.8804]}},{"type":"Feature","properties":{"name":"Portsmouth","sr":7,"cap":0,"pop":442252},"bbox":[-1.08,50.8003,-1.08,50.8003],"geometry":{"type":"Point","coordinates":[-1.08,50.8003]}},{"type":"Feature","properties":{"name":"Peterborough","sr":7,"cap":0,"pop":140141},"bbox":[-0.2484,52.5672,-0.2484,52.5672],"geometry":{"type":"Point","coordinates":[-0.2484,52.5672]}},{"type":"Feature","properties":{"name":"Nottingham","sr":7,"cap":0,"pop":825600},"bbox":[-1.1657,52.9411,-1.1657,52.9411],"geometry":{"type":"Point","coordinates":[-1.1657,52.9411]}},{"type":"Feature","properties":{"name":"Stoke","sr":7,"cap":0,"pop":390801},"bbox":[-2.18,53.0004,-2.18,53.0004],"geometry":{"type":"Point","coordinates":[-2.18,53.0004]}},{"type":"Feature","properties":{"name":"Dover","sr":7,"cap":0,"pop":36384},"bbox":[1.3,51.1337,1.3,51.1337],"geometry":{"type":"Point","coordinates":[1.3,51.1337]}},{"type":"Feature","properties":{"name":"Alicante","sr":7,"cap":0,"pop":315863},"bbox":[-0.4836,38.3512,-0.4836,38.3512],"geometry":{"type":"Point","coordinates":[-0.4836,38.3512]}},{"type":"Feature","properties":{"name":"Castello","sr":7,"cap":0,"pop":180610},"bbox":[-0.05,39.9704,-0.05,39.9704],"geometry":{"type":"Point","coordinates":[-0.05,39.9704]}},{"type":"Feature","properties":{"name":"Rivas","sr":7,"cap":0,"pop":31941},"bbox":[-85.82,11.4404,-85.82,11.4404],"geometry":{"type":"Point","coordinates":[-85.82,11.4404]}},{"type":"Feature","properties":{"name":"San Juan de Nicaragua","sr":7,"cap":0,"pop":1000},"bbox":[-83.7,10.9204,-83.7,10.9204],"geometry":{"type":"Point","coordinates":[-83.7,10.9204]}},{"type":"Feature","properties":{"name":"Gaya","sr":7,"cap":0,"pop":33051},"bbox":[3.4467,11.8882,3.4467,11.8882],"geometry":{"type":"Point","coordinates":[3.4467,11.8882]}},{"type":"Feature","properties":{"name":"Tillab\u00e9ri","sr":7,"cap":0,"pop":19262},"bbox":[1.4531,14.212,1.4531,14.212],"geometry":{"type":"Point","coordinates":[1.4531,14.212]}},{"type":"Feature","properties":{"name":"Ayorou","sr":7,"cap":0,"pop":26290},"bbox":[0.9195,14.7318,0.9195,14.7318],"geometry":{"type":"Point","coordinates":[0.9195,14.7318]}},{"type":"Feature","properties":{"name":"Pimentel","sr":7,"cap":0,"pop":15552},"bbox":[-79.93,-6.8296,-79.93,-6.8296],"geometry":{"type":"Point","coordinates":[-79.93,-6.8296]}},{"type":"Feature","properties":{"name":"Olmos","sr":7,"cap":0,"pop":9800},"bbox":[-79.75,-5.9796,-79.75,-5.9796],"geometry":{"type":"Point","coordinates":[-79.75,-5.9796]}},{"type":"Feature","properties":{"name":"Sechura","sr":7,"cap":0,"pop":23020},"bbox":[-80.82,-5.5596,-80.82,-5.5596],"geometry":{"type":"Point","coordinates":[-80.82,-5.5596]}},{"type":"Feature","properties":{"name":"Chulucanas","sr":7,"cap":0,"pop":68835},"bbox":[-80.17,-5.0896,-80.17,-5.0896],"geometry":{"type":"Point","coordinates":[-80.17,-5.0896]}},{"type":"Feature","properties":{"name":"Sullana","sr":7,"cap":0,"pop":160789},"bbox":[-80.68,-4.8896,-80.68,-4.8896],"geometry":{"type":"Point","coordinates":[-80.68,-4.8896]}},{"type":"Feature","properties":{"name":"Cajabamba","sr":7,"cap":0,"pop":13486},"bbox":[-78.04,-7.6196,-78.04,-7.6196],"geometry":{"type":"Point","coordinates":[-78.04,-7.6196]}},{"type":"Feature","properties":{"name":"Ja\u00e9n","sr":7,"cap":0,"pop":52493},"bbox":[-78.81,-5.7096,-78.81,-5.7096],"geometry":{"type":"Point","coordinates":[-78.81,-5.7096]}},{"type":"Feature","properties":{"name":"Chota","sr":7,"cap":0,"pop":14240},"bbox":[-78.65,-6.5496,-78.65,-6.5496],"geometry":{"type":"Point","coordinates":[-78.65,-6.5496]}},{"type":"Feature","properties":{"name":"Tingo Mar\u00eda","sr":7,"cap":0,"pop":53177},"bbox":[-75.99,-9.2896,-75.99,-9.2896],"geometry":{"type":"Point","coordinates":[-75.99,-9.2896]}},{"type":"Feature","properties":{"name":"Moyobamba","sr":7,"cap":0,"pop":47734},"bbox":[-76.9667,-6.0496,-76.9667,-6.0496],"geometry":{"type":"Point","coordinates":[-76.9667,-6.0496]}},{"type":"Feature","properties":{"name":"Juanju\u00ed","sr":7,"cap":0,"pop":37715},"bbox":[-76.74,-7.1696,-76.74,-7.1696],"geometry":{"type":"Point","coordinates":[-76.74,-7.1696]}},{"type":"Feature","properties":{"name":"Tocache","sr":7,"cap":0,"pop":29029},"bbox":[-76.52,-8.1796,-76.52,-8.1796],"geometry":{"type":"Point","coordinates":[-76.52,-8.1796]}},{"type":"Feature","properties":{"name":"Chachapoyas","sr":7,"cap":0,"pop":25978},"bbox":[-77.87,-6.2296,-77.87,-6.2296],"geometry":{"type":"Point","coordinates":[-77.87,-6.2296]}},{"type":"Feature","properties":{"name":"Caballococha","sr":7,"cap":0,"pop":3195},"bbox":[-70.5083,-3.9163,-70.5083,-3.9163],"geometry":{"type":"Point","coordinates":[-70.5083,-3.9163]}},{"type":"Feature","properties":{"name":"Puca Urco","sr":7,"cap":0,"pop":10},"bbox":[-71.9167,-2.3328,-71.9167,-2.3328],"geometry":{"type":"Point","coordinates":[-71.9167,-2.3328]}},{"type":"Feature","properties":{"name":"Andoas","sr":7,"cap":0,"pop":10},"bbox":[-76.4025,-2.9021,-76.4025,-2.9021],"geometry":{"type":"Point","coordinates":[-76.4025,-2.9021]}},{"type":"Feature","properties":{"name":"Soldado Bartra","sr":7,"cap":0,"pop":10},"bbox":[-75.7666,-2.5161,-75.7666,-2.5161],"geometry":{"type":"Point","coordinates":[-75.7666,-2.5161]}},{"type":"Feature","properties":{"name":"Nuevo Rocafuerte","sr":7,"cap":0,"pop":40},"bbox":[-75.4,-0.9329,-75.4,-0.9329],"geometry":{"type":"Point","coordinates":[-75.4,-0.9329]}},{"type":"Feature","properties":{"name":"Requena","sr":7,"cap":0,"pop":18000},"bbox":[-73.91,-5.0696,-73.91,-5.0696],"geometry":{"type":"Point","coordinates":[-73.91,-5.0696]}},{"type":"Feature","properties":{"name":"Granada\u200e","sr":7,"cap":0,"pop":105219},"bbox":[-85.95,11.9337,-85.95,11.9337],"geometry":{"type":"Point","coordinates":[-85.95,11.9337]}},{"type":"Feature","properties":{"name":"Chinandega","sr":7,"cap":0,"pop":139023},"bbox":[-87.13,12.6304,-87.13,12.6304],"geometry":{"type":"Point","coordinates":[-87.13,12.6304]}},{"type":"Feature","properties":{"name":"Matagalpa","sr":7,"cap":0,"pop":109089},"bbox":[-85.9167,12.9171,-85.9167,12.9171],"geometry":{"type":"Point","coordinates":[-85.9167,12.9171]}},{"type":"Feature","properties":{"name":"Horta","sr":7,"cap":0,"pop":6611},"bbox":[-28.6448,38.5347,-28.6448,38.5347],"geometry":{"type":"Point","coordinates":[-28.6448,38.5347]}},{"type":"Feature","properties":{"name":"Angra do Hero\u00edsmo","sr":7,"cap":0,"pop":12045},"bbox":[-27.2167,38.6504,-27.2167,38.6504],"geometry":{"type":"Point","coordinates":[-27.2167,38.6504]}},{"type":"Feature","properties":{"name":"Portim\u00e3o","sr":7,"cap":0,"pop":61226},"bbox":[-8.5333,37.1337,-8.5333,37.1337],"geometry":{"type":"Point","coordinates":[-8.5333,37.1337]}},{"type":"Feature","properties":{"name":"Faro","sr":7,"cap":0,"pop":41355},"bbox":[-7.9333,37.0171,-7.9333,37.0171],"geometry":{"type":"Point","coordinates":[-7.9333,37.0171]}},{"type":"Feature","properties":{"name":"Coimbra","sr":7,"cap":0,"pop":106582},"bbox":[-8.4167,40.2004,-8.4167,40.2004],"geometry":{"type":"Point","coordinates":[-8.4167,40.2004]}},{"type":"Feature","properties":{"name":"Makeni","sr":7,"cap":0,"pop":87679},"bbox":[-12.05,8.8804,-12.05,8.8804],"geometry":{"type":"Point","coordinates":[-12.05,8.8804]}},{"type":"Feature","properties":{"name":"Diourbel","sr":7,"cap":0,"pop":148024},"bbox":[-16.24,14.6604,-16.24,14.6604],"geometry":{"type":"Point","coordinates":[-16.24,14.6604]}},{"type":"Feature","properties":{"name":"Louga","sr":7,"cap":0,"pop":85075},"bbox":[-16.25,15.6104,-16.25,15.6104],"geometry":{"type":"Point","coordinates":[-16.25,15.6104]}},{"type":"Feature","properties":{"name":"Thi\u00e8s","sr":7,"cap":0,"pop":293001},"bbox":[-16.93,14.8104,-16.93,14.8104],"geometry":{"type":"Point","coordinates":[-16.93,14.8104]}},{"type":"Feature","properties":{"name":"Kolda","sr":7,"cap":0,"pop":69267},"bbox":[-14.95,12.9104,-14.95,12.9104],"geometry":{"type":"Point","coordinates":[-14.95,12.9104]}},{"type":"Feature","properties":{"name":"Tambacounda","sr":7,"cap":0,"pop":89212},"bbox":[-13.68,13.7804,-13.68,13.7804],"geometry":{"type":"Point","coordinates":[-13.68,13.7804]}},{"type":"Feature","properties":{"name":"K\u00e9dougou","sr":7,"cap":0,"pop":18226},"bbox":[-12.18,12.5604,-12.18,12.5604],"geometry":{"type":"Point","coordinates":[-12.18,12.5604]}},{"type":"Feature","properties":{"name":"Harper","sr":7,"cap":0,"pop":32661},"bbox":[-7.717,4.3754,-7.717,4.3754],"geometry":{"type":"Point","coordinates":[-7.717,4.3754]}},{"type":"Feature","properties":{"name":"Gbarnga","sr":7,"cap":0,"pop":45835},"bbox":[-9.49,7.0104,-9.49,7.0104],"geometry":{"type":"Point","coordinates":[-9.49,7.0104]}},{"type":"Feature","properties":{"name":"Koidu","sr":7,"cap":0,"pop":87539},"bbox":[-10.85,8.4405,-10.85,8.4405],"geometry":{"type":"Point","coordinates":[-10.85,8.4405]}},{"type":"Feature","properties":{"name":"Kenema","sr":7,"cap":0,"pop":143137},"bbox":[-11.19,7.8804,-11.19,7.8804],"geometry":{"type":"Point","coordinates":[-11.19,7.8804]}},{"type":"Feature","properties":{"name":"Zwedru","sr":7,"cap":0,"pop":25678},"bbox":[-8.13,6.0704,-8.13,6.0704],"geometry":{"type":"Point","coordinates":[-8.13,6.0704]}},{"type":"Feature","properties":{"name":"Haarlem","sr":7,"cap":0,"pop":349957},"bbox":[4.63,52.3804,4.63,52.3804],"geometry":{"type":"Point","coordinates":[4.63,52.3804]}},{"type":"Feature","properties":{"name":"Las Tablas","sr":7,"cap":0,"pop":11358},"bbox":[-80.28,7.7604,-80.28,7.7604],"geometry":{"type":"Point","coordinates":[-80.28,7.7604]}},{"type":"Feature","properties":{"name":"Santiago","sr":7,"cap":0,"pop":45955},"bbox":[-80.9833,8.1004,-80.9833,8.1004],"geometry":{"type":"Point","coordinates":[-80.9833,8.1004]}},{"type":"Feature","properties":{"name":"La Palma","sr":7,"cap":0,"pop":1845},"bbox":[-78.1402,8.3982,-78.1402,8.3982],"geometry":{"type":"Point","coordinates":[-78.1402,8.3982]}},{"type":"Feature","properties":{"name":"Ksar El Kebir","sr":7,"cap":0,"pop":306600},"bbox":[-5.91,35.0204,-5.91,35.0204],"geometry":{"type":"Point","coordinates":[-5.91,35.0204]}},{"type":"Feature","properties":{"name":"Larache","sr":7,"cap":0,"pop":120082},"bbox":[-6.16,35.2004,-6.16,35.2004],"geometry":{"type":"Point","coordinates":[-6.16,35.2004]}},{"type":"Feature","properties":{"name":"Taza","sr":7,"cap":0,"pop":199633},"bbox":[-4.02,34.2204,-4.02,34.2204],"geometry":{"type":"Point","coordinates":[-4.02,34.2204]}},{"type":"Feature","properties":{"name":"Ouezzane","sr":7,"cap":0,"pop":69658},"bbox":[-5.57,34.8103,-5.57,34.8103],"geometry":{"type":"Point","coordinates":[-5.57,34.8103]}},{"type":"Feature","properties":{"name":"Kenitra","sr":7,"cap":0,"pop":551786},"bbox":[-6.58,34.2704,-6.58,34.2704],"geometry":{"type":"Point","coordinates":[-6.58,34.2704]}},{"type":"Feature","properties":{"name":"Settat","sr":7,"cap":0,"pop":161748},"bbox":[-7.62,33.0104,-7.62,33.0104],"geometry":{"type":"Point","coordinates":[-7.62,33.0104]}},{"type":"Feature","properties":{"name":"Er Rachidia","sr":7,"cap":0,"pop":228489},"bbox":[-4.45,31.9404,-4.45,31.9404],"geometry":{"type":"Point","coordinates":[-4.45,31.9404]}},{"type":"Feature","properties":{"name":"Meknes","sr":7,"cap":0,"pop":697628},"bbox":[-5.56,33.9004,-5.56,33.9004],"geometry":{"type":"Point","coordinates":[-5.56,33.9004]}},{"type":"Feature","properties":{"name":"Tiznit","sr":7,"cap":0,"pop":57705},"bbox":[-9.74,29.7104,-9.74,29.7104],"geometry":{"type":"Point","coordinates":[-9.74,29.7104]}},{"type":"Feature","properties":{"name":"El Jadida","sr":7,"cap":0,"pop":180470},"bbox":[-8.51,33.2604,-8.51,33.2604],"geometry":{"type":"Point","coordinates":[-8.51,33.2604]}},{"type":"Feature","properties":{"name":"Goundam","sr":7,"cap":0,"pop":8456},"bbox":[-3.6666,16.417,-3.6666,16.417],"geometry":{"type":"Point","coordinates":[-3.6666,16.417]}},{"type":"Feature","properties":{"name":"Aguelhok","sr":7,"cap":0,"pop":9000},"bbox":[0.8564,19.4549,0.8564,19.4549],"geometry":{"type":"Point","coordinates":[0.8564,19.4549]}},{"type":"Feature","properties":{"name":"Bourem","sr":7,"cap":0,"pop":30000},"bbox":[-0.35,16.9004,-0.35,16.9004],"geometry":{"type":"Point","coordinates":[-0.35,16.9004]}},{"type":"Feature","properties":{"name":"San Quint\u00edn","sr":7,"cap":0,"pop":5433},"bbox":[-115.9401,30.5585,-115.9401,30.5585],"geometry":{"type":"Point","coordinates":[-115.9401,30.5585]}},{"type":"Feature","properties":{"name":"Punta Prieta","sr":7,"cap":0,"pop":527},"bbox":[-114.1666,28.9337,-114.1666,28.9337],"geometry":{"type":"Point","coordinates":[-114.1666,28.9337]}},{"type":"Feature","properties":{"name":"San Felipe","sr":7,"cap":0,"pop":20750},"bbox":[-114.8496,31.0241,-114.8496,31.0241],"geometry":{"type":"Point","coordinates":[-114.8496,31.0241]}},{"type":"Feature","properties":{"name":"Santa Rosal\u00eda","sr":7,"cap":0,"pop":11899},"bbox":[-112.2834,27.3171,-112.2834,27.3171],"geometry":{"type":"Point","coordinates":[-112.2834,27.3171]}},{"type":"Feature","properties":{"name":"Guerrero Negro","sr":7,"cap":0,"pop":13054},"bbox":[-114.17,27.9904,-114.17,27.9904],"geometry":{"type":"Point","coordinates":[-114.17,27.9904]}},{"type":"Feature","properties":{"name":"Piedras Negras","sr":7,"cap":0,"pop":139619},"bbox":[-100.5317,28.7076,-100.5317,28.7076],"geometry":{"type":"Point","coordinates":[-100.5317,28.7076]}},{"type":"Feature","properties":{"name":"San Pedro de las Colonias","sr":7,"cap":0,"pop":53688},"bbox":[-102.9827,25.7592,-102.9827,25.7592],"geometry":{"type":"Point","coordinates":[-102.9827,25.7592]}},{"type":"Feature","properties":{"name":"Sierra Mojada","sr":7,"cap":0,"pop":10},"bbox":[-103.7018,27.2889,-103.7018,27.2889],"geometry":{"type":"Point","coordinates":[-103.7018,27.2889]}},{"type":"Feature","properties":{"name":"Parras","sr":7,"cap":0,"pop":32253},"bbox":[-102.1799,25.4204,-102.1799,25.4204],"geometry":{"type":"Point","coordinates":[-102.1799,25.4204]}},{"type":"Feature","properties":{"name":"Cuauht\u00e9moc","sr":7,"cap":0,"pop":90835},"bbox":[-106.8696,28.4257,-106.8696,28.4257],"geometry":{"type":"Point","coordinates":[-106.8696,28.4257]}},{"type":"Feature","properties":{"name":"Nuevo Casas Grandes","sr":7,"cap":0,"pop":54826},"bbox":[-107.9119,30.4185,-107.9119,30.4185],"geometry":{"type":"Point","coordinates":[-107.9119,30.4185]}},{"type":"Feature","properties":{"name":"Ojinaga","sr":7,"cap":0,"pop":22128},"bbox":[-104.41,29.5404,-104.41,29.5404],"geometry":{"type":"Point","coordinates":[-104.41,29.5404]}},{"type":"Feature","properties":{"name":"Villa Ahumada","sr":7,"cap":0,"pop":9326},"bbox":[-106.51,30.6104,-106.51,30.6104],"geometry":{"type":"Point","coordinates":[-106.51,30.6104]}},{"type":"Feature","properties":{"name":"Santa Barbara","sr":7,"cap":0,"pop":10800},"bbox":[-105.82,26.8004,-105.82,26.8004],"geometry":{"type":"Point","coordinates":[-105.82,26.8004]}},{"type":"Feature","properties":{"name":"Ciudad Camargo","sr":7,"cap":0,"pop":37743},"bbox":[-105.1701,27.6904,-105.1701,27.6904],"geometry":{"type":"Point","coordinates":[-105.1701,27.6904]}},{"type":"Feature","properties":{"name":"Cuencame","sr":7,"cap":0,"pop":8876},"bbox":[-103.7,24.8704,-103.7,24.8704],"geometry":{"type":"Point","coordinates":[-103.7,24.8704]}},{"type":"Feature","properties":{"name":"Papasquiaro","sr":7,"cap":0,"pop":22750},"bbox":[-105.34,24.8304,-105.34,24.8304],"geometry":{"type":"Point","coordinates":[-105.34,24.8304]}},{"type":"Feature","properties":{"name":"Escuinapa","sr":7,"cap":0,"pop":28248},"bbox":[-105.8,22.8504,-105.8,22.8504],"geometry":{"type":"Point","coordinates":[-105.8,22.8504]}},{"type":"Feature","properties":{"name":"Guam\u00fachil","sr":7,"cap":0,"pop":62695},"bbox":[-108.09,25.4704,-108.09,25.4704],"geometry":{"type":"Point","coordinates":[-108.09,25.4704]}},{"type":"Feature","properties":{"name":"Guasave","sr":7,"cap":0,"pop":96860},"bbox":[-108.47,25.5705,-108.47,25.5705],"geometry":{"type":"Point","coordinates":[-108.47,25.5705]}},{"type":"Feature","properties":{"name":"El Fuerte","sr":7,"cap":0,"pop":11171},"bbox":[-108.62,26.4204,-108.62,26.4204],"geometry":{"type":"Point","coordinates":[-108.62,26.4204]}},{"type":"Feature","properties":{"name":"Eldorado","sr":7,"cap":0,"pop":17365},"bbox":[-107.37,24.3305,-107.37,24.3305],"geometry":{"type":"Point","coordinates":[-107.37,24.3305]}},{"type":"Feature","properties":{"name":"La Cruz","sr":7,"cap":0,"pop":11900},"bbox":[-106.9,23.9204,-106.9,23.9204],"geometry":{"type":"Point","coordinates":[-106.9,23.9204]}},{"type":"Feature","properties":{"name":"Agua Prieta","sr":7,"cap":0,"pop":86083},"bbox":[-109.563,31.3223,-109.563,31.3223],"geometry":{"type":"Point","coordinates":[-109.563,31.3223]}},{"type":"Feature","properties":{"name":"Ciudad Obregon","sr":7,"cap":0,"pop":288002},"bbox":[-109.925,27.4666,-109.925,27.4666],"geometry":{"type":"Point","coordinates":[-109.925,27.4666]}},{"type":"Feature","properties":{"name":"Navajoa","sr":7,"cap":0,"pop":116093},"bbox":[-109.4546,27.0819,-109.4546,27.0819],"geometry":{"type":"Point","coordinates":[-109.4546,27.0819]}},{"type":"Feature","properties":{"name":"Caborca","sr":7,"cap":0,"pop":57357},"bbox":[-112.1642,30.7161,-112.1642,30.7161],"geometry":{"type":"Point","coordinates":[-112.1642,30.7161]}},{"type":"Feature","properties":{"name":"Mazatl\u00e1n","sr":7,"cap":0,"pop":500000},"bbox":[-110.1333,29.0171,-110.1333,29.0171],"geometry":{"type":"Point","coordinates":[-110.1333,29.0171]}},{"type":"Feature","properties":{"name":"Cananea","sr":7,"cap":0,"pop":33433},"bbox":[-110.3,30.9904,-110.3,30.9904],"geometry":{"type":"Point","coordinates":[-110.3,30.9904]}},{"type":"Feature","properties":{"name":"Huatabampo","sr":7,"cap":0,"pop":30426},"bbox":[-109.63,26.8304,-109.63,26.8304],"geometry":{"type":"Point","coordinates":[-109.63,26.8304]}},{"type":"Feature","properties":{"name":"Zacatecas","sr":7,"cap":0,"pop":234481},"bbox":[-102.58,22.7704,-102.58,22.7704],"geometry":{"type":"Point","coordinates":[-102.58,22.7704]}},{"type":"Feature","properties":{"name":"Juan Aldama","sr":7,"cap":0,"pop":14162},"bbox":[-103.39,24.2904,-103.39,24.2904],"geometry":{"type":"Point","coordinates":[-103.39,24.2904]}},{"type":"Feature","properties":{"name":"Valpara\u00edso","sr":7,"cap":0,"pop":10545},"bbox":[-103.57,22.7704,-103.57,22.7704],"geometry":{"type":"Point","coordinates":[-103.57,22.7704]}},{"type":"Feature","properties":{"name":"Fresnillo","sr":7,"cap":0,"pop":105488},"bbox":[-102.86,23.1704,-102.86,23.1704],"geometry":{"type":"Point","coordinates":[-102.86,23.1704]}},{"type":"Feature","properties":{"name":"Linares","sr":7,"cap":0,"pop":57731},"bbox":[-99.57,24.8604,-99.57,24.8604],"geometry":{"type":"Point","coordinates":[-99.57,24.8604]}},{"type":"Feature","properties":{"name":"Matehuala","sr":7,"cap":0,"pop":67717},"bbox":[-100.65,23.6604,-100.65,23.6604],"geometry":{"type":"Point","coordinates":[-100.65,23.6604]}},{"type":"Feature","properties":{"name":"Tamu\u00edn","sr":7,"cap":0,"pop":14748},"bbox":[-98.75,21.9804,-98.75,21.9804],"geometry":{"type":"Point","coordinates":[-98.75,21.9804]}},{"type":"Feature","properties":{"name":"Tamazunchale","sr":7,"cap":0,"pop":72685},"bbox":[-98.7799,21.2704,-98.7799,21.2704],"geometry":{"type":"Point","coordinates":[-98.7799,21.2704]}},{"type":"Feature","properties":{"name":"Tula","sr":7,"cap":0,"pop":9054},"bbox":[-99.72,23.0004,-99.72,23.0004],"geometry":{"type":"Point","coordinates":[-99.72,23.0004]}},{"type":"Feature","properties":{"name":"Aldama","sr":7,"cap":0,"pop":12292},"bbox":[-98.07,22.9204,-98.07,22.9204],"geometry":{"type":"Point","coordinates":[-98.07,22.9204]}},{"type":"Feature","properties":{"name":"San Fernando","sr":7,"cap":0,"pop":29171},"bbox":[-98.16,24.8504,-98.16,24.8504],"geometry":{"type":"Point","coordinates":[-98.16,24.8504]}},{"type":"Feature","properties":{"name":"Tecoman","sr":7,"cap":0,"pop":91321},"bbox":[-103.88,18.9204,-103.88,18.9204],"geometry":{"type":"Point","coordinates":[-103.88,18.9204]}},{"type":"Feature","properties":{"name":"Puerto Vallarta","sr":7,"cap":0,"pop":187134},"bbox":[-105.245,20.6771,-105.245,20.6771],"geometry":{"type":"Point","coordinates":[-105.245,20.6771]}},{"type":"Feature","properties":{"name":"La Barca","sr":7,"cap":0,"pop":35345},"bbox":[-102.56,20.2804,-102.56,20.2804],"geometry":{"type":"Point","coordinates":[-102.56,20.2804]}},{"type":"Feature","properties":{"name":"Ciudad Guzman","sr":7,"cap":0,"pop":92161},"bbox":[-103.46,19.7104,-103.46,19.7104],"geometry":{"type":"Point","coordinates":[-103.46,19.7104]}},{"type":"Feature","properties":{"name":"Lagos de Moreno","sr":7,"cap":0,"pop":94127},"bbox":[-101.93,21.3704,-101.93,21.3704],"geometry":{"type":"Point","coordinates":[-101.93,21.3704]}},{"type":"Feature","properties":{"name":"Morelia","sr":7,"cap":0,"pop":644306},"bbox":[-101.1895,19.7334,-101.1895,19.7334],"geometry":{"type":"Point","coordinates":[-101.1895,19.7334]}},{"type":"Feature","properties":{"name":"L\u00e1zaro C\u00e1rdenas","sr":7,"cap":0,"pop":160087},"bbox":[-102.2,17.9587,-102.2,17.9587],"geometry":{"type":"Point","coordinates":[-102.2,17.9587]}},{"type":"Feature","properties":{"name":"Zamora","sr":7,"cap":0,"pop":214947},"bbox":[-102.28,19.9804,-102.28,19.9804],"geometry":{"type":"Point","coordinates":[-102.28,19.9804]}},{"type":"Feature","properties":{"name":"Coalcoman","sr":7,"cap":0,"pop":10715},"bbox":[-103.15,18.7804,-103.15,18.7804],"geometry":{"type":"Point","coordinates":[-103.15,18.7804]}},{"type":"Feature","properties":{"name":"Uruapan","sr":7,"cap":0,"pop":264531},"bbox":[-102.07,19.4204,-102.07,19.4204],"geometry":{"type":"Point","coordinates":[-102.07,19.4204]}},{"type":"Feature","properties":{"name":"Tuxpan","sr":7,"cap":0,"pop":26115},"bbox":[-105.27,21.9304,-105.27,21.9304],"geometry":{"type":"Point","coordinates":[-105.27,21.9304]}},{"type":"Feature","properties":{"name":"Tepic","sr":7,"cap":0,"pop":318781},"bbox":[-104.88,21.5054,-104.88,21.5054],"geometry":{"type":"Point","coordinates":[-104.88,21.5054]}},{"type":"Feature","properties":{"name":"Compostela","sr":7,"cap":0,"pop":16162},"bbox":[-104.9,21.2304,-104.9,21.2304],"geometry":{"type":"Point","coordinates":[-104.9,21.2304]}},{"type":"Feature","properties":{"name":"Tecuala","sr":7,"cap":0,"pop":14921},"bbox":[-105.46,22.4004,-105.46,22.4004],"geometry":{"type":"Point","coordinates":[-105.46,22.4004]}},{"type":"Feature","properties":{"name":"Ciudad del Carmen","sr":7,"cap":0,"pop":156195},"bbox":[-91.8245,18.6537,-91.8245,18.6537],"geometry":{"type":"Point","coordinates":[-91.8245,18.6537]}},{"type":"Feature","properties":{"name":"Champot\u00f3n","sr":7,"cap":0,"pop":26636},"bbox":[-90.72,19.3504,-90.72,19.3504],"geometry":{"type":"Point","coordinates":[-90.72,19.3504]}},{"type":"Feature","properties":{"name":"Salina Cruz","sr":7,"cap":0,"pop":81063},"bbox":[-95.2,16.1671,-95.2,16.1671],"geometry":{"type":"Point","coordinates":[-95.2,16.1671]}},{"type":"Feature","properties":{"name":"Puerto Escondido","sr":7,"cap":0,"pop":19488},"bbox":[-97.0659,15.8592,-97.0659,15.8592],"geometry":{"type":"Point","coordinates":[-97.0659,15.8592]}},{"type":"Feature","properties":{"name":"Pochutla","sr":7,"cap":0,"pop":24481},"bbox":[-96.47,15.7304,-96.47,15.7304],"geometry":{"type":"Point","coordinates":[-96.47,15.7304]}},{"type":"Feature","properties":{"name":"Mitla","sr":7,"cap":0,"pop":7547},"bbox":[-96.4,16.917,-96.4,16.917],"geometry":{"type":"Point","coordinates":[-96.4,16.917]}},{"type":"Feature","properties":{"name":"Tlaxiaco","sr":7,"cap":0,"pop":21391},"bbox":[-97.68,17.2704,-97.68,17.2704],"geometry":{"type":"Point","coordinates":[-97.68,17.2704]}},{"type":"Feature","properties":{"name":"Huajuapan de Le\u00f3n","sr":7,"cap":0,"pop":47844},"bbox":[-97.79,17.8104,-97.79,17.8104],"geometry":{"type":"Point","coordinates":[-97.79,17.8104]}},{"type":"Feature","properties":{"name":"Tehuacan","sr":7,"cap":0,"pop":241429},"bbox":[-97.38,18.4504,-97.38,18.4504],"geometry":{"type":"Point","coordinates":[-97.38,18.4504]}},{"type":"Feature","properties":{"name":"Teziutl\u00e1n","sr":7,"cap":0,"pop":177796},"bbox":[-97.36,19.8204,-97.36,19.8204],"geometry":{"type":"Point","coordinates":[-97.36,19.8204]}},{"type":"Feature","properties":{"name":"Frontera","sr":7,"cap":0,"pop":22621},"bbox":[-92.65,18.5804,-92.65,18.5804],"geometry":{"type":"Point","coordinates":[-92.65,18.5804]}},{"type":"Feature","properties":{"name":"Tenosique","sr":7,"cap":0,"pop":32415},"bbox":[-91.43,17.4804,-91.43,17.4804],"geometry":{"type":"Point","coordinates":[-91.43,17.4804]}},{"type":"Feature","properties":{"name":"Salamanca","sr":7,"cap":0,"pop":197524},"bbox":[-101.2,20.5704,-101.2,20.5704],"geometry":{"type":"Point","coordinates":[-101.2,20.5704]}},{"type":"Feature","properties":{"name":"Guanajuato","sr":7,"cap":0,"pop":112200},"bbox":[-101.28,21.0204,-101.28,21.0204],"geometry":{"type":"Point","coordinates":[-101.28,21.0204]}},{"type":"Feature","properties":{"name":"Taxco","sr":7,"cap":0,"pop":53217},"bbox":[-99.62,18.5704,-99.62,18.5704],"geometry":{"type":"Point","coordinates":[-99.62,18.5704]}},{"type":"Feature","properties":{"name":"Ayutla","sr":7,"cap":0,"pop":9897},"bbox":[-99.0947,16.9644,-99.0947,16.9644],"geometry":{"type":"Point","coordinates":[-99.0947,16.9644]}},{"type":"Feature","properties":{"name":"Ciudad Altamirano","sr":7,"cap":0,"pop":24533},"bbox":[-100.65,18.3204,-100.65,18.3204],"geometry":{"type":"Point","coordinates":[-100.65,18.3204]}},{"type":"Feature","properties":{"name":"Petatl\u00e1n","sr":7,"cap":0,"pop":31910},"bbox":[-101.27,17.5204,-101.27,17.5204],"geometry":{"type":"Point","coordinates":[-101.27,17.5204]}},{"type":"Feature","properties":{"name":"Pachuca","sr":7,"cap":0,"pop":319581},"bbox":[-98.7356,20.1064,-98.7356,20.1064],"geometry":{"type":"Point","coordinates":[-98.7356,20.1064]}},{"type":"Feature","properties":{"name":"Toluca","sr":7,"cap":0,"pop":1531000},"bbox":[-99.6532,19.2893,-99.6532,19.2893],"geometry":{"type":"Point","coordinates":[-99.6532,19.2893]}},{"type":"Feature","properties":{"name":"Zumpango","sr":7,"cap":0,"pop":250000},"bbox":[-99.11,19.8104,-99.11,19.8104],"geometry":{"type":"Point","coordinates":[-99.11,19.8104]}},{"type":"Feature","properties":{"name":"Minatitl\u00e1n","sr":7,"cap":0,"pop":201902},"bbox":[-94.53,17.9805,-94.53,17.9805],"geometry":{"type":"Point","coordinates":[-94.53,17.9805]}},{"type":"Feature","properties":{"name":"Coatzacoalcos","sr":7,"cap":0,"pop":287285},"bbox":[-94.42,18.1204,-94.42,18.1204],"geometry":{"type":"Point","coordinates":[-94.42,18.1204]}},{"type":"Feature","properties":{"name":"Poza Rica de Hidalgo","sr":7,"cap":0,"pop":254481},"bbox":[-97.4439,20.5257,-97.4439,20.5257],"geometry":{"type":"Point","coordinates":[-97.4439,20.5257]}},{"type":"Feature","properties":{"name":"C\u00f3rdoba","sr":7,"cap":0,"pop":220563},"bbox":[-96.92,18.9204,-96.92,18.9204],"geometry":{"type":"Point","coordinates":[-96.92,18.9204]}},{"type":"Feature","properties":{"name":"Santiago Tuxtla","sr":7,"cap":0,"pop":15681},"bbox":[-95.3,18.4704,-95.3,18.4704],"geometry":{"type":"Point","coordinates":[-95.3,18.4704]}},{"type":"Feature","properties":{"name":"Tuxpam","sr":7,"cap":0,"pop":109049},"bbox":[-97.41,20.9604,-97.41,20.9604],"geometry":{"type":"Point","coordinates":[-97.41,20.9604]}},{"type":"Feature","properties":{"name":"P\u00e1nuco","sr":7,"cap":0,"pop":35316},"bbox":[-98.19,22.0604,-98.19,22.0604],"geometry":{"type":"Point","coordinates":[-98.19,22.0604]}},{"type":"Feature","properties":{"name":"Pijijiapan","sr":7,"cap":0,"pop":23675},"bbox":[-93.22,15.6904,-93.22,15.6904],"geometry":{"type":"Point","coordinates":[-93.22,15.6904]}},{"type":"Feature","properties":{"name":"Isla Mujeres","sr":7,"cap":0,"pop":12491},"bbox":[-86.7115,21.2084,-86.7115,21.2084],"geometry":{"type":"Point","coordinates":[-86.7115,21.2084]}},{"type":"Feature","properties":{"name":"Felipe Carrillo Puerto","sr":7,"cap":0,"pop":24807},"bbox":[-88.05,19.5804,-88.05,19.5804],"geometry":{"type":"Point","coordinates":[-88.05,19.5804]}},{"type":"Feature","properties":{"name":"Tizim\u00edn","sr":7,"cap":0,"pop":41993},"bbox":[-88.15,21.1304,-88.15,21.1304],"geometry":{"type":"Point","coordinates":[-88.15,21.1304]}},{"type":"Feature","properties":{"name":"Valladolid","sr":7,"cap":0,"pop":48479},"bbox":[-88.2,20.6704,-88.2,20.6704],"geometry":{"type":"Point","coordinates":[-88.2,20.6704]}},{"type":"Feature","properties":{"name":"Izamal","sr":7,"cap":0,"pop":14954},"bbox":[-89.0201,20.9304,-89.0201,20.9304],"geometry":{"type":"Point","coordinates":[-89.0201,20.9304]}},{"type":"Feature","properties":{"name":"Ticul","sr":7,"cap":0,"pop":30519},"bbox":[-89.53,20.4004,-89.53,20.4004],"geometry":{"type":"Point","coordinates":[-89.53,20.4004]}},{"type":"Feature","properties":{"name":"Zouirat","sr":7,"cap":0,"pop":56345},"bbox":[-12.4833,22.7304,-12.4833,22.7304],"geometry":{"type":"Point","coordinates":[-12.4833,22.7304]}},{"type":"Feature","properties":{"name":"Chegga","sr":7,"cap":0,"pop":10},"bbox":[-5.78,25.3804,-5.78,25.3804],"geometry":{"type":"Point","coordinates":[-5.78,25.3804]}},{"type":"Feature","properties":{"name":"Magta Lajar","sr":7,"cap":0,"pop":10},"bbox":[-13.5,17.0004,-13.5,17.0004],"geometry":{"type":"Point","coordinates":[-13.5,17.0004]}},{"type":"Feature","properties":{"name":"Bogue","sr":7,"cap":0,"pop":10415},"bbox":[-14.27,16.5904,-14.27,16.5904],"geometry":{"type":"Point","coordinates":[-14.27,16.5904]}},{"type":"Feature","properties":{"name":"Boutilimit","sr":7,"cap":0,"pop":14142},"bbox":[-14.7,17.5504,-14.7,17.5504],"geometry":{"type":"Point","coordinates":[-14.7,17.5504]}},{"type":"Feature","properties":{"name":"S\u00e9libaby","sr":7,"cap":0,"pop":460},"bbox":[-12.1833,15.167,-12.1833,15.167],"geometry":{"type":"Point","coordinates":[-12.1833,15.167]}},{"type":"Feature","properties":{"name":"Kati","sr":7,"cap":0,"pop":66895},"bbox":[-8.08,12.7504,-8.08,12.7504],"geometry":{"type":"Point","coordinates":[-8.08,12.7504]}},{"type":"Feature","properties":{"name":"Banamba","sr":7,"cap":0,"pop":30591},"bbox":[-7.45,13.5504,-7.45,13.5504],"geometry":{"type":"Point","coordinates":[-7.45,13.5504]}},{"type":"Feature","properties":{"name":"Kangaba","sr":7,"cap":0,"pop":17232},"bbox":[-8.44,11.9404,-8.44,11.9404],"geometry":{"type":"Point","coordinates":[-8.44,11.9404]}},{"type":"Feature","properties":{"name":"Nioro du Sahel","sr":7,"cap":0,"pop":14421},"bbox":[-9.59,15.2304,-9.59,15.2304],"geometry":{"type":"Point","coordinates":[-9.59,15.2304]}},{"type":"Feature","properties":{"name":"Bafoulab\u00e9","sr":7,"cap":0,"pop":26823},"bbox":[-10.82,13.8004,-10.82,13.8004],"geometry":{"type":"Point","coordinates":[-10.82,13.8004]}},{"type":"Feature","properties":{"name":"Satadougou","sr":7,"cap":0,"pop":706},"bbox":[-11.4066,12.617,-11.4066,12.617],"geometry":{"type":"Point","coordinates":[-11.4066,12.617]}},{"type":"Feature","properties":{"name":"Y\u00e9liman\u00e9","sr":7,"cap":0,"pop":988},"bbox":[-10.5666,15.1337,-10.5666,15.1337],"geometry":{"type":"Point","coordinates":[-10.5666,15.1337]}},{"type":"Feature","properties":{"name":"Kita","sr":7,"cap":0,"pop":46435},"bbox":[-9.4833,13.0504,-9.4833,13.0504],"geometry":{"type":"Point","coordinates":[-9.4833,13.0504]}},{"type":"Feature","properties":{"name":"Koutiala","sr":7,"cap":0,"pop":104927},"bbox":[-5.47,12.3904,-5.47,12.3904],"geometry":{"type":"Point","coordinates":[-5.47,12.3904]}},{"type":"Feature","properties":{"name":"Sikasso","sr":7,"cap":0,"pop":225753},"bbox":[-5.68,11.3204,-5.68,11.3204],"geometry":{"type":"Point","coordinates":[-5.68,11.3204]}},{"type":"Feature","properties":{"name":"Bougouni","sr":7,"cap":0,"pop":35450},"bbox":[-7.49,11.4204,-7.49,11.4204],"geometry":{"type":"Point","coordinates":[-7.49,11.4204]}},{"type":"Feature","properties":{"name":"Timbedra","sr":7,"cap":0,"pop":245},"bbox":[-8.1666,16.2504,-8.1666,16.2504],"geometry":{"type":"Point","coordinates":[-8.1666,16.2504]}},{"type":"Feature","properties":{"name":"Nema","sr":7,"cap":0,"pop":200000},"bbox":[-7.25,16.6171,-7.25,16.6171],"geometry":{"type":"Point","coordinates":[-7.25,16.6171]}},{"type":"Feature","properties":{"name":"Markala","sr":7,"cap":0,"pop":53738},"bbox":[-6.07,13.6704,-6.07,13.6704],"geometry":{"type":"Point","coordinates":[-6.07,13.6704]}},{"type":"Feature","properties":{"name":"Sokolo","sr":7,"cap":0,"pop":4374},"bbox":[-6.1333,14.7337,-6.1333,14.7337],"geometry":{"type":"Point","coordinates":[-6.1333,14.7337]}},{"type":"Feature","properties":{"name":"San","sr":7,"cap":0,"pop":41386},"bbox":[-4.9,13.3004,-4.9,13.3004],"geometry":{"type":"Point","coordinates":[-4.9,13.3004]}},{"type":"Feature","properties":{"name":"Abeokuta","sr":7,"cap":0,"pop":593100},"bbox":[3.35,7.1604,3.35,7.1604],"geometry":{"type":"Point","coordinates":[3.35,7.1604]}},{"type":"Feature","properties":{"name":"Ijebu Ode","sr":7,"cap":0,"pop":209175},"bbox":[3.92,6.8204,3.92,6.8204],"geometry":{"type":"Point","coordinates":[3.92,6.8204]}},{"type":"Feature","properties":{"name":"Ondo","sr":7,"cap":0,"pop":257005},"bbox":[4.84,7.0904,4.84,7.0904],"geometry":{"type":"Point","coordinates":[4.84,7.0904]}},{"type":"Feature","properties":{"name":"Ife","sr":7,"cap":0,"pop":482365},"bbox":[4.56,7.4804,4.56,7.4804],"geometry":{"type":"Point","coordinates":[4.56,7.4804]}},{"type":"Feature","properties":{"name":"Oshogbo","sr":7,"cap":0,"pop":408245},"bbox":[4.56,7.7704,4.56,7.7704],"geometry":{"type":"Point","coordinates":[4.56,7.7704]}},{"type":"Feature","properties":{"name":"Oyo","sr":7,"cap":0,"pop":736072},"bbox":[3.93,7.8504,3.93,7.8504],"geometry":{"type":"Point","coordinates":[3.93,7.8504]}},{"type":"Feature","properties":{"name":"Birnin Kebbi","sr":7,"cap":0,"pop":108164},"bbox":[4.1999,12.4504,4.1999,12.4504],"geometry":{"type":"Point","coordinates":[4.1999,12.4504]}},{"type":"Feature","properties":{"name":"Koko","sr":7,"cap":0,"pop":25792},"bbox":[4.517,11.4232,4.517,11.4232],"geometry":{"type":"Point","coordinates":[4.517,11.4232]}},{"type":"Feature","properties":{"name":"Dawra","sr":7,"cap":0,"pop":10},"bbox":[-12.9922,27.4629,-12.9922,27.4629],"geometry":{"type":"Point","coordinates":[-12.9922,27.4629]}},{"type":"Feature","properties":{"name":"Lemsid","sr":7,"cap":0,"pop":100},"bbox":[-13.8482,26.5482,-13.8482,26.5482],"geometry":{"type":"Point","coordinates":[-13.8482,26.5482]}},{"type":"Feature","properties":{"name":"Tan Tan","sr":7,"cap":0,"pop":64868},"bbox":[-11.1,28.4304,-11.1,28.4304],"geometry":{"type":"Point","coordinates":[-11.1,28.4304]}},{"type":"Feature","properties":{"name":"Bir Anzarane","sr":7,"cap":0,"pop":6597},"bbox":[-14.5333,23.8837,-14.5333,23.8837],"geometry":{"type":"Point","coordinates":[-14.5333,23.8837]}},{"type":"Feature","properties":{"name":"Saint-Georges","sr":7,"cap":0,"pop":2742},"bbox":[-51.81,3.9105,-51.81,3.9105],"geometry":{"type":"Point","coordinates":[-51.81,3.9105]}},{"type":"Feature","properties":{"name":"Drogheda","sr":7,"cap":0,"pop":36533},"bbox":[-6.3505,53.7089,-6.3505,53.7089],"geometry":{"type":"Point","coordinates":[-6.3505,53.7089]}},{"type":"Feature","properties":{"name":"Dundalk","sr":7,"cap":0,"pop":38884},"bbox":[-6.3956,53.9998,-6.3956,53.9998],"geometry":{"type":"Point","coordinates":[-6.3956,53.9998]}},{"type":"Feature","properties":{"name":"Galway","sr":7,"cap":0,"pop":75594},"bbox":[-9.0488,53.2724,-9.0488,53.2724],"geometry":{"type":"Point","coordinates":[-9.0488,53.2724]}},{"type":"Feature","properties":{"name":"Kilkenny","sr":7,"cap":0,"pop":21589},"bbox":[-7.2523,52.6546,-7.2523,52.6546],"geometry":{"type":"Point","coordinates":[-7.2523,52.6546]}},{"type":"Feature","properties":{"name":"Killarney","sr":7,"cap":0,"pop":11902},"bbox":[-9.5167,52.0504,-9.5167,52.0504],"geometry":{"type":"Point","coordinates":[-9.5167,52.0504]}},{"type":"Feature","properties":{"name":"Sligo","sr":7,"cap":0,"pop":20228},"bbox":[-8.4833,54.2671,-8.4833,54.2671],"geometry":{"type":"Point","coordinates":[-8.4833,54.2671]}},{"type":"Feature","properties":{"name":"Bolama","sr":7,"cap":0,"pop":10769},"bbox":[-15.4828,11.583,-15.4828,11.583],"geometry":{"type":"Point","coordinates":[-15.4828,11.583]}},{"type":"Feature","properties":{"name":"Bafat\u00e1","sr":7,"cap":0,"pop":29704},"bbox":[-14.666,12.167,-14.666,12.167],"geometry":{"type":"Point","coordinates":[-14.666,12.167]}},{"type":"Feature","properties":{"name":"Saint-\u00c9tienne","sr":7,"cap":0,"pop":265684},"bbox":[4.38,45.4304,4.38,45.4304],"geometry":{"type":"Point","coordinates":[4.38,45.4304]}},{"type":"Feature","properties":{"name":"Macar\u00e1","sr":7,"cap":0,"pop":13035},"bbox":[-79.95,-4.3796,-79.95,-4.3796],"geometry":{"type":"Point","coordinates":[-79.95,-4.3796]}},{"type":"Feature","properties":{"name":"Zamora","sr":7,"cap":0,"pop":15276},"bbox":[-78.97,-4.0696,-78.97,-4.0696],"geometry":{"type":"Point","coordinates":[-78.97,-4.0696]}},{"type":"Feature","properties":{"name":"Latacunga","sr":7,"cap":0,"pop":94972},"bbox":[-78.61,-0.9296,-78.61,-0.9296],"geometry":{"type":"Point","coordinates":[-78.61,-0.9296]}},{"type":"Feature","properties":{"name":"Milagro","sr":7,"cap":0,"pop":109970},"bbox":[-79.6,-2.1796,-79.6,-2.1796],"geometry":{"type":"Point","coordinates":[-79.6,-2.1796]}},{"type":"Feature","properties":{"name":"Babahoyo","sr":7,"cap":0,"pop":76279},"bbox":[-79.54,-1.7996,-79.54,-1.7996],"geometry":{"type":"Point","coordinates":[-79.54,-1.7996]}},{"type":"Feature","properties":{"name":"Chone","sr":7,"cap":0,"pop":44751},"bbox":[-80.09,-0.6896,-80.09,-0.6896],"geometry":{"type":"Point","coordinates":[-80.09,-0.6896]}},{"type":"Feature","properties":{"name":"Jipijapa","sr":7,"cap":0,"pop":35901},"bbox":[-80.58,-1.3496,-80.58,-1.3496],"geometry":{"type":"Point","coordinates":[-80.58,-1.3496]}},{"type":"Feature","properties":{"name":"Yaupi","sr":7,"cap":0,"pop":293},"bbox":[-77.9363,-2.8543,-77.9363,-2.8543],"geometry":{"type":"Point","coordinates":[-77.9363,-2.8543]}},{"type":"Feature","properties":{"name":"Macas","sr":7,"cap":0,"pop":23687},"bbox":[-78.12,-2.3096,-78.12,-2.3096],"geometry":{"type":"Point","coordinates":[-78.12,-2.3096]}},{"type":"Feature","properties":{"name":"Cayambe","sr":7,"cap":0,"pop":27881},"bbox":[-78.16,0.0504,-78.16,0.0504],"geometry":{"type":"Point","coordinates":[-78.16,0.0504]}},{"type":"Feature","properties":{"name":"Ambato","sr":7,"cap":0,"pop":281425},"bbox":[-78.62,-1.2696,-78.62,-1.2696],"geometry":{"type":"Point","coordinates":[-78.62,-1.2696]}},{"type":"Feature","properties":{"name":"Tena","sr":7,"cap":0,"pop":31126},"bbox":[-77.81,-0.9796,-77.81,-0.9796],"geometry":{"type":"Point","coordinates":[-77.81,-0.9796]}},{"type":"Feature","properties":{"name":"Yarumal","sr":7,"cap":0,"pop":35315},"bbox":[-75.5905,7.0306,-75.5905,7.0306],"geometry":{"type":"Point","coordinates":[-75.5905,7.0306]}},{"type":"Feature","properties":{"name":"Puerto Berr\u00edo","sr":7,"cap":0,"pop":33983},"bbox":[-74.42,6.4804,-74.42,6.4804],"geometry":{"type":"Point","coordinates":[-74.42,6.4804]}},{"type":"Feature","properties":{"name":"Turbo","sr":7,"cap":0,"pop":50508},"bbox":[-76.74,8.1004,-76.74,8.1004],"geometry":{"type":"Point","coordinates":[-76.74,8.1004]}},{"type":"Feature","properties":{"name":"Tunja","sr":7,"cap":0,"pop":161412},"bbox":[-73.37,5.5504,-73.37,5.5504],"geometry":{"type":"Point","coordinates":[-73.37,5.5504]}},{"type":"Feature","properties":{"name":"Chiquinquir\u00e1","sr":7,"cap":0,"pop":53975},"bbox":[-73.8199,5.6204,-73.8199,5.6204],"geometry":{"type":"Point","coordinates":[-73.8199,5.6204]}},{"type":"Feature","properties":{"name":"Duitama","sr":7,"cap":0,"pop":101156},"bbox":[-73.02,5.8305,-73.02,5.8305],"geometry":{"type":"Point","coordinates":[-73.02,5.8305]}},{"type":"Feature","properties":{"name":"Ayapel","sr":7,"cap":0,"pop":23639},"bbox":[-75.15,8.3304,-75.15,8.3304],"geometry":{"type":"Point","coordinates":[-75.15,8.3304]}},{"type":"Feature","properties":{"name":"Lorica","sr":7,"cap":0,"pop":52771},"bbox":[-75.816,9.2419,-75.816,9.2419],"geometry":{"type":"Point","coordinates":[-75.816,9.2419]}},{"type":"Feature","properties":{"name":"Socorro","sr":7,"cap":0,"pop":24895},"bbox":[-73.27,6.4603,-73.27,6.4603],"geometry":{"type":"Point","coordinates":[-73.27,6.4603]}},{"type":"Feature","properties":{"name":"Riohacha","sr":7,"cap":0,"pop":133186},"bbox":[-72.91,11.5403,-72.91,11.5403],"geometry":{"type":"Point","coordinates":[-72.91,11.5403]}},{"type":"Feature","properties":{"name":"Cienfuegos","sr":7,"cap":0,"pop":186644},"bbox":[-80.4403,22.1444,-80.4403,22.1444],"geometry":{"type":"Point","coordinates":[-80.4403,22.1444]}},{"type":"Feature","properties":{"name":"Nueva Gerona","sr":7,"cap":0,"pop":25566},"bbox":[-82.8,21.8837,-82.8,21.8837],"geometry":{"type":"Point","coordinates":[-82.8,21.8837]}},{"type":"Feature","properties":{"name":"Sancti Sp\u00edritus","sr":7,"cap":0,"pop":127069},"bbox":[-79.4425,21.9301,-79.4425,21.9301],"geometry":{"type":"Point","coordinates":[-79.4425,21.9301]}},{"type":"Feature","properties":{"name":"Sixaola","sr":7,"cap":0,"pop":1823},"bbox":[-82.62,9.5204,-82.62,9.5204],"geometry":{"type":"Point","coordinates":[-82.62,9.5204]}},{"type":"Feature","properties":{"name":"Puntarenas","sr":7,"cap":0,"pop":57102},"bbox":[-84.8336,9.9702,-84.8336,9.9702],"geometry":{"type":"Point","coordinates":[-84.8336,9.9702]}},{"type":"Feature","properties":{"name":"Ciudad Cort\u00e9s","sr":7,"cap":0,"pop":3850},"bbox":[-83.53,8.9604,-83.53,8.9604],"geometry":{"type":"Point","coordinates":[-83.53,8.9604]}},{"type":"Feature","properties":{"name":"Quesada","sr":7,"cap":0,"pop":31106},"bbox":[-84.44,10.3305,-84.44,10.3305],"geometry":{"type":"Point","coordinates":[-84.44,10.3305]}},{"type":"Feature","properties":{"name":"Liberia","sr":7,"cap":0,"pop":45380},"bbox":[-85.4333,10.6338,-85.4333,10.6338],"geometry":{"type":"Point","coordinates":[-85.4333,10.6338]}},{"type":"Feature","properties":{"name":"La Cruz","sr":7,"cap":0,"pop":4319},"bbox":[-85.63,11.0704,-85.63,11.0704],"geometry":{"type":"Point","coordinates":[-85.63,11.0704]}},{"type":"Feature","properties":{"name":"Valdez","sr":7,"cap":0,"pop":11441},"bbox":[-78.9855,1.2671,-78.9855,1.2671],"geometry":{"type":"Point","coordinates":[-78.9855,1.2671]}},{"type":"Feature","properties":{"name":"San Lorenzo","sr":7,"cap":0,"pop":20209},"bbox":[-78.8601,1.2704,-78.8601,1.2704],"geometry":{"type":"Point","coordinates":[-78.8601,1.2704]}},{"type":"Feature","properties":{"name":"Esmeraldas","sr":7,"cap":0,"pop":173101},"bbox":[-79.67,0.9304,-79.67,0.9304],"geometry":{"type":"Point","coordinates":[-79.67,0.9304]}},{"type":"Feature","properties":{"name":"Santa Ana","sr":7,"cap":0,"pop":234478},"bbox":[-89.5598,13.9946,-89.5598,13.9946],"geometry":{"type":"Point","coordinates":[-89.5598,13.9946]}},{"type":"Feature","properties":{"name":"Mor\u00f3n","sr":7,"cap":0,"pop":66060},"bbox":[-78.6275,22.1099,-78.6275,22.1099],"geometry":{"type":"Point","coordinates":[-78.6275,22.1099]}},{"type":"Feature","properties":{"name":"Nuevitas","sr":7,"cap":0,"pop":54022},"bbox":[-77.2644,21.5456,-77.2644,21.5456],"geometry":{"type":"Point","coordinates":[-77.2644,21.5456]}},{"type":"Feature","properties":{"name":"Manzanillo","sr":7,"cap":0,"pop":128188},"bbox":[-77.1166,20.3438,-77.1166,20.3438],"geometry":{"type":"Point","coordinates":[-77.1166,20.3438]}},{"type":"Feature","properties":{"name":"Bayamo","sr":7,"cap":0,"pop":192632},"bbox":[-76.6433,20.3795,-76.6433,20.3795],"geometry":{"type":"Point","coordinates":[-76.6433,20.3795]}},{"type":"Feature","properties":{"name":"Banes","sr":7,"cap":0,"pop":53104},"bbox":[-75.7186,20.9629,-75.7186,20.9629],"geometry":{"type":"Point","coordinates":[-75.7186,20.9629]}},{"type":"Feature","properties":{"name":"Las Tunas","sr":7,"cap":0,"pop":203684},"bbox":[-76.9544,20.9601,-76.9544,20.9601],"geometry":{"type":"Point","coordinates":[-76.9544,20.9601]}},{"type":"Feature","properties":{"name":"San Pedro de Macor\u00eds","sr":7,"cap":0,"pop":217899},"bbox":[-69.3,18.4504,-69.3,18.4504],"geometry":{"type":"Point","coordinates":[-69.3,18.4504]}},{"type":"Feature","properties":{"name":"Armenia","sr":7,"cap":0,"pop":315328},"bbox":[-75.6811,4.5343,-75.6811,4.5343],"geometry":{"type":"Point","coordinates":[-75.6811,4.5343]}},{"type":"Feature","properties":{"name":"Pereira","sr":7,"cap":0,"pop":568750},"bbox":[-75.68,4.8104,-75.68,4.8104],"geometry":{"type":"Point","coordinates":[-75.68,4.8104]}},{"type":"Feature","properties":{"name":"Honda","sr":7,"cap":0,"pop":35469},"bbox":[-74.75,5.1903,-74.75,5.1903],"geometry":{"type":"Point","coordinates":[-74.75,5.1903]}},{"type":"Feature","properties":{"name":"San Vicente del Cagu\u00e1n","sr":7,"cap":0,"pop":1500},"bbox":[-74.7703,2.1095,-74.7703,2.1095],"geometry":{"type":"Point","coordinates":[-74.7703,2.1095]}},{"type":"Feature","properties":{"name":"Florencia","sr":7,"cap":0,"pop":130337},"bbox":[-75.62,1.6104,-75.62,1.6104],"geometry":{"type":"Point","coordinates":[-75.62,1.6104]}},{"type":"Feature","properties":{"name":"Guapi","sr":7,"cap":0,"pop":13853},"bbox":[-77.86,2.5604,-77.86,2.5604],"geometry":{"type":"Point","coordinates":[-77.86,2.5604]}},{"type":"Feature","properties":{"name":"Neiva","sr":7,"cap":0,"pop":352855},"bbox":[-75.3302,2.931,-75.3302,2.931],"geometry":{"type":"Point","coordinates":[-75.3302,2.931]}},{"type":"Feature","properties":{"name":"Garz\u00f3n","sr":7,"cap":0,"pop":56603},"bbox":[-75.65,2.2104,-75.65,2.2104],"geometry":{"type":"Point","coordinates":[-75.65,2.2104]}},{"type":"Feature","properties":{"name":"Ipiales","sr":7,"cap":0,"pop":109618},"bbox":[-77.65,0.8304,-77.65,0.8304],"geometry":{"type":"Point","coordinates":[-77.65,0.8304]}},{"type":"Feature","properties":{"name":"Buenaventura","sr":7,"cap":0,"pop":252805},"bbox":[-77.0505,3.8724,-77.0505,3.8724],"geometry":{"type":"Point","coordinates":[-77.0505,3.8724]}},{"type":"Feature","properties":{"name":"Tulu\u00e1","sr":7,"cap":0,"pop":165501},"bbox":[-76.21,4.0904,-76.21,4.0904],"geometry":{"type":"Point","coordinates":[-76.21,4.0904]}},{"type":"Feature","properties":{"name":"Ibarra","sr":7,"cap":0,"pop":146741},"bbox":[-78.13,0.3604,-78.13,0.3604],"geometry":{"type":"Point","coordinates":[-78.13,0.3604]}},{"type":"Feature","properties":{"name":"El Carmen de Bol\u00edvar","sr":7,"cap":0,"pop":60980},"bbox":[-75.13,9.7204,-75.13,9.7204],"geometry":{"type":"Point","coordinates":[-75.13,9.7204]}},{"type":"Feature","properties":{"name":"Jurad\u00f3","sr":7,"cap":0,"pop":2351},"bbox":[-77.7564,7.1217,-77.7564,7.1217],"geometry":{"type":"Point","coordinates":[-77.7564,7.1217]}},{"type":"Feature","properties":{"name":"Nuqu\u00ed","sr":7,"cap":0,"pop":2741},"bbox":[-77.2745,5.6852,-77.2745,5.6852],"geometry":{"type":"Point","coordinates":[-77.2745,5.6852]}},{"type":"Feature","properties":{"name":"Quibd\u00f3","sr":7,"cap":0,"pop":92780},"bbox":[-76.66,5.6904,-76.66,5.6904],"geometry":{"type":"Point","coordinates":[-76.66,5.6904]}},{"type":"Feature","properties":{"name":"El Banco","sr":7,"cap":0,"pop":54522},"bbox":[-73.98,9.0003,-73.98,9.0003],"geometry":{"type":"Point","coordinates":[-73.98,9.0003]}},{"type":"Feature","properties":{"name":"Ci\u00e9naga","sr":7,"cap":0,"pop":131171},"bbox":[-74.25,11.0104,-74.25,11.0104],"geometry":{"type":"Point","coordinates":[-74.25,11.0104]}},{"type":"Feature","properties":{"name":"Sincelejo","sr":7,"cap":0,"pop":261187},"bbox":[-75.38,9.2904,-75.38,9.2904],"geometry":{"type":"Point","coordinates":[-75.38,9.2904]}},{"type":"Feature","properties":{"name":"Tol\u00fa","sr":7,"cap":0,"pop":27390},"bbox":[-75.572,9.5358,-75.572,9.5358],"geometry":{"type":"Point","coordinates":[-75.572,9.5358]}},{"type":"Feature","properties":{"name":"Arauca","sr":7,"cap":0,"pop":69264},"bbox":[-70.7616,7.0907,-70.7616,7.0907],"geometry":{"type":"Point","coordinates":[-70.7616,7.0907]}},{"type":"Feature","properties":{"name":"Tame","sr":7,"cap":0,"pop":29099},"bbox":[-71.74,6.4603,-71.74,6.4603],"geometry":{"type":"Point","coordinates":[-71.74,6.4603]}},{"type":"Feature","properties":{"name":"Pamplona","sr":7,"cap":0,"pop":53587},"bbox":[-72.66,7.3904,-72.66,7.3904],"geometry":{"type":"Point","coordinates":[-72.66,7.3904]}},{"type":"Feature","properties":{"name":"Oca\u00f1a","sr":7,"cap":0,"pop":83511},"bbox":[-73.35,8.2404,-73.35,8.2404],"geometry":{"type":"Point","coordinates":[-73.35,8.2404]}},{"type":"Feature","properties":{"name":"Orocue","sr":7,"cap":0,"pop":2835},"bbox":[-71.34,4.7946,-71.34,4.7946],"geometry":{"type":"Point","coordinates":[-71.34,4.7946]}},{"type":"Feature","properties":{"name":"In\u00edrida","sr":7,"cap":0,"pop":9065},"bbox":[-67.9061,3.854,-67.9061,3.854],"geometry":{"type":"Point","coordinates":[-67.9061,3.854]}},{"type":"Feature","properties":{"name":"San Mart\u00edn","sr":7,"cap":0,"pop":16273},"bbox":[-73.69,3.6904,-73.69,3.6904],"geometry":{"type":"Point","coordinates":[-73.69,3.6904]}},{"type":"Feature","properties":{"name":"Puerto Carre\u00f1o","sr":7,"cap":0,"pop":10216},"bbox":[-67.493,6.185,-67.493,6.185],"geometry":{"type":"Point","coordinates":[-67.493,6.185]}},{"type":"Feature","properties":{"name":"Artemisa","sr":7,"cap":0,"pop":68073},"bbox":[-82.7619,22.8134,-82.7619,22.8134],"geometry":{"type":"Point","coordinates":[-82.7619,22.8134]}},{"type":"Feature","properties":{"name":"Matanzas","sr":7,"cap":0,"pop":146733},"bbox":[-81.5775,23.0415,-81.5775,23.0415],"geometry":{"type":"Point","coordinates":[-81.5775,23.0415]}},{"type":"Feature","properties":{"name":"Col\u00f3n","sr":7,"cap":0,"pop":63882},"bbox":[-80.9058,22.7196,-80.9058,22.7196],"geometry":{"type":"Point","coordinates":[-80.9058,22.7196]}},{"type":"Feature","properties":{"name":"Sagua la Grande","sr":7,"cap":0,"pop":62073},"bbox":[-80.0711,22.809,-80.0711,22.809],"geometry":{"type":"Point","coordinates":[-80.0711,22.809]}},{"type":"Feature","properties":{"name":"Fort-de-France","sr":7,"cap":0,"pop":253995},"bbox":[-61.08,14.6104,-61.08,14.6104],"geometry":{"type":"Point","coordinates":[-61.08,14.6104]}},{"type":"Feature","properties":{"name":"Huehuetenango","sr":7,"cap":0,"pop":85992},"bbox":[-91.47,15.3204,-91.47,15.3204],"geometry":{"type":"Point","coordinates":[-91.47,15.3204]}},{"type":"Feature","properties":{"name":"Flores","sr":7,"cap":0,"pop":38035},"bbox":[-89.8833,16.9337,-89.8833,16.9337],"geometry":{"type":"Point","coordinates":[-89.8833,16.9337]}},{"type":"Feature","properties":{"name":"La Libertad","sr":7,"cap":0,"pop":8646},"bbox":[-90.12,16.7804,-90.12,16.7804],"geometry":{"type":"Point","coordinates":[-90.12,16.7804]}},{"type":"Feature","properties":{"name":"San Jose","sr":7,"cap":0,"pop":18655},"bbox":[-90.82,13.9397,-90.82,13.9397],"geometry":{"type":"Point","coordinates":[-90.82,13.9397]}},{"type":"Feature","properties":{"name":"Escuintla","sr":7,"cap":0,"pop":107638},"bbox":[-90.78,14.3004,-90.78,14.3004],"geometry":{"type":"Point","coordinates":[-90.78,14.3004]}},{"type":"Feature","properties":{"name":"Mazatenango","sr":7,"cap":0,"pop":64652},"bbox":[-91.51,14.5304,-91.51,14.5304],"geometry":{"type":"Point","coordinates":[-91.51,14.5304]}},{"type":"Feature","properties":{"name":"Monte Cristi","sr":7,"cap":0,"pop":17001},"bbox":[-71.65,19.867,-71.65,19.867],"geometry":{"type":"Point","coordinates":[-71.65,19.867]}},{"type":"Feature","properties":{"name":"Barahona","sr":7,"cap":0,"pop":90128},"bbox":[-71.1,18.2004,-71.1,18.2004],"geometry":{"type":"Point","coordinates":[-71.1,18.2004]}},{"type":"Feature","properties":{"name":"B\u00e1varo","sr":7,"cap":0,"pop":795},"bbox":[-68.45,18.717,-68.45,18.717],"geometry":{"type":"Point","coordinates":[-68.45,18.717]}},{"type":"Feature","properties":{"name":"Saint-Laurent-du-Maroni","sr":7,"cap":0,"pop":24287},"bbox":[-54.0325,5.4976,-54.0325,5.4976],"geometry":{"type":"Point","coordinates":[-54.0325,5.4976]}},{"type":"Feature","properties":{"name":"Iracoubo","sr":7,"cap":0,"pop":1536},"bbox":[-53.22,5.4804,-53.22,5.4804],"geometry":{"type":"Point","coordinates":[-53.22,5.4804]}},{"type":"Feature","properties":{"name":"Bansang","sr":7,"cap":0,"pop":7615},"bbox":[-14.65,13.4336,-14.65,13.4336],"geometry":{"type":"Point","coordinates":[-14.65,13.4336]}},{"type":"Feature","properties":{"name":"Brikama","sr":7,"cap":0,"pop":195136},"bbox":[-16.6599,13.2804,-16.6599,13.2804],"geometry":{"type":"Point","coordinates":[-16.6599,13.2804]}},{"type":"Feature","properties":{"name":"Tamale","sr":7,"cap":0,"pop":360579},"bbox":[-0.84,9.4004,-0.84,9.4004],"geometry":{"type":"Point","coordinates":[-0.84,9.4004]}},{"type":"Feature","properties":{"name":"Yendi","sr":7,"cap":0,"pop":42972},"bbox":[-0.0167,9.4337,-0.0167,9.4337],"geometry":{"type":"Point","coordinates":[-0.0167,9.4337]}},{"type":"Feature","properties":{"name":"Bolgatanga","sr":7,"cap":0,"pop":82177},"bbox":[-0.85,10.7904,-0.85,10.7904],"geometry":{"type":"Point","coordinates":[-0.85,10.7904]}},{"type":"Feature","properties":{"name":"Bawku","sr":7,"cap":0,"pop":73594},"bbox":[-0.24,11.0604,-0.24,11.0604],"geometry":{"type":"Point","coordinates":[-0.24,11.0604]}},{"type":"Feature","properties":{"name":"Wa","sr":7,"cap":0,"pop":78107},"bbox":[-2.5,10.0604,-2.5,10.0604],"geometry":{"type":"Point","coordinates":[-2.5,10.0604]}},{"type":"Feature","properties":{"name":"Obuasi","sr":7,"cap":0,"pop":180117},"bbox":[-1.66,6.1904,-1.66,6.1904],"geometry":{"type":"Point","coordinates":[-1.66,6.1904]}},{"type":"Feature","properties":{"name":"Berekum","sr":7,"cap":0,"pop":46287},"bbox":[-2.59,7.4504,-2.59,7.4504],"geometry":{"type":"Point","coordinates":[-2.59,7.4504]}},{"type":"Feature","properties":{"name":"Winneba","sr":7,"cap":0,"pop":44254},"bbox":[-0.63,5.3504,-0.63,5.3504],"geometry":{"type":"Point","coordinates":[-0.63,5.3504]}},{"type":"Feature","properties":{"name":"Cape Coast","sr":7,"cap":0,"pop":143015},"bbox":[-1.25,5.1104,-1.25,5.1104],"geometry":{"type":"Point","coordinates":[-1.25,5.1104]}},{"type":"Feature","properties":{"name":"Nkawkaw","sr":7,"cap":0,"pop":62667},"bbox":[-0.78,6.5505,-0.78,6.5505],"geometry":{"type":"Point","coordinates":[-0.78,6.5505]}},{"type":"Feature","properties":{"name":"Koforidua","sr":7,"cap":0,"pop":156653},"bbox":[-0.26,6.0904,-0.26,6.0904],"geometry":{"type":"Point","coordinates":[-0.26,6.0904]}},{"type":"Feature","properties":{"name":"Tema","sr":7,"cap":0,"pop":209000},"bbox":[0.01,5.6404,0.01,5.6404],"geometry":{"type":"Point","coordinates":[0.01,5.6404]}},{"type":"Feature","properties":{"name":"Ho","sr":7,"cap":0,"pop":93044},"bbox":[0.47,6.6004,0.47,6.6004],"geometry":{"type":"Point","coordinates":[0.47,6.6004]}},{"type":"Feature","properties":{"name":"Cherbourg","sr":7,"cap":0,"pop":60991},"bbox":[-1.65,49.6504,-1.65,49.6504],"geometry":{"type":"Point","coordinates":[-1.65,49.6504]}},{"type":"Feature","properties":{"name":"Caen","sr":7,"cap":0,"pop":190099},"bbox":[-0.35,49.1838,-0.35,49.1838],"geometry":{"type":"Point","coordinates":[-0.35,49.1838]}},{"type":"Feature","properties":{"name":"Lorient","sr":7,"cap":0,"pop":84952},"bbox":[-3.3666,47.7504,-3.3666,47.7504],"geometry":{"type":"Point","coordinates":[-3.3666,47.7504]}},{"type":"Feature","properties":{"name":"Brest","sr":7,"cap":0,"pop":144899},"bbox":[-4.495,48.3904,-4.495,48.3904],"geometry":{"type":"Point","coordinates":[-4.495,48.3904]}},{"type":"Feature","properties":{"name":"Le Mans","sr":7,"cap":0,"pop":144515},"bbox":[0.2026,48.0044,0.2026,48.0044],"geometry":{"type":"Point","coordinates":[0.2026,48.0044]}},{"type":"Feature","properties":{"name":"Nantes","sr":7,"cap":0,"pop":438537},"bbox":[-1.59,47.2104,-1.59,47.2104],"geometry":{"type":"Point","coordinates":[-1.59,47.2104]}},{"type":"Feature","properties":{"name":"Agen","sr":7,"cap":0,"pop":58223},"bbox":[0.6333,44.2004,0.6333,44.2004],"geometry":{"type":"Point","coordinates":[0.6333,44.2004]}},{"type":"Feature","properties":{"name":"B\u00e9ziers","sr":7,"cap":0,"pop":81438},"bbox":[3.21,43.3505,3.21,43.3505],"geometry":{"type":"Point","coordinates":[3.21,43.3505]}},{"type":"Feature","properties":{"name":"Montpellier","sr":7,"cap":0,"pop":327254},"bbox":[3.87,43.6104,3.87,43.6104],"geometry":{"type":"Point","coordinates":[3.87,43.6104]}},{"type":"Feature","properties":{"name":"N\u00eemes","sr":7,"cap":0,"pop":169547},"bbox":[4.35,43.8304,4.35,43.8304],"geometry":{"type":"Point","coordinates":[4.35,43.8304]}},{"type":"Feature","properties":{"name":"Vichy","sr":7,"cap":0,"pop":43158},"bbox":[3.4167,46.1171,3.4167,46.1171],"geometry":{"type":"Point","coordinates":[3.4167,46.1171]}},{"type":"Feature","properties":{"name":"Nevers","sr":7,"cap":0,"pop":45929},"bbox":[3.1667,46.9837,3.1667,46.9837],"geometry":{"type":"Point","coordinates":[3.1667,46.9837]}},{"type":"Feature","properties":{"name":"Auxerre","sr":7,"cap":0,"pop":41516},"bbox":[3.5666,47.8004,3.5666,47.8004],"geometry":{"type":"Point","coordinates":[3.5666,47.8004]}},{"type":"Feature","properties":{"name":"Bourges","sr":7,"cap":0,"pop":72340},"bbox":[2.4,47.0837,2.4,47.0837],"geometry":{"type":"Point","coordinates":[2.4,47.0837]}},{"type":"Feature","properties":{"name":"Tours","sr":7,"cap":0,"pop":236096},"bbox":[0.6999,47.3804,0.6999,47.3804],"geometry":{"type":"Point","coordinates":[0.6999,47.3804]}},{"type":"Feature","properties":{"name":"Orl\u00e9ans","sr":7,"cap":0,"pop":217301},"bbox":[1.9,47.9004,1.9,47.9004],"geometry":{"type":"Point","coordinates":[1.9,47.9004]}},{"type":"Feature","properties":{"name":"Dieppe","sr":7,"cap":0,"pop":42461},"bbox":[1.0833,49.9337,1.0833,49.9337],"geometry":{"type":"Point","coordinates":[1.0833,49.9337]}},{"type":"Feature","properties":{"name":"Rouen","sr":7,"cap":0,"pop":532559},"bbox":[1.08,49.4304,1.08,49.4304],"geometry":{"type":"Point","coordinates":[1.08,49.4304]}},{"type":"Feature","properties":{"name":"Versailles","sr":7,"cap":0,"pop":85416},"bbox":[2.1333,48.8005,2.1333,48.8005],"geometry":{"type":"Point","coordinates":[2.1333,48.8005]}},{"type":"Feature","properties":{"name":"Brive","sr":7,"cap":0,"pop":55448},"bbox":[1.5333,45.1504,1.5333,45.1504],"geometry":{"type":"Point","coordinates":[1.5333,45.1504]}},{"type":"Feature","properties":{"name":"Troyes","sr":7,"cap":0,"pop":61703},"bbox":[4.0834,48.3404,4.0834,48.3404],"geometry":{"type":"Point","coordinates":[4.0834,48.3404]}},{"type":"Feature","properties":{"name":"Reims","sr":7,"cap":0,"pop":196565},"bbox":[4.03,49.2504,4.03,49.2504],"geometry":{"type":"Point","coordinates":[4.03,49.2504]}},{"type":"Feature","properties":{"name":"Calais","sr":7,"cap":0,"pop":92201},"bbox":[1.8333,50.9504,1.8333,50.9504],"geometry":{"type":"Point","coordinates":[1.8333,50.9504]}},{"type":"Feature","properties":{"name":"Amiens","sr":7,"cap":0,"pop":143086},"bbox":[2.3,49.9004,2.3,49.9004],"geometry":{"type":"Point","coordinates":[2.3,49.9004]}},{"type":"Feature","properties":{"name":"Ferkess\u00e9dougou","sr":7,"cap":0,"pop":62008},"bbox":[-5.2,9.6004,-5.2,9.6004],"geometry":{"type":"Point","coordinates":[-5.2,9.6004]}},{"type":"Feature","properties":{"name":"K\u00e9rouan\u00e9","sr":7,"cap":0,"pop":15406},"bbox":[-9.02,9.2704,-9.02,9.2704],"geometry":{"type":"Point","coordinates":[-9.02,9.2704]}},{"type":"Feature","properties":{"name":"Siguiri","sr":7,"cap":0,"pop":50159},"bbox":[-9.1666,11.4171,-9.1666,11.4171],"geometry":{"type":"Point","coordinates":[-9.1666,11.4171]}},{"type":"Feature","properties":{"name":"Mamou","sr":7,"cap":0,"pop":71153},"bbox":[-12.1,10.3804,-12.1,10.3804],"geometry":{"type":"Point","coordinates":[-12.1,10.3804]}},{"type":"Feature","properties":{"name":"Kamsar","sr":7,"cap":0,"pop":34973},"bbox":[-14.605,10.6854,-14.605,10.6854],"geometry":{"type":"Point","coordinates":[-14.605,10.6854]}},{"type":"Feature","properties":{"name":"Fria","sr":7,"cap":0,"pop":23729},"bbox":[-13.55,10.3804,-13.55,10.3804],"geometry":{"type":"Point","coordinates":[-13.55,10.3804]}},{"type":"Feature","properties":{"name":"Odienn\u00e9","sr":7,"cap":0,"pop":49857},"bbox":[-7.58,9.5104,-7.58,9.5104],"geometry":{"type":"Point","coordinates":[-7.58,9.5104]}},{"type":"Feature","properties":{"name":"Macenta","sr":7,"cap":0,"pop":43102},"bbox":[-9.48,8.5504,-9.48,8.5504],"geometry":{"type":"Point","coordinates":[-9.48,8.5504]}},{"type":"Feature","properties":{"name":"Yomou","sr":7,"cap":0,"pop":3614},"bbox":[-9.27,7.5704,-9.27,7.5704],"geometry":{"type":"Point","coordinates":[-9.27,7.5704]}},{"type":"Feature","properties":{"name":"Faranah","sr":7,"cap":0,"pop":19469},"bbox":[-10.75,10.0404,-10.75,10.0404],"geometry":{"type":"Point","coordinates":[-10.75,10.0404]}},{"type":"Feature","properties":{"name":"Kissidougou","sr":7,"cap":0,"pop":66815},"bbox":[-10.12,9.1905,-10.12,9.1905],"geometry":{"type":"Point","coordinates":[-10.12,9.1905]}},{"type":"Feature","properties":{"name":"Man","sr":7,"cap":0,"pop":146974},"bbox":[-7.55,7.4004,-7.55,7.4004],"geometry":{"type":"Point","coordinates":[-7.55,7.4004]}},{"type":"Feature","properties":{"name":"S\u00e9gu\u00e9la","sr":7,"cap":0,"pop":51157},"bbox":[-6.67,7.9504,-6.67,7.9504],"geometry":{"type":"Point","coordinates":[-6.67,7.9504]}},{"type":"Feature","properties":{"name":"Gagnoa","sr":7,"cap":0,"pop":123184},"bbox":[-5.88,6.1504,-5.88,6.1504],"geometry":{"type":"Point","coordinates":[-5.88,6.1504]}},{"type":"Feature","properties":{"name":"Soubr\u00e9","sr":7,"cap":0,"pop":108933},"bbox":[-6.61,5.7904,-6.61,5.7904],"geometry":{"type":"Point","coordinates":[-6.61,5.7904]}},{"type":"Feature","properties":{"name":"San-Pedro","sr":7,"cap":0,"pop":210273},"bbox":[-6.64,4.7704,-6.64,4.7704],"geometry":{"type":"Point","coordinates":[-6.64,4.7704]}},{"type":"Feature","properties":{"name":"Sassandra","sr":7,"cap":0,"pop":38411},"bbox":[-6.0833,4.9504,-6.0833,4.9504],"geometry":{"type":"Point","coordinates":[-6.0833,4.9504]}},{"type":"Feature","properties":{"name":"Bondoukou","sr":7,"cap":0,"pop":58297},"bbox":[-2.8,8.0304,-2.8,8.0304],"geometry":{"type":"Point","coordinates":[-2.8,8.0304]}},{"type":"Feature","properties":{"name":"Agboville","sr":7,"cap":0,"pop":81770},"bbox":[-4.28,5.9403,-4.28,5.9403],"geometry":{"type":"Point","coordinates":[-4.28,5.9403]}},{"type":"Feature","properties":{"name":"Dimbokro","sr":7,"cap":0,"pop":67349},"bbox":[-4.71,6.6505,-4.71,6.6505],"geometry":{"type":"Point","coordinates":[-4.71,6.6505]}},{"type":"Feature","properties":{"name":"Grand Bassam","sr":7,"cap":0,"pop":73772},"bbox":[-3.75,5.2004,-3.75,5.2004],"geometry":{"type":"Point","coordinates":[-3.75,5.2004]}},{"type":"Feature","properties":{"name":"Dabou","sr":7,"cap":0,"pop":72913},"bbox":[-4.3899,5.3204,-4.3899,5.3204],"geometry":{"type":"Point","coordinates":[-4.3899,5.3204]}},{"type":"Feature","properties":{"name":"Guiglo","sr":7,"cap":0,"pop":39134},"bbox":[-7.49,6.5505,-7.49,6.5505],"geometry":{"type":"Point","coordinates":[-7.49,6.5505]}},{"type":"Feature","properties":{"name":"Abengourou","sr":7,"cap":0,"pop":104020},"bbox":[-3.49,6.7304,-3.49,6.7304],"geometry":{"type":"Point","coordinates":[-3.49,6.7304]}},{"type":"Feature","properties":{"name":"Pointe-\u00e0-Pitre","sr":7,"cap":0,"pop":145511},"bbox":[-61.533,16.2415,-61.533,16.2415],"geometry":{"type":"Point","coordinates":[-61.533,16.2415]}},{"type":"Feature","properties":{"name":"Basse-terre","sr":7,"cap":0,"pop":307},"bbox":[-61.7055,16.0104,-61.7055,16.0104],"geometry":{"type":"Point","coordinates":[-61.7055,16.0104]}},{"type":"Feature","properties":{"name":"Manacapuru","sr":7,"cap":0,"pop":59102},"bbox":[-60.62,-3.2896,-60.62,-3.2896],"geometry":{"type":"Point","coordinates":[-60.62,-3.2896]}},{"type":"Feature","properties":{"name":"Mau\u00e9s","sr":7,"cap":0,"pop":32561},"bbox":[-57.72,-3.3896,-57.72,-3.3896],"geometry":{"type":"Point","coordinates":[-57.72,-3.3896]}},{"type":"Feature","properties":{"name":"Pedreiras","sr":7,"cap":0,"pop":13638},"bbox":[-44.67,-4.5696,-44.67,-4.5696],"geometry":{"type":"Point","coordinates":[-44.67,-4.5696]}},{"type":"Feature","properties":{"name":"Cod\u00f3","sr":7,"cap":0,"pop":83288},"bbox":[-43.88,-4.4796,-43.88,-4.4796],"geometry":{"type":"Point","coordinates":[-43.88,-4.4796]}},{"type":"Feature","properties":{"name":"Coroat\u00e1","sr":7,"cap":0,"pop":34129},"bbox":[-44.15,-4.1296,-44.15,-4.1296],"geometry":{"type":"Point","coordinates":[-44.15,-4.1296]}},{"type":"Feature","properties":{"name":"Chapadinha","sr":7,"cap":0,"pop":40804},"bbox":[-43.36,-3.7395,-43.36,-3.7395],"geometry":{"type":"Point","coordinates":[-43.36,-3.7395]}},{"type":"Feature","properties":{"name":"Pinheiro","sr":7,"cap":0,"pop":38893},"bbox":[-45.09,-2.5196,-45.09,-2.5196],"geometry":{"type":"Point","coordinates":[-45.09,-2.5196]}},{"type":"Feature","properties":{"name":"Barra do Corda","sr":7,"cap":0,"pop":48901},"bbox":[-45.26,-5.5096,-45.26,-5.5096],"geometry":{"type":"Point","coordinates":[-45.26,-5.5096]}},{"type":"Feature","properties":{"name":"Viana","sr":7,"cap":0,"pop":26689},"bbox":[-45.0,-3.2096,-45.0,-3.2096],"geometry":{"type":"Point","coordinates":[-45.0,-3.2096]}},{"type":"Feature","properties":{"name":"Colinas","sr":7,"cap":0,"pop":25158},"bbox":[-44.24,-6.0395,-44.24,-6.0395],"geometry":{"type":"Point","coordinates":[-44.24,-6.0395]}},{"type":"Feature","properties":{"name":"Viseu","sr":7,"cap":0,"pop":18958},"bbox":[-46.14,-1.1965,-46.14,-1.1965],"geometry":{"type":"Point","coordinates":[-46.14,-1.1965]}},{"type":"Feature","properties":{"name":"Capit\u00e3o Po\u00e7o","sr":7,"cap":0,"pop":32704},"bbox":[-47.09,-1.7496,-47.09,-1.7496],"geometry":{"type":"Point","coordinates":[-47.09,-1.7496]}},{"type":"Feature","properties":{"name":"Castanhal","sr":7,"cap":0,"pop":137406},"bbox":[-47.93,-1.2896,-47.93,-1.2896],"geometry":{"type":"Point","coordinates":[-47.93,-1.2896]}},{"type":"Feature","properties":{"name":"Salin\u00f3polis","sr":7,"cap":0,"pop":40998},"bbox":[-47.34,-0.6095,-47.34,-0.6095],"geometry":{"type":"Point","coordinates":[-47.34,-0.6095]}},{"type":"Feature","properties":{"name":"Alenquer","sr":7,"cap":0,"pop":26290},"bbox":[-54.79,-1.9396,-54.79,-1.9396],"geometry":{"type":"Point","coordinates":[-54.79,-1.9396]}},{"type":"Feature","properties":{"name":"Oriximin\u00e1","sr":7,"cap":0,"pop":35581},"bbox":[-55.87,-1.7596,-55.87,-1.7596],"geometry":{"type":"Point","coordinates":[-55.87,-1.7596]}},{"type":"Feature","properties":{"name":"Xinguara","sr":7,"cap":0,"pop":4047},"bbox":[-49.948,-7.1006,-49.948,-7.1006],"geometry":{"type":"Point","coordinates":[-49.948,-7.1006]}},{"type":"Feature","properties":{"name":"Jacund\u00e1","sr":7,"cap":0,"pop":51375},"bbox":[-49.1157,-4.4395,-49.1157,-4.4395],"geometry":{"type":"Point","coordinates":[-49.1157,-4.4395]}},{"type":"Feature","properties":{"name":"Uruar\u00e1","sr":7,"cap":0,"pop":10},"bbox":[-54.03,-3.8296,-54.03,-3.8296],"geometry":{"type":"Point","coordinates":[-54.03,-3.8296]}},{"type":"Feature","properties":{"name":"Altamira","sr":7,"cap":0,"pop":70888},"bbox":[-52.21,-3.1996,-52.21,-3.1996],"geometry":{"type":"Point","coordinates":[-52.21,-3.1996]}},{"type":"Feature","properties":{"name":"Paragominas","sr":7,"cap":0,"pop":69613},"bbox":[-47.49,-2.9596,-47.49,-2.9596],"geometry":{"type":"Point","coordinates":[-47.49,-2.9596]}},{"type":"Feature","properties":{"name":"Camet\u00e1","sr":7,"cap":0,"pop":45200},"bbox":[-49.51,-2.2396,-49.51,-2.2396],"geometry":{"type":"Point","coordinates":[-49.51,-2.2396]}},{"type":"Feature","properties":{"name":"Ariquemes","sr":7,"cap":0,"pop":58096},"bbox":[-63.08,-9.9396,-63.08,-9.9396],"geometry":{"type":"Point","coordinates":[-63.08,-9.9396]}},{"type":"Feature","properties":{"name":"Abun\u00e3","sr":7,"cap":0,"pop":1929},"bbox":[-65.3597,-9.6954,-65.3597,-9.6954],"geometry":{"type":"Point","coordinates":[-65.3597,-9.6954]}},{"type":"Feature","properties":{"name":"Tocantin\u00f3polis","sr":7,"cap":0,"pop":8750},"bbox":[-47.42,-6.3196,-47.42,-6.3196],"geometry":{"type":"Point","coordinates":[-47.42,-6.3196]}},{"type":"Feature","properties":{"name":"Granja","sr":7,"cap":0,"pop":25879},"bbox":[-40.84,-3.1195,-40.84,-3.1195],"geometry":{"type":"Point","coordinates":[-40.84,-3.1195]}},{"type":"Feature","properties":{"name":"Crato","sr":7,"cap":0,"pop":273883},"bbox":[-39.42,-7.2296,-39.42,-7.2296],"geometry":{"type":"Point","coordinates":[-39.42,-7.2296]}},{"type":"Feature","properties":{"name":"Itapipoca","sr":7,"cap":0,"pop":55784},"bbox":[-39.58,-3.4995,-39.58,-3.4995],"geometry":{"type":"Point","coordinates":[-39.58,-3.4995]}},{"type":"Feature","properties":{"name":"Paracuru","sr":7,"cap":0,"pop":21196},"bbox":[-39.04,-3.3995,-39.04,-3.3995],"geometry":{"type":"Point","coordinates":[-39.04,-3.3995]}},{"type":"Feature","properties":{"name":"Acara\u00fa","sr":7,"cap":0,"pop":28389},"bbox":[-40.12,-2.8896,-40.12,-2.8896],"geometry":{"type":"Point","coordinates":[-40.12,-2.8896]}},{"type":"Feature","properties":{"name":"Tau\u00e1","sr":7,"cap":0,"pop":29188},"bbox":[-40.31,-5.9995,-40.31,-5.9995],"geometry":{"type":"Point","coordinates":[-40.31,-5.9995]}},{"type":"Feature","properties":{"name":"Crate\u00fas","sr":7,"cap":0,"pop":52933},"bbox":[-40.666,-5.1656,-40.666,-5.1656],"geometry":{"type":"Point","coordinates":[-40.666,-5.1656]}},{"type":"Feature","properties":{"name":"Baturit\u00e9","sr":7,"cap":0,"pop":22417},"bbox":[-38.88,-4.3296,-38.88,-4.3296],"geometry":{"type":"Point","coordinates":[-38.88,-4.3296]}},{"type":"Feature","properties":{"name":"Ip\u00fa","sr":7,"cap":0,"pop":26678},"bbox":[-40.7201,-4.3196,-40.7201,-4.3196],"geometry":{"type":"Point","coordinates":[-40.7201,-4.3196]}},{"type":"Feature","properties":{"name":"Floriano","sr":7,"cap":0,"pop":48587},"bbox":[-43.03,-6.7696,-43.03,-6.7696],"geometry":{"type":"Point","coordinates":[-43.03,-6.7696]}},{"type":"Feature","properties":{"name":"Piripiri","sr":7,"cap":0,"pop":44864},"bbox":[-41.79,-4.2696,-41.79,-4.2696],"geometry":{"type":"Point","coordinates":[-41.79,-4.2696]}},{"type":"Feature","properties":{"name":"Remanso","sr":7,"cap":0,"pop":37945},"bbox":[-42.11,-9.5996,-42.11,-9.5996],"geometry":{"type":"Point","coordinates":[-42.11,-9.5996]}},{"type":"Feature","properties":{"name":"Patos","sr":7,"cap":0,"pop":92575},"bbox":[-37.29,-7.0196,-37.29,-7.0196],"geometry":{"type":"Point","coordinates":[-37.29,-7.0196]}},{"type":"Feature","properties":{"name":"Nova Cruz","sr":7,"cap":0,"pop":23166},"bbox":[-35.44,-6.4696,-35.44,-6.4696],"geometry":{"type":"Point","coordinates":[-35.44,-6.4696]}},{"type":"Feature","properties":{"name":"Caic\u00f3","sr":7,"cap":0,"pop":54934},"bbox":[-37.1,-6.4596,-37.1,-6.4596],"geometry":{"type":"Point","coordinates":[-37.1,-6.4596]}},{"type":"Feature","properties":{"name":"A\u00e7u","sr":7,"cap":0,"pop":36125},"bbox":[-36.9101,-5.5796,-36.9101,-5.5796],"geometry":{"type":"Point","coordinates":[-36.9101,-5.5796]}},{"type":"Feature","properties":{"name":"Steinbach","sr":7,"cap":0,"pop":9729},"bbox":[-96.6833,49.5171,-96.6833,49.5171],"geometry":{"type":"Point","coordinates":[-96.6833,49.5171]}},{"type":"Feature","properties":{"name":"Nelson House","sr":7,"cap":0,"pop":2500},"bbox":[-98.85,55.8005,-98.85,55.8005],"geometry":{"type":"Point","coordinates":[-98.85,55.8005]}},{"type":"Feature","properties":{"name":"Shamattawa","sr":7,"cap":0,"pop":870},"bbox":[-92.0833,55.8504,-92.0833,55.8504],"geometry":{"type":"Point","coordinates":[-92.0833,55.8504]}},{"type":"Feature","properties":{"name":"Oxford House","sr":7,"cap":0,"pop":184},"bbox":[-95.2666,54.9504,-95.2666,54.9504],"geometry":{"type":"Point","coordinates":[-95.2666,54.9504]}},{"type":"Feature","properties":{"name":"Yorkton","sr":7,"cap":0,"pop":15172},"bbox":[-102.4665,51.2171,-102.4665,51.2171],"geometry":{"type":"Point","coordinates":[-102.4665,51.2171]}},{"type":"Feature","properties":{"name":"Swift Current","sr":7,"cap":0,"pop":14906},"bbox":[-107.7666,50.2837,-107.7666,50.2837],"geometry":{"type":"Point","coordinates":[-107.7666,50.2837]}},{"type":"Feature","properties":{"name":"Biggar","sr":7,"cap":0,"pop":2192},"bbox":[-107.9833,52.0504,-107.9833,52.0504],"geometry":{"type":"Point","coordinates":[-107.9833,52.0504]}},{"type":"Feature","properties":{"name":"Kindersley","sr":7,"cap":0,"pop":4383},"bbox":[-109.1333,51.467,-109.1333,51.467],"geometry":{"type":"Point","coordinates":[-109.1333,51.467]}},{"type":"Feature","properties":{"name":"Meadow Lake","sr":7,"cap":0,"pop":5882},"bbox":[-108.4347,54.1301,-108.4347,54.1301],"geometry":{"type":"Point","coordinates":[-108.4347,54.1301]}},{"type":"Feature","properties":{"name":"Hudson Bay","sr":7,"cap":0,"pop":2157},"bbox":[-102.3833,52.8504,-102.3833,52.8504],"geometry":{"type":"Point","coordinates":[-102.3833,52.8504]}},{"type":"Feature","properties":{"name":"Lethbridge","sr":7,"cap":0,"pop":70617},"bbox":[-112.8333,49.7005,-112.8333,49.7005],"geometry":{"type":"Point","coordinates":[-112.8333,49.7005]}},{"type":"Feature","properties":{"name":"Brooks","sr":7,"cap":0,"pop":14163},"bbox":[-111.9,50.5671,-111.9,50.5671],"geometry":{"type":"Point","coordinates":[-111.9,50.5671]}},{"type":"Feature","properties":{"name":"Lake Louise","sr":7,"cap":0,"pop":1248},"bbox":[-116.1833,51.4337,-116.1833,51.4337],"geometry":{"type":"Point","coordinates":[-116.1833,51.4337]}},{"type":"Feature","properties":{"name":"Athabasca","sr":7,"cap":0,"pop":2539},"bbox":[-113.2666,54.717,-113.2666,54.717],"geometry":{"type":"Point","coordinates":[-113.2666,54.717]}},{"type":"Feature","properties":{"name":"Fort Chipewyan","sr":7,"cap":0,"pop":3222},"bbox":[-111.15,58.7171,-111.15,58.7171],"geometry":{"type":"Point","coordinates":[-111.15,58.7171]}},{"type":"Feature","properties":{"name":"Bella Bella","sr":7,"cap":0,"pop":1400},"bbox":[-128.1173,52.1484,-128.1173,52.1484],"geometry":{"type":"Point","coordinates":[-128.1173,52.1484]}},{"type":"Feature","properties":{"name":"Sandspit","sr":7,"cap":0,"pop":538},"bbox":[-131.8333,53.2404,-131.8333,53.2404],"geometry":{"type":"Point","coordinates":[-131.8333,53.2404]}},{"type":"Feature","properties":{"name":"Campbell River","sr":7,"cap":0,"pop":33430},"bbox":[-125.25,50.0171,-125.25,50.0171],"geometry":{"type":"Point","coordinates":[-125.25,50.0171]}},{"type":"Feature","properties":{"name":"Port Hardy","sr":7,"cap":0,"pop":2295},"bbox":[-127.5,50.7171,-127.5,50.7171],"geometry":{"type":"Point","coordinates":[-127.5,50.7171]}},{"type":"Feature","properties":{"name":"Nanaimo","sr":7,"cap":0,"pop":84905},"bbox":[-123.9343,49.146,-123.9343,49.146],"geometry":{"type":"Point","coordinates":[-123.9343,49.146]}},{"type":"Feature","properties":{"name":"Quesnel","sr":7,"cap":0,"pop":13788},"bbox":[-122.4833,52.9837,-122.4833,52.9837],"geometry":{"type":"Point","coordinates":[-122.4833,52.9837]}},{"type":"Feature","properties":{"name":"Abbotsford","sr":7,"cap":0,"pop":151683},"bbox":[-122.3,49.0504,-122.3,49.0504],"geometry":{"type":"Point","coordinates":[-122.3,49.0504]}},{"type":"Feature","properties":{"name":"Dawson Creek","sr":7,"cap":0,"pop":10802},"bbox":[-120.2333,55.767,-120.2333,55.767],"geometry":{"type":"Point","coordinates":[-120.2333,55.767]}},{"type":"Feature","properties":{"name":"Penticton","sr":7,"cap":0,"pop":37721},"bbox":[-119.5833,49.5004,-119.5833,49.5004],"geometry":{"type":"Point","coordinates":[-119.5833,49.5004]}},{"type":"Feature","properties":{"name":"Nelson","sr":7,"cap":0,"pop":11779},"bbox":[-117.2833,49.4837,-117.2833,49.4837],"geometry":{"type":"Point","coordinates":[-117.2833,49.4837]}},{"type":"Feature","properties":{"name":"Lillooet","sr":7,"cap":0,"pop":2893},"bbox":[-121.9333,50.6837,-121.9333,50.6837],"geometry":{"type":"Point","coordinates":[-121.9333,50.6837]}},{"type":"Feature","properties":{"name":"Powell River","sr":7,"cap":0,"pop":12779},"bbox":[-124.55,49.8837,-124.55,49.8837],"geometry":{"type":"Point","coordinates":[-124.55,49.8837]}},{"type":"Feature","properties":{"name":"Revelstoke","sr":7,"cap":0,"pop":7668},"bbox":[-118.1833,51.0005,-118.1833,51.0005],"geometry":{"type":"Point","coordinates":[-118.1833,51.0005]}},{"type":"Feature","properties":{"name":"Burns Lake","sr":7,"cap":0,"pop":2635},"bbox":[-125.7666,54.217,-125.7666,54.217],"geometry":{"type":"Point","coordinates":[-125.7666,54.217]}},{"type":"Feature","properties":{"name":"Dease Lake","sr":7,"cap":0,"pop":303},"bbox":[-130.0333,58.4503,-130.0333,58.4503],"geometry":{"type":"Point","coordinates":[-130.0333,58.4503]}},{"type":"Feature","properties":{"name":"Coral Harbour","sr":7,"cap":0,"pop":834},"bbox":[-83.1766,64.1538,-83.1766,64.1538],"geometry":{"type":"Point","coordinates":[-83.1766,64.1538]}},{"type":"Feature","properties":{"name":"Baker Lake","sr":7,"cap":0,"pop":1584},"bbox":[-96.0167,64.317,-96.0167,64.317],"geometry":{"type":"Point","coordinates":[-96.0167,64.317]}},{"type":"Feature","properties":{"name":"Norman Wells","sr":7,"cap":0,"pop":1027},"bbox":[-126.85,65.2837,-126.85,65.2837],"geometry":{"type":"Point","coordinates":[-126.85,65.2837]}},{"type":"Feature","properties":{"name":"Burwash Landing","sr":7,"cap":0,"pop":73},"bbox":[-139.0,61.3504,-139.0,61.3504],"geometry":{"type":"Point","coordinates":[-139.0,61.3504]}},{"type":"Feature","properties":{"name":"Caracara\u00ed","sr":7,"cap":0,"pop":11368},"bbox":[-61.1277,1.8162,-61.1277,1.8162],"geometry":{"type":"Point","coordinates":[-61.1277,1.8162]}},{"type":"Feature","properties":{"name":"Porto Santana","sr":7,"cap":0,"pop":83927},"bbox":[-51.18,-0.0396,-51.18,-0.0396],"geometry":{"type":"Point","coordinates":[-51.18,-0.0396]}},{"type":"Feature","properties":{"name":"Orangeville","sr":7,"cap":0,"pop":32640},"bbox":[-80.0833,43.9171,-80.0833,43.9171],"geometry":{"type":"Point","coordinates":[-80.0833,43.9171]}},{"type":"Feature","properties":{"name":"Little Current","sr":7,"cap":0,"pop":1595},"bbox":[-81.9333,45.967,-81.9333,45.967],"geometry":{"type":"Point","coordinates":[-81.9333,45.967]}},{"type":"Feature","properties":{"name":"Chapleau","sr":7,"cap":0,"pop":2663},"bbox":[-83.4,47.8337,-83.4,47.8337],"geometry":{"type":"Point","coordinates":[-83.4,47.8337]}},{"type":"Feature","properties":{"name":"Wawa","sr":7,"cap":0,"pop":2174},"bbox":[-84.7833,48.0004,-84.7833,48.0004],"geometry":{"type":"Point","coordinates":[-84.7833,48.0004]}},{"type":"Feature","properties":{"name":"Hearst","sr":7,"cap":0,"pop":5043},"bbox":[-83.6666,49.7005,-83.6666,49.7005],"geometry":{"type":"Point","coordinates":[-83.6666,49.7005]}},{"type":"Feature","properties":{"name":"Marathon","sr":7,"cap":0,"pop":4627},"bbox":[-86.3667,48.7504,-86.3667,48.7504],"geometry":{"type":"Point","coordinates":[-86.3667,48.7504]}},{"type":"Feature","properties":{"name":"Sioux Lookout","sr":7,"cap":0,"pop":4570},"bbox":[-91.9166,50.263,-91.9166,50.263],"geometry":{"type":"Point","coordinates":[-91.9166,50.263]}},{"type":"Feature","properties":{"name":"Red Lake","sr":7,"cap":0,"pop":1765},"bbox":[-93.8333,51.0337,-93.8333,51.0337],"geometry":{"type":"Point","coordinates":[-93.8333,51.0337]}},{"type":"Feature","properties":{"name":"Deer Lake","sr":7,"cap":0,"pop":3743},"bbox":[-94.0666,52.617,-94.0666,52.617],"geometry":{"type":"Point","coordinates":[-94.0666,52.617]}},{"type":"Feature","properties":{"name":"Cat Lake","sr":7,"cap":0,"pop":277},"bbox":[-91.8,51.717,-91.8,51.717],"geometry":{"type":"Point","coordinates":[-91.8,51.717]}},{"type":"Feature","properties":{"name":"Cornwall","sr":7,"cap":0,"pop":48821},"bbox":[-74.7333,45.0171,-74.7333,45.0171],"geometry":{"type":"Point","coordinates":[-74.7333,45.0171]}},{"type":"Feature","properties":{"name":"Kingston","sr":7,"cap":0,"pop":114195},"bbox":[-76.4833,44.2337,-76.4833,44.2337],"geometry":{"type":"Point","coordinates":[-76.4833,44.2337]}},{"type":"Feature","properties":{"name":"Barrie","sr":7,"cap":0,"pop":182041},"bbox":[-79.7,44.3838,-79.7,44.3838],"geometry":{"type":"Point","coordinates":[-79.7,44.3838]}},{"type":"Feature","properties":{"name":"Parry Sound","sr":7,"cap":0,"pop":7105},"bbox":[-80.033,45.3337,-80.033,45.3337],"geometry":{"type":"Point","coordinates":[-80.033,45.3337]}},{"type":"Feature","properties":{"name":"Wiarton","sr":7,"cap":0,"pop":2182},"bbox":[-81.1333,44.7337,-81.1333,44.7337],"geometry":{"type":"Point","coordinates":[-81.1333,44.7337]}},{"type":"Feature","properties":{"name":"Cobalt","sr":7,"cap":0,"pop":1372},"bbox":[-79.6833,47.3837,-79.6833,47.3837],"geometry":{"type":"Point","coordinates":[-79.6833,47.3837]}},{"type":"Feature","properties":{"name":"Cochrane","sr":7,"cap":0,"pop":4441},"bbox":[-81.0166,49.067,-81.0166,49.067],"geometry":{"type":"Point","coordinates":[-81.0166,49.067]}},{"type":"Feature","properties":{"name":"Nipigon","sr":7,"cap":0,"pop":1204},"bbox":[-88.25,49.017,-88.25,49.017],"geometry":{"type":"Point","coordinates":[-88.25,49.017]}},{"type":"Feature","properties":{"name":"Atikokan","sr":7,"cap":0,"pop":3625},"bbox":[-91.6166,48.7504,-91.6166,48.7504],"geometry":{"type":"Point","coordinates":[-91.6166,48.7504]}},{"type":"Feature","properties":{"name":"Rimouski","sr":7,"cap":0,"pop":35584},"bbox":[-68.5167,48.4337,-68.5167,48.4337],"geometry":{"type":"Point","coordinates":[-68.5167,48.4337]}},{"type":"Feature","properties":{"name":"Saint-Georges","sr":7,"cap":0,"pop":26149},"bbox":[-70.6667,46.1171,-70.6667,46.1171],"geometry":{"type":"Point","coordinates":[-70.6667,46.1171]}},{"type":"Feature","properties":{"name":"Victoriaville","sr":7,"cap":0,"pop":41500},"bbox":[-71.9667,46.0504,-71.9667,46.0504],"geometry":{"type":"Point","coordinates":[-71.9667,46.0504]}},{"type":"Feature","properties":{"name":"Chevery","sr":7,"cap":0,"pop":284},"bbox":[-59.6098,50.4813,-59.6098,50.4813],"geometry":{"type":"Point","coordinates":[-59.6098,50.4813]}},{"type":"Feature","properties":{"name":"Mistassini","sr":7,"cap":0,"pop":2645},"bbox":[-73.8666,50.4171,-73.8666,50.4171],"geometry":{"type":"Point","coordinates":[-73.8666,50.4171]}},{"type":"Feature","properties":{"name":"Kangirsuk","sr":7,"cap":0,"pop":549},"bbox":[-69.9991,60.0248,-69.9991,60.0248],"geometry":{"type":"Point","coordinates":[-69.9991,60.0248]}},{"type":"Feature","properties":{"name":"Shawinigan","sr":7,"cap":0,"pop":49161},"bbox":[-72.7333,46.5504,-72.7333,46.5504],"geometry":{"type":"Point","coordinates":[-72.7333,46.5504]}},{"type":"Feature","properties":{"name":"Matagami","sr":7,"cap":0,"pop":1966},"bbox":[-77.6333,49.7504,-77.6333,49.7504],"geometry":{"type":"Point","coordinates":[-77.6333,49.7504]}},{"type":"Feature","properties":{"name":"Mont-Laurier","sr":7,"cap":0,"pop":11642},"bbox":[-75.5,46.5504,-75.5,46.5504],"geometry":{"type":"Point","coordinates":[-75.5,46.5504]}},{"type":"Feature","properties":{"name":"Pembroke","sr":7,"cap":0,"pop":15551},"bbox":[-77.1166,45.8503,-77.1166,45.8503],"geometry":{"type":"Point","coordinates":[-77.1166,45.8503]}},{"type":"Feature","properties":{"name":"Radisson","sr":7,"cap":0,"pop":270},"bbox":[-77.6166,53.7836,-77.6166,53.7836],"geometry":{"type":"Point","coordinates":[-77.6166,53.7836]}},{"type":"Feature","properties":{"name":"Saint John","sr":7,"cap":0,"pop":87857},"bbox":[-66.0767,45.267,-66.0767,45.267],"geometry":{"type":"Point","coordinates":[-66.0767,45.267]}},{"type":"Feature","properties":{"name":"Edmundston","sr":7,"cap":0,"pop":17894},"bbox":[-68.3333,47.3794,-68.3333,47.3794],"geometry":{"type":"Point","coordinates":[-68.3333,47.3794]}},{"type":"Feature","properties":{"name":"Shelburne","sr":7,"cap":0,"pop":3167},"bbox":[-65.3194,43.7656,-65.3194,43.7656],"geometry":{"type":"Point","coordinates":[-65.3194,43.7656]}},{"type":"Feature","properties":{"name":"Antigonish","sr":7,"cap":0,"pop":6739},"bbox":[-61.9982,45.6269,-61.9982,45.6269],"geometry":{"type":"Point","coordinates":[-61.9982,45.6269]}},{"type":"Feature","properties":{"name":"Windsor","sr":7,"cap":0,"pop":3864},"bbox":[-64.1291,44.9806,-64.1291,44.9806],"geometry":{"type":"Point","coordinates":[-64.1291,44.9806]}},{"type":"Feature","properties":{"name":"Digby","sr":7,"cap":0,"pop":3949},"bbox":[-65.7605,44.6226,-65.7605,44.6226],"geometry":{"type":"Point","coordinates":[-65.7605,44.6226]}},{"type":"Feature","properties":{"name":"Stephenville","sr":7,"cap":0,"pop":7054},"bbox":[-58.5666,48.5504,-58.5666,48.5504],"geometry":{"type":"Point","coordinates":[-58.5666,48.5504]}},{"type":"Feature","properties":{"name":"Argentia","sr":7,"cap":0,"pop":1063},"bbox":[-53.99,47.3004,-53.99,47.3004],"geometry":{"type":"Point","coordinates":[-53.99,47.3004]}},{"type":"Feature","properties":{"name":"St. Anthony","sr":7,"cap":0,"pop":224},"bbox":[-55.5999,51.3837,-55.5999,51.3837],"geometry":{"type":"Point","coordinates":[-55.5999,51.3837]}},{"type":"Feature","properties":{"name":"Channel-Port aux Basques","sr":7,"cap":0,"pop":4220},"bbox":[-59.15,47.567,-59.15,47.567],"geometry":{"type":"Point","coordinates":[-59.15,47.567]}},{"type":"Feature","properties":{"name":"Buchans","sr":7,"cap":0,"pop":685},"bbox":[-56.8666,48.817,-56.8666,48.817],"geometry":{"type":"Point","coordinates":[-56.8666,48.817]}},{"type":"Feature","properties":{"name":"Trout River","sr":7,"cap":0,"pop":452},"bbox":[-58.1166,49.4837,-58.1166,49.4837],"geometry":{"type":"Point","coordinates":[-58.1166,49.4837]}},{"type":"Feature","properties":{"name":"Churchill Falls","sr":7,"cap":0,"pop":100},"bbox":[-63.9807,53.5264,-63.9807,53.5264],"geometry":{"type":"Point","coordinates":[-63.9807,53.5264]}},{"type":"Feature","properties":{"name":"Forteau","sr":7,"cap":0,"pop":448},"bbox":[-56.95,51.4504,-56.95,51.4504],"geometry":{"type":"Point","coordinates":[-56.95,51.4504]}},{"type":"Feature","properties":{"name":"Barreiros","sr":7,"cap":0,"pop":35565},"bbox":[-35.2,-8.8296,-35.2,-8.8296],"geometry":{"type":"Point","coordinates":[-35.2,-8.8296]}},{"type":"Feature","properties":{"name":"Salgueiro","sr":7,"cap":0,"pop":42152},"bbox":[-39.13,-8.0596,-39.13,-8.0596],"geometry":{"type":"Point","coordinates":[-39.13,-8.0596]}},{"type":"Feature","properties":{"name":"Goiana","sr":7,"cap":0,"pop":71549},"bbox":[-35.0,-7.5596,-35.0,-7.5596],"geometry":{"type":"Point","coordinates":[-35.0,-7.5596]}},{"type":"Feature","properties":{"name":"Timba\u00faba","sr":7,"cap":0,"pop":57534},"bbox":[-35.32,-7.4996,-35.32,-7.4996],"geometry":{"type":"Point","coordinates":[-35.32,-7.4996]}},{"type":"Feature","properties":{"name":"Belize City","sr":7,"cap":0,"pop":63028},"bbox":[-88.1884,17.4987,-88.1884,17.4987],"geometry":{"type":"Point","coordinates":[-88.1884,17.4987]}},{"type":"Feature","properties":{"name":"Orange Walk","sr":7,"cap":0,"pop":20835},"bbox":[-88.56,18.0904,-88.56,18.0904],"geometry":{"type":"Point","coordinates":[-88.56,18.0904]}},{"type":"Feature","properties":{"name":"Punta Gorda","sr":7,"cap":0,"pop":7748},"bbox":[-88.81,16.1003,-88.81,16.1003],"geometry":{"type":"Point","coordinates":[-88.81,16.1003]}},{"type":"Feature","properties":{"name":"Brugge","sr":7,"cap":0,"pop":146469},"bbox":[3.23,51.2204,3.23,51.2204],"geometry":{"type":"Point","coordinates":[3.23,51.2204]}},{"type":"Feature","properties":{"name":"Namur","sr":7,"cap":0,"pop":106284},"bbox":[4.87,50.4704,4.87,50.4704],"geometry":{"type":"Point","coordinates":[4.87,50.4704]}},{"type":"Feature","properties":{"name":"Charleroi","sr":7,"cap":0,"pop":345367},"bbox":[4.45,50.4204,4.45,50.4204],"geometry":{"type":"Point","coordinates":[4.45,50.4204]}},{"type":"Feature","properties":{"name":"Timimoun","sr":7,"cap":0,"pop":49237},"bbox":[0.27,29.2365,0.27,29.2365],"geometry":{"type":"Point","coordinates":[0.27,29.2365]}},{"type":"Feature","properties":{"name":"Sidi bel Abbes","sr":7,"cap":0,"pop":208604},"bbox":[-0.64,35.1903,-0.64,35.1903],"geometry":{"type":"Point","coordinates":[-0.64,35.1903]}},{"type":"Feature","properties":{"name":"Tlimcen","sr":7,"cap":0,"pop":229777},"bbox":[-1.32,34.8904,-1.32,34.8904],"geometry":{"type":"Point","coordinates":[-1.32,34.8904]}},{"type":"Feature","properties":{"name":"B\u00e9ni Ounif","sr":7,"cap":0,"pop":5628},"bbox":[-1.2514,32.0493,-1.2514,32.0493],"geometry":{"type":"Point","coordinates":[-1.2514,32.0493]}},{"type":"Feature","properties":{"name":"Abadla","sr":7,"cap":0,"pop":14364},"bbox":[-2.7333,31.0171,-2.7333,31.0171],"geometry":{"type":"Point","coordinates":[-2.7333,31.0171]}},{"type":"Feature","properties":{"name":"Sefra","sr":7,"cap":0,"pop":63420},"bbox":[-0.5799,32.7604,-0.5799,32.7604],"geometry":{"type":"Point","coordinates":[-0.5799,32.7604]}},{"type":"Feature","properties":{"name":"Kandi","sr":7,"cap":0,"pop":109701},"bbox":[2.94,11.1304,2.94,11.1304],"geometry":{"type":"Point","coordinates":[2.94,11.1304]}},{"type":"Feature","properties":{"name":"Ouidah","sr":7,"cap":0,"pop":83503},"bbox":[2.09,6.3604,2.09,6.3604],"geometry":{"type":"Point","coordinates":[2.09,6.3604]}},{"type":"Feature","properties":{"name":"Abomey","sr":7,"cap":0,"pop":82154},"bbox":[1.99,7.1904,1.99,7.1904],"geometry":{"type":"Point","coordinates":[1.99,7.1904]}},{"type":"Feature","properties":{"name":"Natitingou","sr":7,"cap":0,"pop":80892},"bbox":[1.39,10.3204,1.39,10.3204],"geometry":{"type":"Point","coordinates":[1.39,10.3204]}},{"type":"Feature","properties":{"name":"Djougou","sr":7,"cap":0,"pop":202810},"bbox":[1.68,9.7004,1.68,9.7004],"geometry":{"type":"Point","coordinates":[1.68,9.7004]}},{"type":"Feature","properties":{"name":"El Bayadh","sr":7,"cap":0,"pop":67413},"bbox":[1.01,33.6904,1.01,33.6904],"geometry":{"type":"Point","coordinates":[1.01,33.6904]}},{"type":"Feature","properties":{"name":"Chlef","sr":7,"cap":0,"pop":449167},"bbox":[1.32,36.1704,1.32,36.1704],"geometry":{"type":"Point","coordinates":[1.32,36.1704]}},{"type":"Feature","properties":{"name":"Mascara","sr":7,"cap":0,"pop":108230},"bbox":[0.14,35.4004,0.14,35.4004],"geometry":{"type":"Point","coordinates":[0.14,35.4004]}},{"type":"Feature","properties":{"name":"Mostaganem","sr":7,"cap":0,"pop":188354},"bbox":[0.09,35.9404,0.09,35.9404],"geometry":{"type":"Point","coordinates":[0.09,35.9404]}},{"type":"Feature","properties":{"name":"Sa\u00efda","sr":7,"cap":0,"pop":142213},"bbox":[0.14,34.8404,0.14,34.8404],"geometry":{"type":"Point","coordinates":[0.14,34.8404]}},{"type":"Feature","properties":{"name":"Tiarat","sr":7,"cap":0,"pop":184195},"bbox":[1.32,35.3804,1.32,35.3804],"geometry":{"type":"Point","coordinates":[1.32,35.3804]}},{"type":"Feature","properties":{"name":"Blida","sr":7,"cap":0,"pop":511348},"bbox":[2.83,36.4203,2.83,36.4203],"geometry":{"type":"Point","coordinates":[2.83,36.4203]}},{"type":"Feature","properties":{"name":"Bou\u00efra","sr":7,"cap":0,"pop":110144},"bbox":[3.9,36.3805,3.9,36.3805],"geometry":{"type":"Point","coordinates":[3.9,36.3805]}},{"type":"Feature","properties":{"name":"M\u00e9d\u00e9a","sr":7,"cap":0,"pop":147707},"bbox":[2.77,36.2704,2.77,36.2704],"geometry":{"type":"Point","coordinates":[2.77,36.2704]}},{"type":"Feature","properties":{"name":"Koudougou","sr":7,"cap":0,"pop":87347},"bbox":[-2.37,12.2505,-2.37,12.2505],"geometry":{"type":"Point","coordinates":[-2.37,12.2505]}},{"type":"Feature","properties":{"name":"Ouahigouya","sr":7,"cap":0,"pop":79504},"bbox":[-2.42,13.5704,-2.42,13.5704],"geometry":{"type":"Point","coordinates":[-2.42,13.5704]}},{"type":"Feature","properties":{"name":"Kaya","sr":7,"cap":0,"pop":40017},"bbox":[-1.09,13.0904,-1.09,13.0904],"geometry":{"type":"Point","coordinates":[-1.09,13.0904]}},{"type":"Feature","properties":{"name":"Tenkodogo","sr":7,"cap":0,"pop":38108},"bbox":[-0.3697,11.7804,-0.3697,11.7804],"geometry":{"type":"Point","coordinates":[-0.3697,11.7804]}},{"type":"Feature","properties":{"name":"Banfora","sr":7,"cap":0,"pop":60288},"bbox":[-4.76,10.6304,-4.76,10.6304],"geometry":{"type":"Point","coordinates":[-4.76,10.6304]}},{"type":"Feature","properties":{"name":"Christiansted","sr":7,"cap":0,"pop":32543},"bbox":[-64.75,17.7504,-64.75,17.7504],"geometry":{"type":"Point","coordinates":[-64.75,17.7504]}},{"type":"Feature","properties":{"name":"Ponce","sr":7,"cap":0,"pop":160334},"bbox":[-66.6166,18.0004,-66.6166,18.0004],"geometry":{"type":"Point","coordinates":[-66.6166,18.0004]}},{"type":"Feature","properties":{"name":"Mayag\u00fcez","sr":7,"cap":0,"pop":291339},"bbox":[-67.1397,18.2015,-67.1397,18.2015],"geometry":{"type":"Point","coordinates":[-67.1397,18.2015]}},{"type":"Feature","properties":{"name":"George Town","sr":7,"cap":0,"pop":4268},"bbox":[-81.3716,19.2947,-81.3716,19.2947],"geometry":{"type":"Point","coordinates":[-81.3716,19.2947]}},{"type":"Feature","properties":{"name":"Grand Turk","sr":7,"cap":0,"pop":5801},"bbox":[-71.136,21.4664,-71.136,21.4664],"geometry":{"type":"Point","coordinates":[-71.136,21.4664]}},{"type":"Feature","properties":{"name":"Douglas","sr":7,"cap":0,"pop":35854},"bbox":[-4.4803,54.1491,-4.4803,54.1491],"geometry":{"type":"Point","coordinates":[-4.4803,54.1491]}},{"type":"Feature","properties":{"name":"Arrecife","sr":7,"cap":0,"pop":52944},"bbox":[-13.5378,28.969,-13.5378,28.969],"geometry":{"type":"Point","coordinates":[-13.5378,28.969]}},{"type":"Feature","properties":{"name":"Willemstad","sr":7,"cap":0,"pop":146813},"bbox":[-68.8724,12.1123,-68.8724,12.1123],"geometry":{"type":"Point","coordinates":[-68.8724,12.1123]}},{"type":"Feature","properties":{"name":"Oranjestad","sr":7,"cap":0,"pop":68775},"bbox":[-70.0255,12.5215,-70.0255,12.5215],"geometry":{"type":"Point","coordinates":[-70.0255,12.5215]}},{"type":"Feature","properties":{"name":"La Romana","sr":7,"cap":0,"pop":208437},"bbox":[-68.9666,18.417,-68.9666,18.417],"geometry":{"type":"Point","coordinates":[-68.9666,18.417]}},{"type":"Feature","properties":{"name":"Mindelo","sr":7,"cap":0,"pop":70611},"bbox":[-25.0,16.8838,-25.0,16.8838],"geometry":{"type":"Point","coordinates":[-25.0,16.8838]}},{"type":"Feature","properties":{"name":"Trepassey","sr":7,"cap":0,"pop":398},"bbox":[-53.3633,46.737,-53.3633,46.737],"geometry":{"type":"Point","coordinates":[-53.3633,46.737]}},{"type":"Feature","properties":{"name":"Kailua-Kona","sr":7,"cap":0,"pop":9870},"bbox":[-155.9877,19.6381,-155.9877,19.6381],"geometry":{"type":"Point","coordinates":[-155.9877,19.6381]}},{"type":"Feature","properties":{"name":"Butte","sr":6,"cap":0,"pop":34190},"bbox":[-112.5338,46.0039,-112.5338,46.0039],"geometry":{"type":"Point","coordinates":[-112.5338,46.0039]}},{"type":"Feature","properties":{"name":"Grand Forks","sr":6,"cap":0,"pop":58566},"bbox":[-97.0325,47.9253,-97.0325,47.9253],"geometry":{"type":"Point","coordinates":[-97.0325,47.9253]}},{"type":"Feature","properties":{"name":"Pocatello","sr":6,"cap":0,"pop":63998},"bbox":[-112.4447,42.8713,-112.4447,42.8713],"geometry":{"type":"Point","coordinates":[-112.4447,42.8713]}},{"type":"Feature","properties":{"name":"Tacoma","sr":6,"cap":0,"pop":719868},"bbox":[-122.4468,47.2406,-122.4468,47.2406],"geometry":{"type":"Point","coordinates":[-122.4468,47.2406]}},{"type":"Feature","properties":{"name":"Yuma","sr":6,"cap":0,"pop":92489},"bbox":[-114.6236,32.6853,-114.6236,32.6853],"geometry":{"type":"Point","coordinates":[-114.6236,32.6853]}},{"type":"Feature","properties":{"name":"Prescott","sr":6,"cap":0,"pop":55038},"bbox":[-112.4478,34.59,-112.4478,34.59],"geometry":{"type":"Point","coordinates":[-112.4478,34.59]}},{"type":"Feature","properties":{"name":"Long Beach","sr":6,"cap":0,"pop":2036134},"bbox":[-118.2003,33.777,-118.2003,33.777],"geometry":{"type":"Point","coordinates":[-118.2003,33.777]}},{"type":"Feature","properties":{"name":"Grand Junction","sr":6,"cap":0,"pop":104214},"bbox":[-108.55,39.0939,-108.55,39.0939],"geometry":{"type":"Point","coordinates":[-108.55,39.0939]}},{"type":"Feature","properties":{"name":"Ely","sr":6,"cap":0,"pop":4216},"bbox":[-114.8877,39.247,-114.8877,39.247],"geometry":{"type":"Point","coordinates":[-114.8877,39.247]}},{"type":"Feature","properties":{"name":"Carson City","sr":6,"cap":0,"pop":57341},"bbox":[-119.7664,39.1638,-119.7664,39.1638],"geometry":{"type":"Point","coordinates":[-119.7664,39.1638]}},{"type":"Feature","properties":{"name":"Carlsbad","sr":6,"cap":0,"pop":25302},"bbox":[-104.2283,32.4206,-104.2283,32.4206],"geometry":{"type":"Point","coordinates":[-104.2283,32.4206]}},{"type":"Feature","properties":{"name":"Alamogordo","sr":6,"cap":0,"pop":36058},"bbox":[-105.9597,32.8995,-105.9597,32.8995],"geometry":{"type":"Point","coordinates":[-105.9597,32.8995]}},{"type":"Feature","properties":{"name":"Medford","sr":6,"cap":0,"pop":108525},"bbox":[-122.8744,42.3266,-122.8744,42.3266],"geometry":{"type":"Point","coordinates":[-122.8744,42.3266]}},{"type":"Feature","properties":{"name":"Klamath Falls","sr":6,"cap":0,"pop":42978},"bbox":[-121.7805,42.225,-121.7805,42.225],"geometry":{"type":"Point","coordinates":[-121.7805,42.225]}},{"type":"Feature","properties":{"name":"St. George","sr":6,"cap":0,"pop":98638},"bbox":[-113.5833,37.1042,-113.5833,37.1042],"geometry":{"type":"Point","coordinates":[-113.5833,37.1042]}},{"type":"Feature","properties":{"name":"Provo","sr":6,"cap":0,"pop":356712},"bbox":[-111.6378,40.2489,-111.6378,40.2489],"geometry":{"type":"Point","coordinates":[-111.6378,40.2489]}},{"type":"Feature","properties":{"name":"Laramie","sr":6,"cap":0,"pop":26934},"bbox":[-105.5906,41.3114,-105.5906,41.3114],"geometry":{"type":"Point","coordinates":[-105.5906,41.3114]}},{"type":"Feature","properties":{"name":"Little Rock","sr":6,"cap":0,"pop":270893},"bbox":[-92.3311,34.7361,-92.3311,34.7361],"geometry":{"type":"Point","coordinates":[-92.3311,34.7361]}},{"type":"Feature","properties":{"name":"Wichita","sr":6,"cap":0,"pop":401843},"bbox":[-97.3277,37.6763,-97.3277,37.6763],"geometry":{"type":"Point","coordinates":[-97.3277,37.6763]}},{"type":"Feature","properties":{"name":"Jefferson City","sr":6,"cap":0,"pop":55139},"bbox":[-92.1733,38.5766,-92.1733,38.5766],"geometry":{"type":"Point","coordinates":[-92.1733,38.5766]}},{"type":"Feature","properties":{"name":"Rapid City","sr":6,"cap":0,"pop":73632},"bbox":[-103.2306,44.0806,-103.2306,44.0806],"geometry":{"type":"Point","coordinates":[-103.2306,44.0806]}},{"type":"Feature","properties":{"name":"Lafayette","sr":6,"cap":0,"pop":158214},"bbox":[-92.0199,30.2,-92.0199,30.2],"geometry":{"type":"Point","coordinates":[-92.0199,30.2]}},{"type":"Feature","properties":{"name":"Galveston","sr":6,"cap":0,"pop":68612},"bbox":[-94.7975,29.3011,-94.7975,29.3011],"geometry":{"type":"Point","coordinates":[-94.7975,29.3011]}},{"type":"Feature","properties":{"name":"Freeport","sr":6,"cap":0,"pop":74892},"bbox":[-95.3569,28.9595,-95.3569,28.9595],"geometry":{"type":"Point","coordinates":[-95.3569,28.9595]}},{"type":"Feature","properties":{"name":"Victoria","sr":6,"cap":0,"pop":64209},"bbox":[-97.0033,28.805,-97.0033,28.805],"geometry":{"type":"Point","coordinates":[-97.0033,28.805]}},{"type":"Feature","properties":{"name":"Odessa","sr":6,"cap":0,"pop":106054},"bbox":[-102.3672,31.8456,-102.3672,31.8456],"geometry":{"type":"Point","coordinates":[-102.3672,31.8456]}},{"type":"Feature","properties":{"name":"Wichita Falls","sr":6,"cap":0,"pop":101212},"bbox":[-98.4931,33.9136,-98.4931,33.9136],"geometry":{"type":"Point","coordinates":[-98.4931,33.9136]}},{"type":"Feature","properties":{"name":"Waco","sr":6,"cap":0,"pop":167347},"bbox":[-97.1464,31.5492,-97.1464,31.5492],"geometry":{"type":"Point","coordinates":[-97.1464,31.5492]}},{"type":"Feature","properties":{"name":"Lubbock","sr":6,"cap":0,"pop":213300},"bbox":[-101.88,33.58,-101.88,33.58],"geometry":{"type":"Point","coordinates":[-101.88,33.58]}},{"type":"Feature","properties":{"name":"San Fernando de Apure","sr":6,"cap":0,"pop":122701},"bbox":[-67.4699,7.9,-67.4699,7.9],"geometry":{"type":"Point","coordinates":[-67.4699,7.9]}},{"type":"Feature","properties":{"name":"Barquisimeto","sr":6,"cap":0,"pop":1116000},"bbox":[-69.3019,10.0519,-69.3019,10.0519],"geometry":{"type":"Point","coordinates":[-69.3019,10.0519]}},{"type":"Feature","properties":{"name":"Hartford","sr":6,"cap":0,"pop":913000},"bbox":[-72.6819,41.772,-72.6819,41.772],"geometry":{"type":"Point","coordinates":[-72.6819,41.772]}},{"type":"Feature","properties":{"name":"Providence","sr":6,"cap":0,"pop":1277000},"bbox":[-71.4169,41.823,-71.4169,41.823],"geometry":{"type":"Point","coordinates":[-71.4169,41.823]}},{"type":"Feature","properties":{"name":"Birmingham","sr":6,"cap":0,"pop":1128047},"bbox":[-86.825,33.53,-86.825,33.53],"geometry":{"type":"Point","coordinates":[-86.825,33.53]}},{"type":"Feature","properties":{"name":"Mobile","sr":6,"cap":0,"pop":253466},"bbox":[-88.05,30.68,-88.05,30.68],"geometry":{"type":"Point","coordinates":[-88.05,30.68]}},{"type":"Feature","properties":{"name":"Pensacola","sr":6,"cap":0,"pop":234384},"bbox":[-87.2169,30.4211,-87.2169,30.4211],"geometry":{"type":"Point","coordinates":[-87.2169,30.4211]}},{"type":"Feature","properties":{"name":"St. Petersburg","sr":6,"cap":0,"pop":800313},"bbox":[-82.6794,27.7705,-82.6794,27.7705],"geometry":{"type":"Point","coordinates":[-82.6794,27.7705]}},{"type":"Feature","properties":{"name":"Biloxi","sr":6,"cap":0,"pop":50644},"bbox":[-88.8853,30.3958,-88.8853,30.3958],"geometry":{"type":"Point","coordinates":[-88.8853,30.3958]}},{"type":"Feature","properties":{"name":"Springfield","sr":6,"cap":0,"pop":134715},"bbox":[-89.6371,39.7882,-89.6371,39.7882],"geometry":{"type":"Point","coordinates":[-89.6371,39.7882]}},{"type":"Feature","properties":{"name":"Frankfort","sr":6,"cap":0,"pop":36688},"bbox":[-84.8734,38.2008,-84.8734,38.2008],"geometry":{"type":"Point","coordinates":[-84.8734,38.2008]}},{"type":"Feature","properties":{"name":"Greensboro","sr":6,"cap":0,"pop":388887},"bbox":[-79.8,36.07,-79.8,36.07],"geometry":{"type":"Point","coordinates":[-79.8,36.07]}},{"type":"Feature","properties":{"name":"Dayton","sr":6,"cap":0,"pop":773000},"bbox":[-84.2019,39.7523,-84.2019,39.7523],"geometry":{"type":"Point","coordinates":[-84.2019,39.7523]}},{"type":"Feature","properties":{"name":"Virginia Beach","sr":6,"cap":0,"pop":1491000},"bbox":[-75.9803,36.8552,-75.9803,36.8552],"geometry":{"type":"Point","coordinates":[-75.9803,36.8552]}},{"type":"Feature","properties":{"name":"Madison","sr":6,"cap":0,"pop":327447},"bbox":[-89.4011,43.073,-89.4011,43.073],"geometry":{"type":"Point","coordinates":[-89.4011,43.073]}},{"type":"Feature","properties":{"name":"Green Bay","sr":6,"cap":0,"pop":198611},"bbox":[-88.0,44.53,-88.0,44.53],"geometry":{"type":"Point","coordinates":[-88.0,44.53]}},{"type":"Feature","properties":{"name":"Trenton","sr":6,"cap":0,"pop":366513},"bbox":[-74.7434,40.217,-74.7434,40.217],"geometry":{"type":"Point","coordinates":[-74.7434,40.217]}},{"type":"Feature","properties":{"name":"Matur\u00edn","sr":6,"cap":0,"pop":410972},"bbox":[-63.17,9.75,-63.17,9.75],"geometry":{"type":"Point","coordinates":[-63.17,9.75]}},{"type":"Feature","properties":{"name":"Cuman\u00e1","sr":6,"cap":0,"pop":317603},"bbox":[-64.18,10.45,-64.18,10.45],"geometry":{"type":"Point","coordinates":[-64.18,10.45]}},{"type":"Feature","properties":{"name":"Lansing","sr":6,"cap":0,"pop":279952},"bbox":[-84.5467,42.7335,-84.5467,42.7335],"geometry":{"type":"Point","coordinates":[-84.5467,42.7335]}},{"type":"Feature","properties":{"name":"C\u00e1diz","sr":6,"cap":0,"pop":283157},"bbox":[-6.2861,36.5248,-6.2861,36.5248],"geometry":{"type":"Point","coordinates":[-6.2861,36.5248]}},{"type":"Feature","properties":{"name":"Granada\u200e","sr":6,"cap":0,"pop":388290},"bbox":[-3.585,37.165,-3.585,37.165],"geometry":{"type":"Point","coordinates":[-3.585,37.165]}},{"type":"Feature","properties":{"name":"Gibraltar","sr":6,"cap":0,"pop":187083},"bbox":[-5.346,36.1283,-5.346,36.1283],"geometry":{"type":"Point","coordinates":[-5.346,36.1283]}},{"type":"Feature","properties":{"name":"Gambell","sr":6,"cap":0,"pop":681},"bbox":[-171.7311,63.7797,-171.7311,63.7797],"geometry":{"type":"Point","coordinates":[-171.7311,63.7797]}},{"type":"Feature","properties":{"name":"Palmer","sr":6,"cap":0,"pop":13111},"bbox":[-149.1127,61.5997,-149.1127,61.5997],"geometry":{"type":"Point","coordinates":[-149.1127,61.5997]}},{"type":"Feature","properties":{"name":"Seward","sr":6,"cap":0,"pop":2900},"bbox":[-149.47,60.1262,-149.47,60.1262],"geometry":{"type":"Point","coordinates":[-149.47,60.1262]}},{"type":"Feature","properties":{"name":"La Ceiba","sr":6,"cap":0,"pop":145926},"bbox":[-86.797,15.7631,-86.797,15.7631],"geometry":{"type":"Point","coordinates":[-86.797,15.7631]}},{"type":"Feature","properties":{"name":"San Pedro Sula","sr":6,"cap":0,"pop":680091},"bbox":[-88.03,15.5,-88.03,15.5],"geometry":{"type":"Point","coordinates":[-88.03,15.5]}},{"type":"Feature","properties":{"name":"Linden","sr":6,"cap":0,"pop":44690},"bbox":[-58.27,5.99,-58.27,5.99],"geometry":{"type":"Point","coordinates":[-58.27,5.99]}},{"type":"Feature","properties":{"name":"H\u00f6fn","sr":6,"cap":0,"pop":1695},"bbox":[-15.2139,64.2723,-15.2139,64.2723],"geometry":{"type":"Point","coordinates":[-15.2139,64.2723]}},{"type":"Feature","properties":{"name":"Murcia","sr":6,"cap":0,"pop":406807},"bbox":[-1.13,37.98,-1.13,37.98],"geometry":{"type":"Point","coordinates":[-1.13,37.98]}},{"type":"Feature","properties":{"name":"Ceuta","sr":6,"cap":0,"pop":78674},"bbox":[-5.307,35.889,-5.307,35.889],"geometry":{"type":"Point","coordinates":[-5.307,35.889]}},{"type":"Feature","properties":{"name":"La Coru\u00f1a","sr":6,"cap":0,"pop":370610},"bbox":[-8.42,43.33,-8.42,43.33],"geometry":{"type":"Point","coordinates":[-8.42,43.33]}},{"type":"Feature","properties":{"name":"Ourense","sr":6,"cap":0,"pop":118107},"bbox":[-7.87,42.33,-7.87,42.33],"geometry":{"type":"Point","coordinates":[-7.87,42.33]}},{"type":"Feature","properties":{"name":"Cap-Ha\u00eftien","sr":6,"cap":0,"pop":281487},"bbox":[-72.2125,19.7592,-72.2125,19.7592],"geometry":{"type":"Point","coordinates":[-72.2125,19.7592]}},{"type":"Feature","properties":{"name":"Edinburgh","sr":6,"cap":0,"pop":504966},"bbox":[-3.2191,55.9483,-3.2191,55.9483],"geometry":{"type":"Point","coordinates":[-3.2191,55.9483]}},{"type":"Feature","properties":{"name":"Newcastle","sr":6,"cap":0,"pop":882000},"bbox":[-1.6116,54.9897,-1.6116,54.9897],"geometry":{"type":"Point","coordinates":[-1.6116,54.9897]}},{"type":"Feature","properties":{"name":"Liverpool","sr":6,"cap":0,"pop":811000},"bbox":[-2.9619,53.4051,-2.9619,53.4051],"geometry":{"type":"Point","coordinates":[-2.9619,53.4051]}},{"type":"Feature","properties":{"name":"Cardiff","sr":6,"cap":0,"pop":861400},"bbox":[-3.1676,51.4826,-3.1676,51.4826],"geometry":{"type":"Point","coordinates":[-3.1676,51.4826]}},{"type":"Feature","properties":{"name":"Wick","sr":6,"cap":0,"pop":7147},"bbox":[-3.0834,58.4333,-3.0834,58.4333],"geometry":{"type":"Point","coordinates":[-3.0834,58.4333]}},{"type":"Feature","properties":{"name":"Leeds","sr":6,"cap":0,"pop":1529000},"bbox":[-1.5513,53.79,-1.5513,53.79],"geometry":{"type":"Point","coordinates":[-1.5513,53.79]}},{"type":"Feature","properties":{"name":"Pamplona","sr":6,"cap":0,"pop":274545},"bbox":[-1.65,42.82,-1.65,42.82],"geometry":{"type":"Point","coordinates":[-1.65,42.82]}},{"type":"Feature","properties":{"name":"Chiclayo","sr":6,"cap":0,"pop":596792},"bbox":[-79.8366,-6.7629,-79.8366,-6.7629],"geometry":{"type":"Point","coordinates":[-79.8366,-6.7629]}},{"type":"Feature","properties":{"name":"Tarapoto","sr":6,"cap":0,"pop":936},"bbox":[-76.48,-6.51,-76.48,-6.51],"geometry":{"type":"Point","coordinates":[-76.48,-6.51]}},{"type":"Feature","properties":{"name":"Bilwi","sr":6,"cap":0,"pop":43001},"bbox":[-83.3834,14.0333,-83.3834,14.0333],"geometry":{"type":"Point","coordinates":[-83.3834,14.0333]}},{"type":"Feature","properties":{"name":"Le\u00f3n","sr":6,"cap":0,"pop":164441},"bbox":[-86.8794,12.4356,-86.8794,12.4356],"geometry":{"type":"Point","coordinates":[-86.8794,12.4356]}},{"type":"Feature","properties":{"name":"Set\u00fabal","sr":6,"cap":0,"pop":117974},"bbox":[-8.9,38.53,-8.9,38.53],"geometry":{"type":"Point","coordinates":[-8.9,38.53]}},{"type":"Feature","properties":{"name":"Porto","sr":6,"cap":0,"pop":1337000},"bbox":[-8.6219,41.152,-8.6219,41.152],"geometry":{"type":"Point","coordinates":[-8.6219,41.152]}},{"type":"Feature","properties":{"name":"Rotterdam","sr":6,"cap":0,"pop":1005000},"bbox":[4.478,51.9219,4.478,51.9219],"geometry":{"type":"Point","coordinates":[4.478,51.9219]}},{"type":"Feature","properties":{"name":"Col\u00f3n","sr":6,"cap":0,"pop":204000},"bbox":[-79.875,9.365,-79.875,9.365],"geometry":{"type":"Point","coordinates":[-79.875,9.365]}},{"type":"Feature","properties":{"name":"Balboa","sr":6,"cap":0,"pop":62882},"bbox":[-79.5667,8.95,-79.5667,8.95],"geometry":{"type":"Point","coordinates":[-79.5667,8.95]}},{"type":"Feature","properties":{"name":"Ensenada","sr":6,"cap":0,"pop":256565},"bbox":[-116.62,31.87,-116.62,31.87],"geometry":{"type":"Point","coordinates":[-116.62,31.87]}},{"type":"Feature","properties":{"name":"Saltillo","sr":6,"cap":0,"pop":754000},"bbox":[-101.0069,25.4219,-101.0069,25.4219],"geometry":{"type":"Point","coordinates":[-101.0069,25.4219]}},{"type":"Feature","properties":{"name":"Ciudad Ju\u00e1rez","sr":6,"cap":0,"pop":1343000},"bbox":[-106.492,31.6923,-106.492,31.6923],"geometry":{"type":"Point","coordinates":[-106.492,31.6923]}},{"type":"Feature","properties":{"name":"Delicias","sr":6,"cap":0,"pop":114783},"bbox":[-105.5,28.2,-105.5,28.2],"geometry":{"type":"Point","coordinates":[-105.5,28.2]}},{"type":"Feature","properties":{"name":"Durango","sr":6,"cap":0,"pop":457140},"bbox":[-104.67,24.0311,-104.67,24.0311],"geometry":{"type":"Point","coordinates":[-104.67,24.0311]}},{"type":"Feature","properties":{"name":"Los Mochis","sr":6,"cap":0,"pop":249047},"bbox":[-109.0,25.79,-109.0,25.79],"geometry":{"type":"Point","coordinates":[-109.0,25.79]}},{"type":"Feature","properties":{"name":"Ciudad Victoria","sr":6,"cap":0,"pop":274900},"bbox":[-99.13,23.72,-99.13,23.72],"geometry":{"type":"Point","coordinates":[-99.13,23.72]}},{"type":"Feature","properties":{"name":"Aguascalientes","sr":6,"cap":0,"pop":869000},"bbox":[-102.2924,21.8814,-102.2924,21.8814],"geometry":{"type":"Point","coordinates":[-102.2924,21.8814]}},{"type":"Feature","properties":{"name":"Manzanillo","sr":6,"cap":0,"pop":110735},"bbox":[-104.3231,19.0496,-104.3231,19.0496],"geometry":{"type":"Point","coordinates":[-104.3231,19.0496]}},{"type":"Feature","properties":{"name":"Tehuantepec","sr":6,"cap":0,"pop":42776},"bbox":[-95.23,16.33,-95.23,16.33],"geometry":{"type":"Point","coordinates":[-95.23,16.33]}},{"type":"Feature","properties":{"name":"Villahermosa","sr":6,"cap":0,"pop":428564},"bbox":[-92.9,18.0,-92.9,18.0],"geometry":{"type":"Point","coordinates":[-92.9,18.0]}},{"type":"Feature","properties":{"name":"Cuernavaca","sr":6,"cap":0,"pop":834001},"bbox":[-99.24,18.9211,-99.24,18.9211],"geometry":{"type":"Point","coordinates":[-99.24,18.9211]}},{"type":"Feature","properties":{"name":"Quer\u00e9taro","sr":6,"cap":0,"pop":961000},"bbox":[-100.3867,20.5777,-100.3867,20.5777],"geometry":{"type":"Point","coordinates":[-100.3867,20.5777]}},{"type":"Feature","properties":{"name":"Tapachula","sr":6,"cap":0,"pop":221521},"bbox":[-92.27,14.9,-92.27,14.9],"geometry":{"type":"Point","coordinates":[-92.27,14.9]}},{"type":"Feature","properties":{"name":"Chetumal","sr":6,"cap":0,"pop":154517},"bbox":[-88.3,18.5,-88.3,18.5],"geometry":{"type":"Point","coordinates":[-88.3,18.5]}},{"type":"Feature","properties":{"name":"Progreso","sr":6,"cap":0,"pop":47124},"bbox":[-89.6666,21.2833,-89.6666,21.2833],"geometry":{"type":"Point","coordinates":[-89.6666,21.2833]}},{"type":"Feature","properties":{"name":"Cork","sr":6,"cap":0,"pop":188907},"bbox":[-8.4651,51.8928,-8.4651,51.8928],"geometry":{"type":"Point","coordinates":[-8.4651,51.8928]}},{"type":"Feature","properties":{"name":"Portoviejo","sr":6,"cap":0,"pop":213601},"bbox":[-80.46,-1.06,-80.46,-1.06],"geometry":{"type":"Point","coordinates":[-80.46,-1.06]}},{"type":"Feature","properties":{"name":"Bello","sr":6,"cap":0,"pop":519670},"bbox":[-75.57,6.33,-75.57,6.33],"geometry":{"type":"Point","coordinates":[-75.57,6.33]}},{"type":"Feature","properties":{"name":"Monter\u00eda","sr":6,"cap":0,"pop":275198},"bbox":[-75.89,8.7575,-75.89,8.7575],"geometry":{"type":"Point","coordinates":[-75.89,8.7575]}},{"type":"Feature","properties":{"name":"Bucaramanga","sr":6,"cap":0,"pop":1009000},"bbox":[-73.1278,7.132,-73.1278,7.132],"geometry":{"type":"Point","coordinates":[-73.1278,7.132]}},{"type":"Feature","properties":{"name":"Pinar del Rio","sr":6,"cap":0,"pop":186990},"bbox":[-83.6981,22.4175,-83.6981,22.4175],"geometry":{"type":"Point","coordinates":[-83.6981,22.4175]}},{"type":"Feature","properties":{"name":"Camag\u00fcey","sr":6,"cap":0,"pop":347562},"bbox":[-77.9169,21.3808,-77.9169,21.3808],"geometry":{"type":"Point","coordinates":[-77.9169,21.3808]}},{"type":"Feature","properties":{"name":"Guant\u00e1namo","sr":6,"cap":0,"pop":272801},"bbox":[-75.2061,20.1453,-75.2061,20.1453],"geometry":{"type":"Point","coordinates":[-75.2061,20.1453]}},{"type":"Feature","properties":{"name":"Holgu\u00edn","sr":6,"cap":0,"pop":319102},"bbox":[-76.2631,20.8872,-76.2631,20.8872],"geometry":{"type":"Point","coordinates":[-76.2631,20.8872]}},{"type":"Feature","properties":{"name":"Montego Bay","sr":6,"cap":0,"pop":126008},"bbox":[-77.9167,18.4667,-77.9167,18.4667],"geometry":{"type":"Point","coordinates":[-77.9167,18.4667]}},{"type":"Feature","properties":{"name":"Ibagu\u00e9","sr":6,"cap":0,"pop":421685},"bbox":[-75.2322,4.4389,-75.2322,4.4389],"geometry":{"type":"Point","coordinates":[-75.2322,4.4389]}},{"type":"Feature","properties":{"name":"Popay\u00e1n","sr":6,"cap":0,"pop":258750},"bbox":[-76.61,2.42,-76.61,2.42],"geometry":{"type":"Point","coordinates":[-76.61,2.42]}},{"type":"Feature","properties":{"name":"Santa Marta","sr":6,"cap":0,"pop":431781},"bbox":[-74.2017,11.2472,-74.2017,11.2472],"geometry":{"type":"Point","coordinates":[-74.2017,11.2472]}},{"type":"Feature","properties":{"name":"C\u00facuta","sr":6,"cap":0,"pop":722146},"bbox":[-72.52,7.92,-72.52,7.92],"geometry":{"type":"Point","coordinates":[-72.52,7.92]}},{"type":"Feature","properties":{"name":"Villavicencio","sr":6,"cap":0,"pop":374763},"bbox":[-73.635,4.1533,-73.635,4.1533],"geometry":{"type":"Point","coordinates":[-73.635,4.1533]}},{"type":"Feature","properties":{"name":"Santa Clara","sr":6,"cap":0,"pop":250512},"bbox":[-79.9667,22.4,-79.9667,22.4],"geometry":{"type":"Point","coordinates":[-79.9667,22.4]}},{"type":"Feature","properties":{"name":"T\u00f3rshavn","sr":6,"cap":0,"pop":14398},"bbox":[-6.82,62.03,-6.82,62.03],"geometry":{"type":"Point","coordinates":[-6.82,62.03]}},{"type":"Feature","properties":{"name":"Puerto Barrios","sr":6,"cap":0,"pop":56605},"bbox":[-88.5927,15.7175,-88.5927,15.7175],"geometry":{"type":"Point","coordinates":[-88.5927,15.7175]}},{"type":"Feature","properties":{"name":"Rennes","sr":6,"cap":0,"pop":209375},"bbox":[-1.67,48.1,-1.67,48.1],"geometry":{"type":"Point","coordinates":[-1.67,48.1]}},{"type":"Feature","properties":{"name":"Toulouse","sr":6,"cap":0,"pop":847000},"bbox":[1.448,43.6219,1.448,43.6219],"geometry":{"type":"Point","coordinates":[1.448,43.6219]}},{"type":"Feature","properties":{"name":"Limoges","sr":6,"cap":0,"pop":152199},"bbox":[1.25,45.83,1.25,45.83],"geometry":{"type":"Point","coordinates":[1.25,45.83]}},{"type":"Feature","properties":{"name":"Lille","sr":6,"cap":0,"pop":1044000},"bbox":[3.0781,50.6519,3.0781,50.6519],"geometry":{"type":"Point","coordinates":[3.0781,50.6519]}},{"type":"Feature","properties":{"name":"Kulusuk","sr":6,"cap":0,"pop":286},"bbox":[-37.1833,65.5666,-37.1833,65.5666],"geometry":{"type":"Point","coordinates":[-37.1833,65.5666]}},{"type":"Feature","properties":{"name":"Paamiut","sr":6,"cap":0,"pop":1862},"bbox":[-49.6351,62.0041,-49.6351,62.0041],"geometry":{"type":"Point","coordinates":[-49.6351,62.0041]}},{"type":"Feature","properties":{"name":"Timmiarmiut","sr":6,"cap":0,"pop":10},"bbox":[-42.2167,62.5333,-42.2167,62.5333],"geometry":{"type":"Point","coordinates":[-42.2167,62.5333]}},{"type":"Feature","properties":{"name":"Qaqortoq","sr":6,"cap":0,"pop":3224},"bbox":[-46.0364,60.7289,-46.0364,60.7289],"geometry":{"type":"Point","coordinates":[-46.0364,60.7289]}},{"type":"Feature","properties":{"name":"Duluth","sr":6,"cap":0,"pop":84800},"bbox":[-92.1064,46.7833,-92.1064,46.7833],"geometry":{"type":"Point","coordinates":[-92.1064,46.7833]}},{"type":"Feature","properties":{"name":"Bemidji","sr":6,"cap":0,"pop":14796},"bbox":[-94.8802,47.4736,-94.8802,47.4736],"geometry":{"type":"Point","coordinates":[-94.8802,47.4736]}},{"type":"Feature","properties":{"name":"Havre","sr":6,"cap":0,"pop":11154},"bbox":[-109.6777,48.5452,-109.6777,48.5452],"geometry":{"type":"Point","coordinates":[-109.6777,48.5452]}},{"type":"Feature","properties":{"name":"Kalispell","sr":6,"cap":0,"pop":32062},"bbox":[-114.316,48.1978,-114.316,48.1978],"geometry":{"type":"Point","coordinates":[-114.316,48.1978]}},{"type":"Feature","properties":{"name":"Idaho Falls","sr":6,"cap":0,"pop":79399},"bbox":[-112.0333,43.4667,-112.0333,43.4667],"geometry":{"type":"Point","coordinates":[-112.0333,43.4667]}},{"type":"Feature","properties":{"name":"Lewiston","sr":6,"cap":0,"pop":49289},"bbox":[-117.0166,46.4166,-117.0166,46.4166],"geometry":{"type":"Point","coordinates":[-117.0166,46.4166]}},{"type":"Feature","properties":{"name":"Yakima","sr":6,"cap":0,"pop":99287},"bbox":[-120.5047,46.6022,-120.5047,46.6022],"geometry":{"type":"Point","coordinates":[-120.5047,46.6022]}},{"type":"Feature","properties":{"name":"Wenatchee","sr":6,"cap":0,"pop":62625},"bbox":[-120.309,47.4236,-120.309,47.4236],"geometry":{"type":"Point","coordinates":[-120.309,47.4236]}},{"type":"Feature","properties":{"name":"Douglas","sr":6,"cap":0,"pop":30185},"bbox":[-109.5484,31.3586,-109.5484,31.3586],"geometry":{"type":"Point","coordinates":[-109.5484,31.3586]}},{"type":"Feature","properties":{"name":"Bakersfield","sr":6,"cap":0,"pop":443129},"bbox":[-119.02,35.37,-119.02,35.37],"geometry":{"type":"Point","coordinates":[-119.02,35.37]}},{"type":"Feature","properties":{"name":"Oakland","sr":6,"cap":0,"pop":1510271},"bbox":[-122.278,37.8047,-122.278,37.8047],"geometry":{"type":"Point","coordinates":[-122.278,37.8047]}},{"type":"Feature","properties":{"name":"Lancaster","sr":6,"cap":0,"pop":225799},"bbox":[-118.1358,34.698,-118.1358,34.698],"geometry":{"type":"Point","coordinates":[-118.1358,34.698]}},{"type":"Feature","properties":{"name":"Chico","sr":6,"cap":0,"pop":95888},"bbox":[-121.8364,39.7286,-121.8364,39.7286],"geometry":{"type":"Point","coordinates":[-121.8364,39.7286]}},{"type":"Feature","properties":{"name":"Monterey","sr":6,"cap":0,"pop":124288},"bbox":[-121.8936,36.6003,-121.8936,36.6003],"geometry":{"type":"Point","coordinates":[-121.8936,36.6003]}},{"type":"Feature","properties":{"name":"Salinas","sr":6,"cap":0,"pop":156784},"bbox":[-121.6417,36.6822,-121.6417,36.6822],"geometry":{"type":"Point","coordinates":[-121.6417,36.6822]}},{"type":"Feature","properties":{"name":"Los Alamos","sr":6,"cap":0,"pop":12233},"bbox":[-106.2977,35.8911,-106.2977,35.8911],"geometry":{"type":"Point","coordinates":[-106.2977,35.8911]}},{"type":"Feature","properties":{"name":"Eugene","sr":6,"cap":0,"pop":245158},"bbox":[-123.1,44.05,-123.1,44.05],"geometry":{"type":"Point","coordinates":[-123.1,44.05]}},{"type":"Feature","properties":{"name":"Coos Bay","sr":6,"cap":0,"pop":31976},"bbox":[-124.2166,43.3666,-124.2166,43.3666],"geometry":{"type":"Point","coordinates":[-124.2166,43.3666]}},{"type":"Feature","properties":{"name":"Bend","sr":6,"cap":0,"pop":75441},"bbox":[-121.3086,44.0539,-121.3086,44.0539],"geometry":{"type":"Point","coordinates":[-121.3086,44.0539]}},{"type":"Feature","properties":{"name":"Cody","sr":6,"cap":0,"pop":9161},"bbox":[-109.0571,44.5232,-109.0571,44.5232],"geometry":{"type":"Point","coordinates":[-109.0571,44.5232]}},{"type":"Feature","properties":{"name":"Cedar Rapids","sr":6,"cap":0,"pop":170621},"bbox":[-91.66,41.97,-91.66,41.97],"geometry":{"type":"Point","coordinates":[-91.66,41.97]}},{"type":"Feature","properties":{"name":"Springfield","sr":6,"cap":0,"pop":210939},"bbox":[-93.32,37.18,-93.32,37.18],"geometry":{"type":"Point","coordinates":[-93.32,37.18]}},{"type":"Feature","properties":{"name":"Lincoln","sr":6,"cap":0,"pop":246220},"bbox":[-96.68,40.82,-96.68,40.82],"geometry":{"type":"Point","coordinates":[-96.68,40.82]}},{"type":"Feature","properties":{"name":"Alexandria","sr":6,"cap":0,"pop":76565},"bbox":[-92.445,31.3111,-92.445,31.3111],"geometry":{"type":"Point","coordinates":[-92.445,31.3111]}},{"type":"Feature","properties":{"name":"Abilene","sr":6,"cap":0,"pop":114247},"bbox":[-99.7328,32.4486,-99.7328,32.4486],"geometry":{"type":"Point","coordinates":[-99.7328,32.4486]}},{"type":"Feature","properties":{"name":"Brownsville","sr":6,"cap":0,"pop":181399},"bbox":[-97.5,25.92,-97.5,25.92],"geometry":{"type":"Point","coordinates":[-97.5,25.92]}},{"type":"Feature","properties":{"name":"Tyler","sr":6,"cap":0,"pop":112245},"bbox":[-95.3008,32.3511,-95.3008,32.3511],"geometry":{"type":"Point","coordinates":[-95.3008,32.3511]}},{"type":"Feature","properties":{"name":"Coro","sr":6,"cap":0,"pop":195227},"bbox":[-69.68,11.42,-69.68,11.42],"geometry":{"type":"Point","coordinates":[-69.68,11.42]}},{"type":"Feature","properties":{"name":"Punto Fijo","sr":6,"cap":0,"pop":234736},"bbox":[-70.21,11.72,-70.21,11.72],"geometry":{"type":"Point","coordinates":[-70.21,11.72]}},{"type":"Feature","properties":{"name":"Concord","sr":6,"cap":0,"pop":44606},"bbox":[-71.538,43.2081,-71.538,43.2081],"geometry":{"type":"Point","coordinates":[-71.538,43.2081]}},{"type":"Feature","properties":{"name":"Huntsville","sr":6,"cap":0,"pop":212733},"bbox":[-86.61,34.72,-86.61,34.72],"geometry":{"type":"Point","coordinates":[-86.61,34.72]}},{"type":"Feature","properties":{"name":"Key West","sr":6,"cap":0,"pop":29377},"bbox":[-81.7827,24.5552,-81.7827,24.5552],"geometry":{"type":"Point","coordinates":[-81.7827,24.5552]}},{"type":"Feature","properties":{"name":"West Palm Beach","sr":6,"cap":0,"pop":1250000},"bbox":[-80.1236,26.745,-80.1236,26.745],"geometry":{"type":"Point","coordinates":[-80.1236,26.745]}},{"type":"Feature","properties":{"name":"Sarasota","sr":6,"cap":0,"pop":589959},"bbox":[-82.5308,27.3361,-82.5308,27.3361],"geometry":{"type":"Point","coordinates":[-82.5308,27.3361]}},{"type":"Feature","properties":{"name":"Daytona Beach","sr":6,"cap":0,"pop":216890},"bbox":[-81.0231,29.2106,-81.0231,29.2106],"geometry":{"type":"Point","coordinates":[-81.0231,29.2106]}},{"type":"Feature","properties":{"name":"Gainesville","sr":6,"cap":0,"pop":191097},"bbox":[-82.325,29.6514,-82.325,29.6514],"geometry":{"type":"Point","coordinates":[-82.325,29.6514]}},{"type":"Feature","properties":{"name":"Ft. Myers","sr":6,"cap":0,"pop":188606},"bbox":[-81.8605,26.6403,-81.8605,26.6403],"geometry":{"type":"Point","coordinates":[-81.8605,26.6403]}},{"type":"Feature","properties":{"name":"Brunswick","sr":6,"cap":0,"pop":47085},"bbox":[-81.4917,31.1497,-81.4917,31.1497],"geometry":{"type":"Point","coordinates":[-81.4917,31.1497]}},{"type":"Feature","properties":{"name":"Augusta","sr":6,"cap":0,"pop":262332},"bbox":[-81.985,33.4608,-81.985,33.4608],"geometry":{"type":"Point","coordinates":[-81.985,33.4608]}},{"type":"Feature","properties":{"name":"Vicksburg","sr":6,"cap":0,"pop":25701},"bbox":[-90.8777,32.3525,-90.8777,32.3525],"geometry":{"type":"Point","coordinates":[-90.8777,32.3525]}},{"type":"Feature","properties":{"name":"Myrtle Beach","sr":6,"cap":0,"pop":49357},"bbox":[-78.887,33.6889,-78.887,33.6889],"geometry":{"type":"Point","coordinates":[-78.887,33.6889]}},{"type":"Feature","properties":{"name":"Charleston","sr":6,"cap":0,"pop":411940},"bbox":[-79.9921,32.7924,-79.9921,32.7924],"geometry":{"type":"Point","coordinates":[-79.9921,32.7924]}},{"type":"Feature","properties":{"name":"Peoria","sr":6,"cap":0,"pop":172308},"bbox":[-89.5787,40.6894,-89.5787,40.6894],"geometry":{"type":"Point","coordinates":[-89.5787,40.6894]}},{"type":"Feature","properties":{"name":"Evansville","sr":6,"cap":0,"pop":174102},"bbox":[-87.5558,37.9747,-87.5558,37.9747],"geometry":{"type":"Point","coordinates":[-87.5558,37.9747]}},{"type":"Feature","properties":{"name":"Louisville","sr":6,"cap":0,"pop":948000},"bbox":[-85.7506,38.227,-85.7506,38.227],"geometry":{"type":"Point","coordinates":[-85.7506,38.227]}},{"type":"Feature","properties":{"name":"Lexington","sr":6,"cap":0,"pop":264578},"bbox":[-84.5,38.05,-84.5,38.05],"geometry":{"type":"Point","coordinates":[-84.5,38.05]}},{"type":"Feature","properties":{"name":"Charlotte","sr":6,"cap":0,"pop":995000},"bbox":[-80.832,35.2069,-80.832,35.2069],"geometry":{"type":"Point","coordinates":[-80.832,35.2069]}},{"type":"Feature","properties":{"name":"Youngstown","sr":6,"cap":0,"pop":311990},"bbox":[-80.6497,41.0997,-80.6497,41.0997],"geometry":{"type":"Point","coordinates":[-80.6497,41.0997]}},{"type":"Feature","properties":{"name":"Canton","sr":6,"cap":0,"pop":258660},"bbox":[-81.3786,40.7989,-81.3786,40.7989],"geometry":{"type":"Point","coordinates":[-81.3786,40.7989]}},{"type":"Feature","properties":{"name":"Toledo","sr":6,"cap":0,"pop":469924},"bbox":[-83.553,41.6398,-83.553,41.6398],"geometry":{"type":"Point","coordinates":[-83.553,41.6398]}},{"type":"Feature","properties":{"name":"Columbus","sr":6,"cap":0,"pop":1270000},"bbox":[-82.992,39.9819,-82.992,39.9819],"geometry":{"type":"Point","coordinates":[-82.992,39.9819]}},{"type":"Feature","properties":{"name":"Chattanooga","sr":6,"cap":0,"pop":257589},"bbox":[-85.25,35.07,-85.25,35.07],"geometry":{"type":"Point","coordinates":[-85.25,35.07]}},{"type":"Feature","properties":{"name":"Charlottesville","sr":6,"cap":0,"pop":87925},"bbox":[-78.4769,38.0292,-78.4769,38.0292],"geometry":{"type":"Point","coordinates":[-78.4769,38.0292]}},{"type":"Feature","properties":{"name":"Lynchburg","sr":6,"cap":0,"pop":103893},"bbox":[-79.1425,37.4136,-79.1425,37.4136],"geometry":{"type":"Point","coordinates":[-79.1425,37.4136]}},{"type":"Feature","properties":{"name":"Wausau","sr":6,"cap":0,"pop":75422},"bbox":[-89.63,44.9592,-89.63,44.9592],"geometry":{"type":"Point","coordinates":[-89.63,44.9592]}},{"type":"Feature","properties":{"name":"Albany","sr":6,"cap":0,"pop":870716},"bbox":[-73.7576,42.6537,-73.7576,42.6537],"geometry":{"type":"Point","coordinates":[-73.7576,42.6537]}},{"type":"Feature","properties":{"name":"Ithaca","sr":6,"cap":0,"pop":59930},"bbox":[-76.4969,42.4406,-76.4969,42.4406],"geometry":{"type":"Point","coordinates":[-76.4969,42.4406]}},{"type":"Feature","properties":{"name":"Harrisburg","sr":6,"cap":0,"pop":528892},"bbox":[-76.8847,40.2736,-76.8847,40.2736],"geometry":{"type":"Point","coordinates":[-76.8847,40.2736]}},{"type":"Feature","properties":{"name":"La Esmeralda","sr":6,"cap":0,"pop":150},"bbox":[-65.5466,3.1738,-65.5466,3.1738],"geometry":{"type":"Point","coordinates":[-65.5466,3.1738]}},{"type":"Feature","properties":{"name":"Ciudad Bol\u00edvar","sr":6,"cap":0,"pop":338000},"bbox":[-63.6,8.1,-63.6,8.1],"geometry":{"type":"Point","coordinates":[-63.6,8.1]}},{"type":"Feature","properties":{"name":"El Dorado","sr":6,"cap":0,"pop":2383},"bbox":[-61.6333,6.7333,-61.6333,6.7333],"geometry":{"type":"Point","coordinates":[-61.6333,6.7333]}},{"type":"Feature","properties":{"name":"Maracay","sr":6,"cap":0,"pop":1007000},"bbox":[-67.5978,10.2488,-67.5978,10.2488],"geometry":{"type":"Point","coordinates":[-67.5978,10.2488]}},{"type":"Feature","properties":{"name":"Bangor","sr":6,"cap":0,"pop":50213},"bbox":[-68.7783,44.8012,-68.7783,44.8012],"geometry":{"type":"Point","coordinates":[-68.7783,44.8012]}},{"type":"Feature","properties":{"name":"Portland","sr":6,"cap":0,"pop":135866},"bbox":[-70.2455,43.6722,-70.2455,43.6722],"geometry":{"type":"Point","coordinates":[-70.2455,43.6722]}},{"type":"Feature","properties":{"name":"Saginaw","sr":6,"cap":0,"pop":121379},"bbox":[-83.9508,43.4195,-83.9508,43.4195],"geometry":{"type":"Point","coordinates":[-83.9508,43.4195]}},{"type":"Feature","properties":{"name":"Ketchikan","sr":6,"cap":0,"pop":9070},"bbox":[-131.664,55.3562,-131.664,55.3562],"geometry":{"type":"Point","coordinates":[-131.664,55.3562]}},{"type":"Feature","properties":{"name":"Unalaska","sr":6,"cap":0,"pop":3571},"bbox":[-166.5316,53.8686,-166.5316,53.8686],"geometry":{"type":"Point","coordinates":[-166.5316,53.8686]}},{"type":"Feature","properties":{"name":"Togiak","sr":6,"cap":0,"pop":236},"bbox":[-160.3783,59.0704,-160.3783,59.0704],"geometry":{"type":"Point","coordinates":[-160.3783,59.0704]}},{"type":"Feature","properties":{"name":"Red Devil","sr":6,"cap":0,"pop":25},"bbox":[-157.3125,61.761,-157.3125,61.761],"geometry":{"type":"Point","coordinates":[-157.3125,61.761]}},{"type":"Feature","properties":{"name":"Hooper Bay","sr":6,"cap":0,"pop":1079},"bbox":[-166.0966,61.5311,-166.0966,61.5311],"geometry":{"type":"Point","coordinates":[-166.0966,61.5311]}},{"type":"Feature","properties":{"name":"Galena","sr":6,"cap":0,"pop":500},"bbox":[-156.927,64.7333,-156.927,64.7333],"geometry":{"type":"Point","coordinates":[-156.927,64.7333]}},{"type":"Feature","properties":{"name":"Skagway","sr":6,"cap":0,"pop":955},"bbox":[-135.3139,59.4583,-135.3139,59.4583],"geometry":{"type":"Point","coordinates":[-135.3139,59.4583]}},{"type":"Feature","properties":{"name":"Cordova","sr":6,"cap":0,"pop":2257},"bbox":[-145.7575,60.5428,-145.7575,60.5428],"geometry":{"type":"Point","coordinates":[-145.7575,60.5428]}},{"type":"Feature","properties":{"name":"Kenai","sr":6,"cap":0,"pop":7610},"bbox":[-151.258,60.5544,-151.258,60.5544],"geometry":{"type":"Point","coordinates":[-151.258,60.5544]}},{"type":"Feature","properties":{"name":"Bacabal","sr":6,"cap":0,"pop":72372},"bbox":[-44.8,-4.23,-44.8,-4.23],"geometry":{"type":"Point","coordinates":[-44.8,-4.23]}},{"type":"Feature","properties":{"name":"Bragan\u00e7a","sr":6,"cap":0,"pop":57163},"bbox":[-46.77,-1.05,-46.77,-1.05],"geometry":{"type":"Point","coordinates":[-46.77,-1.05]}},{"type":"Feature","properties":{"name":"\u00d3bidos","sr":6,"cap":0,"pop":27587},"bbox":[-55.52,-1.91,-55.52,-1.91],"geometry":{"type":"Point","coordinates":[-55.52,-1.91]}},{"type":"Feature","properties":{"name":"Juazeiro do Norte","sr":6,"cap":0,"pop":225230},"bbox":[-39.32,-7.21,-39.32,-7.21],"geometry":{"type":"Point","coordinates":[-39.32,-7.21]}},{"type":"Feature","properties":{"name":"Juazeiro","sr":6,"cap":0,"pop":95132},"bbox":[-40.5,-9.42,-40.5,-9.42],"geometry":{"type":"Point","coordinates":[-40.5,-9.42]}},{"type":"Feature","properties":{"name":"Jo\u00e3o Pessoa","sr":6,"cap":0,"pop":956000},"bbox":[-34.878,-7.0992,-34.878,-7.0992],"geometry":{"type":"Point","coordinates":[-34.878,-7.0992]}},{"type":"Feature","properties":{"name":"Campina Grande","sr":6,"cap":0,"pop":417261},"bbox":[-35.88,-7.23,-35.88,-7.23],"geometry":{"type":"Point","coordinates":[-35.88,-7.23]}},{"type":"Feature","properties":{"name":"Brochet","sr":6,"cap":0,"pop":278},"bbox":[-101.6666,57.8832,-101.6666,57.8832],"geometry":{"type":"Point","coordinates":[-101.6666,57.8832]}},{"type":"Feature","properties":{"name":"Lynn Lake","sr":6,"cap":0,"pop":482},"bbox":[-101.05,56.85,-101.05,56.85],"geometry":{"type":"Point","coordinates":[-101.05,56.85]}},{"type":"Feature","properties":{"name":"Gillam","sr":6,"cap":0,"pop":1281},"bbox":[-94.7,56.35,-94.7,56.35],"geometry":{"type":"Point","coordinates":[-94.7,56.35]}},{"type":"Feature","properties":{"name":"North Battleford","sr":6,"cap":0,"pop":19440},"bbox":[-108.2833,52.7666,-108.2833,52.7666],"geometry":{"type":"Point","coordinates":[-108.2833,52.7666]}},{"type":"Feature","properties":{"name":"Prince Albert","sr":6,"cap":0,"pop":34609},"bbox":[-105.75,53.2,-105.75,53.2],"geometry":{"type":"Point","coordinates":[-105.75,53.2]}},{"type":"Feature","properties":{"name":"Courtenay","sr":6,"cap":0,"pop":32793},"bbox":[-125.0,49.6833,-125.0,49.6833],"geometry":{"type":"Point","coordinates":[-125.0,49.6833]}},{"type":"Feature","properties":{"name":"Kelowna","sr":6,"cap":0,"pop":125109},"bbox":[-119.4833,49.9,-119.4833,49.9],"geometry":{"type":"Point","coordinates":[-119.4833,49.9]}},{"type":"Feature","properties":{"name":"Mabaruma","sr":6,"cap":0,"pop":2972},"bbox":[-59.78,8.2,-59.78,8.2],"geometry":{"type":"Point","coordinates":[-59.78,8.2]}},{"type":"Feature","properties":{"name":"New Amsterdam","sr":6,"cap":0,"pop":46874},"bbox":[-57.53,6.25,-57.53,6.25],"geometry":{"type":"Point","coordinates":[-57.53,6.25]}},{"type":"Feature","properties":{"name":"Dryden","sr":6,"cap":0,"pop":7862},"bbox":[-92.8333,49.7833,-92.8333,49.7833],"geometry":{"type":"Point","coordinates":[-92.8333,49.7833]}},{"type":"Feature","properties":{"name":"Attawapiskat","sr":6,"cap":0,"pop":1802},"bbox":[-82.4333,52.9166,-82.4333,52.9166],"geometry":{"type":"Point","coordinates":[-82.4333,52.9166]}},{"type":"Feature","properties":{"name":"Hamilton","sr":6,"cap":0,"pop":721053},"bbox":[-79.83,43.25,-79.83,43.25],"geometry":{"type":"Point","coordinates":[-79.83,43.25]}},{"type":"Feature","properties":{"name":"Windsor","sr":6,"cap":0,"pop":319246},"bbox":[-83.0369,42.3155,-83.0369,42.3155],"geometry":{"type":"Point","coordinates":[-83.0369,42.3155]}},{"type":"Feature","properties":{"name":"Trois-Rivi\u00e8res","sr":6,"cap":0,"pop":119693},"bbox":[-72.5499,46.35,-72.5499,46.35],"geometry":{"type":"Point","coordinates":[-72.5499,46.35]}},{"type":"Feature","properties":{"name":"Sept-\u00celes","sr":6,"cap":0,"pop":25686},"bbox":[-66.36,50.3161,-66.36,50.3161],"geometry":{"type":"Point","coordinates":[-66.36,50.3161]}},{"type":"Feature","properties":{"name":"Corner Brook","sr":6,"cap":0,"pop":20791},"bbox":[-57.9333,48.95,-57.9333,48.95],"geometry":{"type":"Point","coordinates":[-57.9333,48.95]}},{"type":"Feature","properties":{"name":"Akureyri","sr":6,"cap":0,"pop":16563},"bbox":[-18.1,65.6666,-18.1,65.6666],"geometry":{"type":"Point","coordinates":[-18.1,65.6666]}},{"type":"Feature","properties":{"name":"Keflav\u00edk","sr":6,"cap":0,"pop":7930},"bbox":[-22.5666,64.0166,-22.5666,64.0166],"geometry":{"type":"Point","coordinates":[-22.5666,64.0166]}},{"type":"Feature","properties":{"name":"Antwerpen","sr":6,"cap":0,"pop":920000},"bbox":[4.4131,51.2223,4.4131,51.2223],"geometry":{"type":"Point","coordinates":[4.4131,51.2223]}},{"type":"Feature","properties":{"name":"Lerwick","sr":6,"cap":0,"pop":6594},"bbox":[-1.15,60.15,-1.15,60.15],"geometry":{"type":"Point","coordinates":[-1.15,60.15]}},{"type":"Feature","properties":{"name":"Valladolid","sr":6,"cap":0,"pop":322304},"bbox":[-4.75,41.65,-4.75,41.65],"geometry":{"type":"Point","coordinates":[-4.75,41.65]}},{"type":"Feature","properties":{"name":"Dosso","sr":6,"cap":0,"pop":49750},"bbox":[3.2,13.05,3.2,13.05],"geometry":{"type":"Point","coordinates":[3.2,13.05]}},{"type":"Feature","properties":{"name":"Paita","sr":6,"cap":0,"pop":56151},"bbox":[-81.12,-5.09,-81.12,-5.09],"geometry":{"type":"Point","coordinates":[-81.12,-5.09]}},{"type":"Feature","properties":{"name":"Talara","sr":6,"cap":0,"pop":99074},"bbox":[-81.28,-4.58,-81.28,-4.58],"geometry":{"type":"Point","coordinates":[-81.28,-4.58]}},{"type":"Feature","properties":{"name":"Tumbes","sr":6,"cap":0,"pop":109223},"bbox":[-80.46,-3.57,-80.46,-3.57],"geometry":{"type":"Point","coordinates":[-80.46,-3.57]}},{"type":"Feature","properties":{"name":"Huaraz","sr":6,"cap":0,"pop":86934},"bbox":[-77.53,-9.53,-77.53,-9.53],"geometry":{"type":"Point","coordinates":[-77.53,-9.53]}},{"type":"Feature","properties":{"name":"Cajamarca","sr":6,"cap":0,"pop":142665},"bbox":[-78.53,-7.15,-78.53,-7.15],"geometry":{"type":"Point","coordinates":[-78.53,-7.15]}},{"type":"Feature","properties":{"name":"Hu\u00e1nuco","sr":6,"cap":0,"pop":158145},"bbox":[-76.24,-9.92,-76.24,-9.92],"geometry":{"type":"Point","coordinates":[-76.24,-9.92]}},{"type":"Feature","properties":{"name":"Pacasmayo","sr":6,"cap":0,"pop":39282},"bbox":[-79.5706,-7.4006,-79.5706,-7.4006],"geometry":{"type":"Point","coordinates":[-79.5706,-7.4006]}},{"type":"Feature","properties":{"name":"Salaverry","sr":6,"cap":0,"pop":10066},"bbox":[-78.99,-8.22,-78.99,-8.22],"geometry":{"type":"Point","coordinates":[-78.99,-8.22]}},{"type":"Feature","properties":{"name":"Gueppi","sr":6,"cap":0,"pop":10},"bbox":[-75.23,-0.1166,-75.23,-0.1166],"geometry":{"type":"Point","coordinates":[-75.23,-0.1166]}},{"type":"Feature","properties":{"name":"Contamana","sr":6,"cap":0,"pop":18921},"bbox":[-75.02,-7.34,-75.02,-7.34],"geometry":{"type":"Point","coordinates":[-75.02,-7.34]}},{"type":"Feature","properties":{"name":"Bluefields","sr":6,"cap":0,"pop":44373},"bbox":[-83.7649,12.0,-83.7649,12.0],"geometry":{"type":"Point","coordinates":[-83.7649,12.0]}},{"type":"Feature","properties":{"name":"Melilla","sr":6,"cap":0,"pop":141308},"bbox":[-2.95,35.3,-2.95,35.3],"geometry":{"type":"Point","coordinates":[-2.95,35.3]}},{"type":"Feature","properties":{"name":"Funchal","sr":6,"cap":0,"pop":204767},"bbox":[-16.88,32.65,-16.88,32.65],"geometry":{"type":"Point","coordinates":[-16.88,32.65]}},{"type":"Feature","properties":{"name":"Bo","sr":6,"cap":0,"pop":174354},"bbox":[-11.74,7.97,-11.74,7.97],"geometry":{"type":"Point","coordinates":[-11.74,7.97]}},{"type":"Feature","properties":{"name":"Ziguinchor","sr":6,"cap":0,"pop":191716},"bbox":[-16.29,12.59,-16.29,12.59],"geometry":{"type":"Point","coordinates":[-16.29,12.59]}},{"type":"Feature","properties":{"name":"Palma","sr":6,"cap":0,"pop":375773},"bbox":[2.6542,39.5743,2.6542,39.5743],"geometry":{"type":"Point","coordinates":[2.6542,39.5743]}},{"type":"Feature","properties":{"name":"Puerto Armuelles","sr":6,"cap":0,"pop":27147},"bbox":[-82.87,8.28,-82.87,8.28],"geometry":{"type":"Point","coordinates":[-82.87,8.28]}},{"type":"Feature","properties":{"name":"Tangier","sr":6,"cap":0,"pop":750060},"bbox":[-5.8062,35.7759,-5.8062,35.7759],"geometry":{"type":"Point","coordinates":[-5.8062,35.7759]}},{"type":"Feature","properties":{"name":"Agadir","sr":6,"cap":0,"pop":825467},"bbox":[-9.62,30.44,-9.62,30.44],"geometry":{"type":"Point","coordinates":[-9.62,30.44]}},{"type":"Feature","properties":{"name":"Provideniya","sr":6,"cap":0,"pop":2536},"bbox":[-173.2258,64.4235,-173.2258,64.4235],"geometry":{"type":"Point","coordinates":[-173.2258,64.4235]}},{"type":"Feature","properties":{"name":"Cabo San Lucas","sr":6,"cap":0,"pop":42601},"bbox":[-109.9045,22.8928,-109.9045,22.8928],"geometry":{"type":"Point","coordinates":[-109.9045,22.8928]}},{"type":"Feature","properties":{"name":"Monclova","sr":6,"cap":0,"pop":236244},"bbox":[-101.42,26.9,-101.42,26.9],"geometry":{"type":"Point","coordinates":[-101.42,26.9]}},{"type":"Feature","properties":{"name":"Ometepec","sr":6,"cap":0,"pop":30271},"bbox":[-98.42,16.6801,-98.42,16.6801],"geometry":{"type":"Point","coordinates":[-98.42,16.6801]}},{"type":"Feature","properties":{"name":"Cozumel","sr":6,"cap":0,"pop":73934},"bbox":[-86.95,20.51,-86.95,20.51],"geometry":{"type":"Point","coordinates":[-86.95,20.51]}},{"type":"Feature","properties":{"name":"Saint-Louis","sr":6,"cap":0,"pop":220792},"bbox":[-16.51,16.02,-16.51,16.02],"geometry":{"type":"Point","coordinates":[-16.51,16.02]}},{"type":"Feature","properties":{"name":"Tidjikdja","sr":6,"cap":0,"pop":19981},"bbox":[-11.4166,18.55,-11.4166,18.55],"geometry":{"type":"Point","coordinates":[-11.4166,18.55]}},{"type":"Feature","properties":{"name":"Ilorin","sr":6,"cap":0,"pop":771000},"bbox":[4.548,8.492,4.548,8.492],"geometry":{"type":"Point","coordinates":[4.548,8.492]}},{"type":"Feature","properties":{"name":"Zaragoza","sr":6,"cap":0,"pop":649404},"bbox":[-0.89,41.65,-0.89,41.65],"geometry":{"type":"Point","coordinates":[-0.89,41.65]}},{"type":"Feature","properties":{"name":"Goulimine","sr":6,"cap":0,"pop":115267},"bbox":[-10.07,28.98,-10.07,28.98],"geometry":{"type":"Point","coordinates":[-10.07,28.98]}},{"type":"Feature","properties":{"name":"Smara","sr":6,"cap":0,"pop":48149},"bbox":[-11.6833,26.7333,-11.6833,26.7333],"geometry":{"type":"Point","coordinates":[-11.6833,26.7333]}},{"type":"Feature","properties":{"name":"Ad Dakhla","sr":6,"cap":0,"pop":89292},"bbox":[-15.9368,23.7141,-15.9368,23.7141],"geometry":{"type":"Point","coordinates":[-15.9368,23.7141]}},{"type":"Feature","properties":{"name":"Limerick","sr":6,"cap":0,"pop":90054},"bbox":[-8.623,52.6647,-8.623,52.6647],"geometry":{"type":"Point","coordinates":[-8.623,52.6647]}},{"type":"Feature","properties":{"name":"Greenville","sr":6,"cap":0,"pop":10374},"bbox":[-9.0388,5.0111,-9.0388,5.0111],"geometry":{"type":"Point","coordinates":[-9.0388,5.0111]}},{"type":"Feature","properties":{"name":"Buchanan","sr":6,"cap":0,"pop":48315},"bbox":[-10.0525,5.9161,-10.0525,5.9161],"geometry":{"type":"Point","coordinates":[-10.0525,5.9161]}},{"type":"Feature","properties":{"name":"Robertsport","sr":6,"cap":0,"pop":11969},"bbox":[-11.3686,6.7533,-11.3686,6.7533],"geometry":{"type":"Point","coordinates":[-11.3686,6.7533]}},{"type":"Feature","properties":{"name":"Machala","sr":6,"cap":0,"pop":213034},"bbox":[-79.96,-3.26,-79.96,-3.26],"geometry":{"type":"Point","coordinates":[-79.96,-3.26]}},{"type":"Feature","properties":{"name":"Loja","sr":6,"cap":0,"pop":126368},"bbox":[-79.21,-3.99,-79.21,-3.99],"geometry":{"type":"Point","coordinates":[-79.21,-3.99]}},{"type":"Feature","properties":{"name":"Manta","sr":6,"cap":0,"pop":183166},"bbox":[-80.73,-0.98,-80.73,-0.98],"geometry":{"type":"Point","coordinates":[-80.73,-0.98]}},{"type":"Feature","properties":{"name":"Riobamba","sr":6,"cap":0,"pop":172464},"bbox":[-78.65,-1.67,-78.65,-1.67],"geometry":{"type":"Point","coordinates":[-78.65,-1.67]}},{"type":"Feature","properties":{"name":"San Juan","sr":6,"cap":0,"pop":72950},"bbox":[-71.2309,18.8089,-71.2309,18.8089],"geometry":{"type":"Point","coordinates":[-71.2309,18.8089]}},{"type":"Feature","properties":{"name":"Tumaco","sr":6,"cap":0,"pop":86713},"bbox":[-78.81,1.81,-78.81,1.81],"geometry":{"type":"Point","coordinates":[-78.81,1.81]}},{"type":"Feature","properties":{"name":"Kourou","sr":6,"cap":0,"pop":24029},"bbox":[-52.6499,5.16,-52.6499,5.16],"geometry":{"type":"Point","coordinates":[-52.6499,5.16]}},{"type":"Feature","properties":{"name":"Kumasi","sr":6,"cap":0,"pop":1646000},"bbox":[-1.632,6.6919,-1.632,6.6919],"geometry":{"type":"Point","coordinates":[-1.632,6.6919]}},{"type":"Feature","properties":{"name":"Sekondi","sr":6,"cap":0,"pop":286248},"bbox":[-1.704,4.9433,-1.704,4.9433],"geometry":{"type":"Point","coordinates":[-1.704,4.9433]}},{"type":"Feature","properties":{"name":"La Rochelle","sr":6,"cap":0,"pop":76997},"bbox":[-1.15,46.1667,-1.15,46.1667],"geometry":{"type":"Point","coordinates":[-1.15,46.1667]}},{"type":"Feature","properties":{"name":"Taoudenni","sr":6,"cap":0,"pop":3019},"bbox":[-3.9834,22.6666,-3.9834,22.6666],"geometry":{"type":"Point","coordinates":[-3.9834,22.6666]}},{"type":"Feature","properties":{"name":"Araouane","sr":6,"cap":0,"pop":4026},"bbox":[-3.5299,18.9,-3.5299,18.9],"geometry":{"type":"Point","coordinates":[-3.5299,18.9]}},{"type":"Feature","properties":{"name":"Tessalit","sr":6,"cap":0,"pop":6000},"bbox":[1.0888,20.2014,1.0888,20.2014],"geometry":{"type":"Point","coordinates":[1.0888,20.2014]}},{"type":"Feature","properties":{"name":"M\u00e9naka","sr":6,"cap":0,"pop":9110},"bbox":[2.4,15.9167,2.4,15.9167],"geometry":{"type":"Point","coordinates":[2.4,15.9167]}},{"type":"Feature","properties":{"name":"Bir Mogrein","sr":6,"cap":0,"pop":10},"bbox":[-11.5833,25.2333,-11.5833,25.2333],"geometry":{"type":"Point","coordinates":[-11.5833,25.2333]}},{"type":"Feature","properties":{"name":"Rosso","sr":6,"cap":0,"pop":47203},"bbox":[-15.8127,16.524,-15.8127,16.524],"geometry":{"type":"Point","coordinates":[-15.8127,16.524]}},{"type":"Feature","properties":{"name":"Kiffa","sr":6,"cap":0,"pop":73930},"bbox":[-11.4,16.62,-11.4,16.62],"geometry":{"type":"Point","coordinates":[-11.4,16.62]}},{"type":"Feature","properties":{"name":"Nara","sr":6,"cap":0,"pop":18459},"bbox":[-7.28,15.18,-7.28,15.18],"geometry":{"type":"Point","coordinates":[-7.28,15.18]}},{"type":"Feature","properties":{"name":"Koulikoro","sr":6,"cap":0,"pop":23919},"bbox":[-7.55,12.8833,-7.55,12.8833],"geometry":{"type":"Point","coordinates":[-7.55,12.8833]}},{"type":"Feature","properties":{"name":"Mopti","sr":6,"cap":0,"pop":108456},"bbox":[-4.18,14.49,-4.18,14.49],"geometry":{"type":"Point","coordinates":[-4.18,14.49]}},{"type":"Feature","properties":{"name":"Korhogo","sr":6,"cap":0,"pop":177711},"bbox":[-5.64,9.46,-5.64,9.46],"geometry":{"type":"Point","coordinates":[-5.64,9.46]}},{"type":"Feature","properties":{"name":"Lab\u00e9","sr":6,"cap":0,"pop":140575},"bbox":[-12.3,11.32,-12.3,11.32],"geometry":{"type":"Point","coordinates":[-12.3,11.32]}},{"type":"Feature","properties":{"name":"Bok\u00e9","sr":6,"cap":0,"pop":116270},"bbox":[-14.3,10.94,-14.3,10.94],"geometry":{"type":"Point","coordinates":[-14.3,10.94]}},{"type":"Feature","properties":{"name":"Kindia","sr":6,"cap":0,"pop":117062},"bbox":[-12.87,10.06,-12.87,10.06],"geometry":{"type":"Point","coordinates":[-12.87,10.06]}},{"type":"Feature","properties":{"name":"Daloa","sr":6,"cap":0,"pop":255168},"bbox":[-6.45,6.89,-6.45,6.89],"geometry":{"type":"Point","coordinates":[-6.45,6.89]}},{"type":"Feature","properties":{"name":"Sena Madureira","sr":6,"cap":0,"pop":26192},"bbox":[-68.67,-9.07,-68.67,-9.07],"geometry":{"type":"Point","coordinates":[-68.67,-9.07]}},{"type":"Feature","properties":{"name":"Fonte Boa","sr":6,"cap":0,"pop":16060},"bbox":[-66.0916,-2.5138,-66.0916,-2.5138],"geometry":{"type":"Point","coordinates":[-66.0916,-2.5138]}},{"type":"Feature","properties":{"name":"Eirunep\u00e9","sr":6,"cap":0,"pop":21750},"bbox":[-69.8738,-6.66,-69.8738,-6.66],"geometry":{"type":"Point","coordinates":[-69.8738,-6.66]}},{"type":"Feature","properties":{"name":"Manicor\u00e9","sr":6,"cap":0,"pop":21549},"bbox":[-61.2975,-5.8122,-61.2975,-5.8122],"geometry":{"type":"Point","coordinates":[-61.2975,-5.8122]}},{"type":"Feature","properties":{"name":"Barcelos","sr":6,"cap":0,"pop":12584},"bbox":[-62.9239,-0.975,-62.9239,-0.975],"geometry":{"type":"Point","coordinates":[-62.9239,-0.975]}},{"type":"Feature","properties":{"name":"Tonantins","sr":6,"cap":0,"pop":4561},"bbox":[-67.8019,-2.8727,-67.8019,-2.8727],"geometry":{"type":"Point","coordinates":[-67.8019,-2.8727]}},{"type":"Feature","properties":{"name":"Tef\u00e9","sr":6,"cap":0,"pop":51437},"bbox":[-64.7,-3.36,-64.7,-3.36],"geometry":{"type":"Point","coordinates":[-64.7,-3.36]}},{"type":"Feature","properties":{"name":"Coari","sr":6,"cap":0,"pop":53305},"bbox":[-63.13,-4.08,-63.13,-4.08],"geometry":{"type":"Point","coordinates":[-63.13,-4.08]}},{"type":"Feature","properties":{"name":"S\u00e3o Gabriel da Cachoeira","sr":6,"cap":0,"pop":15231},"bbox":[-67.0833,-0.1332,-67.0833,-0.1332],"geometry":{"type":"Point","coordinates":[-67.0833,-0.1332]}},{"type":"Feature","properties":{"name":"Novo Air\u00e3o","sr":6,"cap":0,"pop":9049},"bbox":[-60.9438,-2.6208,-60.9438,-2.6208],"geometry":{"type":"Point","coordinates":[-60.9438,-2.6208]}},{"type":"Feature","properties":{"name":"Itacoatiara","sr":6,"cap":0,"pop":51509},"bbox":[-58.44,-3.14,-58.44,-3.14],"geometry":{"type":"Point","coordinates":[-58.44,-3.14]}},{"type":"Feature","properties":{"name":"Parintins","sr":6,"cap":0,"pop":64428},"bbox":[-56.74,-2.61,-56.74,-2.61],"geometry":{"type":"Point","coordinates":[-56.74,-2.61]}},{"type":"Feature","properties":{"name":"Natal","sr":6,"cap":0,"pop":980588},"bbox":[-60.2699,-6.9838,-60.2699,-6.9838],"geometry":{"type":"Point","coordinates":[-60.2699,-6.9838]}},{"type":"Feature","properties":{"name":"Crato","sr":6,"cap":0,"pop":273883},"bbox":[-63.04,-7.4639,-63.04,-7.4639],"geometry":{"type":"Point","coordinates":[-63.04,-7.4639]}},{"type":"Feature","properties":{"name":"Imperatriz","sr":6,"cap":0,"pop":218106},"bbox":[-47.49,-5.52,-47.49,-5.52],"geometry":{"type":"Point","coordinates":[-47.49,-5.52]}},{"type":"Feature","properties":{"name":"Balsas","sr":6,"cap":0,"pop":68056},"bbox":[-46.05,-7.52,-46.05,-7.52],"geometry":{"type":"Point","coordinates":[-46.05,-7.52]}},{"type":"Feature","properties":{"name":"Breves","sr":6,"cap":0,"pop":47164},"bbox":[-50.49,-1.68,-50.49,-1.68],"geometry":{"type":"Point","coordinates":[-50.49,-1.68]}},{"type":"Feature","properties":{"name":"Jacareacanga","sr":6,"cap":0,"pop":31661},"bbox":[-57.7601,-6.228,-57.7601,-6.228],"geometry":{"type":"Point","coordinates":[-57.7601,-6.228]}},{"type":"Feature","properties":{"name":"Tucuru\u00ed","sr":6,"cap":0,"pop":76337},"bbox":[-49.6737,-3.7674,-49.6737,-3.7674],"geometry":{"type":"Point","coordinates":[-49.6737,-3.7674]}},{"type":"Feature","properties":{"name":"Itaituba","sr":6,"cap":0,"pop":92308},"bbox":[-55.925,-4.2586,-55.925,-4.2586],"geometry":{"type":"Point","coordinates":[-55.925,-4.2586]}},{"type":"Feature","properties":{"name":"Concei\u00e7\u00e3o do Araguaia","sr":6,"cap":0,"pop":27115},"bbox":[-49.29,-8.25,-49.29,-8.25],"geometry":{"type":"Point","coordinates":[-49.29,-8.25]}},{"type":"Feature","properties":{"name":"Abaetetuba","sr":6,"cap":0,"pop":79420},"bbox":[-48.8849,-1.7245,-48.8849,-1.7245],"geometry":{"type":"Point","coordinates":[-48.8849,-1.7245]}},{"type":"Feature","properties":{"name":"Aragua\u00edna","sr":6,"cap":0,"pop":50444},"bbox":[-48.21,-7.19,-48.21,-7.19],"geometry":{"type":"Point","coordinates":[-48.21,-7.19]}},{"type":"Feature","properties":{"name":"Aracati","sr":6,"cap":0,"pop":44293},"bbox":[-37.77,-4.56,-37.77,-4.56],"geometry":{"type":"Point","coordinates":[-37.77,-4.56]}},{"type":"Feature","properties":{"name":"Ic\u00f3","sr":6,"cap":0,"pop":28323},"bbox":[-38.85,-6.4,-38.85,-6.4],"geometry":{"type":"Point","coordinates":[-38.85,-6.4]}},{"type":"Feature","properties":{"name":"Parna\u00edba","sr":6,"cap":0,"pop":138008},"bbox":[-41.77,-2.91,-41.77,-2.91],"geometry":{"type":"Point","coordinates":[-41.77,-2.91]}},{"type":"Feature","properties":{"name":"Picos","sr":6,"cap":0,"pop":57495},"bbox":[-41.44,-7.08,-41.44,-7.08],"geometry":{"type":"Point","coordinates":[-41.44,-7.08]}},{"type":"Feature","properties":{"name":"Arapiraca","sr":6,"cap":0,"pop":187668},"bbox":[-36.67,-9.75,-36.67,-9.75],"geometry":{"type":"Point","coordinates":[-36.67,-9.75]}},{"type":"Feature","properties":{"name":"Mossor\u00f3","sr":6,"cap":0,"pop":202583},"bbox":[-37.34,-5.19,-37.34,-5.19],"geometry":{"type":"Point","coordinates":[-37.34,-5.19]}},{"type":"Feature","properties":{"name":"Norway House","sr":6,"cap":0,"pop":6000},"bbox":[-97.8333,53.9666,-97.8333,53.9666],"geometry":{"type":"Point","coordinates":[-97.8333,53.9666]}},{"type":"Feature","properties":{"name":"Flin Flon","sr":6,"cap":0,"pop":6393},"bbox":[-101.8833,54.7666,-101.8833,54.7666],"geometry":{"type":"Point","coordinates":[-101.8833,54.7666]}},{"type":"Feature","properties":{"name":"Dauphin","sr":6,"cap":0,"pop":9077},"bbox":[-100.0499,51.15,-100.0499,51.15],"geometry":{"type":"Point","coordinates":[-100.0499,51.15]}},{"type":"Feature","properties":{"name":"The Pas","sr":6,"cap":0,"pop":6055},"bbox":[-101.2333,53.8166,-101.2333,53.8166],"geometry":{"type":"Point","coordinates":[-101.2333,53.8166]}},{"type":"Feature","properties":{"name":"Uranium City","sr":6,"cap":0,"pop":89},"bbox":[-108.6166,59.5666,-108.6166,59.5666],"geometry":{"type":"Point","coordinates":[-108.6166,59.5666]}},{"type":"Feature","properties":{"name":"Moose Jaw","sr":6,"cap":0,"pop":32166},"bbox":[-105.55,50.4,-105.55,50.4],"geometry":{"type":"Point","coordinates":[-105.55,50.4]}},{"type":"Feature","properties":{"name":"Jasper","sr":6,"cap":0,"pop":3907},"bbox":[-118.0834,52.8833,-118.0834,52.8833],"geometry":{"type":"Point","coordinates":[-118.0834,52.8833]}},{"type":"Feature","properties":{"name":"Medicine Hat","sr":6,"cap":0,"pop":63138},"bbox":[-110.6833,50.0333,-110.6833,50.0333],"geometry":{"type":"Point","coordinates":[-110.6833,50.0333]}},{"type":"Feature","properties":{"name":"Red Deer","sr":6,"cap":0,"pop":74857},"bbox":[-113.8,52.2666,-113.8,52.2666],"geometry":{"type":"Point","coordinates":[-113.8,52.2666]}},{"type":"Feature","properties":{"name":"Banff","sr":6,"cap":0,"pop":7502},"bbox":[-115.5719,51.178,-115.5719,51.178],"geometry":{"type":"Point","coordinates":[-115.5719,51.178]}},{"type":"Feature","properties":{"name":"Grand Prairie","sr":6,"cap":0,"pop":41462},"bbox":[-118.8,55.1666,-118.8,55.1666],"geometry":{"type":"Point","coordinates":[-118.8,55.1666]}},{"type":"Feature","properties":{"name":"Smithers","sr":6,"cap":0,"pop":6245},"bbox":[-127.1666,54.7666,-127.1666,54.7666],"geometry":{"type":"Point","coordinates":[-127.1666,54.7666]}},{"type":"Feature","properties":{"name":"Kamloops","sr":6,"cap":0,"pop":68714},"bbox":[-120.3333,50.6667,-120.3333,50.6667],"geometry":{"type":"Point","coordinates":[-120.3333,50.6667]}},{"type":"Feature","properties":{"name":"Williams Lake","sr":6,"cap":0,"pop":14168},"bbox":[-122.15,52.1166,-122.15,52.1166],"geometry":{"type":"Point","coordinates":[-122.15,52.1166]}},{"type":"Feature","properties":{"name":"Prince George","sr":6,"cap":0,"pop":65558},"bbox":[-122.7667,53.9167,-122.7667,53.9167],"geometry":{"type":"Point","coordinates":[-122.7667,53.9167]}},{"type":"Feature","properties":{"name":"Fort Nelson","sr":6,"cap":0,"pop":6315},"bbox":[-122.6865,58.8039,-122.6865,58.8039],"geometry":{"type":"Point","coordinates":[-122.6865,58.8039]}},{"type":"Feature","properties":{"name":"Cape Dorset","sr":6,"cap":0,"pop":1326},"bbox":[-76.5386,64.3125,-76.5386,64.3125],"geometry":{"type":"Point","coordinates":[-76.5386,64.3125]}},{"type":"Feature","properties":{"name":"Kimmirut","sr":6,"cap":0,"pop":385},"bbox":[-69.8833,62.85,-69.8833,62.85],"geometry":{"type":"Point","coordinates":[-69.8833,62.85]}},{"type":"Feature","properties":{"name":"Ennadai","sr":6,"cap":0,"pop":0},"bbox":[-100.8833,61.1333,-100.8833,61.1333],"geometry":{"type":"Point","coordinates":[-100.8833,61.1333]}},{"type":"Feature","properties":{"name":"Rankin Inlet","sr":6,"cap":0,"pop":2472},"bbox":[-92.0953,62.8167,-92.0953,62.8167],"geometry":{"type":"Point","coordinates":[-92.0953,62.8167]}},{"type":"Feature","properties":{"name":"Fort Resolution","sr":6,"cap":0,"pop":448},"bbox":[-113.683,61.1666,-113.683,61.1666],"geometry":{"type":"Point","coordinates":[-113.683,61.1666]}},{"type":"Feature","properties":{"name":"Fort Simpson","sr":6,"cap":0,"pop":283},"bbox":[-121.3333,61.85,-121.3333,61.85],"geometry":{"type":"Point","coordinates":[-121.3333,61.85]}},{"type":"Feature","properties":{"name":"Watson Lake","sr":6,"cap":0,"pop":802},"bbox":[-128.7117,60.0623,-128.7117,60.0623],"geometry":{"type":"Point","coordinates":[-128.7117,60.0623]}},{"type":"Feature","properties":{"name":"Laranjal do Jari","sr":6,"cap":0,"pop":45000},"bbox":[-52.48,-0.85,-52.48,-0.85],"geometry":{"type":"Point","coordinates":[-52.48,-0.85]}},{"type":"Feature","properties":{"name":"Amap\u00e1","sr":6,"cap":0,"pop":1947},"bbox":[-50.8,2.05,-50.8,2.05],"geometry":{"type":"Point","coordinates":[-50.8,2.05]}},{"type":"Feature","properties":{"name":"Vila Velha","sr":6,"cap":0,"pop":1209091},"bbox":[-51.2167,3.2167,-51.2167,3.2167],"geometry":{"type":"Point","coordinates":[-51.2167,3.2167]}},{"type":"Feature","properties":{"name":"Lansdowne House","sr":6,"cap":0,"pop":120},"bbox":[-87.8833,52.2166,-87.8833,52.2166],"geometry":{"type":"Point","coordinates":[-87.8833,52.2166]}},{"type":"Feature","properties":{"name":"Moosonee","sr":6,"cap":0,"pop":1725},"bbox":[-80.658,51.2806,-80.658,51.2806],"geometry":{"type":"Point","coordinates":[-80.658,51.2806]}},{"type":"Feature","properties":{"name":"Sudbury","sr":6,"cap":0,"pop":157857},"bbox":[-80.9666,46.5,-80.9666,46.5],"geometry":{"type":"Point","coordinates":[-80.9666,46.5]}},{"type":"Feature","properties":{"name":"Kenora","sr":6,"cap":0,"pop":10852},"bbox":[-94.4666,49.7667,-94.4666,49.7667],"geometry":{"type":"Point","coordinates":[-94.4666,49.7667]}},{"type":"Feature","properties":{"name":"Gasp\u00e9","sr":6,"cap":0,"pop":3677},"bbox":[-64.4934,48.8373,-64.4934,48.8373],"geometry":{"type":"Point","coordinates":[-64.4934,48.8373]}},{"type":"Feature","properties":{"name":"Mingan","sr":6,"cap":0,"pop":588},"bbox":[-64.0173,50.3018,-64.0173,50.3018],"geometry":{"type":"Point","coordinates":[-64.0173,50.3018]}},{"type":"Feature","properties":{"name":"Dolbeau","sr":6,"cap":0,"pop":13337},"bbox":[-72.2333,48.8666,-72.2333,48.8666],"geometry":{"type":"Point","coordinates":[-72.2333,48.8666]}},{"type":"Feature","properties":{"name":"Val d'Or","sr":6,"cap":0,"pop":20625},"bbox":[-77.7666,48.1166,-77.7666,48.1166],"geometry":{"type":"Point","coordinates":[-77.7666,48.1166]}},{"type":"Feature","properties":{"name":"Ivugivik","sr":6,"cap":0,"pop":156},"bbox":[-77.9,62.4166,-77.9,62.4166],"geometry":{"type":"Point","coordinates":[-77.9,62.4166]}},{"type":"Feature","properties":{"name":"Inukjuak","sr":6,"cap":0,"pop":1597},"bbox":[-78.136,58.47,-78.136,58.47],"geometry":{"type":"Point","coordinates":[-78.136,58.47]}},{"type":"Feature","properties":{"name":"Chicoutimi","sr":6,"cap":0,"pop":53940},"bbox":[-71.0667,48.4333,-71.0667,48.4333],"geometry":{"type":"Point","coordinates":[-71.0667,48.4333]}},{"type":"Feature","properties":{"name":"Moncton","sr":6,"cap":0,"pop":90635},"bbox":[-64.7667,46.0833,-64.7667,46.0833],"geometry":{"type":"Point","coordinates":[-64.7667,46.0833]}},{"type":"Feature","properties":{"name":"Fredericton","sr":6,"cap":0,"pop":52337},"bbox":[-66.6333,45.95,-66.6333,45.95],"geometry":{"type":"Point","coordinates":[-66.6333,45.95]}},{"type":"Feature","properties":{"name":"Bathurst","sr":6,"cap":0,"pop":6111},"bbox":[-65.65,47.6,-65.65,47.6],"geometry":{"type":"Point","coordinates":[-65.65,47.6]}},{"type":"Feature","properties":{"name":"Yarmouth","sr":6,"cap":0,"pop":7500},"bbox":[-66.1126,43.8308,-66.1126,43.8308],"geometry":{"type":"Point","coordinates":[-66.1126,43.8308]}},{"type":"Feature","properties":{"name":"Gander","sr":6,"cap":0,"pop":3345},"bbox":[-54.55,48.95,-54.55,48.95],"geometry":{"type":"Point","coordinates":[-54.55,48.95]}},{"type":"Feature","properties":{"name":"Cartwright","sr":6,"cap":0,"pop":505},"bbox":[-57.0121,53.7014,-57.0121,53.7014],"geometry":{"type":"Point","coordinates":[-57.0121,53.7014]}},{"type":"Feature","properties":{"name":"Rigolet","sr":6,"cap":0,"pop":124},"bbox":[-58.4473,54.1766,-58.4473,54.1766],"geometry":{"type":"Point","coordinates":[-58.4473,54.1766]}},{"type":"Feature","properties":{"name":"Port Burwell","sr":6,"cap":0,"pop":2762},"bbox":[-64.7411,60.2665,-64.7411,60.2665],"geometry":{"type":"Point","coordinates":[-64.7411,60.2665]}},{"type":"Feature","properties":{"name":"Garanhuns","sr":6,"cap":0,"pop":110085},"bbox":[-36.5,-8.89,-36.5,-8.89],"geometry":{"type":"Point","coordinates":[-36.5,-8.89]}},{"type":"Feature","properties":{"name":"Caruaru","sr":6,"cap":0,"pop":242094},"bbox":[-35.98,-8.28,-35.98,-8.28],"geometry":{"type":"Point","coordinates":[-35.98,-8.28]}},{"type":"Feature","properties":{"name":"Adrar","sr":6,"cap":0,"pop":56910},"bbox":[-0.29,27.87,-0.29,27.87],"geometry":{"type":"Point","coordinates":[-0.29,27.87]}},{"type":"Feature","properties":{"name":"Reggane","sr":6,"cap":0,"pop":32974},"bbox":[0.1666,26.7,0.1666,26.7],"geometry":{"type":"Point","coordinates":[0.1666,26.7]}},{"type":"Feature","properties":{"name":"B\u00e9char","sr":6,"cap":0,"pop":143382},"bbox":[-2.23,31.6111,-2.23,31.6111],"geometry":{"type":"Point","coordinates":[-2.23,31.6111]}},{"type":"Feature","properties":{"name":"Tindouf","sr":6,"cap":0,"pop":18270},"bbox":[-8.1478,27.6742,-8.1478,27.6742],"geometry":{"type":"Point","coordinates":[-8.1478,27.6742]}},{"type":"Feature","properties":{"name":"Arak","sr":6,"cap":0,"pop":423251},"bbox":[3.75,25.28,3.75,25.28],"geometry":{"type":"Point","coordinates":[3.75,25.28]}},{"type":"Feature","properties":{"name":"I-n-Salah","sr":6,"cap":0,"pop":49223},"bbox":[2.4666,27.2166,2.4666,27.2166],"geometry":{"type":"Point","coordinates":[2.4666,27.2166]}},{"type":"Feature","properties":{"name":"El Gol\u00e9a","sr":6,"cap":0,"pop":32049},"bbox":[2.8833,30.5666,2.8833,30.5666],"geometry":{"type":"Point","coordinates":[2.8833,30.5666]}},{"type":"Feature","properties":{"name":"Laghouat","sr":6,"cap":0,"pop":113872},"bbox":[2.88,33.81,2.88,33.81],"geometry":{"type":"Point","coordinates":[2.88,33.81]}},{"type":"Feature","properties":{"name":"Djelfa","sr":6,"cap":0,"pop":170901},"bbox":[3.25,34.68,3.25,34.68],"geometry":{"type":"Point","coordinates":[3.25,34.68]}},{"type":"Feature","properties":{"name":"Arecibo","sr":6,"cap":0,"pop":69307},"bbox":[-66.73,18.44,-66.73,18.44],"geometry":{"type":"Point","coordinates":[-66.73,18.44]}},{"type":"Feature","properties":{"name":"Bir Lehlou","sr":6,"cap":0,"pop":500},"bbox":[-9.6525,26.1192,-9.6525,26.1192],"geometry":{"type":"Point","coordinates":[-9.6525,26.1192]}},{"type":"Feature","properties":{"name":"Tasiilaq","sr":6,"cap":0,"pop":1829},"bbox":[-37.6337,65.6019,-37.6337,65.6019],"geometry":{"type":"Point","coordinates":[-37.6337,65.6019]}},{"type":"Feature","properties":{"name":"Andorra","sr":6,"cap":1,"pop":53998},"bbox":[1.5266,42.5108,1.5266,42.5108],"geometry":{"type":"Point","coordinates":[1.5266,42.5108]}},{"type":"Feature","properties":{"name":"Santa Cruz de Tenerife","sr":6,"cap":0,"pop":336061},"bbox":[-16.25,28.47,-16.25,28.47],"geometry":{"type":"Point","coordinates":[-16.25,28.47]}},{"type":"Feature","properties":{"name":"Santa Cruz","sr":6,"cap":0,"pop":148444},"bbox":[-122.0264,36.9719,-122.0264,36.9719],"geometry":{"type":"Point","coordinates":[-122.0264,36.9719]}},{"type":"Feature","properties":{"name":"San Bernardino","sr":4,"cap":0,"pop":1745000},"bbox":[-117.302,34.1223,-117.302,34.1223],"geometry":{"type":"Point","coordinates":[-117.302,34.1223]}},{"type":"Feature","properties":{"name":"Bridgeport","sr":4,"cap":0,"pop":1018000},"bbox":[-73.2019,41.1819,-73.2019,41.1819],"geometry":{"type":"Point","coordinates":[-73.2019,41.1819]}},{"type":"Feature","properties":{"name":"Rochester","sr":4,"cap":0,"pop":755000},"bbox":[-77.6219,43.1724,-77.6219,43.1724],"geometry":{"type":"Point","coordinates":[-77.6219,43.1724]}},{"type":"Feature","properties":{"name":"Manchester","sr":4,"cap":0,"pop":2230000},"bbox":[-2.2487,53.4753,-2.2487,53.4753],"geometry":{"type":"Point","coordinates":[-2.2487,53.4753]}},{"type":"Feature","properties":{"name":"International Falls","sr":4,"cap":0,"pop":15240},"bbox":[-93.4108,48.6011,-93.4108,48.6011],"geometry":{"type":"Point","coordinates":[-93.4108,48.6011]}},{"type":"Feature","properties":{"name":"St.  Paul","sr":4,"cap":0,"pop":734854},"bbox":[-93.085,44.944,-93.085,44.944],"geometry":{"type":"Point","coordinates":[-93.085,44.944]}},{"type":"Feature","properties":{"name":"Billings","sr":4,"cap":0,"pop":104552},"bbox":[-108.54,45.7883,-108.54,45.7883],"geometry":{"type":"Point","coordinates":[-108.54,45.7883]}},{"type":"Feature","properties":{"name":"Great Falls","sr":4,"cap":0,"pop":66558},"bbox":[-111.3,47.5003,-111.3,47.5003],"geometry":{"type":"Point","coordinates":[-111.3,47.5003]}},{"type":"Feature","properties":{"name":"Missoula","sr":4,"cap":0,"pop":72856},"bbox":[-113.9931,46.8722,-113.9931,46.8722],"geometry":{"type":"Point","coordinates":[-113.9931,46.8722]}},{"type":"Feature","properties":{"name":"Minot","sr":4,"cap":0,"pop":39439},"bbox":[-101.2958,48.2325,-101.2958,48.2325],"geometry":{"type":"Point","coordinates":[-101.2958,48.2325]}},{"type":"Feature","properties":{"name":"Fargo","sr":4,"cap":0,"pop":162842},"bbox":[-96.7894,46.8772,-96.7894,46.8772],"geometry":{"type":"Point","coordinates":[-96.7894,46.8772]}},{"type":"Feature","properties":{"name":"Hilo","sr":4,"cap":0,"pop":52391},"bbox":[-155.0815,19.7056,-155.0815,19.7056],"geometry":{"type":"Point","coordinates":[-155.0815,19.7056]}},{"type":"Feature","properties":{"name":"Olympia","sr":4,"cap":0,"pop":156984},"bbox":[-122.8994,47.038,-122.8994,47.038],"geometry":{"type":"Point","coordinates":[-122.8994,47.038]}},{"type":"Feature","properties":{"name":"Spokane","sr":4,"cap":0,"pop":347705},"bbox":[-117.4199,47.67,-117.4199,47.67],"geometry":{"type":"Point","coordinates":[-117.4199,47.67]}},{"type":"Feature","properties":{"name":"Vancouver","sr":4,"cap":0,"pop":525802},"bbox":[-122.64,45.6303,-122.64,45.6303],"geometry":{"type":"Point","coordinates":[-122.64,45.6303]}},{"type":"Feature","properties":{"name":"Flagstaff","sr":4,"cap":0,"pop":63993},"bbox":[-111.6505,35.1981,-111.6505,35.1981],"geometry":{"type":"Point","coordinates":[-111.6505,35.1981]}},{"type":"Feature","properties":{"name":"Tucson","sr":4,"cap":0,"pop":823000},"bbox":[-110.8919,32.2069,-110.8919,32.2069],"geometry":{"type":"Point","coordinates":[-110.8919,32.2069]}},{"type":"Feature","properties":{"name":"Santa Barbara","sr":4,"cap":0,"pop":181632},"bbox":[-119.7166,34.4108,-119.7166,34.4108],"geometry":{"type":"Point","coordinates":[-119.7166,34.4108]}},{"type":"Feature","properties":{"name":"Fresno","sr":4,"cap":0,"pop":616353},"bbox":[-119.773,36.7477,-119.773,36.7477],"geometry":{"type":"Point","coordinates":[-119.773,36.7477]}},{"type":"Feature","properties":{"name":"Eureka","sr":4,"cap":0,"pop":42398},"bbox":[-124.1504,40.793,-124.1504,40.793],"geometry":{"type":"Point","coordinates":[-124.1504,40.793]}},{"type":"Feature","properties":{"name":"Colorado Springs","sr":4,"cap":0,"pop":493654},"bbox":[-104.792,38.863,-104.792,38.863],"geometry":{"type":"Point","coordinates":[-104.792,38.863]}},{"type":"Feature","properties":{"name":"Reno","sr":4,"cap":0,"pop":328585},"bbox":[-119.82,39.53,-119.82,39.53],"geometry":{"type":"Point","coordinates":[-119.82,39.53]}},{"type":"Feature","properties":{"name":"Elko","sr":4,"cap":0,"pop":19252},"bbox":[-115.762,40.8325,-115.762,40.8325],"geometry":{"type":"Point","coordinates":[-115.762,40.8325]}},{"type":"Feature","properties":{"name":"Albuquerque","sr":4,"cap":0,"pop":898642},"bbox":[-106.6413,35.105,-106.6413,35.105],"geometry":{"type":"Point","coordinates":[-106.6413,35.105]}},{"type":"Feature","properties":{"name":"Salem","sr":4,"cap":0,"pop":229010},"bbox":[-123.0239,44.9281,-123.0239,44.9281],"geometry":{"type":"Point","coordinates":[-123.0239,44.9281]}},{"type":"Feature","properties":{"name":"Casper","sr":4,"cap":0,"pop":60791},"bbox":[-106.3232,42.8469,-106.3232,42.8469],"geometry":{"type":"Point","coordinates":[-106.3232,42.8469]}},{"type":"Feature","properties":{"name":"Topeka","sr":4,"cap":0,"pop":132091},"bbox":[-95.67,39.05,-95.67,39.05],"geometry":{"type":"Point","coordinates":[-95.67,39.05]}},{"type":"Feature","properties":{"name":"Kansas City","sr":4,"cap":0,"pop":1469000},"bbox":[-94.606,39.109,-94.606,39.109],"geometry":{"type":"Point","coordinates":[-94.606,39.109]}},{"type":"Feature","properties":{"name":"Tulsa","sr":4,"cap":0,"pop":946962},"bbox":[-95.93,36.12,-95.93,36.12],"geometry":{"type":"Point","coordinates":[-95.93,36.12]}},{"type":"Feature","properties":{"name":"Sioux Falls","sr":4,"cap":0,"pop":155724},"bbox":[-96.73,43.55,-96.73,43.55],"geometry":{"type":"Point","coordinates":[-96.73,43.55]}},{"type":"Feature","properties":{"name":"Shreveport","sr":4,"cap":0,"pop":248053},"bbox":[-93.77,32.5,-93.77,32.5],"geometry":{"type":"Point","coordinates":[-93.77,32.5]}},{"type":"Feature","properties":{"name":"Baton Rouge","sr":4,"cap":0,"pop":422072},"bbox":[-91.1402,30.4579,-91.1402,30.4579],"geometry":{"type":"Point","coordinates":[-91.1402,30.4579]}},{"type":"Feature","properties":{"name":"Ft.  Worth","sr":4,"cap":0,"pop":1440454},"bbox":[-97.34,32.74,-97.34,32.74],"geometry":{"type":"Point","coordinates":[-97.34,32.74]}},{"type":"Feature","properties":{"name":"Corpus Christi","sr":4,"cap":0,"pop":277454},"bbox":[-97.4019,27.7428,-97.4019,27.7428],"geometry":{"type":"Point","coordinates":[-97.4019,27.7428]}},{"type":"Feature","properties":{"name":"Austin","sr":4,"cap":0,"pop":1161000},"bbox":[-97.7447,30.2689,-97.7447,30.2689],"geometry":{"type":"Point","coordinates":[-97.7447,30.2689]}},{"type":"Feature","properties":{"name":"Amarillo","sr":4,"cap":0,"pop":181766},"bbox":[-101.83,35.23,-101.83,35.23],"geometry":{"type":"Point","coordinates":[-101.83,35.23]}},{"type":"Feature","properties":{"name":"El Paso","sr":4,"cap":0,"pop":753000},"bbox":[-106.5119,31.7819,-106.5119,31.7819],"geometry":{"type":"Point","coordinates":[-106.5119,31.7819]}},{"type":"Feature","properties":{"name":"Laredo","sr":4,"cap":0,"pop":434768},"bbox":[-99.5072,27.5061,-99.5072,27.5061],"geometry":{"type":"Point","coordinates":[-99.5072,27.5061]}},{"type":"Feature","properties":{"name":"M\u00e9rida","sr":4,"cap":0,"pop":345489},"bbox":[-71.1825,8.5695,-71.1825,8.5695],"geometry":{"type":"Point","coordinates":[-71.1825,8.5695]}},{"type":"Feature","properties":{"name":"Burlington","sr":4,"cap":0,"pop":93807},"bbox":[-73.2125,44.4758,-73.2125,44.4758],"geometry":{"type":"Point","coordinates":[-73.2125,44.4758]}},{"type":"Feature","properties":{"name":"Montgomery","sr":4,"cap":0,"pop":198325},"bbox":[-86.2792,32.3616,-86.2792,32.3616],"geometry":{"type":"Point","coordinates":[-86.2792,32.3616]}},{"type":"Feature","properties":{"name":"Tallahassee","sr":4,"cap":0,"pop":221222},"bbox":[-84.28,30.45,-84.28,30.45],"geometry":{"type":"Point","coordinates":[-84.28,30.45]}},{"type":"Feature","properties":{"name":"Orlando","sr":4,"cap":0,"pop":1350000},"bbox":[-81.382,28.5119,-81.382,28.5119],"geometry":{"type":"Point","coordinates":[-81.382,28.5119]}},{"type":"Feature","properties":{"name":"Jacksonville","sr":4,"cap":0,"pop":988000},"bbox":[-81.6719,30.332,-81.6719,30.332],"geometry":{"type":"Point","coordinates":[-81.6719,30.332]}},{"type":"Feature","properties":{"name":"Savannah","sr":4,"cap":0,"pop":180187},"bbox":[-81.11,32.0211,-81.11,32.0211],"geometry":{"type":"Point","coordinates":[-81.11,32.0211]}},{"type":"Feature","properties":{"name":"Columbia","sr":4,"cap":0,"pop":398093},"bbox":[-81.0313,33.9969,-81.0313,33.9969],"geometry":{"type":"Point","coordinates":[-81.0313,33.9969]}},{"type":"Feature","properties":{"name":"Indianapolis","sr":4,"cap":0,"pop":1436000},"bbox":[-86.172,39.7519,-86.172,39.7519],"geometry":{"type":"Point","coordinates":[-86.172,39.7519]}},{"type":"Feature","properties":{"name":"Wilmington","sr":4,"cap":0,"pop":161560},"bbox":[-77.945,34.2255,-77.945,34.2255],"geometry":{"type":"Point","coordinates":[-77.945,34.2255]}},{"type":"Feature","properties":{"name":"Knoxville","sr":4,"cap":0,"pop":655400},"bbox":[-83.92,35.97,-83.92,35.97],"geometry":{"type":"Point","coordinates":[-83.92,35.97]}},{"type":"Feature","properties":{"name":"Richmond","sr":4,"cap":0,"pop":912000},"bbox":[-77.4519,37.552,-77.4519,37.552],"geometry":{"type":"Point","coordinates":[-77.4519,37.552]}},{"type":"Feature","properties":{"name":"Charleston","sr":4,"cap":0,"pop":123799},"bbox":[-81.6327,38.3497,-81.6327,38.3497],"geometry":{"type":"Point","coordinates":[-81.6327,38.3497]}},{"type":"Feature","properties":{"name":"Baltimore","sr":4,"cap":0,"pop":2255000},"bbox":[-76.6146,39.2815,-76.6146,39.2815],"geometry":{"type":"Point","coordinates":[-76.6146,39.2815]}},{"type":"Feature","properties":{"name":"Syracuse","sr":4,"cap":0,"pop":662577},"bbox":[-76.15,43.05,-76.15,43.05],"geometry":{"type":"Point","coordinates":[-76.15,43.05]}},{"type":"Feature","properties":{"name":"Puerto Ayacucho","sr":4,"cap":0,"pop":52526},"bbox":[-67.6236,5.6639,-67.6236,5.6639],"geometry":{"type":"Point","coordinates":[-67.6236,5.6639]}},{"type":"Feature","properties":{"name":"Port-of-Spain","sr":4,"cap":1,"pop":294934},"bbox":[-61.517,10.652,-61.517,10.652],"geometry":{"type":"Point","coordinates":[-61.517,10.652]}},{"type":"Feature","properties":{"name":"Augusta","sr":4,"cap":0,"pop":24042},"bbox":[-69.78,44.3106,-69.78,44.3106],"geometry":{"type":"Point","coordinates":[-69.78,44.3106]}},{"type":"Feature","properties":{"name":"Sault Ste. Marie","sr":4,"cap":0,"pop":83805},"bbox":[-84.3453,46.4953,-84.3453,46.4953],"geometry":{"type":"Point","coordinates":[-84.3453,46.4953]}},{"type":"Feature","properties":{"name":"Atakpam\u00e9","sr":4,"cap":0,"pop":80683},"bbox":[1.12,7.53,1.12,7.53],"geometry":{"type":"Point","coordinates":[1.12,7.53]}},{"type":"Feature","properties":{"name":"Sitka","sr":4,"cap":0,"pop":8931},"bbox":[-135.3275,57.0604,-135.3275,57.0604],"geometry":{"type":"Point","coordinates":[-135.3275,57.0604]}},{"type":"Feature","properties":{"name":"Birmingham","sr":4,"cap":0,"pop":2285000},"bbox":[-1.9219,52.4769,-1.9219,52.4769],"geometry":{"type":"Point","coordinates":[-1.9219,52.4769]}},{"type":"Feature","properties":{"name":"Belfast","sr":4,"cap":0,"pop":450406},"bbox":[-5.9282,54.5942,-5.9282,54.5942],"geometry":{"type":"Point","coordinates":[-5.9282,54.5942]}},{"type":"Feature","properties":{"name":"Cottica","sr":4,"cap":0,"pop":29210},"bbox":[-54.2333,3.85,-54.2333,3.85],"geometry":{"type":"Point","coordinates":[-54.2333,3.85]}},{"type":"Feature","properties":{"name":"C\u00f3rdoba","sr":4,"cap":0,"pop":321376},"bbox":[-4.77,37.88,-4.77,37.88],"geometry":{"type":"Point","coordinates":[-4.77,37.88]}},{"type":"Feature","properties":{"name":"Piura","sr":4,"cap":0,"pop":396932},"bbox":[-80.63,-5.21,-80.63,-5.21],"geometry":{"type":"Point","coordinates":[-80.63,-5.21]}},{"type":"Feature","properties":{"name":"Chimbote","sr":4,"cap":0,"pop":349846},"bbox":[-78.57,-9.07,-78.57,-9.07],"geometry":{"type":"Point","coordinates":[-78.57,-9.07]}},{"type":"Feature","properties":{"name":"Pucallpa","sr":4,"cap":0,"pop":310750},"bbox":[-74.535,-8.3689,-74.535,-8.3689],"geometry":{"type":"Point","coordinates":[-74.535,-8.3689]}},{"type":"Feature","properties":{"name":"Iquitos","sr":4,"cap":0,"pop":458729},"bbox":[-73.25,-3.75,-73.25,-3.75],"geometry":{"type":"Point","coordinates":[-73.25,-3.75]}},{"type":"Feature","properties":{"name":"Ponta Delgada","sr":4,"cap":0,"pop":61526},"bbox":[-25.6666,37.7483,-25.6666,37.7483],"geometry":{"type":"Point","coordinates":[-25.6666,37.7483]}},{"type":"Feature","properties":{"name":"Vigo","sr":4,"cap":0,"pop":378952},"bbox":[-8.73,42.22,-8.73,42.22],"geometry":{"type":"Point","coordinates":[-8.73,42.22]}},{"type":"Feature","properties":{"name":"Bilbao","sr":4,"cap":0,"pop":875552},"bbox":[-2.93,43.25,-2.93,43.25],"geometry":{"type":"Point","coordinates":[-2.93,43.25]}},{"type":"Feature","properties":{"name":"Kaolack","sr":4,"cap":0,"pop":277812},"bbox":[-16.1,14.15,-16.1,14.15],"geometry":{"type":"Point","coordinates":[-16.1,14.15]}},{"type":"Feature","properties":{"name":"Ka\u00e9di","sr":4,"cap":0,"pop":21656},"bbox":[-13.5,16.15,-13.5,16.15],"geometry":{"type":"Point","coordinates":[-13.5,16.15]}},{"type":"Feature","properties":{"name":"The Hague","sr":4,"cap":0,"pop":1406000},"bbox":[4.27,52.08,4.27,52.08],"geometry":{"type":"Point","coordinates":[4.27,52.08]}},{"type":"Feature","properties":{"name":"David","sr":4,"cap":0,"pop":110037},"bbox":[-82.4333,8.4333,-82.4333,8.4333],"geometry":{"type":"Point","coordinates":[-82.4333,8.4333]}},{"type":"Feature","properties":{"name":"Oujda","sr":4,"cap":0,"pop":409391},"bbox":[-1.91,34.69,-1.91,34.69],"geometry":{"type":"Point","coordinates":[-1.91,34.69]}},{"type":"Feature","properties":{"name":"Safi","sr":4,"cap":0,"pop":353476},"bbox":[-9.24,32.32,-9.24,32.32],"geometry":{"type":"Point","coordinates":[-9.24,32.32]}},{"type":"Feature","properties":{"name":"Mexicali","sr":4,"cap":0,"pop":885000},"bbox":[-115.482,32.6519,-115.482,32.6519],"geometry":{"type":"Point","coordinates":[-115.482,32.6519]}},{"type":"Feature","properties":{"name":"La Paz","sr":4,"cap":0,"pop":189767},"bbox":[-110.32,24.14,-110.32,24.14],"geometry":{"type":"Point","coordinates":[-110.32,24.14]}},{"type":"Feature","properties":{"name":"Torre\u00f3n","sr":4,"cap":0,"pop":1144000},"bbox":[-103.4219,25.572,-103.4219,25.572],"geometry":{"type":"Point","coordinates":[-103.4219,25.572]}},{"type":"Feature","properties":{"name":"Culiac\u00e1n","sr":4,"cap":0,"pop":809000},"bbox":[-107.3819,24.8319,-107.3819,24.8319],"geometry":{"type":"Point","coordinates":[-107.3819,24.8319]}},{"type":"Feature","properties":{"name":"Nogales","sr":4,"cap":0,"pop":178097},"bbox":[-110.945,31.305,-110.945,31.305],"geometry":{"type":"Point","coordinates":[-110.945,31.305]}},{"type":"Feature","properties":{"name":"Hermosillo","sr":4,"cap":0,"pop":595811},"bbox":[-110.9541,29.0989,-110.9541,29.0989],"geometry":{"type":"Point","coordinates":[-110.9541,29.0989]}},{"type":"Feature","properties":{"name":"Guaymas","sr":4,"cap":0,"pop":103449},"bbox":[-110.89,27.93,-110.89,27.93],"geometry":{"type":"Point","coordinates":[-110.89,27.93]}},{"type":"Feature","properties":{"name":"San Luis Potos\u00ed","sr":4,"cap":0,"pop":992000},"bbox":[-101.0019,22.1719,-101.0019,22.1719],"geometry":{"type":"Point","coordinates":[-101.0019,22.1719]}},{"type":"Feature","properties":{"name":"Matamoros","sr":4,"cap":0,"pop":538785},"bbox":[-97.5,25.88,-97.5,25.88],"geometry":{"type":"Point","coordinates":[-97.5,25.88]}},{"type":"Feature","properties":{"name":"Nuevo Laredo","sr":4,"cap":0,"pop":349550},"bbox":[-99.55,27.5,-99.55,27.5],"geometry":{"type":"Point","coordinates":[-99.55,27.5]}},{"type":"Feature","properties":{"name":"Colima","sr":4,"cap":0,"pop":223287},"bbox":[-103.72,19.23,-103.72,19.23],"geometry":{"type":"Point","coordinates":[-103.72,19.23]}},{"type":"Feature","properties":{"name":"Campeche","sr":4,"cap":0,"pop":205212},"bbox":[-90.5,19.83,-90.5,19.83],"geometry":{"type":"Point","coordinates":[-90.5,19.83]}},{"type":"Feature","properties":{"name":"Oaxaca","sr":4,"cap":0,"pop":530728},"bbox":[-96.67,17.0827,-96.67,17.0827],"geometry":{"type":"Point","coordinates":[-96.67,17.0827]}},{"type":"Feature","properties":{"name":"Le\u00f3n","sr":4,"cap":0,"pop":1488000},"bbox":[-101.702,21.1519,-101.702,21.1519],"geometry":{"type":"Point","coordinates":[-101.702,21.1519]}},{"type":"Feature","properties":{"name":"Ibadan","sr":4,"cap":0,"pop":2628000},"bbox":[3.928,7.382,3.928,7.382],"geometry":{"type":"Point","coordinates":[3.928,7.382]}},{"type":"Feature","properties":{"name":"Ogbomosho","sr":4,"cap":0,"pop":951000},"bbox":[4.238,8.132,4.238,8.132],"geometry":{"type":"Point","coordinates":[4.238,8.132]}},{"type":"Feature","properties":{"name":"Laayoune","sr":4,"cap":0,"pop":188084},"bbox":[-13.2,27.15,-13.2,27.15],"geometry":{"type":"Point","coordinates":[-13.2,27.15]}},{"type":"Feature","properties":{"name":"Cuenca","sr":4,"cap":0,"pop":286878},"bbox":[-79.0,-2.9,-79.0,-2.9],"geometry":{"type":"Point","coordinates":[-79.0,-2.9]}},{"type":"Feature","properties":{"name":"Santa Cruz","sr":4,"cap":0,"pop":11262},"bbox":[-90.35,-0.5333,-90.35,-0.5333],"geometry":{"type":"Point","coordinates":[-90.35,-0.5333]}},{"type":"Feature","properties":{"name":"Lim\u00f3n","sr":4,"cap":0,"pop":85001},"bbox":[-83.0333,10.0,-83.0333,10.0],"geometry":{"type":"Point","coordinates":[-83.0333,10.0]}},{"type":"Feature","properties":{"name":"Santiago de Cuba","sr":4,"cap":0,"pop":555865},"bbox":[-75.8213,20.025,-75.8213,20.025],"geometry":{"type":"Point","coordinates":[-75.8213,20.025]}},{"type":"Feature","properties":{"name":"Santiago","sr":4,"cap":0,"pop":1550753},"bbox":[-70.67,19.5,-70.67,19.5],"geometry":{"type":"Point","coordinates":[-70.67,19.5]}},{"type":"Feature","properties":{"name":"Manizales","sr":4,"cap":0,"pop":375848},"bbox":[-75.52,5.06,-75.52,5.06],"geometry":{"type":"Point","coordinates":[-75.52,5.06]}},{"type":"Feature","properties":{"name":"Pasto","sr":4,"cap":0,"pop":382236},"bbox":[-77.2811,1.2136,-77.2811,1.2136],"geometry":{"type":"Point","coordinates":[-77.2811,1.2136]}},{"type":"Feature","properties":{"name":"Barranquilla","sr":4,"cap":0,"pop":1798000},"bbox":[-74.8019,10.9619,-74.8019,10.9619],"geometry":{"type":"Point","coordinates":[-74.8019,10.9619]}},{"type":"Feature","properties":{"name":"Roseau","sr":4,"cap":1,"pop":23336},"bbox":[-61.387,15.301,-61.387,15.301],"geometry":{"type":"Point","coordinates":[-61.387,15.301]}},{"type":"Feature","properties":{"name":"Quetzaltenango","sr":4,"cap":0,"pop":575263},"bbox":[-91.52,14.83,-91.52,14.83],"geometry":{"type":"Point","coordinates":[-91.52,14.83]}},{"type":"Feature","properties":{"name":"Banjul","sr":4,"cap":1,"pop":43094},"bbox":[-16.5917,13.4539,-16.5917,13.4539],"geometry":{"type":"Point","coordinates":[-16.5917,13.4539]}},{"type":"Feature","properties":{"name":"Bordeaux","sr":4,"cap":0,"pop":803000},"bbox":[-0.597,44.852,-0.597,44.852],"geometry":{"type":"Point","coordinates":[-0.597,44.852]}},{"type":"Feature","properties":{"name":"Le Havre","sr":4,"cap":0,"pop":242124},"bbox":[0.105,49.505,0.105,49.505],"geometry":{"type":"Point","coordinates":[0.105,49.505]}},{"type":"Feature","properties":{"name":"Gao","sr":4,"cap":0,"pop":116967},"bbox":[-0.05,16.2666,-0.05,16.2666],"geometry":{"type":"Point","coordinates":[-0.05,16.2666]}},{"type":"Feature","properties":{"name":"Narsarsuaq","sr":4,"cap":0,"pop":145},"bbox":[-45.4166,61.1666,-45.4166,61.1666],"geometry":{"type":"Point","coordinates":[-45.4166,61.1666]}},{"type":"Feature","properties":{"name":"Nouadhibou","sr":4,"cap":0,"pop":86738},"bbox":[-17.056,20.9,-17.056,20.9],"geometry":{"type":"Point","coordinates":[-17.056,20.9]}},{"type":"Feature","properties":{"name":"Kayes","sr":4,"cap":0,"pop":77207},"bbox":[-11.44,14.45,-11.44,14.45],"geometry":{"type":"Point","coordinates":[-11.44,14.45]}},{"type":"Feature","properties":{"name":"Ayoun el Atrous","sr":4,"cap":0,"pop":1423},"bbox":[-9.6167,16.6666,-9.6167,16.6666],"geometry":{"type":"Point","coordinates":[-9.6167,16.6666]}},{"type":"Feature","properties":{"name":"S\u00e9gou","sr":4,"cap":0,"pop":122952},"bbox":[-6.26,13.44,-6.26,13.44],"geometry":{"type":"Point","coordinates":[-6.26,13.44]}},{"type":"Feature","properties":{"name":"Kankan","sr":4,"cap":0,"pop":114009},"bbox":[-9.31,10.39,-9.31,10.39],"geometry":{"type":"Point","coordinates":[-9.31,10.39]}},{"type":"Feature","properties":{"name":"Nz\u00e9r\u00e9kor\u00e9","sr":4,"cap":0,"pop":168121},"bbox":[-8.83,7.76,-8.83,7.76],"geometry":{"type":"Point","coordinates":[-8.83,7.76]}},{"type":"Feature","properties":{"name":"Bouak\u00e9","sr":4,"cap":0,"pop":567481},"bbox":[-5.03,7.69,-5.03,7.69],"geometry":{"type":"Point","coordinates":[-5.03,7.69]}},{"type":"Feature","properties":{"name":"Rio Branco","sr":4,"cap":0,"pop":257642},"bbox":[-67.8,-9.9666,-67.8,-9.9666],"geometry":{"type":"Point","coordinates":[-67.8,-9.9666]}},{"type":"Feature","properties":{"name":"S\u00e3o Lu\u00eds","sr":4,"cap":0,"pop":1038000},"bbox":[-44.2679,-2.514,-44.2679,-2.514],"geometry":{"type":"Point","coordinates":[-44.2679,-2.514]}},{"type":"Feature","properties":{"name":"Porto Velho","sr":4,"cap":0,"pop":306180},"bbox":[-63.9,-8.75,-63.9,-8.75],"geometry":{"type":"Point","coordinates":[-63.9,-8.75]}},{"type":"Feature","properties":{"name":"Alta Floresta","sr":4,"cap":0,"pop":40466},"bbox":[-55.91,-9.9,-55.91,-9.9],"geometry":{"type":"Point","coordinates":[-55.91,-9.9]}},{"type":"Feature","properties":{"name":"Teresina","sr":4,"cap":0,"pop":907000},"bbox":[-42.782,-5.0931,-42.782,-5.0931],"geometry":{"type":"Point","coordinates":[-42.782,-5.0931]}},{"type":"Feature","properties":{"name":"Macei\u00f3","sr":4,"cap":0,"pop":1186000},"bbox":[-35.7319,-9.6181,-35.7319,-9.6181],"geometry":{"type":"Point","coordinates":[-35.7319,-9.6181]}},{"type":"Feature","properties":{"name":"Natal","sr":4,"cap":0,"pop":1088000},"bbox":[-35.242,-5.7781,-35.242,-5.7781],"geometry":{"type":"Point","coordinates":[-35.242,-5.7781]}},{"type":"Feature","properties":{"name":"Thompson","sr":4,"cap":0,"pop":13727},"bbox":[-97.8666,55.7499,-97.8666,55.7499],"geometry":{"type":"Point","coordinates":[-97.8666,55.7499]}},{"type":"Feature","properties":{"name":"Brandon","sr":4,"cap":0,"pop":28418},"bbox":[-99.95,49.8333,-99.95,49.8333],"geometry":{"type":"Point","coordinates":[-99.95,49.8333]}},{"type":"Feature","properties":{"name":"Fort Smith","sr":4,"cap":0,"pop":518},"bbox":[-111.8833,60.0,-111.8833,60.0],"geometry":{"type":"Point","coordinates":[-111.8833,60.0]}},{"type":"Feature","properties":{"name":"Fort McMurray","sr":4,"cap":0,"pop":21863},"bbox":[-111.3833,56.7333,-111.3833,56.7333],"geometry":{"type":"Point","coordinates":[-111.3833,56.7333]}},{"type":"Feature","properties":{"name":"Peace River","sr":4,"cap":0,"pop":5340},"bbox":[-117.2833,56.2333,-117.2833,56.2333],"geometry":{"type":"Point","coordinates":[-117.2833,56.2333]}},{"type":"Feature","properties":{"name":"Fort St. John","sr":4,"cap":0,"pop":18776},"bbox":[-120.8333,56.25,-120.8333,56.25],"geometry":{"type":"Point","coordinates":[-120.8333,56.25]}},{"type":"Feature","properties":{"name":"Iqaluit","sr":4,"cap":0,"pop":6124},"bbox":[-68.5002,63.7505,-68.5002,63.7505],"geometry":{"type":"Point","coordinates":[-68.5002,63.7505]}},{"type":"Feature","properties":{"name":"Chesterfield Inlet","sr":4,"cap":0,"pop":374},"bbox":[-90.7001,63.3383,-90.7001,63.3383],"geometry":{"type":"Point","coordinates":[-90.7001,63.3383]}},{"type":"Feature","properties":{"name":"Arviat","sr":4,"cap":0,"pop":1868},"bbox":[-94.0586,61.1086,-94.0586,61.1086],"geometry":{"type":"Point","coordinates":[-94.0586,61.1086]}},{"type":"Feature","properties":{"name":"Dawson City","sr":4,"cap":0,"pop":1319},"bbox":[-139.4167,64.0666,-139.4167,64.0666],"geometry":{"type":"Point","coordinates":[-139.4167,64.0666]}},{"type":"Feature","properties":{"name":"Timmins","sr":4,"cap":0,"pop":34974},"bbox":[-81.3333,48.4666,-81.3333,48.4666],"geometry":{"type":"Point","coordinates":[-81.3333,48.4666]}},{"type":"Feature","properties":{"name":"North Bay","sr":4,"cap":0,"pop":50170},"bbox":[-79.45,46.3,-79.45,46.3],"geometry":{"type":"Point","coordinates":[-79.45,46.3]}},{"type":"Feature","properties":{"name":"Kuujjuarapik","sr":4,"cap":0,"pop":1243},"bbox":[-77.7658,55.2815,-77.7658,55.2815],"geometry":{"type":"Point","coordinates":[-77.7658,55.2815]}},{"type":"Feature","properties":{"name":"Kuujjuaq","sr":4,"cap":0,"pop":1273},"bbox":[-68.4,58.1,-68.4,58.1],"geometry":{"type":"Point","coordinates":[-68.4,58.1]}},{"type":"Feature","properties":{"name":"Sydney","sr":4,"cap":0,"pop":37538},"bbox":[-60.18,46.0661,-60.18,46.0661],"geometry":{"type":"Point","coordinates":[-60.18,46.0661]}},{"type":"Feature","properties":{"name":"Labrador City","sr":4,"cap":0,"pop":10313},"bbox":[-66.9159,52.9414,-66.9159,52.9414],"geometry":{"type":"Point","coordinates":[-66.9159,52.9414]}},{"type":"Feature","properties":{"name":"Petrolina","sr":4,"cap":0,"pop":260985},"bbox":[-40.51,-9.38,-40.51,-9.38],"geometry":{"type":"Point","coordinates":[-40.51,-9.38]}},{"type":"Feature","properties":{"name":"Bridgetown","sr":4,"cap":1,"pop":191152},"bbox":[-59.6165,13.102,-59.6165,13.102],"geometry":{"type":"Point","coordinates":[-59.6165,13.102]}},{"type":"Feature","properties":{"name":"Parakou","sr":4,"cap":0,"pop":188853},"bbox":[2.62,9.34,2.62,9.34],"geometry":{"type":"Point","coordinates":[2.62,9.34]}},{"type":"Feature","properties":{"name":"Porto-Novo","sr":4,"cap":0,"pop":300000},"bbox":[2.6166,6.4833,2.6166,6.4833],"geometry":{"type":"Point","coordinates":[2.6166,6.4833]}},{"type":"Feature","properties":{"name":"Bobo Dioulasso","sr":4,"cap":0,"pop":360106},"bbox":[-4.29,11.18,-4.29,11.18],"geometry":{"type":"Point","coordinates":[-4.29,11.18]}},{"type":"Feature","properties":{"name":"Kingstown","sr":4,"cap":1,"pop":49485},"bbox":[-61.2202,13.1558,-61.2202,13.1558],"geometry":{"type":"Point","coordinates":[-61.2202,13.1558]}},{"type":"Feature","properties":{"name":"Castries","sr":4,"cap":1,"pop":37963},"bbox":[-60.9929,14.0079,-60.9929,14.0079],"geometry":{"type":"Point","coordinates":[-60.9929,14.0079]}},{"type":"Feature","properties":{"name":"Basseterre","sr":4,"cap":1,"pop":21887},"bbox":[-62.717,17.302,-62.717,17.302],"geometry":{"type":"Point","coordinates":[-62.717,17.302]}},{"type":"Feature","properties":{"name":"Las Palmas","sr":4,"cap":0,"pop":378495},"bbox":[-15.43,28.1,-15.43,28.1],"geometry":{"type":"Point","coordinates":[-15.43,28.1]}},{"type":"Feature","properties":{"name":"Saint George's","sr":4,"cap":1,"pop":33734},"bbox":[-61.7416,12.0526,-61.7416,12.0526],"geometry":{"type":"Point","coordinates":[-61.7416,12.0526]}},{"type":"Feature","properties":{"name":"Freeport","sr":4,"cap":0,"pop":25383},"bbox":[-78.7,26.5333,-78.7,26.5333],"geometry":{"type":"Point","coordinates":[-78.7,26.5333]}},{"type":"Feature","properties":{"name":"Saint John's","sr":4,"cap":1,"pop":35499},"bbox":[-61.85,17.118,-61.85,17.118],"geometry":{"type":"Point","coordinates":[-61.85,17.118]}},{"type":"Feature","properties":{"name":"Helena","sr":3,"cap":0,"pop":38725},"bbox":[-112.0353,46.5927,-112.0353,46.5927],"geometry":{"type":"Point","coordinates":[-112.0353,46.5927]}},{"type":"Feature","properties":{"name":"Bismarck","sr":3,"cap":0,"pop":63871},"bbox":[-100.7833,46.8083,-100.7833,46.8083],"geometry":{"type":"Point","coordinates":[-100.7833,46.8083]}},{"type":"Feature","properties":{"name":"Boise","sr":3,"cap":0,"pop":338071},"bbox":[-116.2275,43.6086,-116.2275,43.6086],"geometry":{"type":"Point","coordinates":[-116.2275,43.6086]}},{"type":"Feature","properties":{"name":"San Jose","sr":3,"cap":0,"pop":1668000},"bbox":[-121.8882,37.3309,-121.8882,37.3309],"geometry":{"type":"Point","coordinates":[-121.8882,37.3309]}},{"type":"Feature","properties":{"name":"Sacramento","sr":3,"cap":0,"pop":1604000},"bbox":[-121.472,38.577,-121.472,38.577],"geometry":{"type":"Point","coordinates":[-121.472,38.577]}},{"type":"Feature","properties":{"name":"Las Vegas","sr":3,"cap":0,"pop":1823000},"bbox":[-115.1514,36.1648,-115.1514,36.1648],"geometry":{"type":"Point","coordinates":[-115.1514,36.1648]}},{"type":"Feature","properties":{"name":"Santa Fe","sr":3,"cap":0,"pop":92681},"bbox":[-105.9372,35.6869,-105.9372,35.6869],"geometry":{"type":"Point","coordinates":[-105.9372,35.6869]}},{"type":"Feature","properties":{"name":"Portland","sr":3,"cap":0,"pop":1875000},"bbox":[-122.6819,45.522,-122.6819,45.522],"geometry":{"type":"Point","coordinates":[-122.6819,45.522]}},{"type":"Feature","properties":{"name":"Salt Lake City","sr":3,"cap":0,"pop":966000},"bbox":[-111.932,40.777,-111.932,40.777],"geometry":{"type":"Point","coordinates":[-111.932,40.777]}},{"type":"Feature","properties":{"name":"Cheyenne","sr":3,"cap":0,"pop":72927},"bbox":[-104.8197,41.14,-104.8197,41.14],"geometry":{"type":"Point","coordinates":[-104.8197,41.14]}},{"type":"Feature","properties":{"name":"Des Moines","sr":3,"cap":0,"pop":380655},"bbox":[-93.62,41.58,-93.62,41.58],"geometry":{"type":"Point","coordinates":[-93.62,41.58]}},{"type":"Feature","properties":{"name":"Omaha","sr":3,"cap":0,"pop":877110},"bbox":[-96.01,41.24,-96.01,41.24],"geometry":{"type":"Point","coordinates":[-96.01,41.24]}},{"type":"Feature","properties":{"name":"Oklahoma City","sr":3,"cap":0,"pop":788000},"bbox":[-97.5206,35.472,-97.5206,35.472],"geometry":{"type":"Point","coordinates":[-97.5206,35.472]}},{"type":"Feature","properties":{"name":"Pierre","sr":3,"cap":0,"pop":13879},"bbox":[-100.3506,44.3683,-100.3506,44.3683],"geometry":{"type":"Point","coordinates":[-100.3506,44.3683]}},{"type":"Feature","properties":{"name":"San Antonio","sr":3,"cap":0,"pop":1473000},"bbox":[-98.4927,29.4198,-98.4927,29.4198],"geometry":{"type":"Point","coordinates":[-98.4927,29.4198]}},{"type":"Feature","properties":{"name":"San Crist\u00f3bal","sr":3,"cap":0,"pop":438798},"bbox":[-72.25,7.77,-72.25,7.77],"geometry":{"type":"Point","coordinates":[-72.25,7.77]}},{"type":"Feature","properties":{"name":"Valencia","sr":3,"cap":0,"pop":1770000},"bbox":[-67.982,10.2319,-67.982,10.2319],"geometry":{"type":"Point","coordinates":[-67.982,10.2319]}},{"type":"Feature","properties":{"name":"Jackson","sr":3,"cap":0,"pop":250902},"bbox":[-90.185,32.2988,-90.185,32.2988],"geometry":{"type":"Point","coordinates":[-90.185,32.2988]}},{"type":"Feature","properties":{"name":"Raleigh","sr":3,"cap":0,"pop":1163515},"bbox":[-78.647,35.7727,-78.647,35.7727],"geometry":{"type":"Point","coordinates":[-78.647,35.7727]}},{"type":"Feature","properties":{"name":"Cleveland","sr":3,"cap":0,"pop":1890000},"bbox":[-81.6969,41.4719,-81.6969,41.4719],"geometry":{"type":"Point","coordinates":[-81.6969,41.4719]}},{"type":"Feature","properties":{"name":"Cincinnati","sr":3,"cap":0,"pop":1636000},"bbox":[-84.4589,39.1638,-84.4589,39.1638],"geometry":{"type":"Point","coordinates":[-84.4589,39.1638]}},{"type":"Feature","properties":{"name":"Nashville","sr":3,"cap":0,"pop":877000},"bbox":[-86.7819,36.1719,-86.7819,36.1719],"geometry":{"type":"Point","coordinates":[-86.7819,36.1719]}},{"type":"Feature","properties":{"name":"Memphis","sr":3,"cap":0,"pop":1081000},"bbox":[-90.0288,35.1447,-90.0288,35.1447],"geometry":{"type":"Point","coordinates":[-90.0288,35.1447]}},{"type":"Feature","properties":{"name":"Norfolk","sr":3,"cap":0,"pop":1047869},"bbox":[-76.28,36.85,-76.28,36.85],"geometry":{"type":"Point","coordinates":[-76.28,36.85]}},{"type":"Feature","properties":{"name":"Milwaukee","sr":3,"cap":0,"pop":1388000},"bbox":[-87.9167,43.0296,-87.9167,43.0296],"geometry":{"type":"Point","coordinates":[-87.9167,43.0296]}},{"type":"Feature","properties":{"name":"Buffalo","sr":3,"cap":0,"pop":1016000},"bbox":[-78.8819,42.8819,-78.8819,42.8819],"geometry":{"type":"Point","coordinates":[-78.8819,42.8819]}},{"type":"Feature","properties":{"name":"Pittsburgh","sr":3,"cap":0,"pop":1838000},"bbox":[-80.0019,40.4319,-80.0019,40.4319],"geometry":{"type":"Point","coordinates":[-80.0019,40.4319]}},{"type":"Feature","properties":{"name":"Ciudad Guayana","sr":3,"cap":0,"pop":746535},"bbox":[-62.62,8.37,-62.62,8.37],"geometry":{"type":"Point","coordinates":[-62.62,8.37]}},{"type":"Feature","properties":{"name":"Lom\u00e9","sr":3,"cap":1,"pop":1452000},"bbox":[1.2208,6.1339,1.2208,6.1339],"geometry":{"type":"Point","coordinates":[1.2208,6.1339]}},{"type":"Feature","properties":{"name":"Kodiak","sr":3,"cap":0,"pop":9461},"bbox":[-152.407,57.79,-152.407,57.79],"geometry":{"type":"Point","coordinates":[-152.407,57.79]}},{"type":"Feature","properties":{"name":"Cold Bay","sr":3,"cap":0,"pop":200},"bbox":[-162.7151,55.2,-162.7151,55.2],"geometry":{"type":"Point","coordinates":[-162.7151,55.2]}},{"type":"Feature","properties":{"name":"Bethel","sr":3,"cap":0,"pop":6228},"bbox":[-161.7558,60.7933,-161.7558,60.7933],"geometry":{"type":"Point","coordinates":[-161.7558,60.7933]}},{"type":"Feature","properties":{"name":"Nome","sr":3,"cap":0,"pop":3485},"bbox":[-165.4064,64.5061,-165.4064,64.5061],"geometry":{"type":"Point","coordinates":[-165.4064,64.5061]}},{"type":"Feature","properties":{"name":"Valdez","sr":3,"cap":0,"pop":4036},"bbox":[-146.3483,61.136,-146.3483,61.136],"geometry":{"type":"Point","coordinates":[-146.3483,61.136]}},{"type":"Feature","properties":{"name":"Juneau","sr":3,"cap":0,"pop":30711},"bbox":[-134.4007,58.3034,-134.4007,58.3034],"geometry":{"type":"Point","coordinates":[-134.4007,58.3034]}},{"type":"Feature","properties":{"name":"Fairbanks","sr":3,"cap":0,"pop":56993},"bbox":[-147.7107,64.837,-147.7107,64.837],"geometry":{"type":"Point","coordinates":[-147.7107,64.837]}},{"type":"Feature","properties":{"name":"Tegucigalpa","sr":3,"cap":1,"pop":946000},"bbox":[-87.2195,14.104,-87.2195,14.104],"geometry":{"type":"Point","coordinates":[-87.2195,14.104]}},{"type":"Feature","properties":{"name":"Georgetown","sr":3,"cap":1,"pop":264350},"bbox":[-58.167,6.802,-58.167,6.802],"geometry":{"type":"Point","coordinates":[-58.167,6.802]}},{"type":"Feature","properties":{"name":"Reykjav\u00edk","sr":3,"cap":1,"pop":166212},"bbox":[-21.9365,64.1435,-21.9365,64.1435],"geometry":{"type":"Point","coordinates":[-21.9365,64.1435]}},{"type":"Feature","properties":{"name":"Port-au-Prince","sr":3,"cap":1,"pop":1998000},"bbox":[-72.338,18.543,-72.338,18.543],"geometry":{"type":"Point","coordinates":[-72.338,18.543]}},{"type":"Feature","properties":{"name":"Glasgow","sr":3,"cap":0,"pop":1160000},"bbox":[-4.2391,55.8623,-4.2391,55.8623],"geometry":{"type":"Point","coordinates":[-4.2391,55.8623]}},{"type":"Feature","properties":{"name":"Paramaribo","sr":3,"cap":1,"pop":254169},"bbox":[-55.167,5.835,-55.167,5.835],"geometry":{"type":"Point","coordinates":[-55.167,5.835]}},{"type":"Feature","properties":{"name":"Seville","sr":3,"cap":0,"pop":1212045},"bbox":[-5.98,37.405,-5.98,37.405],"geometry":{"type":"Point","coordinates":[-5.98,37.405]}},{"type":"Feature","properties":{"name":"Niamey","sr":3,"cap":1,"pop":915000},"bbox":[2.1147,13.5187,2.1147,13.5187],"geometry":{"type":"Point","coordinates":[2.1147,13.5187]}},{"type":"Feature","properties":{"name":"Trujillo","sr":3,"cap":0,"pop":765171},"bbox":[-79.02,-8.12,-79.02,-8.12],"geometry":{"type":"Point","coordinates":[-79.02,-8.12]}},{"type":"Feature","properties":{"name":"Managua","sr":3,"cap":1,"pop":920000},"bbox":[-86.2704,12.155,-86.2704,12.155],"geometry":{"type":"Point","coordinates":[-86.2704,12.155]}},{"type":"Feature","properties":{"name":"Freetown","sr":3,"cap":1,"pop":827000},"bbox":[-13.2362,8.472,-13.2362,8.472],"geometry":{"type":"Point","coordinates":[-13.2362,8.472]}},{"type":"Feature","properties":{"name":"Panama City","sr":3,"cap":1,"pop":1281000},"bbox":[-79.535,8.97,-79.535,8.97],"geometry":{"type":"Point","coordinates":[-79.535,8.97]}},{"type":"Feature","properties":{"name":"Fez","sr":3,"cap":0,"pop":1002000},"bbox":[-5.0023,34.0565,-5.0023,34.0565],"geometry":{"type":"Point","coordinates":[-5.0023,34.0565]}},{"type":"Feature","properties":{"name":"Rabat","sr":3,"cap":1,"pop":1705000},"bbox":[-6.8364,34.0253,-6.8364,34.0253],"geometry":{"type":"Point","coordinates":[-6.8364,34.0253]}},{"type":"Feature","properties":{"name":"Marrakesh","sr":3,"cap":0,"pop":872000},"bbox":[-8.0019,31.6319,-8.0019,31.6319],"geometry":{"type":"Point","coordinates":[-8.0019,31.6319]}},{"type":"Feature","properties":{"name":"Tijuana","sr":3,"cap":0,"pop":1553000},"bbox":[-117.0819,32.502,-117.0819,32.502],"geometry":{"type":"Point","coordinates":[-117.0819,32.502]}},{"type":"Feature","properties":{"name":"Chihuahua","sr":3,"cap":0,"pop":793000},"bbox":[-106.0869,28.6469,-106.0869,28.6469],"geometry":{"type":"Point","coordinates":[-106.0869,28.6469]}},{"type":"Feature","properties":{"name":"Mazatl\u00e1n","sr":3,"cap":0,"pop":368204},"bbox":[-106.42,23.2211,-106.42,23.2211],"geometry":{"type":"Point","coordinates":[-106.42,23.2211]}},{"type":"Feature","properties":{"name":"Tampico","sr":3,"cap":0,"pop":859419},"bbox":[-97.87,22.3,-97.87,22.3],"geometry":{"type":"Point","coordinates":[-97.87,22.3]}},{"type":"Feature","properties":{"name":"Acapulco","sr":3,"cap":0,"pop":715584},"bbox":[-99.916,16.85,-99.916,16.85],"geometry":{"type":"Point","coordinates":[-99.916,16.85]}},{"type":"Feature","properties":{"name":"Veracruz","sr":3,"cap":0,"pop":578963},"bbox":[-96.16,19.1773,-96.16,19.1773],"geometry":{"type":"Point","coordinates":[-96.16,19.1773]}},{"type":"Feature","properties":{"name":"Tuxtla Guti\u00e9rrez","sr":3,"cap":0,"pop":481128},"bbox":[-93.15,16.75,-93.15,16.75],"geometry":{"type":"Point","coordinates":[-93.15,16.75]}},{"type":"Feature","properties":{"name":"Canc\u00fan","sr":3,"cap":0,"pop":542043},"bbox":[-86.83,21.17,-86.83,21.17],"geometry":{"type":"Point","coordinates":[-86.83,21.17]}},{"type":"Feature","properties":{"name":"M\u00e9rida","sr":3,"cap":0,"pop":965000},"bbox":[-89.6186,20.9686,-89.6186,20.9686],"geometry":{"type":"Point","coordinates":[-89.6186,20.9686]}},{"type":"Feature","properties":{"name":"Valencia","sr":3,"cap":0,"pop":808000},"bbox":[-0.402,39.487,-0.402,39.487],"geometry":{"type":"Point","coordinates":[-0.402,39.487]}},{"type":"Feature","properties":{"name":"Bissau","sr":3,"cap":1,"pop":403339},"bbox":[-15.5984,11.865,-15.5984,11.865],"geometry":{"type":"Point","coordinates":[-15.5984,11.865]}},{"type":"Feature","properties":{"name":"Lyon","sr":3,"cap":0,"pop":1423000},"bbox":[4.8281,45.772,4.8281,45.772],"geometry":{"type":"Point","coordinates":[4.8281,45.772]}},{"type":"Feature","properties":{"name":"Quito","sr":3,"cap":1,"pop":1701000},"bbox":[-78.502,-0.213,-78.502,-0.213],"geometry":{"type":"Point","coordinates":[-78.502,-0.213]}},{"type":"Feature","properties":{"name":"San Jos\u00e9","sr":3,"cap":1,"pop":1284000},"bbox":[-84.0788,9.9304,-84.0788,9.9304],"geometry":{"type":"Point","coordinates":[-84.0788,9.9304]}},{"type":"Feature","properties":{"name":"San Salvador","sr":3,"cap":1,"pop":1433000},"bbox":[-89.2156,13.7033,-89.2156,13.7033],"geometry":{"type":"Point","coordinates":[-89.2156,13.7033]}},{"type":"Feature","properties":{"name":"Kingston","sr":3,"cap":1,"pop":937700},"bbox":[-76.7674,17.9771,-76.7674,17.9771],"geometry":{"type":"Point","coordinates":[-76.7674,17.9771]}},{"type":"Feature","properties":{"name":"Cartagena","sr":3,"cap":0,"pop":887000},"bbox":[-75.5163,10.4017,-75.5163,10.4017],"geometry":{"type":"Point","coordinates":[-75.5163,10.4017]}},{"type":"Feature","properties":{"name":"Mit\u00fa","sr":3,"cap":0,"pop":5917},"bbox":[-70.1736,1.1983,-70.1736,1.1983],"geometry":{"type":"Point","coordinates":[-70.1736,1.1983]}},{"type":"Feature","properties":{"name":"Guatemala City","sr":3,"cap":1,"pop":1024000},"bbox":[-90.5289,14.6231,-90.5289,14.6231],"geometry":{"type":"Point","coordinates":[-90.5289,14.6231]}},{"type":"Feature","properties":{"name":"Cayenne","sr":3,"cap":0,"pop":61550},"bbox":[-52.33,4.933,-52.33,4.933],"geometry":{"type":"Point","coordinates":[-52.33,4.933]}},{"type":"Feature","properties":{"name":"Timbuktu","sr":3,"cap":0,"pop":68872},"bbox":[-3.0166,16.7666,-3.0166,16.7666],"geometry":{"type":"Point","coordinates":[-3.0166,16.7666]}},{"type":"Feature","properties":{"name":"Nuuk","sr":3,"cap":0,"pop":14798},"bbox":[-51.7327,64.1983,-51.7327,64.1983],"geometry":{"type":"Point","coordinates":[-51.7327,64.1983]}},{"type":"Feature","properties":{"name":"Nouakchott","sr":3,"cap":1,"pop":742144},"bbox":[-15.9753,18.0864,-15.9753,18.0864],"geometry":{"type":"Point","coordinates":[-15.9753,18.0864]}},{"type":"Feature","properties":{"name":"Bamako","sr":3,"cap":1,"pop":1494000},"bbox":[-8.002,12.652,-8.002,12.652],"geometry":{"type":"Point","coordinates":[-8.002,12.652]}},{"type":"Feature","properties":{"name":"Atar","sr":3,"cap":0,"pop":44265},"bbox":[-13.05,20.5166,-13.05,20.5166],"geometry":{"type":"Point","coordinates":[-13.05,20.5166]}},{"type":"Feature","properties":{"name":"Djenn\u00e9","sr":3,"cap":0,"pop":32944},"bbox":[-4.55,13.9,-4.55,13.9],"geometry":{"type":"Point","coordinates":[-4.55,13.9]}},{"type":"Feature","properties":{"name":"Conakry","sr":3,"cap":1,"pop":1494000},"bbox":[-13.6822,9.5335,-13.6822,9.5335],"geometry":{"type":"Point","coordinates":[-13.6822,9.5335]}},{"type":"Feature","properties":{"name":"Yamoussoukro","sr":3,"cap":1,"pop":206499},"bbox":[-5.2755,6.8184,-5.2755,6.8184],"geometry":{"type":"Point","coordinates":[-5.2755,6.8184]}},{"type":"Feature","properties":{"name":"Cruzeiro do Sul","sr":3,"cap":0,"pop":56862},"bbox":[-72.67,-7.63,-72.67,-7.63],"geometry":{"type":"Point","coordinates":[-72.67,-7.63]}},{"type":"Feature","properties":{"name":"Leticia","sr":3,"cap":0,"pop":59575},"bbox":[-69.9553,-4.2012,-69.9553,-4.2012],"geometry":{"type":"Point","coordinates":[-69.9553,-4.2012]}},{"type":"Feature","properties":{"name":"Manaus","sr":3,"cap":0,"pop":1753000},"bbox":[-60.002,-3.0981,-60.002,-3.0981],"geometry":{"type":"Point","coordinates":[-60.002,-3.0981]}},{"type":"Feature","properties":{"name":"Caxias","sr":3,"cap":0,"pop":134640},"bbox":[-43.35,-4.833,-43.35,-4.833],"geometry":{"type":"Point","coordinates":[-43.35,-4.833]}},{"type":"Feature","properties":{"name":"Santar\u00e9m","sr":3,"cap":0,"pop":230428},"bbox":[-54.7,-2.4333,-54.7,-2.4333],"geometry":{"type":"Point","coordinates":[-54.7,-2.4333]}},{"type":"Feature","properties":{"name":"Marab\u00e1","sr":3,"cap":0,"pop":166182},"bbox":[-49.116,-5.35,-49.116,-5.35],"geometry":{"type":"Point","coordinates":[-49.116,-5.35]}},{"type":"Feature","properties":{"name":"Winnipeg","sr":3,"cap":0,"pop":632063},"bbox":[-97.166,49.883,-97.166,49.883],"geometry":{"type":"Point","coordinates":[-97.166,49.883]}},{"type":"Feature","properties":{"name":"Churchill","sr":3,"cap":0,"pop":1000},"bbox":[-94.166,58.766,-94.166,58.766],"geometry":{"type":"Point","coordinates":[-94.166,58.766]}},{"type":"Feature","properties":{"name":"Regina","sr":3,"cap":0,"pop":176183},"bbox":[-104.617,50.45,-104.617,50.45],"geometry":{"type":"Point","coordinates":[-104.617,50.45]}},{"type":"Feature","properties":{"name":"Saskatoon","sr":3,"cap":0,"pop":198958},"bbox":[-106.67,52.17,-106.67,52.17],"geometry":{"type":"Point","coordinates":[-106.67,52.17]}},{"type":"Feature","properties":{"name":"Calgary","sr":3,"cap":0,"pop":1110000},"bbox":[-114.0819,51.0849,-114.0819,51.0849],"geometry":{"type":"Point","coordinates":[-114.0819,51.0849]}},{"type":"Feature","properties":{"name":"Prince Rupert","sr":3,"cap":0,"pop":14708},"bbox":[-130.33,54.3167,-130.33,54.3167],"geometry":{"type":"Point","coordinates":[-130.33,54.3167]}},{"type":"Feature","properties":{"name":"Victoria","sr":3,"cap":0,"pop":289625},"bbox":[-123.35,48.4333,-123.35,48.4333],"geometry":{"type":"Point","coordinates":[-123.35,48.4333]}},{"type":"Feature","properties":{"name":"Yellowknife","sr":3,"cap":0,"pop":19234},"bbox":[-114.397,62.442,-114.397,62.442],"geometry":{"type":"Point","coordinates":[-114.397,62.442]}},{"type":"Feature","properties":{"name":"Whitehorse","sr":3,"cap":0,"pop":23276},"bbox":[-135.05,60.7167,-135.05,60.7167],"geometry":{"type":"Point","coordinates":[-135.05,60.7167]}},{"type":"Feature","properties":{"name":"Boa Vista","sr":3,"cap":0,"pop":235150},"bbox":[-60.666,2.8161,-60.666,2.8161],"geometry":{"type":"Point","coordinates":[-60.666,2.8161]}},{"type":"Feature","properties":{"name":"Macap\u00e1","sr":3,"cap":0,"pop":499166},"bbox":[-51.05,0.033,-51.05,0.033],"geometry":{"type":"Point","coordinates":[-51.05,0.033]}},{"type":"Feature","properties":{"name":"Ottawa","sr":3,"cap":1,"pop":1145000},"bbox":[-75.702,45.4186,-75.702,45.4186],"geometry":{"type":"Point","coordinates":[-75.702,45.4186]}},{"type":"Feature","properties":{"name":"Fort Severn","sr":3,"cap":0,"pop":125},"bbox":[-87.65,55.9833,-87.65,55.9833],"geometry":{"type":"Point","coordinates":[-87.65,55.9833]}},{"type":"Feature","properties":{"name":"Thunder Bay","sr":3,"cap":0,"pop":99334},"bbox":[-89.275,48.4462,-89.275,48.4462],"geometry":{"type":"Point","coordinates":[-89.275,48.4462]}},{"type":"Feature","properties":{"name":"Qu\u00e9bec","sr":3,"cap":0,"pop":624177},"bbox":[-71.2456,46.84,-71.2456,46.84],"geometry":{"type":"Point","coordinates":[-71.2456,46.84]}},{"type":"Feature","properties":{"name":"Halifax","sr":3,"cap":0,"pop":359111},"bbox":[-63.6,44.65,-63.6,44.65],"geometry":{"type":"Point","coordinates":[-63.6,44.65]}},{"type":"Feature","properties":{"name":"St. John's","sr":3,"cap":0,"pop":131469},"bbox":[-52.681,47.585,-52.681,47.585],"geometry":{"type":"Point","coordinates":[-52.681,47.585]}},{"type":"Feature","properties":{"name":"Nain","sr":3,"cap":0,"pop":1151},"bbox":[-61.686,56.5474,-61.686,56.5474],"geometry":{"type":"Point","coordinates":[-61.686,56.5474]}},{"type":"Feature","properties":{"name":"Charlottetown","sr":3,"cap":0,"pop":42402},"bbox":[-63.1313,46.2493,-63.1313,46.2493],"geometry":{"type":"Point","coordinates":[-63.1313,46.2493]}},{"type":"Feature","properties":{"name":"Belmopan","sr":3,"cap":1,"pop":15220},"bbox":[-88.7671,17.252,-88.7671,17.252],"geometry":{"type":"Point","coordinates":[-88.7671,17.252]}},{"type":"Feature","properties":{"name":"Oran","sr":3,"cap":0,"pop":798000},"bbox":[-0.6219,35.7119,-0.6219,35.7119],"geometry":{"type":"Point","coordinates":[-0.6219,35.7119]}},{"type":"Feature","properties":{"name":"Cotonou","sr":3,"cap":1,"pop":762000},"bbox":[2.4044,6.363,2.4044,6.363],"geometry":{"type":"Point","coordinates":[2.4044,6.363]}},{"type":"Feature","properties":{"name":"Ghardaia","sr":3,"cap":0,"pop":125480},"bbox":[3.67,32.49,3.67,32.49],"geometry":{"type":"Point","coordinates":[3.67,32.49]}},{"type":"Feature","properties":{"name":"Ouagadougou","sr":3,"cap":1,"pop":1149000},"bbox":[-1.5267,12.3723,-1.5267,12.3723],"geometry":{"type":"Point","coordinates":[-1.5267,12.3723]}},{"type":"Feature","properties":{"name":"San Juan","sr":3,"cap":0,"pop":2478905},"bbox":[-66.13,18.44,-66.13,18.44],"geometry":{"type":"Point","coordinates":[-66.13,18.44]}},{"type":"Feature","properties":{"name":"Hamilton","sr":3,"cap":1,"pop":52320},"bbox":[-64.7839,32.2942,-64.7839,32.2942],"geometry":{"type":"Point","coordinates":[-64.7839,32.2942]}},{"type":"Feature","properties":{"name":"Praia","sr":3,"cap":1,"pop":113364},"bbox":[-23.5167,14.9167,-23.5167,14.9167],"geometry":{"type":"Point","coordinates":[-23.5167,14.9167]}},{"type":"Feature","properties":{"name":"Nassau","sr":3,"cap":1,"pop":227940},"bbox":[-77.35,25.0834,-77.35,25.0834],"geometry":{"type":"Point","coordinates":[-77.35,25.0834]}},{"type":"Feature","properties":{"name":"Minneapolis","sr":2,"cap":0,"pop":2616000},"bbox":[-93.2537,44.9819,-93.2537,44.9819],"geometry":{"type":"Point","coordinates":[-93.2537,44.9819]}},{"type":"Feature","properties":{"name":"Honolulu","sr":2,"cap":0,"pop":786000},"bbox":[-157.8583,21.3034,-157.8583,21.3034],"geometry":{"type":"Point","coordinates":[-157.8583,21.3034]}},{"type":"Feature","properties":{"name":"Seattle","sr":2,"cap":0,"pop":3074000},"bbox":[-122.3153,47.6004,-122.3153,47.6004],"geometry":{"type":"Point","coordinates":[-122.3153,47.6004]}},{"type":"Feature","properties":{"name":"Phoenix","sr":2,"cap":0,"pop":3551000},"bbox":[-112.0674,33.4483,-112.0674,33.4483],"geometry":{"type":"Point","coordinates":[-112.0674,33.4483]}},{"type":"Feature","properties":{"name":"San Diego","sr":2,"cap":0,"pop":2916000},"bbox":[-117.1509,32.7189,-117.1509,32.7189],"geometry":{"type":"Point","coordinates":[-117.1509,32.7189]}},{"type":"Feature","properties":{"name":"St. Louis","sr":2,"cap":0,"pop":2199000},"bbox":[-90.2419,38.637,-90.2419,38.637],"geometry":{"type":"Point","coordinates":[-90.2419,38.637]}},{"type":"Feature","properties":{"name":"New Orleans","sr":2,"cap":0,"pop":785000},"bbox":[-90.0884,29.9689,-90.0884,29.9689],"geometry":{"type":"Point","coordinates":[-90.0884,29.9689]}},{"type":"Feature","properties":{"name":"Dallas","sr":2,"cap":0,"pop":4798000},"bbox":[-96.7947,32.772,-96.7947,32.772],"geometry":{"type":"Point","coordinates":[-96.7947,32.772]}},{"type":"Feature","properties":{"name":"Maracaibo","sr":2,"cap":0,"pop":2072000},"bbox":[-71.6619,10.7319,-71.6619,10.7319],"geometry":{"type":"Point","coordinates":[-71.6619,10.7319]}},{"type":"Feature","properties":{"name":"Boston","sr":2,"cap":0,"pop":4467000},"bbox":[-71.072,42.3319,-71.072,42.3319],"geometry":{"type":"Point","coordinates":[-71.072,42.3319]}},{"type":"Feature","properties":{"name":"Tampa","sr":2,"cap":0,"pop":2314000},"bbox":[-82.4606,27.9489,-82.4606,27.9489],"geometry":{"type":"Point","coordinates":[-82.4606,27.9489]}},{"type":"Feature","properties":{"name":"Philadelphia","sr":2,"cap":0,"pop":5492000},"bbox":[-75.1798,39.9459,-75.1798,39.9459],"geometry":{"type":"Point","coordinates":[-75.1798,39.9459]}},{"type":"Feature","properties":{"name":"Detroit","sr":2,"cap":0,"pop":4101000},"bbox":[-83.0513,42.3336,-83.0513,42.3336],"geometry":{"type":"Point","coordinates":[-83.0513,42.3336]}},{"type":"Feature","properties":{"name":"Anchorage","sr":2,"cap":0,"pop":260283},"bbox":[-149.8874,61.214,-149.8874,61.214],"geometry":{"type":"Point","coordinates":[-149.8874,61.214]}},{"type":"Feature","properties":{"name":"Barcelona","sr":2,"cap":0,"pop":4920000},"bbox":[2.1814,41.3852,2.1814,41.3852],"geometry":{"type":"Point","coordinates":[2.1814,41.3852]}},{"type":"Feature","properties":{"name":"Lisbon","sr":2,"cap":1,"pop":2812000},"bbox":[-9.1468,38.7247,-9.1468,38.7247],"geometry":{"type":"Point","coordinates":[-9.1468,38.7247]}},{"type":"Feature","properties":{"name":"Guadalajara","sr":2,"cap":0,"pop":4198000},"bbox":[-103.332,20.672,-103.332,20.672],"geometry":{"type":"Point","coordinates":[-103.332,20.672]}},{"type":"Feature","properties":{"name":"Puebla","sr":2,"cap":0,"pop":2195000},"bbox":[-98.2037,19.0326,-98.2037,19.0326],"geometry":{"type":"Point","coordinates":[-98.2037,19.0326]}},{"type":"Feature","properties":{"name":"Dublin","sr":2,"cap":1,"pop":1059000},"bbox":[-6.257,53.3467,-6.257,53.3467],"geometry":{"type":"Point","coordinates":[-6.257,53.3467]}},{"type":"Feature","properties":{"name":"Monrovia","sr":2,"cap":1,"pop":1041000},"bbox":[-10.7997,6.3146,-10.7997,6.3146],"geometry":{"type":"Point","coordinates":[-10.7997,6.3146]}},{"type":"Feature","properties":{"name":"Guayaquil","sr":2,"cap":0,"pop":2514000},"bbox":[-79.922,-2.2181,-79.922,-2.2181],"geometry":{"type":"Point","coordinates":[-79.922,-2.2181]}},{"type":"Feature","properties":{"name":"Medell\u00edn","sr":2,"cap":0,"pop":3297000},"bbox":[-75.577,6.2769,-75.577,6.2769],"geometry":{"type":"Point","coordinates":[-75.577,6.2769]}},{"type":"Feature","properties":{"name":"Cali","sr":2,"cap":0,"pop":2254000},"bbox":[-76.5019,3.4019,-76.5019,3.4019],"geometry":{"type":"Point","coordinates":[-76.5019,3.4019]}},{"type":"Feature","properties":{"name":"Havana","sr":2,"cap":1,"pop":2174000},"bbox":[-82.3661,23.1339,-82.3661,23.1339],"geometry":{"type":"Point","coordinates":[-82.3661,23.1339]}},{"type":"Feature","properties":{"name":"Santo Domingo","sr":2,"cap":1,"pop":2154000},"bbox":[-69.9297,18.4707,-69.9297,18.4707],"geometry":{"type":"Point","coordinates":[-69.9297,18.4707]}},{"type":"Feature","properties":{"name":"Accra","sr":2,"cap":1,"pop":2121000},"bbox":[-0.2187,5.552,-0.2187,5.552],"geometry":{"type":"Point","coordinates":[-0.2187,5.552]}},{"type":"Feature","properties":{"name":"Abidjan","sr":2,"cap":1,"pop":3802000},"bbox":[-4.0202,5.3231,-4.0202,5.3231],"geometry":{"type":"Point","coordinates":[-4.0202,5.3231]}},{"type":"Feature","properties":{"name":"Bel\u00e9m","sr":2,"cap":0,"pop":2167000},"bbox":[-48.482,-1.4481,-48.482,-1.4481],"geometry":{"type":"Point","coordinates":[-48.482,-1.4481]}},{"type":"Feature","properties":{"name":"Fortaleza","sr":2,"cap":0,"pop":3602319},"bbox":[-38.5819,-3.7481,-38.5819,-3.7481],"geometry":{"type":"Point","coordinates":[-38.5819,-3.7481]}},{"type":"Feature","properties":{"name":"Edmonton","sr":2,"cap":0,"pop":1058000},"bbox":[-113.5019,53.552,-113.5019,53.552],"geometry":{"type":"Point","coordinates":[-113.5019,53.552]}},{"type":"Feature","properties":{"name":"Montr\u00e9al","sr":2,"cap":0,"pop":3678000},"bbox":[-73.5852,45.5019,-73.5852,45.5019],"geometry":{"type":"Point","coordinates":[-73.5852,45.5019]}},{"type":"Feature","properties":{"name":"Recife","sr":2,"cap":0,"pop":3651000},"bbox":[-34.9088,-8.0605,-34.9088,-8.0605],"geometry":{"type":"Point","coordinates":[-34.9088,-8.0605]}},{"type":"Feature","properties":{"name":"Brussels","sr":2,"cap":1,"pop":1743000},"bbox":[4.3314,50.8353,4.3314,50.8353],"geometry":{"type":"Point","coordinates":[4.3314,50.8353]}},{"type":"Feature","properties":{"name":"Algiers","sr":2,"cap":1,"pop":3354000},"bbox":[3.0486,36.765,3.0486,36.765],"geometry":{"type":"Point","coordinates":[3.0486,36.765]}},{"type":"Feature","properties":{"name":"San Francisco","sr":1,"cap":0,"pop":3450000},"bbox":[-122.3996,37.7843,-122.3996,37.7843],"geometry":{"type":"Point","coordinates":[-122.3996,37.7843]}},{"type":"Feature","properties":{"name":"Denver","sr":1,"cap":0,"pop":2313000},"bbox":[-104.986,39.7411,-104.986,39.7411],"geometry":{"type":"Point","coordinates":[-104.986,39.7411]}},{"type":"Feature","properties":{"name":"Houston","sr":1,"cap":0,"pop":4459000},"bbox":[-95.3484,29.7413,-95.3484,29.7413],"geometry":{"type":"Point","coordinates":[-95.3484,29.7413]}},{"type":"Feature","properties":{"name":"Miami","sr":1,"cap":0,"pop":5585000},"bbox":[-80.2261,25.7896,-80.2261,25.7896],"geometry":{"type":"Point","coordinates":[-80.2261,25.7896]}},{"type":"Feature","properties":{"name":"Atlanta","sr":1,"cap":0,"pop":4506000},"bbox":[-84.3676,33.7395,-84.3676,33.7395],"geometry":{"type":"Point","coordinates":[-84.3676,33.7395]}},{"type":"Feature","properties":{"name":"Chicago","sr":1,"cap":0,"pop":8990000},"bbox":[-87.6352,41.848,-87.6352,41.848],"geometry":{"type":"Point","coordinates":[-87.6352,41.848]}},{"type":"Feature","properties":{"name":"Caracas","sr":1,"cap":1,"pop":2985000},"bbox":[-66.919,10.5029,-66.919,10.5029],"geometry":{"type":"Point","coordinates":[-66.919,10.5029]}},{"type":"Feature","properties":{"name":"Madrid","sr":1,"cap":1,"pop":5567000},"bbox":[-3.6853,40.402,-3.6853,40.402],"geometry":{"type":"Point","coordinates":[-3.6853,40.402]}},{"type":"Feature","properties":{"name":"Dakar","sr":1,"cap":1,"pop":2604000},"bbox":[-17.4751,14.7178,-17.4751,14.7178],"geometry":{"type":"Point","coordinates":[-17.4751,14.7178]}},{"type":"Feature","properties":{"name":"Amsterdam","sr":1,"cap":1,"pop":1031000},"bbox":[4.9147,52.3519,4.9147,52.3519],"geometry":{"type":"Point","coordinates":[4.9147,52.3519]}},{"type":"Feature","properties":{"name":"Casablanca","sr":1,"cap":0,"pop":3181000},"bbox":[-7.6183,33.6019,-7.6183,33.6019],"geometry":{"type":"Point","coordinates":[-7.6183,33.6019]}},{"type":"Feature","properties":{"name":"Monterrey","sr":1,"cap":0,"pop":3712000},"bbox":[-100.3319,25.6719,-100.3319,25.6719],"geometry":{"type":"Point","coordinates":[-100.3319,25.6719]}},{"type":"Feature","properties":{"name":"Vancouver","sr":1,"cap":0,"pop":2313328},"bbox":[-123.1236,49.2754,-123.1236,49.2754],"geometry":{"type":"Point","coordinates":[-123.1236,49.2754]}},{"type":"Feature","properties":{"name":"Toronto","sr":1,"cap":0,"pop":5213000},"bbox":[-79.3895,43.6646,-79.3895,43.6646],"geometry":{"type":"Point","coordinates":[-79.3895,43.6646]}},{"type":"Feature","properties":{"name":"Los Angeles","sr":0,"cap":0,"pop":12500000},"bbox":[-118.232,34.0492,-118.232,34.0492],"geometry":{"type":"Point","coordinates":[-118.232,34.0492]}},{"type":"Feature","properties":{"name":"Washington,  D.C.","sr":0,"cap":1,"pop":4338000},"bbox":[-77.0114,38.9015,-77.0114,38.9015],"geometry":{"type":"Point","coordinates":[-77.0114,38.9015]}},{"type":"Feature","properties":{"name":"New York","sr":0,"cap":0,"pop":19040000},"bbox":[-73.9957,40.7216,-73.9957,40.7216],"geometry":{"type":"Point","coordinates":[-73.9957,40.7216]}},{"type":"Feature","properties":{"name":"London","sr":0,"cap":1,"pop":8567000},"bbox":[-0.1187,51.5019,-0.1187,51.5019],"geometry":{"type":"Point","coordinates":[-0.1187,51.5019]}},{"type":"Feature","properties":{"name":"Mexico City","sr":0,"cap":1,"pop":19028000},"bbox":[-99.1329,19.4444,-99.1329,19.4444],"geometry":{"type":"Point","coordinates":[-99.1329,19.4444]}},{"type":"Feature","properties":{"name":"Lagos","sr":0,"cap":0,"pop":9466000},"bbox":[3.3896,6.4452,3.3896,6.4452],"geometry":{"type":"Point","coordinates":[3.3896,6.4452]}},{"type":"Feature","properties":{"name":"Bogota","sr":0,"cap":1,"pop":7772000},"bbox":[-74.0853,4.5984,-74.0853,4.5984],"geometry":{"type":"Point","coordinates":[-74.0853,4.5984]}},{"type":"Feature","properties":{"name":"Paris","sr":0,"cap":1,"pop":9904000},"bbox":[2.353,48.8581,2.353,48.8581],"geometry":{"type":"Point","coordinates":[2.353,48.8581]}}]}